2025-10-30 22:29:13,763 - INFO - [<cell line: 0>] - ============================================================
2025-10-30 22:29:13,765 - INFO - [<cell line: 0>] - ЗАПУСК СБОРА ДАННЫХ ПО БИЗНЕС-ЦЕНТРАМ МОСКВЫ
2025-10-30 22:29:13,766 - INFO - [<cell line: 0>] - Конфигурация логирования: уровень=INFO, файл=True, консоль=True
2025-10-30 22:29:13,767 - INFO - [<cell line: 0>] - Количество районов для обработки: 132
2025-10-30 22:29:13,769 - INFO - [<cell line: 0>] - ============================================================
2025-10-30 22:29:13,770 - INFO - [<cell line: 0>] - [1/132] Обработка района: Академический
2025-10-30 22:29:13,771 - INFO - [получить_бизнес_центры_в_районе] - Начало сбора бизнес-центров для района: Академический (ID: 4504209512726625)
2025-10-30 22:29:14,277 - INFO - [получить_бизнес_центры_в_районе] - Загружено 10 бизнес-центров со страницы 1
2025-10-30 22:29:15,301 - INFO - [получить_бизнес_центры_в_районе] - Загружено 3 бизнес-центров со страницы 2
2025-10-30 22:29:16,222 - WARNING - [получить_бизнес_центры_в_районе] - На странице 3 нет данных в ожидаемом формате
2025-10-30 22:29:17,121 - WARNING - [получить_бизнес_центры_в_районе] - На странице 4 нет данных в ожидаемом формате
2025-10-30 22:29:18,054 - WARNING - [получить_бизнес_центры_в_районе] - На странице 5 нет данных в ожидаемом формате
2025-10-30 22:29:18,055 - INFO - [получить_бизнес_центры_в_районе] - Завершение сбора для района Академический. Найдено бизнес-центров: 13
2025-10-30 22:29:18,057 - INFO - [<cell line: 0>] - Район 'Академический' завершен. Бизнес-центров: 13
2025-10-30 22:29:19,058 - INFO - [<cell line: 0>] - [2/132] Обработка района: Алексеевский
2025-10-30 22:29:19,059 - INFO - [получить_бизнес_центры_в_районе] - Начало сбора бизнес-центров для района: Алексеевский (ID: 4504209512726568)
2025-10-30 22:29:19,465 - INFO - [получить_бизнес_центры_в_районе] - Загружено 10 бизнес-центров со страницы 1
2025-10-30 22:29:20,368 - INFO - [получить_бизнес_центры_в_районе] - Загружено 7 бизнес-центров со страницы 2
2025-10-30 22:29:21,269 - WARNING - [получить_бизнес_центры_в_районе] - На странице 3 нет данных в ожидаемом формате
2025-10-30 22:29:22,180 - WARNING - [получить_бизнес_центры_в_районе] - На странице 4 нет данных в ожидаемом формате
2025-10-30 22:29:23,088 - WARNING - [получить_бизнес_центры_в_районе] - На странице 5 нет данных в ожидаемом формате
2025-10-30 22:29:23,089 - INFO - [получить_бизнес_центры_в_районе] - Завершение сбора для района Алексеевский. Найдено бизнес-центров: 17
2025-10-30 22:29:23,090 - INFO - [<cell line: 0>] - Район 'Алексеевский' завершен. Бизнес-центров: 17
2025-10-30 22:29:24,092 - INFO - [<cell line: 0>] - [3/132] Обработка района: Алтуфьевский
2025-10-30 22:29:24,093 - INFO - [получить_бизнес_центры_в_районе] - Начало сбора бизнес-центров для района: Алтуфьевский (ID: 4504209512726557)
2025-10-30 22:29:24,530 - INFO - [получить_бизнес_центры_в_районе] - Загружено 7 бизнес-центров со страницы 1
2025-10-30 22:29:25,439 - WARNING - [получить_бизнес_центры_в_районе] - На странице 2 нет данных в ожидаемом формате
2025-10-30 22:29:26,346 - WARNING - [получить_бизнес_центры_в_районе] - На странице 3 нет данных в ожидаемом формате
2025-10-30 22:29:27,250 - WARNING - [получить_бизнес_центры_в_районе] - На странице 4 нет данных в ожидаемом формате
2025-10-30 22:29:28,161 - WARNING - [получить_бизнес_центры_в_районе] - На странице 5 нет данных в ожидаемом формате
2025-10-30 22:29:28,162 - INFO - [получить_бизнес_центры_в_районе] - Завершение сбора для района Алтуфьевский. Найдено бизнес-центров: 7
2025-10-30 22:29:28,163 - INFO - [<cell line: 0>] - Район 'Алтуфьевский' завершен. Бизнес-центров: 7
2025-10-30 22:29:29,164 - INFO - [<cell line: 0>] - [4/132] Обработка района: Арбат
2025-10-30 22:29:29,166 - INFO - [получить_бизнес_центры_в_районе] - Начало сбора бизнес-центров для района: Арбат (ID: 4504209512726530)
2025-10-30 22:29:29,616 - INFO - [получить_бизнес_центры_в_районе] - Загружено 10 бизнес-центров со страницы 1
2025-10-30 22:29:30,523 - INFO - [получить_бизнес_центры_в_районе] - Загружено 10 бизнес-центров со страницы 2
2025-10-30 22:29:31,434 - INFO - [получить_бизнес_центры_в_районе] - Загружено 7 бизнес-центров со страницы 3
2025-10-30 22:29:32,351 - WARNING - [получить_бизнес_центры_в_районе] - На странице 4 нет данных в ожидаемом формате
2025-10-30 22:29:33,254 - WARNING - [получить_бизнес_центры_в_районе] - На странице 5 нет данных в ожидаемом формате
2025-10-30 22:29:33,255 - INFO - [получить_бизнес_центры_в_районе] - Завершение сбора для района Арбат. Найдено бизнес-центров: 27
2025-10-30 22:29:33,257 - INFO - [<cell line: 0>] - Район 'Арбат' завершен. Бизнес-центров: 27
2025-10-30 22:29:34,258 - INFO - [<cell line: 0>] - [5/132] Обработка района: Аэропорт
2025-10-30 22:29:34,260 - INFO - [получить_бизнес_центры_в_районе] - Начало сбора бизнес-центров для района: Аэропорт (ID: 4504209512726541)
2025-10-30 22:29:34,689 - INFO - [получить_бизнес_центры_в_районе] - Загружено 10 бизнес-центров со страницы 1
2025-10-30 22:29:35,611 - INFO - [получить_бизнес_центры_в_районе] - Загружено 10 бизнес-центров со страницы 2
2025-10-30 22:29:36,521 - INFO - [получить_бизнес_центры_в_районе] - Загружено 1 бизнес-центров со страницы 3
2025-10-30 22:29:37,438 - WARNING - [получить_бизнес_центры_в_районе] - На странице 4 нет данных в ожидаемом формате
2025-10-30 22:29:38,348 - WARNING - [получить_бизнес_центры_в_районе] - На странице 5 нет данных в ожидаемом формате
2025-10-30 22:29:38,349 - INFO - [получить_бизнес_центры_в_районе] - Завершение сбора для района Аэропорт. Найдено бизнес-центров: 21
2025-10-30 22:29:38,351 - INFO - [<cell line: 0>] - Район 'Аэропорт' завершен. Бизнес-центров: 21
2025-10-30 22:29:39,352 - INFO - [<cell line: 0>] - [6/132] Обработка района: Бабушкинский
2025-10-30 22:29:39,353 - INFO - [получить_бизнес_центры_в_районе] - Начало сбора бизнес-центров для района: Бабушкинский (ID: 4504209512726564)
2025-10-30 22:29:39,760 - INFO - [получить_бизнес_центры_в_районе] - Загружено 6 бизнес-центров со страницы 1
2025-10-30 22:29:40,660 - WARNING - [получить_бизнес_центры_в_районе] - На странице 2 нет данных в ожидаемом формате
2025-10-30 22:29:41,578 - WARNING - [получить_бизнес_центры_в_районе] - На странице 3 нет данных в ожидаемом формате
2025-10-30 22:29:42,482 - WARNING - [получить_бизнес_центры_в_районе] - На странице 4 нет данных в ожидаемом формате
2025-10-30 22:29:43,384 - WARNING - [получить_бизнес_центры_в_районе] - На странице 5 нет данных в ожидаемом формате
2025-10-30 22:29:43,385 - INFO - [получить_бизнес_центры_в_районе] - Завершение сбора для района Бабушкинский. Найдено бизнес-центров: 6
2025-10-30 22:29:43,387 - INFO - [<cell line: 0>] - Район 'Бабушкинский' завершен. Бизнес-центров: 6
2025-10-30 22:29:44,389 - INFO - [<cell line: 0>] - [7/132] Обработка района: Басманный
2025-10-30 22:29:44,390 - INFO - [получить_бизнес_центры_в_районе] - Начало сбора бизнес-центров для района: Басманный (ID: 4504209512726531)
2025-10-30 22:29:45,030 - INFO - [получить_бизнес_центры_в_районе] - Загружено 10 бизнес-центров со страницы 1
2025-10-30 22:29:45,954 - INFO - [получить_бизнес_центры_в_районе] - Загружено 10 бизнес-центров со страницы 2
2025-10-30 22:29:46,896 - INFO - [получить_бизнес_центры_в_районе] - Загружено 10 бизнес-центров со страницы 3
2025-10-30 22:29:47,824 - INFO - [получить_бизнес_центры_в_районе] - Загружено 10 бизнес-центров со страницы 4
2025-10-30 22:29:48,758 - INFO - [получить_бизнес_центры_в_районе] - Загружено 10 бизнес-центров со страницы 5
2025-10-30 22:29:48,759 - INFO - [получить_бизнес_центры_в_районе] - Завершение сбора для района Басманный. Найдено бизнес-центров: 50
2025-10-30 22:29:48,760 - INFO - [<cell line: 0>] - Район 'Басманный' завершен. Бизнес-центров: 50
2025-10-30 22:29:49,761 - INFO - [<cell line: 0>] - [8/132] Обработка района: Беговой
2025-10-30 22:29:49,762 - INFO - [получить_бизнес_центры_в_районе] - Начало сбора бизнес-центров для района: Беговой (ID: 4504209512726542)
2025-10-30 22:29:50,199 - INFO - [получить_бизнес_центры_в_районе] - Загружено 10 бизнес-центров со страницы 1
2025-10-30 22:29:51,111 - INFO - [получить_бизнес_центры_в_районе] - Загружено 10 бизнес-центров со страницы 2
2025-10-30 22:29:52,078 - INFO - [получить_бизнес_центры_в_районе] - Загружено 5 бизнес-центров со страницы 3
2025-10-30 22:29:52,988 - WARNING - [получить_бизнес_центры_в_районе] - На странице 4 нет данных в ожидаемом формате
2025-10-30 22:29:53,888 - WARNING - [получить_бизнес_центры_в_районе] - На странице 5 нет данных в ожидаемом формате
2025-10-30 22:29:53,889 - INFO - [получить_бизнес_центры_в_районе] - Завершение сбора для района Беговой. Найдено бизнес-центров: 25
2025-10-30 22:29:53,890 - INFO - [<cell line: 0>] - Район 'Беговой' завершен. Бизнес-центров: 25
2025-10-30 22:29:54,892 - INFO - [<cell line: 0>] - [9/132] Обработка района: Бекасово
2025-10-30 22:29:54,893 - INFO - [получить_бизнес_центры_в_районе] - Начало сбора бизнес-центров для района: Бекасово (ID: 4504209520932718)
2025-10-30 22:29:55,307 - WARNING - [получить_бизнес_центры_в_районе] - На странице 1 нет данных в ожидаемом формате
2025-10-30 22:29:56,229 - WARNING - [получить_бизнес_центры_в_районе] - На странице 2 нет данных в ожидаемом формате
2025-10-30 22:29:57,133 - WARNING - [получить_бизнес_центры_в_районе] - На странице 3 нет данных в ожидаемом формате
2025-10-30 22:29:58,043 - WARNING - [получить_бизнес_центры_в_районе] - На странице 4 нет данных в ожидаемом формате
2025-10-30 22:29:58,958 - WARNING - [получить_бизнес_центры_в_районе] - На странице 5 нет данных в ожидаемом формате
2025-10-30 22:29:58,959 - INFO - [получить_бизнес_центры_в_районе] - Завершение сбора для района Бекасово. Найдено бизнес-центров: 0
2025-10-30 22:29:58,960 - INFO - [<cell line: 0>] - Район 'Бекасово' завершен. Бизнес-центров: 0
2025-10-30 22:29:59,962 - INFO - [<cell line: 0>] - [10/132] Обработка района: Бескудниковский
2025-10-30 22:29:59,963 - INFO - [получить_бизнес_центры_в_районе] - Начало сбора бизнес-центров для района: Бескудниковский (ID: 4504209512726543)
2025-10-30 22:30:00,382 - INFO - [получить_бизнес_центры_в_районе] - Загружено 3 бизнес-центров со страницы 1
2025-10-30 22:30:01,310 - WARNING - [получить_бизнес_центры_в_районе] - На странице 2 нет данных в ожидаемом формате
2025-10-30 22:30:02,232 - WARNING - [получить_бизнес_центры_в_районе] - На странице 3 нет данных в ожидаемом формате
2025-10-30 22:30:03,144 - WARNING - [получить_бизнес_центры_в_районе] - На странице 4 нет данных в ожидаемом формате
2025-10-30 22:30:04,069 - WARNING - [получить_бизнес_центры_в_районе] - На странице 5 нет данных в ожидаемом формате
2025-10-30 22:30:04,070 - INFO - [получить_бизнес_центры_в_районе] - Завершение сбора для района Бескудниковский. Найдено бизнес-центров: 3
2025-10-30 22:30:04,072 - INFO - [<cell line: 0>] - Район 'Бескудниковский' завершен. Бизнес-центров: 3
2025-10-30 22:30:05,073 - INFO - [<cell line: 0>] - [11/132] Обработка района: Бибирево
2025-10-30 22:30:05,074 - INFO - [получить_бизнес_центры_в_районе] - Начало сбора бизнес-центров для района: Бибирево (ID: 4504209512726565)
2025-10-30 22:30:05,487 - INFO - [получить_бизнес_центры_в_районе] - Загружено 2 бизнес-центров со страницы 1
2025-10-30 22:30:06,389 - WARNING - [получить_бизнес_центры_в_районе] - На странице 2 нет данных в ожидаемом формате
2025-10-30 22:30:07,306 - WARNING - [получить_бизнес_центры_в_районе] - На странице 3 нет данных в ожидаемом формате
2025-10-30 22:30:08,292 - WARNING - [получить_бизнес_центры_в_районе] - На странице 4 нет данных в ожидаемом формате
2025-10-30 22:30:09,203 - WARNING - [получить_бизнес_центры_в_районе] - На странице 5 нет данных в ожидаемом формате
2025-10-30 22:30:09,204 - INFO - [получить_бизнес_центры_в_районе] - Завершение сбора для района Бибирево. Найдено бизнес-центров: 2
2025-10-30 22:30:09,205 - INFO - [<cell line: 0>] - Район 'Бибирево' завершен. Бизнес-центров: 2
2025-10-30 22:30:10,207 - INFO - [<cell line: 0>] - [12/132] Обработка района: Бирюлёво Восточное
2025-10-30 22:30:10,208 - INFO - [получить_бизнес_центры_в_районе] - Начало сбора бизнес-центров для района: Бирюлёво Восточное (ID: 4504209512726611)
2025-10-30 22:30:10,607 - INFO - [получить_бизнес_центры_в_районе] - Загружено 5 бизнес-центров со страницы 1
2025-10-30 22:30:11,529 - WARNING - [получить_бизнес_центры_в_районе] - На странице 2 нет данных в ожидаемом формате
2025-10-30 22:30:12,438 - WARNING - [получить_бизнес_центры_в_районе] - На странице 3 нет данных в ожидаемом формате
2025-10-30 22:30:13,368 - WARNING - [получить_бизнес_центры_в_районе] - На странице 4 нет данных в ожидаемом формате
2025-10-30 22:30:14,266 - WARNING - [получить_бизнес_центры_в_районе] - На странице 5 нет данных в ожидаемом формате
2025-10-30 22:30:14,266 - INFO - [получить_бизнес_центры_в_районе] - Завершение сбора для района Бирюлёво Восточное. Найдено бизнес-центров: 5
2025-10-30 22:30:14,268 - INFO - [<cell line: 0>] - Район 'Бирюлёво Восточное' завершен. Бизнес-центров: 5
2025-10-30 22:30:15,269 - INFO - [<cell line: 0>] - [13/132] Обработка района: Бирюлёво Западное
2025-10-30 22:30:15,270 - INFO - [получить_бизнес_центры_в_районе] - Начало сбора бизнес-центров для района: Бирюлёво Западное (ID: 4504209512726612)
2025-10-30 22:30:15,829 - WARNING - [получить_бизнес_центры_в_районе] - На странице 1 нет данных в ожидаемом формате
2025-10-30 22:30:16,816 - WARNING - [получить_бизнес_центры_в_районе] - На странице 2 нет данных в ожидаемом формате
2025-10-30 22:30:17,726 - WARNING - [получить_бизнес_центры_в_районе] - На странице 3 нет данных в ожидаемом формате
2025-10-30 22:30:18,633 - WARNING - [получить_бизнес_центры_в_районе] - На странице 4 нет данных в ожидаемом формате
2025-10-30 22:30:19,544 - WARNING - [получить_бизнес_центры_в_районе] - На странице 5 нет данных в ожидаемом формате
2025-10-30 22:30:19,545 - INFO - [получить_бизнес_центры_в_районе] - Завершение сбора для района Бирюлёво Западное. Найдено бизнес-центров: 0
2025-10-30 22:30:19,546 - INFO - [<cell line: 0>] - Район 'Бирюлёво Западное' завершен. Бизнес-центров: 0
2025-10-30 22:30:20,548 - INFO - [<cell line: 0>] - [14/132] Обработка района: Богородское
2025-10-30 22:30:20,549 - INFO - [получить_бизнес_центры_в_районе] - Начало сбора бизнес-центров для района: Богородское (ID: 4504209512726574)
2025-10-30 22:30:20,973 - INFO - [получить_бизнес_центры_в_районе] - Загружено 4 бизнес-центров со страницы 1
2025-10-30 22:30:21,884 - WARNING - [получить_бизнес_центры_в_районе] - На странице 2 нет данных в ожидаемом формате
2025-10-30 22:30:22,783 - WARNING - [получить_бизнес_центры_в_районе] - На странице 3 нет данных в ожидаемом формате
2025-10-30 22:30:23,716 - WARNING - [получить_бизнес_центры_в_районе] - На странице 4 нет данных в ожидаемом формате
2025-10-30 22:30:24,625 - WARNING - [получить_бизнес_центры_в_районе] - На странице 5 нет данных в ожидаемом формате
2025-10-30 22:30:24,626 - INFO - [получить_бизнес_центры_в_районе] - Завершение сбора для района Богородское. Найдено бизнес-центров: 4
2025-10-30 22:30:24,627 - INFO - [<cell line: 0>] - Район 'Богородское' завершен. Бизнес-центров: 4
2025-10-30 22:30:25,629 - INFO - [<cell line: 0>] - [15/132] Обработка района: Братеево
2025-10-30 22:30:25,630 - INFO - [получить_бизнес_центры_в_районе] - Начало сбора бизнес-центров для района: Братеево (ID: 4504209512726609)
2025-10-30 22:30:26,026 - WARNING - [получить_бизнес_центры_в_районе] - На странице 1 нет данных в ожидаемом формате
2025-10-30 22:30:26,932 - WARNING - [получить_бизнес_центры_в_районе] - На странице 2 нет данных в ожидаемом формате
2025-10-30 22:30:27,837 - WARNING - [получить_бизнес_центры_в_районе] - На странице 3 нет данных в ожидаемом формате
2025-10-30 22:30:28,745 - WARNING - [получить_бизнес_центры_в_районе] - На странице 4 нет данных в ожидаемом формате
2025-10-30 22:30:29,646 - WARNING - [получить_бизнес_центры_в_районе] - На странице 5 нет данных в ожидаемом формате
2025-10-30 22:30:29,646 - INFO - [получить_бизнес_центры_в_районе] - Завершение сбора для района Братеево. Найдено бизнес-центров: 0
2025-10-30 22:30:29,649 - INFO - [<cell line: 0>] - Район 'Братеево' завершен. Бизнес-центров: 0
2025-10-30 22:30:30,649 - INFO - [<cell line: 0>] - [16/132] Обработка района: Бутырский
2025-10-30 22:30:30,650 - INFO - [получить_бизнес_центры_в_районе] - Начало сбора бизнес-центров для района: Бутырский (ID: 4504209512726567)
2025-10-30 22:30:31,072 - INFO - [получить_бизнес_центры_в_районе] - Загружено 10 бизнес-центров со страницы 1
2025-10-30 22:30:32,004 - INFO - [получить_бизнес_центры_в_районе] - Загружено 10 бизнес-центров со страницы 2
2025-10-30 22:30:32,909 - INFO - [получить_бизнес_центры_в_районе] - Загружено 1 бизнес-центров со страницы 3
2025-10-30 22:30:33,817 - WARNING - [получить_бизнес_центры_в_районе] - На странице 4 нет данных в ожидаемом формате
2025-10-30 22:30:34,720 - WARNING - [получить_бизнес_центры_в_районе] - На странице 5 нет данных в ожидаемом формате
2025-10-30 22:30:34,721 - INFO - [получить_бизнес_центры_в_районе] - Завершение сбора для района Бутырский. Найдено бизнес-центров: 21
2025-10-30 22:30:34,722 - INFO - [<cell line: 0>] - Район 'Бутырский' завершен. Бизнес-центров: 21
2025-10-30 22:30:35,724 - INFO - [<cell line: 0>] - [17/132] Обработка района: Вешняки
2025-10-30 22:30:35,725 - INFO - [получить_бизнес_центры_в_районе] - Начало сбора бизнес-центров для района: Вешняки (ID: 4504209512726578)
2025-10-30 22:30:36,138 - WARNING - [получить_бизнес_центры_в_районе] - На странице 1 нет данных в ожидаемом формате
2025-10-30 22:30:37,044 - WARNING - [получить_бизнес_центры_в_районе] - На странице 2 нет данных в ожидаемом формате
2025-10-30 22:30:37,946 - WARNING - [получить_бизнес_центры_в_районе] - На странице 3 нет данных в ожидаемом формате
2025-10-30 22:30:38,852 - WARNING - [получить_бизнес_центры_в_районе] - На странице 4 нет данных в ожидаемом формате
2025-10-30 22:30:39,768 - WARNING - [получить_бизнес_центры_в_районе] - На странице 5 нет данных в ожидаемом формате
2025-10-30 22:30:39,768 - INFO - [получить_бизнес_центры_в_районе] - Завершение сбора для района Вешняки. Найдено бизнес-центров: 0
2025-10-30 22:30:39,769 - INFO - [<cell line: 0>] - Район 'Вешняки' завершен. Бизнес-центров: 0
2025-10-30 22:30:40,771 - INFO - [<cell line: 0>] - [18/132] Обработка района: Внуково
2025-10-30 22:30:40,772 - INFO - [получить_бизнес_центры_в_районе] - Начало сбора бизнес-центров для района: Внуково (ID: 4504209512726642)
2025-10-30 22:30:41,184 - INFO - [получить_бизнес_центры_в_районе] - Загружено 4 бизнес-центров со страницы 1
2025-10-30 22:30:42,113 - WARNING - [получить_бизнес_центры_в_районе] - На странице 2 нет данных в ожидаемом формате
2025-10-30 22:30:43,010 - WARNING - [получить_бизнес_центры_в_районе] - На странице 3 нет данных в ожидаемом формате
2025-10-30 22:30:43,930 - WARNING - [получить_бизнес_центры_в_районе] - На странице 4 нет данных в ожидаемом формате
2025-10-30 22:30:44,862 - WARNING - [получить_бизнес_центры_в_районе] - На странице 5 нет данных в ожидаемом формате
2025-10-30 22:30:44,863 - INFO - [получить_бизнес_центры_в_районе] - Завершение сбора для района Внуково. Найдено бизнес-центров: 4
2025-10-30 22:30:44,864 - INFO - [<cell line: 0>] - Район 'Внуково' завершен. Бизнес-центров: 4
2025-10-30 22:30:45,866 - INFO - [<cell line: 0>] - [19/132] Обработка района: Войковский
2025-10-30 22:30:45,867 - INFO - [получить_бизнес_центры_в_районе] - Начало сбора бизнес-центров для района: Войковский (ID: 4504209512726551)
2025-10-30 22:30:46,505 - INFO - [получить_бизнес_центры_в_районе] - Загружено 10 бизнес-центров со страницы 1
2025-10-30 22:30:47,464 - INFO - [получить_бизнес_центры_в_районе] - Загружено 7 бизнес-центров со страницы 2
2025-10-30 22:30:48,495 - WARNING - [получить_бизнес_центры_в_районе] - На странице 3 нет данных в ожидаемом формате
2025-10-30 22:30:49,430 - WARNING - [получить_бизнес_центры_в_районе] - На странице 4 нет данных в ожидаемом формате
2025-10-30 22:30:50,337 - WARNING - [получить_бизнес_центры_в_районе] - На странице 5 нет данных в ожидаемом формате
2025-10-30 22:30:50,338 - INFO - [получить_бизнес_центры_в_районе] - Завершение сбора для района Войковский. Найдено бизнес-центров: 17
2025-10-30 22:30:50,339 - INFO - [<cell line: 0>] - Район 'Войковский' завершен. Бизнес-центров: 17
2025-10-30 22:30:51,341 - INFO - [<cell line: 0>] - [20/132] Обработка района: Вороново
2025-10-30 22:30:51,342 - INFO - [получить_бизнес_центры_в_районе] - Начало сбора бизнес-центров для района: Вороново (ID: 4504209520931533)
2025-10-30 22:30:51,788 - INFO - [получить_бизнес_центры_в_районе] - Загружено 1 бизнес-центров со страницы 1
2025-10-30 22:30:52,692 - WARNING - [получить_бизнес_центры_в_районе] - На странице 2 нет данных в ожидаемом формате
2025-10-30 22:30:53,590 - WARNING - [получить_бизнес_центры_в_районе] - На странице 3 нет данных в ожидаемом формате
2025-10-30 22:30:54,484 - WARNING - [получить_бизнес_центры_в_районе] - На странице 4 нет данных в ожидаемом формате
2025-10-30 22:30:55,390 - WARNING - [получить_бизнес_центры_в_районе] - На странице 5 нет данных в ожидаемом формате
2025-10-30 22:30:55,391 - INFO - [получить_бизнес_центры_в_районе] - Завершение сбора для района Вороново. Найдено бизнес-центров: 1
2025-10-30 22:30:55,392 - INFO - [<cell line: 0>] - Район 'Вороново' завершен. Бизнес-центров: 1
2025-10-30 22:30:56,394 - INFO - [<cell line: 0>] - [21/132] Обработка района: Восточное Дегунино
2025-10-30 22:30:56,395 - INFO - [получить_бизнес_центры_в_районе] - Начало сбора бизнес-центров для района: Восточное Дегунино (ID: 4504209512726544)
2025-10-30 22:30:56,798 - INFO - [получить_бизнес_центры_в_районе] - Загружено 6 бизнес-центров со страницы 1
2025-10-30 22:30:57,706 - WARNING - [получить_бизнес_центры_в_районе] - На странице 2 нет данных в ожидаемом формате
2025-10-30 22:30:58,622 - WARNING - [получить_бизнес_центры_в_районе] - На странице 3 нет данных в ожидаемом формате
2025-10-30 22:30:59,547 - WARNING - [получить_бизнес_центры_в_районе] - На странице 4 нет данных в ожидаемом формате
2025-10-30 22:31:00,459 - WARNING - [получить_бизнес_центры_в_районе] - На странице 5 нет данных в ожидаемом формате
2025-10-30 22:31:00,460 - INFO - [получить_бизнес_центры_в_районе] - Завершение сбора для района Восточное Дегунино. Найдено бизнес-центров: 6
2025-10-30 22:31:00,462 - INFO - [<cell line: 0>] - Район 'Восточное Дегунино' завершен. Бизнес-центров: 6
2025-10-30 22:31:01,463 - INFO - [<cell line: 0>] - [22/132] Обработка района: Восточное Измайлово
2025-10-30 22:31:01,464 - INFO - [получить_бизнес_центры_в_районе] - Начало сбора бизнес-центров для района: Восточное Измайлово (ID: 4504209512726575)
2025-10-30 22:31:01,873 - INFO - [получить_бизнес_центры_в_районе] - Загружено 4 бизнес-центров со страницы 1
2025-10-30 22:31:02,788 - WARNING - [получить_бизнес_центры_в_районе] - На странице 2 нет данных в ожидаемом формате
2025-10-30 22:31:03,688 - WARNING - [получить_бизнес_центры_в_районе] - На странице 3 нет данных в ожидаемом формате
2025-10-30 22:31:04,595 - WARNING - [получить_бизнес_центры_в_районе] - На странице 4 нет данных в ожидаемом формате
2025-10-30 22:31:05,547 - WARNING - [получить_бизнес_центры_в_районе] - На странице 5 нет данных в ожидаемом формате
2025-10-30 22:31:05,548 - INFO - [получить_бизнес_центры_в_районе] - Завершение сбора для района Восточное Измайлово. Найдено бизнес-центров: 4
2025-10-30 22:31:05,549 - INFO - [<cell line: 0>] - Район 'Восточное Измайлово' завершен. Бизнес-центров: 4
2025-10-30 22:31:06,550 - INFO - [<cell line: 0>] - [23/132] Обработка района: Восточный
2025-10-30 22:31:06,551 - INFO - [получить_бизнес_центры_в_районе] - Начало сбора бизнес-центров для района: Восточный (ID: 4504209512726586)
2025-10-30 22:31:06,961 - WARNING - [получить_бизнес_центры_в_районе] - На странице 1 нет данных в ожидаемом формате
2025-10-30 22:31:07,869 - WARNING - [получить_бизнес_центры_в_районе] - На странице 2 нет данных в ожидаемом формате
2025-10-30 22:31:08,780 - WARNING - [получить_бизнес_центры_в_районе] - На странице 3 нет данных в ожидаемом формате
2025-10-30 22:31:09,676 - WARNING - [получить_бизнес_центры_в_районе] - На странице 4 нет данных в ожидаемом формате
2025-10-30 22:31:10,590 - WARNING - [получить_бизнес_центры_в_районе] - На странице 5 нет данных в ожидаемом формате
2025-10-30 22:31:10,591 - INFO - [получить_бизнес_центры_в_районе] - Завершение сбора для района Восточный. Найдено бизнес-центров: 0
2025-10-30 22:31:10,593 - INFO - [<cell line: 0>] - Район 'Восточный' завершен. Бизнес-центров: 0
2025-10-30 22:31:11,594 - INFO - [<cell line: 0>] - [24/132] Обработка района: Выхино-Жулебино
2025-10-30 22:31:11,594 - INFO - [получить_бизнес_центры_в_районе] - Начало сбора бизнес-центров для района: Выхино-Жулебино (ID: 4504209512726600)
2025-10-30 22:31:12,038 - INFO - [получить_бизнес_центры_в_районе] - Загружено 6 бизнес-центров со страницы 1
2025-10-30 22:31:12,980 - WARNING - [получить_бизнес_центры_в_районе] - На странице 2 нет данных в ожидаемом формате
2025-10-30 22:31:13,887 - WARNING - [получить_бизнес_центры_в_районе] - На странице 3 нет данных в ожидаемом формате
2025-10-30 22:31:14,792 - WARNING - [получить_бизнес_центры_в_районе] - На странице 4 нет данных в ожидаемом формате
2025-10-30 22:31:15,692 - WARNING - [получить_бизнес_центры_в_районе] - На странице 5 нет данных в ожидаемом формате
2025-10-30 22:31:15,693 - INFO - [получить_бизнес_центры_в_районе] - Завершение сбора для района Выхино-Жулебино. Найдено бизнес-центров: 6
2025-10-30 22:31:15,694 - INFO - [<cell line: 0>] - Район 'Выхино-Жулебино' завершен. Бизнес-центров: 6
2025-10-30 22:31:16,696 - INFO - [<cell line: 0>] - [25/132] Обработка района: Гагаринский
2025-10-30 22:31:16,697 - INFO - [получить_бизнес_центры_в_районе] - Начало сбора бизнес-центров для района: Гагаринский (ID: 4504209512726624)
2025-10-30 22:31:17,194 - INFO - [получить_бизнес_центры_в_районе] - Загружено 3 бизнес-центров со страницы 1
2025-10-30 22:31:18,101 - WARNING - [получить_бизнес_центры_в_районе] - На странице 2 нет данных в ожидаемом формате
2025-10-30 22:31:19,083 - WARNING - [получить_бизнес_центры_в_районе] - На странице 3 нет данных в ожидаемом формате
2025-10-30 22:31:19,991 - WARNING - [получить_бизнес_центры_в_районе] - На странице 4 нет данных в ожидаемом формате
2025-10-30 22:31:20,911 - WARNING - [получить_бизнес_центры_в_районе] - На странице 5 нет данных в ожидаемом формате
2025-10-30 22:31:20,912 - INFO - [получить_бизнес_центры_в_районе] - Завершение сбора для района Гагаринский. Найдено бизнес-центров: 3
2025-10-30 22:31:20,914 - INFO - [<cell line: 0>] - Район 'Гагаринский' завершен. Бизнес-центров: 3
2025-10-30 22:31:21,916 - INFO - [<cell line: 0>] - [26/132] Обработка района: Головинский
2025-10-30 22:31:21,917 - INFO - [получить_бизнес_центры_в_районе] - Начало сбора бизнес-центров для района: Головинский (ID: 4504209512726549)
2025-10-30 22:31:22,347 - INFO - [получить_бизнес_центры_в_районе] - Загружено 10 бизнес-центров со страницы 1
2025-10-30 22:31:23,264 - INFO - [получить_бизнес_центры_в_районе] - Загружено 3 бизнес-центров со страницы 2
2025-10-30 22:31:24,184 - WARNING - [получить_бизнес_центры_в_районе] - На странице 3 нет данных в ожидаемом формате
2025-10-30 22:31:25,095 - WARNING - [получить_бизнес_центры_в_районе] - На странице 4 нет данных в ожидаемом формате
2025-10-30 22:31:26,014 - WARNING - [получить_бизнес_центры_в_районе] - На странице 5 нет данных в ожидаемом формате
2025-10-30 22:31:26,015 - INFO - [получить_бизнес_центры_в_районе] - Завершение сбора для района Головинский. Найдено бизнес-центров: 13
2025-10-30 22:31:26,016 - INFO - [<cell line: 0>] - Район 'Головинский' завершен. Бизнес-центров: 13
2025-10-30 22:31:27,017 - INFO - [<cell line: 0>] - [27/132] Обработка района: Гольяново
2025-10-30 22:31:27,018 - INFO - [получить_бизнес_центры_в_районе] - Начало сбора бизнес-центров для района: Гольяново (ID: 4504209512726589)
2025-10-30 22:31:27,426 - INFO - [получить_бизнес_центры_в_районе] - Загружено 4 бизнес-центров со страницы 1
2025-10-30 22:31:28,326 - WARNING - [получить_бизнес_центры_в_районе] - На странице 2 нет данных в ожидаемом формате
2025-10-30 22:31:29,232 - WARNING - [получить_бизнес_центры_в_районе] - На странице 3 нет данных в ожидаемом формате
2025-10-30 22:31:30,141 - WARNING - [получить_бизнес_центры_в_районе] - На странице 4 нет данных в ожидаемом формате
2025-10-30 22:31:31,064 - WARNING - [получить_бизнес_центры_в_районе] - На странице 5 нет данных в ожидаемом формате
2025-10-30 22:31:31,065 - INFO - [получить_бизнес_центры_в_районе] - Завершение сбора для района Гольяново. Найдено бизнес-центров: 4
2025-10-30 22:31:31,067 - INFO - [<cell line: 0>] - Район 'Гольяново' завершен. Бизнес-центров: 4
2025-10-30 22:31:32,069 - INFO - [<cell line: 0>] - [28/132] Обработка района: Даниловский
2025-10-30 22:31:32,070 - INFO - [получить_бизнес_центры_в_районе] - Начало сбора бизнес-центров для района: Даниловский (ID: 4504209512726602)
2025-10-30 22:31:32,506 - INFO - [получить_бизнес_центры_в_районе] - Загружено 10 бизнес-центров со страницы 1
2025-10-30 22:31:33,433 - INFO - [получить_бизнес_центры_в_районе] - Загружено 10 бизнес-центров со страницы 2
2025-10-30 22:31:34,376 - INFO - [получить_бизнес_центры_в_районе] - Загружено 10 бизнес-центров со страницы 3
2025-10-30 22:31:35,306 - INFO - [получить_бизнес_центры_в_районе] - Загружено 10 бизнес-центров со страницы 4
2025-10-30 22:31:36,236 - INFO - [получить_бизнес_центры_в_районе] - Загружено 10 бизнес-центров со страницы 5
2025-10-30 22:31:36,237 - INFO - [получить_бизнес_центры_в_районе] - Завершение сбора для района Даниловский. Найдено бизнес-центров: 50
2025-10-30 22:31:36,239 - INFO - [<cell line: 0>] - Район 'Даниловский' завершен. Бизнес-центров: 50
2025-10-30 22:31:37,241 - INFO - [<cell line: 0>] - [29/132] Обработка района: Дмитровский
2025-10-30 22:31:37,241 - INFO - [получить_бизнес_центры_в_районе] - Начало сбора бизнес-центров для района: Дмитровский (ID: 4504209512726545)
2025-10-30 22:31:37,654 - INFO - [получить_бизнес_центры_в_районе] - Загружено 4 бизнес-центров со страницы 1
2025-10-30 22:31:38,572 - WARNING - [получить_бизнес_центры_в_районе] - На странице 2 нет данных в ожидаемом формате
2025-10-30 22:31:39,474 - WARNING - [получить_бизнес_центры_в_районе] - На странице 3 нет данных в ожидаемом формате
2025-10-30 22:31:40,393 - WARNING - [получить_бизнес_центры_в_районе] - На странице 4 нет данных в ожидаемом формате
2025-10-30 22:31:41,304 - WARNING - [получить_бизнес_центры_в_районе] - На странице 5 нет данных в ожидаемом формате
2025-10-30 22:31:41,305 - INFO - [получить_бизнес_центры_в_районе] - Завершение сбора для района Дмитровский. Найдено бизнес-центров: 4
2025-10-30 22:31:41,306 - INFO - [<cell line: 0>] - Район 'Дмитровский' завершен. Бизнес-центров: 4
2025-10-30 22:31:42,307 - INFO - [<cell line: 0>] - [30/132] Обработка района: Донской
2025-10-30 22:31:42,308 - INFO - [получить_бизнес_центры_в_районе] - Начало сбора бизнес-центров для района: Донской (ID: 4504209512726605)
2025-10-30 22:31:42,713 - INFO - [получить_бизнес_центры_в_районе] - Загружено 10 бизнес-центров со страницы 1
2025-10-30 22:31:43,645 - INFO - [получить_бизнес_центры_в_районе] - Загружено 10 бизнес-центров со страницы 2
2025-10-30 22:31:44,565 - INFO - [получить_бизнес_центры_в_районе] - Загружено 10 бизнес-центров со страницы 3
2025-10-30 22:31:45,482 - INFO - [получить_бизнес_центры_в_районе] - Загружено 7 бизнес-центров со страницы 4
2025-10-30 22:31:46,402 - WARNING - [получить_бизнес_центры_в_районе] - На странице 5 нет данных в ожидаемом формате
2025-10-30 22:31:46,402 - INFO - [получить_бизнес_центры_в_районе] - Завершение сбора для района Донской. Найдено бизнес-центров: 37
2025-10-30 22:31:46,404 - INFO - [<cell line: 0>] - Район 'Донской' завершен. Бизнес-центров: 37
2025-10-30 22:31:47,405 - INFO - [<cell line: 0>] - [31/132] Обработка района: Дорогомилово
2025-10-30 22:31:47,406 - INFO - [получить_бизнес_центры_в_районе] - Начало сбора бизнес-центров для района: Дорогомилово (ID: 4504209512726637)
2025-10-30 22:31:47,914 - INFO - [получить_бизнес_центры_в_районе] - Загружено 10 бизнес-центров со страницы 1
2025-10-30 22:31:48,908 - INFO - [получить_бизнес_центры_в_районе] - Загружено 6 бизнес-центров со страницы 2
2025-10-30 22:31:49,840 - WARNING - [получить_бизнес_центры_в_районе] - На странице 3 нет данных в ожидаемом формате
2025-10-30 22:31:50,761 - WARNING - [получить_бизнес_центры_в_районе] - На странице 4 нет данных в ожидаемом формате
2025-10-30 22:31:51,685 - WARNING - [получить_бизнес_центры_в_районе] - На странице 5 нет данных в ожидаемом формате
2025-10-30 22:31:51,687 - INFO - [получить_бизнес_центры_в_районе] - Завершение сбора для района Дорогомилово. Найдено бизнес-центров: 16
2025-10-30 22:31:51,689 - INFO - [<cell line: 0>] - Район 'Дорогомилово' завершен. Бизнес-центров: 16
2025-10-30 22:31:52,691 - INFO - [<cell line: 0>] - [32/132] Обработка района: Замоскворечье
2025-10-30 22:31:52,692 - INFO - [получить_бизнес_центры_в_районе] - Начало сбора бизнес-центров для района: Замоскворечье (ID: 4504209512726532)
2025-10-30 22:31:53,156 - INFO - [получить_бизнес_центры_в_районе] - Загружено 10 бизнес-центров со страницы 1
2025-10-30 22:31:54,109 - INFO - [получить_бизнес_центры_в_районе] - Загружено 10 бизнес-центров со страницы 2
2025-10-30 22:31:55,070 - INFO - [получить_бизнес_центры_в_районе] - Загружено 10 бизнес-центров со страницы 3
2025-10-30 22:31:55,999 - INFO - [получить_бизнес_центры_в_районе] - Загружено 10 бизнес-центров со страницы 4
2025-10-30 22:31:56,925 - INFO - [получить_бизнес_центры_в_районе] - Загружено 10 бизнес-центров со страницы 5
2025-10-30 22:31:56,925 - INFO - [получить_бизнес_центры_в_районе] - Завершение сбора для района Замоскворечье. Найдено бизнес-центров: 50
2025-10-30 22:31:56,927 - INFO - [<cell line: 0>] - Район 'Замоскворечье' завершен. Бизнес-центров: 50
2025-10-30 22:31:57,928 - INFO - [<cell line: 0>] - [33/132] Обработка района: Западное Дегунино
2025-10-30 22:31:57,929 - INFO - [получить_бизнес_центры_в_районе] - Начало сбора бизнес-центров для района: Западное Дегунино (ID: 4504209512726546)
2025-10-30 22:31:58,339 - INFO - [получить_бизнес_центры_в_районе] - Загружено 6 бизнес-центров со страницы 1
2025-10-30 22:31:59,275 - WARNING - [получить_бизнес_центры_в_районе] - На странице 2 нет данных в ожидаемом формате
2025-10-30 22:32:00,193 - WARNING - [получить_бизнес_центры_в_районе] - На странице 3 нет данных в ожидаемом формате
2025-10-30 22:32:01,097 - WARNING - [получить_бизнес_центры_в_районе] - На странице 4 нет данных в ожидаемом формате
2025-10-30 22:32:02,009 - WARNING - [получить_бизнес_центры_в_районе] - На странице 5 нет данных в ожидаемом формате
2025-10-30 22:32:02,009 - INFO - [получить_бизнес_центры_в_районе] - Завершение сбора для района Западное Дегунино. Найдено бизнес-центров: 6
2025-10-30 22:32:02,011 - INFO - [<cell line: 0>] - Район 'Западное Дегунино' завершен. Бизнес-центров: 6
2025-10-30 22:32:03,012 - INFO - [<cell line: 0>] - [34/132] Обработка района: Зюзино
2025-10-30 22:32:03,013 - INFO - [получить_бизнес_центры_в_районе] - Начало сбора бизнес-центров для района: Зюзино (ID: 4504209512726628)
2025-10-30 22:32:03,462 - INFO - [получить_бизнес_центры_в_районе] - Загружено 7 бизнес-центров со страницы 1
2025-10-30 22:32:04,381 - WARNING - [получить_бизнес_центры_в_районе] - На странице 2 нет данных в ожидаемом формате
2025-10-30 22:32:05,317 - WARNING - [получить_бизнес_центры_в_районе] - На странице 3 нет данных в ожидаемом формате
2025-10-30 22:32:06,234 - WARNING - [получить_бизнес_центры_в_районе] - На странице 4 нет данных в ожидаемом формате
2025-10-30 22:32:07,163 - WARNING - [получить_бизнес_центры_в_районе] - На странице 5 нет данных в ожидаемом формате
2025-10-30 22:32:07,164 - INFO - [получить_бизнес_центры_в_районе] - Завершение сбора для района Зюзино. Найдено бизнес-центров: 7
2025-10-30 22:32:07,166 - INFO - [<cell line: 0>] - Район 'Зюзино' завершен. Бизнес-центров: 7
2025-10-30 22:32:08,167 - INFO - [<cell line: 0>] - [35/132] Обработка района: Зябликово
2025-10-30 22:32:08,168 - INFO - [получить_бизнес_центры_в_районе] - Начало сбора бизнес-центров для района: Зябликово (ID: 4504209512726617)
2025-10-30 22:32:08,602 - INFO - [получить_бизнес_центры_в_районе] - Загружено 1 бизнес-центров со страницы 1
2025-10-30 22:32:09,581 - WARNING - [получить_бизнес_центры_в_районе] - На странице 2 нет данных в ожидаемом формате
2025-10-30 22:32:10,489 - WARNING - [получить_бизнес_центры_в_районе] - На странице 3 нет данных в ожидаемом формате
2025-10-30 22:32:11,404 - WARNING - [получить_бизнес_центры_в_районе] - На странице 4 нет данных в ожидаемом формате
2025-10-30 22:32:12,309 - WARNING - [получить_бизнес_центры_в_районе] - На странице 5 нет данных в ожидаемом формате
2025-10-30 22:32:12,310 - INFO - [получить_бизнес_центры_в_районе] - Завершение сбора для района Зябликово. Найдено бизнес-центров: 1
2025-10-30 22:32:12,311 - INFO - [<cell line: 0>] - Район 'Зябликово' завершен. Бизнес-центров: 1
2025-10-30 22:32:13,313 - INFO - [<cell line: 0>] - [36/132] Обработка района: Ивановское
2025-10-30 22:32:13,314 - INFO - [получить_бизнес_центры_в_районе] - Начало сбора бизнес-центров для района: Ивановское (ID: 4504209512726579)
2025-10-30 22:32:13,711 - INFO - [получить_бизнес_центры_в_районе] - Загружено 1 бизнес-центров со страницы 1
2025-10-30 22:32:14,632 - WARNING - [получить_бизнес_центры_в_районе] - На странице 2 нет данных в ожидаемом формате
2025-10-30 22:32:15,545 - WARNING - [получить_бизнес_центры_в_районе] - На странице 3 нет данных в ожидаемом формате
2025-10-30 22:32:16,458 - WARNING - [получить_бизнес_центры_в_районе] - На странице 4 нет данных в ожидаемом формате
2025-10-30 22:32:17,357 - WARNING - [получить_бизнес_центры_в_районе] - На странице 5 нет данных в ожидаемом формате
2025-10-30 22:32:17,358 - INFO - [получить_бизнес_центры_в_районе] - Завершение сбора для района Ивановское. Найдено бизнес-центров: 1
2025-10-30 22:32:17,359 - INFO - [<cell line: 0>] - Район 'Ивановское' завершен. Бизнес-центров: 1
2025-10-30 22:32:18,361 - INFO - [<cell line: 0>] - [37/132] Обработка района: Измайлово
2025-10-30 22:32:18,362 - INFO - [получить_бизнес_центры_в_районе] - Начало сбора бизнес-центров для района: Измайлово (ID: 4504209512726587)
2025-10-30 22:32:18,856 - INFO - [получить_бизнес_центры_в_районе] - Загружено 10 бизнес-центров со страницы 1
2025-10-30 22:32:19,791 - INFO - [получить_бизнес_центры_в_районе] - Загружено 4 бизнес-центров со страницы 2
2025-10-30 22:32:20,691 - WARNING - [получить_бизнес_центры_в_районе] - На странице 3 нет данных в ожидаемом формате
2025-10-30 22:32:21,605 - WARNING - [получить_бизнес_центры_в_районе] - На странице 4 нет данных в ожидаемом формате
2025-10-30 22:32:22,498 - WARNING - [получить_бизнес_центры_в_районе] - На странице 5 нет данных в ожидаемом формате
2025-10-30 22:32:22,499 - INFO - [получить_бизнес_центры_в_районе] - Завершение сбора для района Измайлово. Найдено бизнес-центров: 14
2025-10-30 22:32:22,500 - INFO - [<cell line: 0>] - Район 'Измайлово' завершен. Бизнес-центров: 14
2025-10-30 22:32:23,502 - INFO - [<cell line: 0>] - [38/132] Обработка района: Капотня
2025-10-30 22:32:23,503 - INFO - [получить_бизнес_центры_в_районе] - Начало сбора бизнес-центров для района: Капотня (ID: 4504209512726597)
2025-10-30 22:32:23,909 - WARNING - [получить_бизнес_центры_в_районе] - На странице 1 нет данных в ожидаемом формате
2025-10-30 22:32:24,809 - WARNING - [получить_бизнес_центры_в_районе] - На странице 2 нет данных в ожидаемом формате
2025-10-30 22:32:25,727 - WARNING - [получить_бизнес_центры_в_районе] - На странице 3 нет данных в ожидаемом формате
2025-10-30 22:32:26,646 - WARNING - [получить_бизнес_центры_в_районе] - На странице 4 нет данных в ожидаемом формате
2025-10-30 22:32:27,565 - WARNING - [получить_бизнес_центры_в_районе] - На странице 5 нет данных в ожидаемом формате
2025-10-30 22:32:27,566 - INFO - [получить_бизнес_центры_в_районе] - Завершение сбора для района Капотня. Найдено бизнес-центров: 0
2025-10-30 22:32:27,567 - INFO - [<cell line: 0>] - Район 'Капотня' завершен. Бизнес-центров: 0
2025-10-30 22:32:28,569 - INFO - [<cell line: 0>] - [39/132] Обработка района: Коммунарка
2025-10-30 22:32:28,570 - INFO - [получить_бизнес_центры_в_районе] - Начало сбора бизнес-центров для района: Коммунарка (ID: 4504209520926899)
2025-10-30 22:32:28,992 - INFO - [получить_бизнес_центры_в_районе] - Загружено 10 бизнес-центров со страницы 1
2025-10-30 22:32:29,924 - INFO - [получить_бизнес_центры_в_районе] - Загружено 3 бизнес-центров со страницы 2
2025-10-30 22:32:30,836 - WARNING - [получить_бизнес_центры_в_районе] - На странице 3 нет данных в ожидаемом формате
2025-10-30 22:32:31,802 - WARNING - [получить_бизнес_центры_в_районе] - На странице 4 нет данных в ожидаемом формате
2025-10-30 22:32:32,720 - WARNING - [получить_бизнес_центры_в_районе] - На странице 5 нет данных в ожидаемом формате
2025-10-30 22:32:32,721 - INFO - [получить_бизнес_центры_в_районе] - Завершение сбора для района Коммунарка. Найдено бизнес-центров: 13
2025-10-30 22:32:32,722 - INFO - [<cell line: 0>] - Район 'Коммунарка' завершен. Бизнес-центров: 13
2025-10-30 22:32:33,724 - INFO - [<cell line: 0>] - [40/132] Обработка района: Коньково
2025-10-30 22:32:33,725 - INFO - [получить_бизнес_центры_в_районе] - Начало сбора бизнес-центров для района: Коньково (ID: 4504209512726629)
2025-10-30 22:32:34,138 - INFO - [получить_бизнес_центры_в_районе] - Загружено 10 бизнес-центров со страницы 1
2025-10-30 22:32:35,085 - INFO - [получить_бизнес_центры_в_районе] - Загружено 1 бизнес-центров со страницы 2
2025-10-30 22:32:35,986 - WARNING - [получить_бизнес_центры_в_районе] - На странице 3 нет данных в ожидаемом формате
2025-10-30 22:32:36,893 - WARNING - [получить_бизнес_центры_в_районе] - На странице 4 нет данных в ожидаемом формате
2025-10-30 22:32:37,791 - WARNING - [получить_бизнес_центры_в_районе] - На странице 5 нет данных в ожидаемом формате
2025-10-30 22:32:37,792 - INFO - [получить_бизнес_центры_в_районе] - Завершение сбора для района Коньково. Найдено бизнес-центров: 11
2025-10-30 22:32:37,793 - INFO - [<cell line: 0>] - Район 'Коньково' завершен. Бизнес-центров: 11
2025-10-30 22:32:38,795 - INFO - [<cell line: 0>] - [41/132] Обработка района: Коптево
2025-10-30 22:32:38,796 - INFO - [получить_бизнес_центры_в_районе] - Начало сбора бизнес-центров для района: Коптево (ID: 4504209512726550)
2025-10-30 22:32:39,220 - INFO - [получить_бизнес_центры_в_районе] - Загружено 9 бизнес-центров со страницы 1
2025-10-30 22:32:40,139 - WARNING - [получить_бизнес_центры_в_районе] - На странице 2 нет данных в ожидаемом формате
2025-10-30 22:32:41,040 - WARNING - [получить_бизнес_центры_в_районе] - На странице 3 нет данных в ожидаемом формате
2025-10-30 22:32:41,959 - WARNING - [получить_бизнес_центры_в_районе] - На странице 4 нет данных в ожидаемом формате
2025-10-30 22:32:42,862 - WARNING - [получить_бизнес_центры_в_районе] - На странице 5 нет данных в ожидаемом формате
2025-10-30 22:32:42,863 - INFO - [получить_бизнес_центры_в_районе] - Завершение сбора для района Коптево. Найдено бизнес-центров: 9
2025-10-30 22:32:42,864 - INFO - [<cell line: 0>] - Район 'Коптево' завершен. Бизнес-центров: 9
2025-10-30 22:32:43,866 - INFO - [<cell line: 0>] - [42/132] Обработка района: Косино-Ухтомский
2025-10-30 22:32:43,867 - INFO - [получить_бизнес_центры_в_районе] - Начало сбора бизнес-центров для района: Косино-Ухтомский (ID: 4504209512726577)
2025-10-30 22:32:44,285 - INFO - [получить_бизнес_центры_в_районе] - Загружено 3 бизнес-центров со страницы 1
2025-10-30 22:32:45,193 - WARNING - [получить_бизнес_центры_в_районе] - На странице 2 нет данных в ожидаемом формате
2025-10-30 22:32:46,104 - WARNING - [получить_бизнес_центры_в_районе] - На странице 3 нет данных в ожидаемом формате
2025-10-30 22:32:47,003 - WARNING - [получить_бизнес_центры_в_районе] - На странице 4 нет данных в ожидаемом формате
2025-10-30 22:32:47,916 - WARNING - [получить_бизнес_центры_в_районе] - На странице 5 нет данных в ожидаемом формате
2025-10-30 22:32:47,917 - INFO - [получить_бизнес_центры_в_районе] - Завершение сбора для района Косино-Ухтомский. Найдено бизнес-центров: 3
2025-10-30 22:32:47,918 - INFO - [<cell line: 0>] - Район 'Косино-Ухтомский' завершен. Бизнес-центров: 3
2025-10-30 22:32:48,920 - INFO - [<cell line: 0>] - [43/132] Обработка района: Котловка
2025-10-30 22:32:48,921 - INFO - [получить_бизнес_центры_в_районе] - Начало сбора бизнес-центров для района: Котловка (ID: 4504209512726613)
2025-10-30 22:32:49,538 - INFO - [получить_бизнес_центры_в_районе] - Загружено 8 бизнес-центров со страницы 1
2025-10-30 22:32:50,444 - WARNING - [получить_бизнес_центры_в_районе] - На странице 2 нет данных в ожидаемом формате
2025-10-30 22:32:51,375 - WARNING - [получить_бизнес_центры_в_районе] - На странице 3 нет данных в ожидаемом формате
2025-10-30 22:32:52,278 - WARNING - [получить_бизнес_центры_в_районе] - На странице 4 нет данных в ожидаемом формате
2025-10-30 22:32:53,170 - WARNING - [получить_бизнес_центры_в_районе] - На странице 5 нет данных в ожидаемом формате
2025-10-30 22:32:53,172 - INFO - [получить_бизнес_центры_в_районе] - Завершение сбора для района Котловка. Найдено бизнес-центров: 8
2025-10-30 22:32:53,174 - INFO - [<cell line: 0>] - Район 'Котловка' завершен. Бизнес-центров: 8
2025-10-30 22:32:54,175 - INFO - [<cell line: 0>] - [44/132] Обработка района: Краснопахорский
2025-10-30 22:32:54,176 - INFO - [получить_бизнес_центры_в_районе] - Начало сбора бизнес-центров для района: Краснопахорский (ID: 4504209520933720)
2025-10-30 22:32:54,590 - WARNING - [получить_бизнес_центры_в_районе] - На странице 1 нет данных в ожидаемом формате
2025-10-30 22:32:55,489 - WARNING - [получить_бизнес_центры_в_районе] - На странице 2 нет данных в ожидаемом формате
2025-10-30 22:32:56,387 - WARNING - [получить_бизнес_центры_в_районе] - На странице 3 нет данных в ожидаемом формате
2025-10-30 22:32:57,281 - WARNING - [получить_бизнес_центры_в_районе] - На странице 4 нет данных в ожидаемом формате
2025-10-30 22:32:58,192 - WARNING - [получить_бизнес_центры_в_районе] - На странице 5 нет данных в ожидаемом формате
2025-10-30 22:32:58,192 - INFO - [получить_бизнес_центры_в_районе] - Завершение сбора для района Краснопахорский. Найдено бизнес-центров: 0
2025-10-30 22:32:58,194 - INFO - [<cell line: 0>] - Район 'Краснопахорский' завершен. Бизнес-центров: 0
2025-10-30 22:32:59,195 - INFO - [<cell line: 0>] - [45/132] Обработка района: Красносельский
2025-10-30 22:32:59,196 - INFO - [получить_бизнес_центры_в_районе] - Начало сбора бизнес-центров для района: Красносельский (ID: 4504209512726540)
2025-10-30 22:32:59,766 - INFO - [получить_бизнес_центры_в_районе] - Загружено 10 бизнес-центров со страницы 1
2025-10-30 22:33:00,703 - INFO - [получить_бизнес_центры_в_районе] - Загружено 10 бизнес-центров со страницы 2
2025-10-30 22:33:01,635 - INFO - [получить_бизнес_центры_в_районе] - Загружено 10 бизнес-центров со страницы 3
2025-10-30 22:33:02,588 - INFO - [получить_бизнес_центры_в_районе] - Загружено 4 бизнес-центров со страницы 4
2025-10-30 22:33:03,535 - WARNING - [получить_бизнес_центры_в_районе] - На странице 5 нет данных в ожидаемом формате
2025-10-30 22:33:03,536 - INFO - [получить_бизнес_центры_в_районе] - Завершение сбора для района Красносельский. Найдено бизнес-центров: 34
2025-10-30 22:33:03,538 - INFO - [<cell line: 0>] - Район 'Красносельский' завершен. Бизнес-центров: 34
2025-10-30 22:33:04,539 - INFO - [<cell line: 0>] - [46/132] Обработка района: Крылатское
2025-10-30 22:33:04,541 - INFO - [получить_бизнес_центры_в_районе] - Начало сбора бизнес-центров для района: Крылатское (ID: 4504209512726635)
2025-10-30 22:33:04,963 - INFO - [получить_бизнес_центры_в_районе] - Загружено 6 бизнес-центров со страницы 1
2025-10-30 22:33:05,887 - WARNING - [получить_бизнес_центры_в_районе] - На странице 2 нет данных в ожидаемом формате
2025-10-30 22:33:06,800 - WARNING - [получить_бизнес_центры_в_районе] - На странице 3 нет данных в ожидаемом формате
2025-10-30 22:33:07,704 - WARNING - [получить_бизнес_центры_в_районе] - На странице 4 нет данных в ожидаемом формате
2025-10-30 22:33:08,603 - WARNING - [получить_бизнес_центры_в_районе] - На странице 5 нет данных в ожидаемом формате
2025-10-30 22:33:08,604 - INFO - [получить_бизнес_центры_в_районе] - Завершение сбора для района Крылатское. Найдено бизнес-центров: 6
2025-10-30 22:33:08,605 - INFO - [<cell line: 0>] - Район 'Крылатское' завершен. Бизнес-центров: 6
2025-10-30 22:33:09,606 - INFO - [<cell line: 0>] - [47/132] Обработка района: Крюково
2025-10-30 22:33:09,607 - INFO - [получить_бизнес_центры_в_районе] - Начало сбора бизнес-центров для района: Крюково (ID: 4504209512726652)
2025-10-30 22:33:10,021 - INFO - [получить_бизнес_центры_в_районе] - Загружено 1 бизнес-центров со страницы 1
2025-10-30 22:33:10,922 - WARNING - [получить_бизнес_центры_в_районе] - На странице 2 нет данных в ожидаемом формате
2025-10-30 22:33:11,839 - WARNING - [получить_бизнес_центры_в_районе] - На странице 3 нет данных в ожидаемом формате
2025-10-30 22:33:12,760 - WARNING - [получить_бизнес_центры_в_районе] - На странице 4 нет данных в ожидаемом формате
2025-10-30 22:33:13,681 - WARNING - [получить_бизнес_центры_в_районе] - На странице 5 нет данных в ожидаемом формате
2025-10-30 22:33:13,682 - INFO - [получить_бизнес_центры_в_районе] - Завершение сбора для района Крюково. Найдено бизнес-центров: 1
2025-10-30 22:33:13,683 - INFO - [<cell line: 0>] - Район 'Крюково' завершен. Бизнес-центров: 1
2025-10-30 22:33:14,685 - INFO - [<cell line: 0>] - [48/132] Обработка района: Кузьминки
2025-10-30 22:33:14,687 - INFO - [получить_бизнес_центры_в_районе] - Начало сбора бизнес-центров для района: Кузьминки (ID: 4504209512726598)
2025-10-30 22:33:15,094 - INFO - [получить_бизнес_центры_в_районе] - Загружено 1 бизнес-центров со страницы 1
2025-10-30 22:33:16,003 - WARNING - [получить_бизнес_центры_в_районе] - На странице 2 нет данных в ожидаемом формате
2025-10-30 22:33:16,932 - WARNING - [получить_бизнес_центры_в_районе] - На странице 3 нет данных в ожидаемом формате
2025-10-30 22:33:17,835 - WARNING - [получить_бизнес_центры_в_районе] - На странице 4 нет данных в ожидаемом формате
2025-10-30 22:33:18,745 - WARNING - [получить_бизнес_центры_в_районе] - На странице 5 нет данных в ожидаемом формате
2025-10-30 22:33:18,747 - INFO - [получить_бизнес_центры_в_районе] - Завершение сбора для района Кузьминки. Найдено бизнес-центров: 1
2025-10-30 22:33:18,749 - INFO - [<cell line: 0>] - Район 'Кузьминки' завершен. Бизнес-центров: 1
2025-10-30 22:33:19,750 - INFO - [<cell line: 0>] - [49/132] Обработка района: Кунцево
2025-10-30 22:33:19,751 - INFO - [получить_бизнес_центры_в_районе] - Начало сбора бизнес-центров для района: Кунцево (ID: 4504209512726634)
2025-10-30 22:33:20,284 - INFO - [получить_бизнес_центры_в_районе] - Загружено 8 бизнес-центров со страницы 1
2025-10-30 22:33:21,195 - WARNING - [получить_бизнес_центры_в_районе] - На странице 2 нет данных в ожидаемом формате
2025-10-30 22:33:22,112 - WARNING - [получить_бизнес_центры_в_районе] - На странице 3 нет данных в ожидаемом формате
2025-10-30 22:33:23,009 - WARNING - [получить_бизнес_центры_в_районе] - На странице 4 нет данных в ожидаемом формате
2025-10-30 22:33:23,917 - WARNING - [получить_бизнес_центры_в_районе] - На странице 5 нет данных в ожидаемом формате
2025-10-30 22:33:23,919 - INFO - [получить_бизнес_центры_в_районе] - Завершение сбора для района Кунцево. Найдено бизнес-центров: 8
2025-10-30 22:33:23,921 - INFO - [<cell line: 0>] - Район 'Кунцево' завершен. Бизнес-центров: 8
2025-10-30 22:33:24,923 - INFO - [<cell line: 0>] - [50/132] Обработка района: Куркино
2025-10-30 22:33:24,924 - INFO - [получить_бизнес_центры_в_районе] - Начало сбора бизнес-центров для района: Куркино (ID: 4504209512726651)
2025-10-30 22:33:25,330 - INFO - [получить_бизнес_центры_в_районе] - Загружено 1 бизнес-центров со страницы 1
2025-10-30 22:33:26,231 - WARNING - [получить_бизнес_центры_в_районе] - На странице 2 нет данных в ожидаемом формате
2025-10-30 22:33:27,148 - WARNING - [получить_бизнес_центры_в_районе] - На странице 3 нет данных в ожидаемом формате
2025-10-30 22:33:28,053 - WARNING - [получить_бизнес_центры_в_районе] - На странице 4 нет данных в ожидаемом формате
2025-10-30 22:33:28,952 - WARNING - [получить_бизнес_центры_в_районе] - На странице 5 нет данных в ожидаемом формате
2025-10-30 22:33:28,953 - INFO - [получить_бизнес_центры_в_районе] - Завершение сбора для района Куркино. Найдено бизнес-центров: 1
2025-10-30 22:33:28,954 - INFO - [<cell line: 0>] - Район 'Куркино' завершен. Бизнес-центров: 1
2025-10-30 22:33:29,956 - INFO - [<cell line: 0>] - [51/132] Обработка района: Левобережный
2025-10-30 22:33:29,957 - INFO - [получить_бизнес_центры_в_районе] - Начало сбора бизнес-центров для района: Левобережный (ID: 4504209512726554)
2025-10-30 22:33:30,373 - INFO - [получить_бизнес_центры_в_районе] - Загружено 2 бизнес-центров со страницы 1
2025-10-30 22:33:31,299 - WARNING - [получить_бизнес_центры_в_районе] - На странице 2 нет данных в ожидаемом формате
2025-10-30 22:33:32,200 - WARNING - [получить_бизнес_центры_в_районе] - На странице 3 нет данных в ожидаемом формате
2025-10-30 22:33:33,104 - WARNING - [получить_бизнес_центры_в_районе] - На странице 4 нет данных в ожидаемом формате
2025-10-30 22:33:34,045 - WARNING - [получить_бизнес_центры_в_районе] - На странице 5 нет данных в ожидаемом формате
2025-10-30 22:33:34,046 - INFO - [получить_бизнес_центры_в_районе] - Завершение сбора для района Левобережный. Найдено бизнес-центров: 2
2025-10-30 22:33:34,048 - INFO - [<cell line: 0>] - Район 'Левобережный' завершен. Бизнес-центров: 2
2025-10-30 22:33:35,049 - INFO - [<cell line: 0>] - [52/132] Обработка района: Лефортово
2025-10-30 22:33:35,050 - INFO - [получить_бизнес_центры_в_районе] - Начало сбора бизнес-центров для района: Лефортово (ID: 4504209512726590)
2025-10-30 22:33:35,463 - INFO - [получить_бизнес_центры_в_районе] - Загружено 10 бизнес-центров со страницы 1
2025-10-30 22:33:36,382 - INFO - [получить_бизнес_центры_в_районе] - Загружено 10 бизнес-центров со страницы 2
2025-10-30 22:33:37,295 - INFO - [получить_бизнес_центры_в_районе] - Загружено 1 бизнес-центров со страницы 3
2025-10-30 22:33:38,202 - WARNING - [получить_бизнес_центры_в_районе] - На странице 4 нет данных в ожидаемом формате
2025-10-30 22:33:39,111 - WARNING - [получить_бизнес_центры_в_районе] - На странице 5 нет данных в ожидаемом формате
2025-10-30 22:33:39,112 - INFO - [получить_бизнес_центры_в_районе] - Завершение сбора для района Лефортово. Найдено бизнес-центров: 21
2025-10-30 22:33:39,113 - INFO - [<cell line: 0>] - Район 'Лефортово' завершен. Бизнес-центров: 21
2025-10-30 22:33:40,114 - INFO - [<cell line: 0>] - [53/132] Обработка района: Лианозово
2025-10-30 22:33:40,115 - INFO - [получить_бизнес_центры_в_районе] - Начало сбора бизнес-центров для района: Лианозово (ID: 4504209512726559)
2025-10-30 22:33:40,527 - INFO - [получить_бизнес_центры_в_районе] - Загружено 4 бизнес-центров со страницы 1
2025-10-30 22:33:41,441 - WARNING - [получить_бизнес_центры_в_районе] - На странице 2 нет данных в ожидаемом формате
2025-10-30 22:33:42,356 - WARNING - [получить_бизнес_центры_в_районе] - На странице 3 нет данных в ожидаемом формате
2025-10-30 22:33:43,270 - WARNING - [получить_бизнес_центры_в_районе] - На странице 4 нет данных в ожидаемом формате
2025-10-30 22:33:44,199 - WARNING - [получить_бизнес_центры_в_районе] - На странице 5 нет данных в ожидаемом формате
2025-10-30 22:33:44,200 - INFO - [получить_бизнес_центры_в_районе] - Завершение сбора для района Лианозово. Найдено бизнес-центров: 4
2025-10-30 22:33:44,201 - INFO - [<cell line: 0>] - Район 'Лианозово' завершен. Бизнес-центров: 4
2025-10-30 22:33:45,203 - INFO - [<cell line: 0>] - [54/132] Обработка района: Ломоносовский
2025-10-30 22:33:45,204 - INFO - [получить_бизнес_центры_в_районе] - Начало сбора бизнес-центров для района: Ломоносовский (ID: 4504209512726623)
2025-10-30 22:33:45,638 - INFO - [получить_бизнес_центры_в_районе] - Загружено 4 бизнес-центров со страницы 1
2025-10-30 22:33:46,539 - WARNING - [получить_бизнес_центры_в_районе] - На странице 2 нет данных в ожидаемом формате
2025-10-30 22:33:47,457 - WARNING - [получить_бизнес_центры_в_районе] - На странице 3 нет данных в ожидаемом формате
2025-10-30 22:33:48,352 - WARNING - [получить_бизнес_центры_в_районе] - На странице 4 нет данных в ожидаемом формате
2025-10-30 22:33:49,270 - WARNING - [получить_бизнес_центры_в_районе] - На странице 5 нет данных в ожидаемом формате
2025-10-30 22:33:49,271 - INFO - [получить_бизнес_центры_в_районе] - Завершение сбора для района Ломоносовский. Найдено бизнес-центров: 4
2025-10-30 22:33:49,273 - INFO - [<cell line: 0>] - Район 'Ломоносовский' завершен. Бизнес-центров: 4
2025-10-30 22:33:50,275 - INFO - [<cell line: 0>] - [55/132] Обработка района: Лосиноостровский
2025-10-30 22:33:50,276 - INFO - [получить_бизнес_центры_в_районе] - Начало сбора бизнес-центров для района: Лосиноостровский (ID: 4504209512726560)
2025-10-30 22:33:50,864 - WARNING - [получить_бизнес_центры_в_районе] - На странице 1 нет данных в ожидаемом формате
2025-10-30 22:33:51,788 - WARNING - [получить_бизнес_центры_в_районе] - На странице 2 нет данных в ожидаемом формате
2025-10-30 22:33:52,690 - WARNING - [получить_бизнес_центры_в_районе] - На странице 3 нет данных в ожидаемом формате
2025-10-30 22:33:53,621 - WARNING - [получить_бизнес_центры_в_районе] - На странице 4 нет данных в ожидаемом формате
2025-10-30 22:33:54,526 - WARNING - [получить_бизнес_центры_в_районе] - На странице 5 нет данных в ожидаемом формате
2025-10-30 22:33:54,527 - INFO - [получить_бизнес_центры_в_районе] - Завершение сбора для района Лосиноостровский. Найдено бизнес-центров: 0
2025-10-30 22:33:54,528 - INFO - [<cell line: 0>] - Район 'Лосиноостровский' завершен. Бизнес-центров: 0
2025-10-30 22:33:55,530 - INFO - [<cell line: 0>] - [56/132] Обработка района: Люблино
2025-10-30 22:33:55,531 - INFO - [получить_бизнес_центры_в_районе] - Начало сбора бизнес-центров для района: Люблино (ID: 70030077079195278)
2025-10-30 22:33:55,963 - INFO - [получить_бизнес_центры_в_районе] - Загружено 6 бизнес-центров со страницы 1
2025-10-30 22:33:56,867 - WARNING - [получить_бизнес_центры_в_районе] - На странице 2 нет данных в ожидаемом формате
2025-10-30 22:33:57,769 - WARNING - [получить_бизнес_центры_в_районе] - На странице 3 нет данных в ожидаемом формате
2025-10-30 22:33:58,689 - WARNING - [получить_бизнес_центры_в_районе] - На странице 4 нет данных в ожидаемом формате
2025-10-30 22:33:59,586 - WARNING - [получить_бизнес_центры_в_районе] - На странице 5 нет данных в ожидаемом формате
2025-10-30 22:33:59,587 - INFO - [получить_бизнес_центры_в_районе] - Завершение сбора для района Люблино. Найдено бизнес-центров: 6
2025-10-30 22:33:59,588 - INFO - [<cell line: 0>] - Район 'Люблино' завершен. Бизнес-центров: 6
2025-10-30 22:34:00,590 - INFO - [<cell line: 0>] - [57/132] Обработка района: Марфино
2025-10-30 22:34:00,591 - INFO - [получить_бизнес_центры_в_районе] - Начало сбора бизнес-центров для района: Марфино (ID: 4504209512726570)
2025-10-30 22:34:01,001 - INFO - [получить_бизнес_центры_в_районе] - Загружено 7 бизнес-центров со страницы 1
2025-10-30 22:34:01,909 - WARNING - [получить_бизнес_центры_в_районе] - На странице 2 нет данных в ожидаемом формате
2025-10-30 22:34:02,827 - WARNING - [получить_бизнес_центры_в_районе] - На странице 3 нет данных в ожидаемом формате
2025-10-30 22:34:03,745 - WARNING - [получить_бизнес_центры_в_районе] - На странице 4 нет данных в ожидаемом формате
2025-10-30 22:34:04,654 - WARNING - [получить_бизнес_центры_в_районе] - На странице 5 нет данных в ожидаемом формате
2025-10-30 22:34:04,654 - INFO - [получить_бизнес_центры_в_районе] - Завершение сбора для района Марфино. Найдено бизнес-центров: 7
2025-10-30 22:34:04,656 - INFO - [<cell line: 0>] - Район 'Марфино' завершен. Бизнес-центров: 7
2025-10-30 22:34:05,658 - INFO - [<cell line: 0>] - [58/132] Обработка района: Марьина Роща
2025-10-30 22:34:05,660 - INFO - [получить_бизнес_центры_в_районе] - Начало сбора бизнес-центров для района: Марьина Роща (ID: 4504209512726571)
2025-10-30 22:34:06,094 - INFO - [получить_бизнес_центры_в_районе] - Загружено 10 бизнес-центров со страницы 1
2025-10-30 22:34:07,009 - INFO - [получить_бизнес_центры_в_районе] - Загружено 10 бизнес-центров со страницы 2
2025-10-30 22:34:07,950 - INFO - [получить_бизнес_центры_в_районе] - Загружено 3 бизнес-центров со страницы 3
2025-10-30 22:34:08,856 - WARNING - [получить_бизнес_центры_в_районе] - На странице 4 нет данных в ожидаемом формате
2025-10-30 22:34:09,780 - WARNING - [получить_бизнес_центры_в_районе] - На странице 5 нет данных в ожидаемом формате
2025-10-30 22:34:09,781 - INFO - [получить_бизнес_центры_в_районе] - Завершение сбора для района Марьина Роща. Найдено бизнес-центров: 23
2025-10-30 22:34:09,782 - INFO - [<cell line: 0>] - Район 'Марьина Роща' завершен. Бизнес-центров: 23
2025-10-30 22:34:10,784 - INFO - [<cell line: 0>] - [59/132] Обработка района: Марьино
2025-10-30 22:34:10,785 - INFO - [получить_бизнес_центры_в_районе] - Начало сбора бизнес-центров для района: Марьино (ID: 4504209512726596)
2025-10-30 22:34:11,209 - INFO - [получить_бизнес_центры_в_районе] - Загружено 2 бизнес-центров со страницы 1
2025-10-30 22:34:12,115 - WARNING - [получить_бизнес_центры_в_районе] - На странице 2 нет данных в ожидаемом формате
2025-10-30 22:34:13,027 - WARNING - [получить_бизнес_центры_в_районе] - На странице 3 нет данных в ожидаемом формате
2025-10-30 22:34:13,939 - WARNING - [получить_бизнес_центры_в_районе] - На странице 4 нет данных в ожидаемом формате
2025-10-30 22:34:14,838 - WARNING - [получить_бизнес_центры_в_районе] - На странице 5 нет данных в ожидаемом формате
2025-10-30 22:34:14,839 - INFO - [получить_бизнес_центры_в_районе] - Завершение сбора для района Марьино. Найдено бизнес-центров: 2
2025-10-30 22:34:14,840 - INFO - [<cell line: 0>] - Район 'Марьино' завершен. Бизнес-центров: 2
2025-10-30 22:34:15,842 - INFO - [<cell line: 0>] - [60/132] Обработка района: Матушкино
2025-10-30 22:34:15,843 - INFO - [получить_бизнес_центры_в_районе] - Начало сбора бизнес-центров для района: Матушкино (ID: 4504209512726657)
2025-10-30 22:34:16,255 - INFO - [получить_бизнес_центры_в_районе] - Загружено 3 бизнес-центров со страницы 1
2025-10-30 22:34:17,177 - WARNING - [получить_бизнес_центры_в_районе] - На странице 2 нет данных в ожидаемом формате
2025-10-30 22:34:18,084 - WARNING - [получить_бизнес_центры_в_районе] - На странице 3 нет данных в ожидаемом формате
2025-10-30 22:34:18,981 - WARNING - [получить_бизнес_центры_в_районе] - На странице 4 нет данных в ожидаемом формате
2025-10-30 22:34:19,898 - WARNING - [получить_бизнес_центры_в_районе] - На странице 5 нет данных в ожидаемом формате
2025-10-30 22:34:19,899 - INFO - [получить_бизнес_центры_в_районе] - Завершение сбора для района Матушкино. Найдено бизнес-центров: 3
2025-10-30 22:34:19,900 - INFO - [<cell line: 0>] - Район 'Матушкино' завершен. Бизнес-центров: 3
2025-10-30 22:34:20,902 - INFO - [<cell line: 0>] - [61/132] Обработка района: Метрогородок
2025-10-30 22:34:20,903 - INFO - [получить_бизнес_центры_в_районе] - Начало сбора бизнес-центров для района: Метрогородок (ID: 4504209512726588)
2025-10-30 22:34:21,516 - INFO - [получить_бизнес_центры_в_районе] - Загружено 2 бизнес-центров со страницы 1
2025-10-30 22:34:22,541 - WARNING - [получить_бизнес_центры_в_районе] - На странице 2 нет данных в ожидаемом формате
2025-10-30 22:34:23,433 - WARNING - [получить_бизнес_центры_в_районе] - На странице 3 нет данных в ожидаемом формате
2025-10-30 22:34:24,341 - WARNING - [получить_бизнес_центры_в_районе] - На странице 4 нет данных в ожидаемом формате
2025-10-30 22:34:25,236 - WARNING - [получить_бизнес_центры_в_районе] - На странице 5 нет данных в ожидаемом формате
2025-10-30 22:34:25,236 - INFO - [получить_бизнес_центры_в_районе] - Завершение сбора для района Метрогородок. Найдено бизнес-центров: 2
2025-10-30 22:34:25,238 - INFO - [<cell line: 0>] - Район 'Метрогородок' завершен. Бизнес-центров: 2
2025-10-30 22:34:26,240 - INFO - [<cell line: 0>] - [62/132] Обработка района: Мещанский
2025-10-30 22:34:26,241 - INFO - [получить_бизнес_центры_в_районе] - Начало сбора бизнес-центров для района: Мещанский (ID: 4504209512726535)
2025-10-30 22:34:26,659 - INFO - [получить_бизнес_центры_в_районе] - Загружено 10 бизнес-центров со страницы 1
2025-10-30 22:34:27,598 - INFO - [получить_бизнес_центры_в_районе] - Загружено 10 бизнес-центров со страницы 2
2025-10-30 22:34:28,528 - INFO - [получить_бизнес_центры_в_районе] - Загружено 10 бизнес-центров со страницы 3
2025-10-30 22:34:29,441 - INFO - [получить_бизнес_центры_в_районе] - Загружено 10 бизнес-центров со страницы 4
2025-10-30 22:34:30,370 - INFO - [получить_бизнес_центры_в_районе] - Загружено 1 бизнес-центров со страницы 5
2025-10-30 22:34:30,372 - INFO - [получить_бизнес_центры_в_районе] - Завершение сбора для района Мещанский. Найдено бизнес-центров: 41
2025-10-30 22:34:30,373 - INFO - [<cell line: 0>] - Район 'Мещанский' завершен. Бизнес-центров: 41
2025-10-30 22:34:31,375 - INFO - [<cell line: 0>] - [63/132] Обработка района: Митино
2025-10-30 22:34:31,376 - INFO - [получить_бизнес_центры_в_районе] - Начало сбора бизнес-центров для района: Митино (ID: 4504209512726645)
2025-10-30 22:34:31,785 - INFO - [получить_бизнес_центры_в_районе] - Загружено 4 бизнес-центров со страницы 1
2025-10-30 22:34:32,687 - WARNING - [получить_бизнес_центры_в_районе] - На странице 2 нет данных в ожидаемом формате
2025-10-30 22:34:33,636 - WARNING - [получить_бизнес_центры_в_районе] - На странице 3 нет данных в ожидаемом формате
2025-10-30 22:34:34,543 - WARNING - [получить_бизнес_центры_в_районе] - На странице 4 нет данных в ожидаемом формате
2025-10-30 22:34:35,455 - WARNING - [получить_бизнес_центры_в_районе] - На странице 5 нет данных в ожидаемом формате
2025-10-30 22:34:35,456 - INFO - [получить_бизнес_центры_в_районе] - Завершение сбора для района Митино. Найдено бизнес-центров: 4
2025-10-30 22:34:35,457 - INFO - [<cell line: 0>] - Район 'Митино' завершен. Бизнес-центров: 4
2025-10-30 22:34:36,458 - INFO - [<cell line: 0>] - [64/132] Обработка района: Можайский
2025-10-30 22:34:36,459 - INFO - [получить_бизнес_центры_в_районе] - Начало сбора бизнес-центров для района: Можайский (ID: 4504209512726633)
2025-10-30 22:34:36,884 - INFO - [получить_бизнес_центры_в_районе] - Загружено 10 бизнес-центров со страницы 1
2025-10-30 22:34:37,808 - INFO - [получить_бизнес_центры_в_районе] - Загружено 10 бизнес-центров со страницы 2
2025-10-30 22:34:38,742 - INFO - [получить_бизнес_центры_в_районе] - Загружено 7 бизнес-центров со страницы 3
2025-10-30 22:34:39,652 - WARNING - [получить_бизнес_центры_в_районе] - На странице 4 нет данных в ожидаемом формате
2025-10-30 22:34:40,586 - WARNING - [получить_бизнес_центры_в_районе] - На странице 5 нет данных в ожидаемом формате
2025-10-30 22:34:40,587 - INFO - [получить_бизнес_центры_в_районе] - Завершение сбора для района Можайский. Найдено бизнес-центров: 27
2025-10-30 22:34:40,589 - INFO - [<cell line: 0>] - Район 'Можайский' завершен. Бизнес-центров: 27
2025-10-30 22:34:41,590 - INFO - [<cell line: 0>] - [65/132] Обработка района: Молжаниновский
2025-10-30 22:34:41,592 - INFO - [получить_бизнес_центры_в_районе] - Начало сбора бизнес-центров для района: Молжаниновский (ID: 4504209512726654)
2025-10-30 22:34:42,015 - INFO - [получить_бизнес_центры_в_районе] - Загружено 3 бизнес-центров со страницы 1
2025-10-30 22:34:42,931 - WARNING - [получить_бизнес_центры_в_районе] - На странице 2 нет данных в ожидаемом формате
2025-10-30 22:34:43,826 - WARNING - [получить_бизнес_центры_в_районе] - На странице 3 нет данных в ожидаемом формате
2025-10-30 22:34:44,752 - WARNING - [получить_бизнес_центры_в_районе] - На странице 4 нет данных в ожидаемом формате
2025-10-30 22:34:45,649 - WARNING - [получить_бизнес_центры_в_районе] - На странице 5 нет данных в ожидаемом формате
2025-10-30 22:34:45,650 - INFO - [получить_бизнес_центры_в_районе] - Завершение сбора для района Молжаниновский. Найдено бизнес-центров: 3
2025-10-30 22:34:45,651 - INFO - [<cell line: 0>] - Район 'Молжаниновский' завершен. Бизнес-центров: 3
2025-10-30 22:34:46,652 - INFO - [<cell line: 0>] - [66/132] Обработка района: Москворечье-Сабурово
2025-10-30 22:34:46,653 - INFO - [получить_бизнес_центры_в_районе] - Начало сбора бизнес-центров для района: Москворечье-Сабурово (ID: 4504209512726607)
2025-10-30 22:34:47,063 - INFO - [получить_бизнес_центры_в_районе] - Загружено 4 бизнес-центров со страницы 1
2025-10-30 22:34:47,969 - WARNING - [получить_бизнес_центры_в_районе] - На странице 2 нет данных в ожидаемом формате
2025-10-30 22:34:48,871 - WARNING - [получить_бизнес_центры_в_районе] - На странице 3 нет данных в ожидаемом формате
2025-10-30 22:34:49,779 - WARNING - [получить_бизнес_центры_в_районе] - На странице 4 нет данных в ожидаемом формате
2025-10-30 22:34:50,685 - WARNING - [получить_бизнес_центры_в_районе] - На странице 5 нет данных в ожидаемом формате
2025-10-30 22:34:50,686 - INFO - [получить_бизнес_центры_в_районе] - Завершение сбора для района Москворечье-Сабурово. Найдено бизнес-центров: 4
2025-10-30 22:34:50,687 - INFO - [<cell line: 0>] - Район 'Москворечье-Сабурово' завершен. Бизнес-центров: 4
2025-10-30 22:34:51,689 - INFO - [<cell line: 0>] - [67/132] Обработка района: Нагатино-Садовники
2025-10-30 22:34:51,690 - INFO - [получить_бизнес_центры_в_районе] - Начало сбора бизнес-центров для района: Нагатино-Садовники (ID: 4504209512726604)
2025-10-30 22:34:52,236 - INFO - [получить_бизнес_центры_в_районе] - Загружено 10 бизнес-центров со страницы 1
2025-10-30 22:34:53,152 - INFO - [получить_бизнес_центры_в_районе] - Загружено 6 бизнес-центров со страницы 2
2025-10-30 22:34:54,067 - WARNING - [получить_бизнес_центры_в_районе] - На странице 3 нет данных в ожидаемом формате
2025-10-30 22:34:55,064 - WARNING - [получить_бизнес_центры_в_районе] - На странице 4 нет данных в ожидаемом формате
2025-10-30 22:34:55,977 - WARNING - [получить_бизнес_центры_в_районе] - На странице 5 нет данных в ожидаемом формате
2025-10-30 22:34:55,978 - INFO - [получить_бизнес_центры_в_районе] - Завершение сбора для района Нагатино-Садовники. Найдено бизнес-центров: 16
2025-10-30 22:34:55,980 - INFO - [<cell line: 0>] - Район 'Нагатино-Садовники' завершен. Бизнес-центров: 16
2025-10-30 22:34:56,982 - INFO - [<cell line: 0>] - [68/132] Обработка района: Нагатинский Затон
2025-10-30 22:34:56,983 - INFO - [получить_бизнес_центры_в_районе] - Начало сбора бизнес-центров для района: Нагатинский Затон (ID: 4504209512726603)
2025-10-30 22:34:57,421 - INFO - [получить_бизнес_центры_в_районе] - Загружено 2 бизнес-центров со страницы 1
2025-10-30 22:34:58,322 - WARNING - [получить_бизнес_центры_в_районе] - На странице 2 нет данных в ожидаемом формате
2025-10-30 22:34:59,223 - WARNING - [получить_бизнес_центры_в_районе] - На странице 3 нет данных в ожидаемом формате
2025-10-30 22:35:00,130 - WARNING - [получить_бизнес_центры_в_районе] - На странице 4 нет данных в ожидаемом формате
2025-10-30 22:35:01,044 - WARNING - [получить_бизнес_центры_в_районе] - На странице 5 нет данных в ожидаемом формате
2025-10-30 22:35:01,045 - INFO - [получить_бизнес_центры_в_районе] - Завершение сбора для района Нагатинский Затон. Найдено бизнес-центров: 2
2025-10-30 22:35:01,046 - INFO - [<cell line: 0>] - Район 'Нагатинский Затон' завершен. Бизнес-центров: 2
2025-10-30 22:35:02,047 - INFO - [<cell line: 0>] - [69/132] Обработка района: Нагорный
2025-10-30 22:35:02,048 - INFO - [получить_бизнес_центры_в_районе] - Начало сбора бизнес-центров для района: Нагорный (ID: 4504209512726606)
2025-10-30 22:35:02,477 - INFO - [получить_бизнес_центры_в_районе] - Загружено 7 бизнес-центров со страницы 1
2025-10-30 22:35:03,380 - WARNING - [получить_бизнес_центры_в_районе] - На странице 2 нет данных в ожидаемом формате
2025-10-30 22:35:04,283 - WARNING - [получить_бизнес_центры_в_районе] - На странице 3 нет данных в ожидаемом формате
2025-10-30 22:35:05,185 - WARNING - [получить_бизнес_центры_в_районе] - На странице 4 нет данных в ожидаемом формате
2025-10-30 22:35:06,108 - WARNING - [получить_бизнес_центры_в_районе] - На странице 5 нет данных в ожидаемом формате
2025-10-30 22:35:06,109 - INFO - [получить_бизнес_центры_в_районе] - Завершение сбора для района Нагорный. Найдено бизнес-центров: 7
2025-10-30 22:35:06,111 - INFO - [<cell line: 0>] - Район 'Нагорный' завершен. Бизнес-центров: 7
2025-10-30 22:35:07,113 - INFO - [<cell line: 0>] - [70/132] Обработка района: Некрасовка
2025-10-30 22:35:07,114 - INFO - [получить_бизнес_центры_в_районе] - Начало сбора бизнес-центров для района: Некрасовка (ID: 4504209512726599)
2025-10-30 22:35:07,524 - INFO - [получить_бизнес_центры_в_районе] - Загружено 1 бизнес-центров со страницы 1
2025-10-30 22:35:08,447 - WARNING - [получить_бизнес_центры_в_районе] - На странице 2 нет данных в ожидаемом формате
2025-10-30 22:35:09,352 - WARNING - [получить_бизнес_центры_в_районе] - На странице 3 нет данных в ожидаемом формате
2025-10-30 22:35:10,276 - WARNING - [получить_бизнес_центры_в_районе] - На странице 4 нет данных в ожидаемом формате
2025-10-30 22:35:11,194 - WARNING - [получить_бизнес_центры_в_районе] - На странице 5 нет данных в ожидаемом формате
2025-10-30 22:35:11,195 - INFO - [получить_бизнес_центры_в_районе] - Завершение сбора для района Некрасовка. Найдено бизнес-центров: 1
2025-10-30 22:35:11,196 - INFO - [<cell line: 0>] - Район 'Некрасовка' завершен. Бизнес-центров: 1
2025-10-30 22:35:12,198 - INFO - [<cell line: 0>] - [71/132] Обработка района: Нижегородский
2025-10-30 22:35:12,199 - INFO - [получить_бизнес_центры_в_районе] - Начало сбора бизнес-центров для района: Нижегородский (ID: 4504209512726591)
2025-10-30 22:35:12,631 - INFO - [получить_бизнес_центры_в_районе] - Загружено 10 бизнес-центров со страницы 1
2025-10-30 22:35:13,561 - INFO - [получить_бизнес_центры_в_районе] - Загружено 7 бизнес-центров со страницы 2
2025-10-30 22:35:14,464 - WARNING - [получить_бизнес_центры_в_районе] - На странице 3 нет данных в ожидаемом формате
2025-10-30 22:35:15,377 - WARNING - [получить_бизнес_центры_в_районе] - На странице 4 нет данных в ожидаемом формате
2025-10-30 22:35:16,293 - WARNING - [получить_бизнес_центры_в_районе] - На странице 5 нет данных в ожидаемом формате
2025-10-30 22:35:16,294 - INFO - [получить_бизнес_центры_в_районе] - Завершение сбора для района Нижегородский. Найдено бизнес-центров: 17
2025-10-30 22:35:16,296 - INFO - [<cell line: 0>] - Район 'Нижегородский' завершен. Бизнес-центров: 17
2025-10-30 22:35:17,299 - INFO - [<cell line: 0>] - [72/132] Обработка района: Новогиреево
2025-10-30 22:35:17,300 - INFO - [получить_бизнес_центры_в_районе] - Начало сбора бизнес-центров для района: Новогиреево (ID: 4504209512726580)
2025-10-30 22:35:17,727 - INFO - [получить_бизнес_центры_в_районе] - Загружено 6 бизнес-центров со страницы 1
2025-10-30 22:35:18,643 - WARNING - [получить_бизнес_центры_в_районе] - На странице 2 нет данных в ожидаемом формате
2025-10-30 22:35:19,551 - WARNING - [получить_бизнес_центры_в_районе] - На странице 3 нет данных в ожидаемом формате
2025-10-30 22:35:20,452 - WARNING - [получить_бизнес_центры_в_районе] - На странице 4 нет данных в ожидаемом формате
2025-10-30 22:35:21,375 - WARNING - [получить_бизнес_центры_в_районе] - На странице 5 нет данных в ожидаемом формате
2025-10-30 22:35:21,376 - INFO - [получить_бизнес_центры_в_районе] - Завершение сбора для района Новогиреево. Найдено бизнес-центров: 6
2025-10-30 22:35:21,378 - INFO - [<cell line: 0>] - Район 'Новогиреево' завершен. Бизнес-центров: 6
2025-10-30 22:35:22,378 - INFO - [<cell line: 0>] - [73/132] Обработка района: Новокосино
2025-10-30 22:35:22,380 - INFO - [получить_бизнес_центры_в_районе] - Начало сбора бизнес-центров для района: Новокосино (ID: 4504209512726576)
2025-10-30 22:35:22,784 - WARNING - [получить_бизнес_центры_в_районе] - На странице 1 нет данных в ожидаемом формате
2025-10-30 22:35:23,703 - WARNING - [получить_бизнес_центры_в_районе] - На странице 2 нет данных в ожидаемом формате
2025-10-30 22:35:24,730 - WARNING - [получить_бизнес_центры_в_районе] - На странице 3 нет данных в ожидаемом формате
2025-10-30 22:35:25,628 - WARNING - [получить_бизнес_центры_в_районе] - На странице 4 нет данных в ожидаемом формате
2025-10-30 22:35:26,526 - WARNING - [получить_бизнес_центры_в_районе] - На странице 5 нет данных в ожидаемом формате
2025-10-30 22:35:26,527 - INFO - [получить_бизнес_центры_в_районе] - Завершение сбора для района Новокосино. Найдено бизнес-центров: 0
2025-10-30 22:35:26,528 - INFO - [<cell line: 0>] - Район 'Новокосино' завершен. Бизнес-центров: 0
2025-10-30 22:35:27,529 - INFO - [<cell line: 0>] - [74/132] Обработка района: Ново-Переделкино
2025-10-30 22:35:27,530 - INFO - [получить_бизнес_центры_в_районе] - Начало сбора бизнес-центров для района: Ново-Переделкино (ID: 4504209512726641)
2025-10-30 22:35:27,930 - INFO - [получить_бизнес_центры_в_районе] - Загружено 1 бизнес-центров со страницы 1
2025-10-30 22:35:28,869 - WARNING - [получить_бизнес_центры_в_районе] - На странице 2 нет данных в ожидаемом формате
2025-10-30 22:35:29,786 - WARNING - [получить_бизнес_центры_в_районе] - На странице 3 нет данных в ожидаемом формате
2025-10-30 22:35:30,689 - WARNING - [получить_бизнес_центры_в_районе] - На странице 4 нет данных в ожидаемом формате
2025-10-30 22:35:31,590 - WARNING - [получить_бизнес_центры_в_районе] - На странице 5 нет данных в ожидаемом формате
2025-10-30 22:35:31,591 - INFO - [получить_бизнес_центры_в_районе] - Завершение сбора для района Ново-Переделкино. Найдено бизнес-центров: 1
2025-10-30 22:35:31,593 - INFO - [<cell line: 0>] - Район 'Ново-Переделкино' завершен. Бизнес-центров: 1
2025-10-30 22:35:32,594 - INFO - [<cell line: 0>] - [75/132] Обработка района: Обручевский
2025-10-30 22:35:32,595 - INFO - [получить_бизнес_центры_в_районе] - Начало сбора бизнес-центров для района: Обручевский (ID: 4504209512726622)
2025-10-30 22:35:33,029 - INFO - [получить_бизнес_центры_в_районе] - Загружено 10 бизнес-центров со страницы 1
2025-10-30 22:35:33,950 - INFO - [получить_бизнес_центры_в_районе] - Загружено 10 бизнес-центров со страницы 2
2025-10-30 22:35:34,864 - INFO - [получить_бизнес_центры_в_районе] - Загружено 1 бизнес-центров со страницы 3
2025-10-30 22:35:35,776 - WARNING - [получить_бизнес_центры_в_районе] - На странице 4 нет данных в ожидаемом формате
2025-10-30 22:35:36,689 - WARNING - [получить_бизнес_центры_в_районе] - На странице 5 нет данных в ожидаемом формате
2025-10-30 22:35:36,689 - INFO - [получить_бизнес_центры_в_районе] - Завершение сбора для района Обручевский. Найдено бизнес-центров: 21
2025-10-30 22:35:36,691 - INFO - [<cell line: 0>] - Район 'Обручевский' завершен. Бизнес-центров: 21
2025-10-30 22:35:37,692 - INFO - [<cell line: 0>] - [76/132] Обработка района: Орехово-Борисово Северное
2025-10-30 22:35:37,693 - INFO - [получить_бизнес_центры_в_районе] - Начало сбора бизнес-центров для района: Орехово-Борисово Северное (ID: 4504209512726616)
2025-10-30 22:35:38,100 - INFO - [получить_бизнес_центры_в_районе] - Загружено 1 бизнес-центров со страницы 1
2025-10-30 22:35:39,019 - WARNING - [получить_бизнес_центры_в_районе] - На странице 2 нет данных в ожидаемом формате
2025-10-30 22:35:39,918 - WARNING - [получить_бизнес_центры_в_районе] - На странице 3 нет данных в ожидаемом формате
2025-10-30 22:35:40,813 - WARNING - [получить_бизнес_центры_в_районе] - На странице 4 нет данных в ожидаемом формате
2025-10-30 22:35:41,717 - WARNING - [получить_бизнес_центры_в_районе] - На странице 5 нет данных в ожидаемом формате
2025-10-30 22:35:41,718 - INFO - [получить_бизнес_центры_в_районе] - Завершение сбора для района Орехово-Борисово Северное. Найдено бизнес-центров: 1
2025-10-30 22:35:41,721 - INFO - [<cell line: 0>] - Район 'Орехово-Борисово Северное' завершен. Бизнес-центров: 1
2025-10-30 22:35:42,722 - INFO - [<cell line: 0>] - [77/132] Обработка района: Орехово-Борисово Южное
2025-10-30 22:35:42,723 - INFO - [получить_бизнес_центры_в_районе] - Начало сбора бизнес-центров для района: Орехово-Борисово Южное (ID: 4504209512726610)
2025-10-30 22:35:43,131 - INFO - [получить_бизнес_центры_в_районе] - Загружено 1 бизнес-центров со страницы 1
2025-10-30 22:35:44,046 - WARNING - [получить_бизнес_центры_в_районе] - На странице 2 нет данных в ожидаемом формате
2025-10-30 22:35:44,957 - WARNING - [получить_бизнес_центры_в_районе] - На странице 3 нет данных в ожидаемом формате
2025-10-30 22:35:45,885 - WARNING - [получить_бизнес_центры_в_районе] - На странице 4 нет данных в ожидаемом формате
2025-10-30 22:35:46,794 - WARNING - [получить_бизнес_центры_в_районе] - На странице 5 нет данных в ожидаемом формате
2025-10-30 22:35:46,795 - INFO - [получить_бизнес_центры_в_районе] - Завершение сбора для района Орехово-Борисово Южное. Найдено бизнес-центров: 1
2025-10-30 22:35:46,797 - INFO - [<cell line: 0>] - Район 'Орехово-Борисово Южное' завершен. Бизнес-центров: 1
2025-10-30 22:35:47,799 - INFO - [<cell line: 0>] - [78/132] Обработка района: Останкинский
2025-10-30 22:35:47,800 - INFO - [получить_бизнес_центры_в_районе] - Начало сбора бизнес-центров для района: Останкинский (ID: 4504209512726572)
2025-10-30 22:35:48,235 - INFO - [получить_бизнес_центры_в_районе] - Загружено 10 бизнес-центров со страницы 1
2025-10-30 22:35:49,164 - INFO - [получить_бизнес_центры_в_районе] - Загружено 2 бизнес-центров со страницы 2
2025-10-30 22:35:50,069 - WARNING - [получить_бизнес_центры_в_районе] - На странице 3 нет данных в ожидаемом формате
2025-10-30 22:35:50,997 - WARNING - [получить_бизнес_центры_в_районе] - На странице 4 нет данных в ожидаемом формате
2025-10-30 22:35:51,911 - WARNING - [получить_бизнес_центры_в_районе] - На странице 5 нет данных в ожидаемом формате
2025-10-30 22:35:51,912 - INFO - [получить_бизнес_центры_в_районе] - Завершение сбора для района Останкинский. Найдено бизнес-центров: 12
2025-10-30 22:35:51,914 - INFO - [<cell line: 0>] - Район 'Останкинский' завершен. Бизнес-центров: 12
2025-10-30 22:35:52,915 - INFO - [<cell line: 0>] - [79/132] Обработка района: Отрадное
2025-10-30 22:35:52,916 - INFO - [получить_бизнес_центры_в_районе] - Начало сбора бизнес-центров для района: Отрадное (ID: 4504209512726569)
2025-10-30 22:35:53,344 - INFO - [получить_бизнес_центры_в_районе] - Загружено 10 бизнес-центров со страницы 1
2025-10-30 22:35:54,257 - INFO - [получить_бизнес_центры_в_районе] - Загружено 1 бизнес-центров со страницы 2
2025-10-30 22:35:55,292 - WARNING - [получить_бизнес_центры_в_районе] - На странице 3 нет данных в ожидаемом формате
2025-10-30 22:35:56,190 - WARNING - [получить_бизнес_центры_в_районе] - На странице 4 нет данных в ожидаемом формате
2025-10-30 22:35:57,092 - WARNING - [получить_бизнес_центры_в_районе] - На странице 5 нет данных в ожидаемом формате
2025-10-30 22:35:57,093 - INFO - [получить_бизнес_центры_в_районе] - Завершение сбора для района Отрадное. Найдено бизнес-центров: 11
2025-10-30 22:35:57,095 - INFO - [<cell line: 0>] - Район 'Отрадное' завершен. Бизнес-центров: 11
2025-10-30 22:35:58,096 - INFO - [<cell line: 0>] - [80/132] Обработка района: Очаково-Матвеевское
2025-10-30 22:35:58,097 - INFO - [получить_бизнес_центры_в_районе] - Начало сбора бизнес-центров для района: Очаково-Матвеевское (ID: 4504209512726632)
2025-10-30 22:35:58,529 - INFO - [получить_бизнес_центры_в_районе] - Загружено 10 бизнес-центров со страницы 1
2025-10-30 22:35:59,453 - INFO - [получить_бизнес_центры_в_районе] - Загружено 2 бизнес-центров со страницы 2
2025-10-30 22:36:00,356 - WARNING - [получить_бизнес_центры_в_районе] - На странице 3 нет данных в ожидаемом формате
2025-10-30 22:36:01,276 - WARNING - [получить_бизнес_центры_в_районе] - На странице 4 нет данных в ожидаемом формате
2025-10-30 22:36:02,172 - WARNING - [получить_бизнес_центры_в_районе] - На странице 5 нет данных в ожидаемом формате
2025-10-30 22:36:02,173 - INFO - [получить_бизнес_центры_в_районе] - Завершение сбора для района Очаково-Матвеевское. Найдено бизнес-центров: 12
2025-10-30 22:36:02,174 - INFO - [<cell line: 0>] - Район 'Очаково-Матвеевское' завершен. Бизнес-центров: 12
2025-10-30 22:36:03,176 - INFO - [<cell line: 0>] - [81/132] Обработка района: Перово
2025-10-30 22:36:03,177 - INFO - [получить_бизнес_центры_в_районе] - Начало сбора бизнес-центров для района: Перово (ID: 4504209512726581)
2025-10-30 22:36:03,610 - INFO - [получить_бизнес_центры_в_районе] - Загружено 10 бизнес-центров со страницы 1
2025-10-30 22:36:04,535 - INFO - [получить_бизнес_центры_в_районе] - Загружено 4 бизнес-центров со страницы 2
2025-10-30 22:36:05,459 - WARNING - [получить_бизнес_центры_в_районе] - На странице 3 нет данных в ожидаемом формате
2025-10-30 22:36:06,358 - WARNING - [получить_бизнес_центры_в_районе] - На странице 4 нет данных в ожидаемом формате
2025-10-30 22:36:07,278 - WARNING - [получить_бизнес_центры_в_районе] - На странице 5 нет данных в ожидаемом формате
2025-10-30 22:36:07,279 - INFO - [получить_бизнес_центры_в_районе] - Завершение сбора для района Перово. Найдено бизнес-центров: 14
2025-10-30 22:36:07,280 - INFO - [<cell line: 0>] - Район 'Перово' завершен. Бизнес-центров: 14
2025-10-30 22:36:08,282 - INFO - [<cell line: 0>] - [82/132] Обработка района: Печатники
2025-10-30 22:36:08,283 - INFO - [получить_бизнес_центры_в_районе] - Начало сбора бизнес-центров для района: Печатники (ID: 4504209512726593)
2025-10-30 22:36:08,710 - INFO - [получить_бизнес_центры_в_районе] - Загружено 10 бизнес-центров со страницы 1
2025-10-30 22:36:09,624 - INFO - [получить_бизнес_центры_в_районе] - Загружено 10 бизнес-центров со страницы 2
2025-10-30 22:36:10,557 - INFO - [получить_бизнес_центры_в_районе] - Загружено 2 бизнес-центров со страницы 3
2025-10-30 22:36:11,460 - WARNING - [получить_бизнес_центры_в_районе] - На странице 4 нет данных в ожидаемом формате
2025-10-30 22:36:12,371 - WARNING - [получить_бизнес_центры_в_районе] - На странице 5 нет данных в ожидаемом формате
2025-10-30 22:36:12,372 - INFO - [получить_бизнес_центры_в_районе] - Завершение сбора для района Печатники. Найдено бизнес-центров: 22
2025-10-30 22:36:12,373 - INFO - [<cell line: 0>] - Район 'Печатники' завершен. Бизнес-центров: 22
2025-10-30 22:36:13,375 - INFO - [<cell line: 0>] - [83/132] Обработка района: Покровское-Стрешнево
2025-10-30 22:36:13,376 - INFO - [получить_бизнес_центры_в_районе] - Начало сбора бизнес-центров для района: Покровское-Стрешнево (ID: 4504209512726650)
2025-10-30 22:36:13,802 - INFO - [получить_бизнес_центры_в_районе] - Загружено 10 бизнес-центров со страницы 1
2025-10-30 22:36:14,701 - INFO - [получить_бизнес_центры_в_районе] - Загружено 2 бизнес-центров со страницы 2
2025-10-30 22:36:15,617 - WARNING - [получить_бизнес_центры_в_районе] - На странице 3 нет данных в ожидаемом формате
2025-10-30 22:36:16,531 - WARNING - [получить_бизнес_центры_в_районе] - На странице 4 нет данных в ожидаемом формате
2025-10-30 22:36:17,441 - WARNING - [получить_бизнес_центры_в_районе] - На странице 5 нет данных в ожидаемом формате
2025-10-30 22:36:17,444 - INFO - [получить_бизнес_центры_в_районе] - Завершение сбора для района Покровское-Стрешнево. Найдено бизнес-центров: 12
2025-10-30 22:36:17,445 - INFO - [<cell line: 0>] - Район 'Покровское-Стрешнево' завершен. Бизнес-центров: 12
2025-10-30 22:36:18,446 - INFO - [<cell line: 0>] - [84/132] Обработка района: Преображенское
2025-10-30 22:36:18,447 - INFO - [получить_бизнес_центры_в_районе] - Начало сбора бизнес-центров для района: Преображенское (ID: 4504209512726584)
2025-10-30 22:36:18,872 - INFO - [получить_бизнес_центры_в_районе] - Загружено 10 бизнес-центров со страницы 1
2025-10-30 22:36:19,781 - INFO - [получить_бизнес_центры_в_районе] - Загружено 3 бизнес-центров со страницы 2
2025-10-30 22:36:20,693 - WARNING - [получить_бизнес_центры_в_районе] - На странице 3 нет данных в ожидаемом формате
2025-10-30 22:36:21,610 - WARNING - [получить_бизнес_центры_в_районе] - На странице 4 нет данных в ожидаемом формате
2025-10-30 22:36:22,529 - WARNING - [получить_бизнес_центры_в_районе] - На странице 5 нет данных в ожидаемом формате
2025-10-30 22:36:22,530 - INFO - [получить_бизнес_центры_в_районе] - Завершение сбора для района Преображенское. Найдено бизнес-центров: 13
2025-10-30 22:36:22,531 - INFO - [<cell line: 0>] - Район 'Преображенское' завершен. Бизнес-центров: 13
2025-10-30 22:36:23,534 - INFO - [<cell line: 0>] - [85/132] Обработка района: Пресненский
2025-10-30 22:36:23,535 - INFO - [получить_бизнес_центры_в_районе] - Начало сбора бизнес-центров для района: Пресненский (ID: 4504209512726539)
2025-10-30 22:36:23,962 - INFO - [получить_бизнес_центры_в_районе] - Загружено 10 бизнес-центров со страницы 1
2025-10-30 22:36:25,035 - INFO - [получить_бизнес_центры_в_районе] - Загружено 10 бизнес-центров со страницы 2
2025-10-30 22:36:25,963 - INFO - [получить_бизнес_центры_в_районе] - Загружено 10 бизнес-центров со страницы 3
2025-10-30 22:36:26,879 - INFO - [получить_бизнес_центры_в_районе] - Загружено 10 бизнес-центров со страницы 4
2025-10-30 22:36:27,829 - INFO - [получить_бизнес_центры_в_районе] - Загружено 10 бизнес-центров со страницы 5
2025-10-30 22:36:27,831 - INFO - [получить_бизнес_центры_в_районе] - Завершение сбора для района Пресненский. Найдено бизнес-центров: 50
2025-10-30 22:36:27,833 - INFO - [<cell line: 0>] - Район 'Пресненский' завершен. Бизнес-центров: 50
2025-10-30 22:36:28,834 - INFO - [<cell line: 0>] - [86/132] Обработка района: Проспект Вернадского
2025-10-30 22:36:28,835 - INFO - [получить_бизнес_центры_в_районе] - Начало сбора бизнес-центров для района: Проспект Вернадского (ID: 4504209512726631)
2025-10-30 22:36:29,251 - INFO - [получить_бизнес_центры_в_районе] - Загружено 7 бизнес-центров со страницы 1
2025-10-30 22:36:30,157 - WARNING - [получить_бизнес_центры_в_районе] - На странице 2 нет данных в ожидаемом формате
2025-10-30 22:36:31,063 - WARNING - [получить_бизнес_центры_в_районе] - На странице 3 нет данных в ожидаемом формате
2025-10-30 22:36:31,966 - WARNING - [получить_бизнес_центры_в_районе] - На странице 4 нет данных в ожидаемом формате
2025-10-30 22:36:32,870 - WARNING - [получить_бизнес_центры_в_районе] - На странице 5 нет данных в ожидаемом формате
2025-10-30 22:36:32,871 - INFO - [получить_бизнес_центры_в_районе] - Завершение сбора для района Проспект Вернадского. Найдено бизнес-центров: 7
2025-10-30 22:36:32,873 - INFO - [<cell line: 0>] - Район 'Проспект Вернадского' завершен. Бизнес-центров: 7
2025-10-30 22:36:33,875 - INFO - [<cell line: 0>] - [87/132] Обработка района: Раменки
2025-10-30 22:36:33,876 - INFO - [получить_бизнес_центры_в_районе] - Начало сбора бизнес-центров для района: Раменки (ID: 4504209512726639)
2025-10-30 22:36:34,328 - INFO - [получить_бизнес_центры_в_районе] - Загружено 10 бизнес-центров со страницы 1
2025-10-30 22:36:35,245 - INFO - [получить_бизнес_центры_в_районе] - Загружено 1 бизнес-центров со страницы 2
2025-10-30 22:36:36,144 - WARNING - [получить_бизнес_центры_в_районе] - На странице 3 нет данных в ожидаемом формате
2025-10-30 22:36:37,046 - WARNING - [получить_бизнес_центры_в_районе] - На странице 4 нет данных в ожидаемом формате
2025-10-30 22:36:37,964 - WARNING - [получить_бизнес_центры_в_районе] - На странице 5 нет данных в ожидаемом формате
2025-10-30 22:36:37,965 - INFO - [получить_бизнес_центры_в_районе] - Завершение сбора для района Раменки. Найдено бизнес-центров: 11
2025-10-30 22:36:37,967 - INFO - [<cell line: 0>] - Район 'Раменки' завершен. Бизнес-центров: 11
2025-10-30 22:36:38,968 - INFO - [<cell line: 0>] - [88/132] Обработка района: Ростокино
2025-10-30 22:36:38,969 - INFO - [получить_бизнес_центры_в_районе] - Начало сбора бизнес-центров для района: Ростокино (ID: 4504209512726558)
2025-10-30 22:36:39,387 - INFO - [получить_бизнес_центры_в_районе] - Загружено 5 бизнес-центров со страницы 1
2025-10-30 22:36:40,320 - WARNING - [получить_бизнес_центры_в_районе] - На странице 2 нет данных в ожидаемом формате
2025-10-30 22:36:41,231 - WARNING - [получить_бизнес_центры_в_районе] - На странице 3 нет данных в ожидаемом формате
2025-10-30 22:36:42,152 - WARNING - [получить_бизнес_центры_в_районе] - На странице 4 нет данных в ожидаемом формате
2025-10-30 22:36:43,063 - WARNING - [получить_бизнес_центры_в_районе] - На странице 5 нет данных в ожидаемом формате
2025-10-30 22:36:43,064 - INFO - [получить_бизнес_центры_в_районе] - Завершение сбора для района Ростокино. Найдено бизнес-центров: 5
2025-10-30 22:36:43,065 - INFO - [<cell line: 0>] - Район 'Ростокино' завершен. Бизнес-центров: 5
2025-10-30 22:36:44,067 - INFO - [<cell line: 0>] - [89/132] Обработка района: Рязанский
2025-10-30 22:36:44,068 - INFO - [получить_бизнес_центры_в_районе] - Начало сбора бизнес-центров для района: Рязанский (ID: 4504209512726595)
2025-10-30 22:36:44,484 - INFO - [получить_бизнес_центры_в_районе] - Загружено 10 бизнес-центров со страницы 1
2025-10-30 22:36:45,391 - INFO - [получить_бизнес_центры_в_районе] - Загружено 3 бизнес-центров со страницы 2
2025-10-30 22:36:46,318 - WARNING - [получить_бизнес_центры_в_районе] - На странице 3 нет данных в ожидаемом формате
2025-10-30 22:36:47,232 - WARNING - [получить_бизнес_центры_в_районе] - На странице 4 нет данных в ожидаемом формате
2025-10-30 22:36:48,159 - WARNING - [получить_бизнес_центры_в_районе] - На странице 5 нет данных в ожидаемом формате
2025-10-30 22:36:48,159 - INFO - [получить_бизнес_центры_в_районе] - Завершение сбора для района Рязанский. Найдено бизнес-центров: 13
2025-10-30 22:36:48,161 - INFO - [<cell line: 0>] - Район 'Рязанский' завершен. Бизнес-центров: 13
2025-10-30 22:36:49,162 - INFO - [<cell line: 0>] - [90/132] Обработка района: Савёлки
2025-10-30 22:36:49,163 - INFO - [получить_бизнес_центры_в_районе] - Начало сбора бизнес-центров для района: Савёлки (ID: 4504209512726658)
2025-10-30 22:36:49,582 - INFO - [получить_бизнес_центры_в_районе] - Загружено 6 бизнес-центров со страницы 1
2025-10-30 22:36:50,488 - WARNING - [получить_бизнес_центры_в_районе] - На странице 2 нет данных в ожидаемом формате
2025-10-30 22:36:51,389 - WARNING - [получить_бизнес_центры_в_районе] - На странице 3 нет данных в ожидаемом формате
2025-10-30 22:36:52,294 - WARNING - [получить_бизнес_центры_в_районе] - На странице 4 нет данных в ожидаемом формате
2025-10-30 22:36:53,219 - WARNING - [получить_бизнес_центры_в_районе] - На странице 5 нет данных в ожидаемом формате
2025-10-30 22:36:53,220 - INFO - [получить_бизнес_центры_в_районе] - Завершение сбора для района Савёлки. Найдено бизнес-центров: 6
2025-10-30 22:36:53,222 - INFO - [<cell line: 0>] - Район 'Савёлки' завершен. Бизнес-центров: 6
2025-10-30 22:36:54,225 - INFO - [<cell line: 0>] - [91/132] Обработка района: Савёловский
2025-10-30 22:36:54,226 - INFO - [получить_бизнес_центры_в_районе] - Начало сбора бизнес-центров для района: Савёловский (ID: 4504209512726548)
2025-10-30 22:36:54,668 - INFO - [получить_бизнес_центры_в_районе] - Загружено 10 бизнес-центров со страницы 1
2025-10-30 22:36:55,692 - WARNING - [получить_бизнес_центры_в_районе] - На странице 2 нет данных в ожидаемом формате
2025-10-30 22:36:56,592 - WARNING - [получить_бизнес_центры_в_районе] - На странице 3 нет данных в ожидаемом формате
2025-10-30 22:36:57,498 - WARNING - [получить_бизнес_центры_в_районе] - На странице 4 нет данных в ожидаемом формате
2025-10-30 22:36:58,414 - WARNING - [получить_бизнес_центры_в_районе] - На странице 5 нет данных в ожидаемом формате
2025-10-30 22:36:58,416 - INFO - [получить_бизнес_центры_в_районе] - Завершение сбора для района Савёловский. Найдено бизнес-центров: 10
2025-10-30 22:36:58,418 - INFO - [<cell line: 0>] - Район 'Савёловский' завершен. Бизнес-центров: 10
2025-10-30 22:36:59,419 - INFO - [<cell line: 0>] - [92/132] Обработка района: Свиблово
2025-10-30 22:36:59,420 - INFO - [получить_бизнес_центры_в_районе] - Начало сбора бизнес-центров для района: Свиблово (ID: 4504209512726563)
2025-10-30 22:36:59,970 - INFO - [получить_бизнес_центры_в_районе] - Загружено 6 бизнес-центров со страницы 1
2025-10-30 22:37:00,916 - WARNING - [получить_бизнес_центры_в_районе] - На странице 2 нет данных в ожидаемом формате
2025-10-30 22:37:01,837 - WARNING - [получить_бизнес_центры_в_районе] - На странице 3 нет данных в ожидаемом формате
2025-10-30 22:37:02,747 - WARNING - [получить_бизнес_центры_в_районе] - На странице 4 нет данных в ожидаемом формате
2025-10-30 22:37:03,656 - WARNING - [получить_бизнес_центры_в_районе] - На странице 5 нет данных в ожидаемом формате
2025-10-30 22:37:03,657 - INFO - [получить_бизнес_центры_в_районе] - Завершение сбора для района Свиблово. Найдено бизнес-центров: 6
2025-10-30 22:37:03,659 - INFO - [<cell line: 0>] - Район 'Свиблово' завершен. Бизнес-центров: 6
2025-10-30 22:37:04,660 - INFO - [<cell line: 0>] - [93/132] Обработка района: Северное Бутово
2025-10-30 22:37:04,661 - INFO - [получить_бизнес_центры_в_районе] - Начало сбора бизнес-центров для района: Северное Бутово (ID: 4504209512726618)
2025-10-30 22:37:05,075 - INFO - [получить_бизнес_центры_в_районе] - Загружено 1 бизнес-центров со страницы 1
2025-10-30 22:37:05,981 - WARNING - [получить_бизнес_центры_в_районе] - На странице 2 нет данных в ожидаемом формате
2025-10-30 22:37:06,899 - WARNING - [получить_бизнес_центры_в_районе] - На странице 3 нет данных в ожидаемом формате
2025-10-30 22:37:07,815 - WARNING - [получить_бизнес_центры_в_районе] - На странице 4 нет данных в ожидаемом формате
2025-10-30 22:37:08,731 - WARNING - [получить_бизнес_центры_в_районе] - На странице 5 нет данных в ожидаемом формате
2025-10-30 22:37:08,732 - INFO - [получить_бизнес_центры_в_районе] - Завершение сбора для района Северное Бутово. Найдено бизнес-центров: 1
2025-10-30 22:37:08,734 - INFO - [<cell line: 0>] - Район 'Северное Бутово' завершен. Бизнес-центров: 1
2025-10-30 22:37:09,736 - INFO - [<cell line: 0>] - [94/132] Обработка района: Северное Измайлово
2025-10-30 22:37:09,737 - INFO - [получить_бизнес_центры_в_районе] - Начало сбора бизнес-центров для района: Северное Измайлово (ID: 4504209512726583)
2025-10-30 22:37:10,158 - INFO - [получить_бизнес_центры_в_районе] - Загружено 1 бизнес-центров со страницы 1
2025-10-30 22:37:11,076 - WARNING - [получить_бизнес_центры_в_районе] - На странице 2 нет данных в ожидаемом формате
2025-10-30 22:37:11,979 - WARNING - [получить_бизнес_центры_в_районе] - На странице 3 нет данных в ожидаемом формате
2025-10-30 22:37:12,884 - WARNING - [получить_бизнес_центры_в_районе] - На странице 4 нет данных в ожидаемом формате
2025-10-30 22:37:13,788 - WARNING - [получить_бизнес_центры_в_районе] - На странице 5 нет данных в ожидаемом формате
2025-10-30 22:37:13,789 - INFO - [получить_бизнес_центры_в_районе] - Завершение сбора для района Северное Измайлово. Найдено бизнес-центров: 1
2025-10-30 22:37:13,792 - INFO - [<cell line: 0>] - Район 'Северное Измайлово' завершен. Бизнес-центров: 1
2025-10-30 22:37:14,793 - INFO - [<cell line: 0>] - [95/132] Обработка района: Северное Медведково
2025-10-30 22:37:14,794 - INFO - [получить_бизнес_центры_в_районе] - Начало сбора бизнес-центров для района: Северное Медведково (ID: 4504209512726566)
2025-10-30 22:37:15,235 - INFO - [получить_бизнес_центры_в_районе] - Загружено 2 бизнес-центров со страницы 1
2025-10-30 22:37:16,151 - WARNING - [получить_бизнес_центры_в_районе] - На странице 2 нет данных в ожидаемом формате
2025-10-30 22:37:17,053 - WARNING - [получить_бизнес_центры_в_районе] - На странице 3 нет данных в ожидаемом формате
2025-10-30 22:37:17,951 - WARNING - [получить_бизнес_центры_в_районе] - На странице 4 нет данных в ожидаемом формате
2025-10-30 22:37:18,854 - WARNING - [получить_бизнес_центры_в_районе] - На странице 5 нет данных в ожидаемом формате
2025-10-30 22:37:18,855 - INFO - [получить_бизнес_центры_в_районе] - Завершение сбора для района Северное Медведково. Найдено бизнес-центров: 2
2025-10-30 22:37:18,857 - INFO - [<cell line: 0>] - Район 'Северное Медведково' завершен. Бизнес-центров: 2
2025-10-30 22:37:19,857 - INFO - [<cell line: 0>] - [96/132] Обработка района: Северное Тушино
2025-10-30 22:37:19,858 - INFO - [получить_бизнес_центры_в_районе] - Начало сбора бизнес-центров для района: Северное Тушино (ID: 4504209512726646)
2025-10-30 22:37:20,279 - WARNING - [получить_бизнес_центры_в_районе] - На странице 1 нет данных в ожидаемом формате
2025-10-30 22:37:21,208 - WARNING - [получить_бизнес_центры_в_районе] - На странице 2 нет данных в ожидаемом формате
2025-10-30 22:37:22,120 - WARNING - [получить_бизнес_центры_в_районе] - На странице 3 нет данных в ожидаемом формате
2025-10-30 22:37:23,018 - WARNING - [получить_бизнес_центры_в_районе] - На странице 4 нет данных в ожидаемом формате
2025-10-30 22:37:23,917 - WARNING - [получить_бизнес_центры_в_районе] - На странице 5 нет данных в ожидаемом формате
2025-10-30 22:37:23,918 - INFO - [получить_бизнес_центры_в_районе] - Завершение сбора для района Северное Тушино. Найдено бизнес-центров: 0
2025-10-30 22:37:23,920 - INFO - [<cell line: 0>] - Район 'Северное Тушино' завершен. Бизнес-центров: 0
2025-10-30 22:37:24,922 - INFO - [<cell line: 0>] - [97/132] Обработка района: Северный
2025-10-30 22:37:24,924 - INFO - [получить_бизнес_центры_в_районе] - Начало сбора бизнес-центров для района: Северный (ID: 4504209512726573)
2025-10-30 22:37:25,443 - INFO - [получить_бизнес_центры_в_районе] - Загружено 2 бизнес-центров со страницы 1
2025-10-30 22:37:26,535 - WARNING - [получить_бизнес_центры_в_районе] - На странице 2 нет данных в ожидаемом формате
2025-10-30 22:37:27,432 - WARNING - [получить_бизнес_центры_в_районе] - На странице 3 нет данных в ожидаемом формате
2025-10-30 22:37:28,334 - WARNING - [получить_бизнес_центры_в_районе] - На странице 4 нет данных в ожидаемом формате
2025-10-30 22:37:29,247 - WARNING - [получить_бизнес_центры_в_районе] - На странице 5 нет данных в ожидаемом формате
2025-10-30 22:37:29,248 - INFO - [получить_бизнес_центры_в_районе] - Завершение сбора для района Северный. Найдено бизнес-центров: 2
2025-10-30 22:37:29,249 - INFO - [<cell line: 0>] - Район 'Северный' завершен. Бизнес-центров: 2
2025-10-30 22:37:30,252 - INFO - [<cell line: 0>] - [98/132] Обработка района: Силино
2025-10-30 22:37:30,253 - INFO - [получить_бизнес_центры_в_районе] - Начало сбора бизнес-центров для района: Силино (ID: 4504209512726656)
2025-10-30 22:37:30,679 - INFO - [получить_бизнес_центры_в_районе] - Загружено 2 бизнес-центров со страницы 1
2025-10-30 22:37:31,590 - WARNING - [получить_бизнес_центры_в_районе] - На странице 2 нет данных в ожидаемом формате
2025-10-30 22:37:32,487 - WARNING - [получить_бизнес_центры_в_районе] - На странице 3 нет данных в ожидаемом формате
2025-10-30 22:37:33,395 - WARNING - [получить_бизнес_центры_в_районе] - На странице 4 нет данных в ожидаемом формате
2025-10-30 22:37:34,300 - WARNING - [получить_бизнес_центры_в_районе] - На странице 5 нет данных в ожидаемом формате
2025-10-30 22:37:34,301 - INFO - [получить_бизнес_центры_в_районе] - Завершение сбора для района Силино. Найдено бизнес-центров: 2
2025-10-30 22:37:34,302 - INFO - [<cell line: 0>] - Район 'Силино' завершен. Бизнес-центров: 2
2025-10-30 22:37:35,304 - INFO - [<cell line: 0>] - [99/132] Обработка района: Сокол
2025-10-30 22:37:35,305 - INFO - [получить_бизнес_центры_в_районе] - Начало сбора бизнес-центров для района: Сокол (ID: 4504209512726552)
2025-10-30 22:37:35,733 - INFO - [получить_бизнес_центры_в_районе] - Загружено 7 бизнес-центров со страницы 1
2025-10-30 22:37:36,684 - WARNING - [получить_бизнес_центры_в_районе] - На странице 2 нет данных в ожидаемом формате
2025-10-30 22:37:37,588 - WARNING - [получить_бизнес_центры_в_районе] - На странице 3 нет данных в ожидаемом формате
2025-10-30 22:37:38,496 - WARNING - [получить_бизнес_центры_в_районе] - На странице 4 нет данных в ожидаемом формате
2025-10-30 22:37:39,397 - WARNING - [получить_бизнес_центры_в_районе] - На странице 5 нет данных в ожидаемом формате
2025-10-30 22:37:39,398 - INFO - [получить_бизнес_центры_в_районе] - Завершение сбора для района Сокол. Найдено бизнес-центров: 7
2025-10-30 22:37:39,400 - INFO - [<cell line: 0>] - Район 'Сокол' завершен. Бизнес-центров: 7
2025-10-30 22:37:40,402 - INFO - [<cell line: 0>] - [100/132] Обработка района: Соколиная Гора
2025-10-30 22:37:40,403 - INFO - [получить_бизнес_центры_в_районе] - Начало сбора бизнес-центров для района: Соколиная Гора (ID: 4504209512726585)
2025-10-30 22:37:40,813 - INFO - [получить_бизнес_центры_в_районе] - Загружено 10 бизнес-центров со страницы 1
2025-10-30 22:37:41,756 - INFO - [получить_бизнес_центры_в_районе] - Загружено 10 бизнес-центров со страницы 2
2025-10-30 22:37:42,671 - INFO - [получить_бизнес_центры_в_районе] - Загружено 6 бизнес-центров со страницы 3
2025-10-30 22:37:43,582 - WARNING - [получить_бизнес_центры_в_районе] - На странице 4 нет данных в ожидаемом формате
2025-10-30 22:37:44,514 - WARNING - [получить_бизнес_центры_в_районе] - На странице 5 нет данных в ожидаемом формате
2025-10-30 22:37:44,515 - INFO - [получить_бизнес_центры_в_районе] - Завершение сбора для района Соколиная Гора. Найдено бизнес-центров: 26
2025-10-30 22:37:44,516 - INFO - [<cell line: 0>] - Район 'Соколиная Гора' завершен. Бизнес-центров: 26
2025-10-30 22:37:45,518 - INFO - [<cell line: 0>] - [101/132] Обработка района: Сокольники
2025-10-30 22:37:45,519 - INFO - [получить_бизнес_центры_в_районе] - Начало сбора бизнес-центров для района: Сокольники (ID: 4504209512726582)
2025-10-30 22:37:45,949 - INFO - [получить_бизнес_центры_в_районе] - Загружено 10 бизнес-центров со страницы 1
2025-10-30 22:37:46,864 - INFO - [получить_бизнес_центры_в_районе] - Загружено 7 бизнес-центров со страницы 2
2025-10-30 22:37:47,781 - WARNING - [получить_бизнес_центры_в_районе] - На странице 3 нет данных в ожидаемом формате
2025-10-30 22:37:48,678 - WARNING - [получить_бизнес_центры_в_районе] - На странице 4 нет данных в ожидаемом формате
2025-10-30 22:37:49,581 - WARNING - [получить_бизнес_центры_в_районе] - На странице 5 нет данных в ожидаемом формате
2025-10-30 22:37:49,582 - INFO - [получить_бизнес_центры_в_районе] - Завершение сбора для района Сокольники. Найдено бизнес-центров: 17
2025-10-30 22:37:49,584 - INFO - [<cell line: 0>] - Район 'Сокольники' завершен. Бизнес-центров: 17
2025-10-30 22:37:50,584 - INFO - [<cell line: 0>] - [102/132] Обработка района: Солнцево
2025-10-30 22:37:50,586 - INFO - [получить_бизнес_центры_в_районе] - Начало сбора бизнес-центров для района: Солнцево (ID: 4504209512726640)
2025-10-30 22:37:51,034 - INFO - [получить_бизнес_центры_в_районе] - Загружено 10 бизнес-центров со страницы 1
2025-10-30 22:37:51,949 - INFO - [получить_бизнес_центры_в_районе] - Загружено 6 бизнес-центров со страницы 2
2025-10-30 22:37:52,854 - WARNING - [получить_бизнес_центры_в_районе] - На странице 3 нет данных в ожидаемом формате
2025-10-30 22:37:53,750 - WARNING - [получить_бизнес_центры_в_районе] - На странице 4 нет данных в ожидаемом формате
2025-10-30 22:37:54,663 - WARNING - [получить_бизнес_центры_в_районе] - На странице 5 нет данных в ожидаемом формате
2025-10-30 22:37:54,664 - INFO - [получить_бизнес_центры_в_районе] - Завершение сбора для района Солнцево. Найдено бизнес-центров: 16
2025-10-30 22:37:54,666 - INFO - [<cell line: 0>] - Район 'Солнцево' завершен. Бизнес-центров: 16
2025-10-30 22:37:55,668 - INFO - [<cell line: 0>] - [103/132] Обработка района: Старое Крюково
2025-10-30 22:37:55,669 - INFO - [получить_бизнес_центры_в_районе] - Начало сбора бизнес-центров для района: Старое Крюково (ID: 4504209512726655)
2025-10-30 22:37:56,206 - INFO - [получить_бизнес_центры_в_районе] - Загружено 1 бизнес-центров со страницы 1
2025-10-30 22:37:57,241 - WARNING - [получить_бизнес_центры_в_районе] - На странице 2 нет данных в ожидаемом формате
2025-10-30 22:37:58,162 - WARNING - [получить_бизнес_центры_в_районе] - На странице 3 нет данных в ожидаемом формате
2025-10-30 22:37:59,076 - WARNING - [получить_бизнес_центры_в_районе] - На странице 4 нет данных в ожидаемом формате
2025-10-30 22:37:59,986 - WARNING - [получить_бизнес_центры_в_районе] - На странице 5 нет данных в ожидаемом формате
2025-10-30 22:37:59,987 - INFO - [получить_бизнес_центры_в_районе] - Завершение сбора для района Старое Крюково. Найдено бизнес-центров: 1
2025-10-30 22:37:59,988 - INFO - [<cell line: 0>] - Район 'Старое Крюково' завершен. Бизнес-центров: 1
2025-10-30 22:38:00,990 - INFO - [<cell line: 0>] - [104/132] Обработка района: Строгино
2025-10-30 22:38:00,991 - INFO - [получить_бизнес_центры_в_районе] - Начало сбора бизнес-центров для района: Строгино (ID: 4504209512726644)
2025-10-30 22:38:01,412 - INFO - [получить_бизнес_центры_в_районе] - Загружено 4 бизнес-центров со страницы 1
2025-10-30 22:38:02,323 - WARNING - [получить_бизнес_центры_в_районе] - На странице 2 нет данных в ожидаемом формате
2025-10-30 22:38:03,233 - WARNING - [получить_бизнес_центры_в_районе] - На странице 3 нет данных в ожидаемом формате
2025-10-30 22:38:04,150 - WARNING - [получить_бизнес_центры_в_районе] - На странице 4 нет данных в ожидаемом формате
2025-10-30 22:38:05,079 - WARNING - [получить_бизнес_центры_в_районе] - На странице 5 нет данных в ожидаемом формате
2025-10-30 22:38:05,080 - INFO - [получить_бизнес_центры_в_районе] - Завершение сбора для района Строгино. Найдено бизнес-центров: 4
2025-10-30 22:38:05,081 - INFO - [<cell line: 0>] - Район 'Строгино' завершен. Бизнес-центров: 4
2025-10-30 22:38:06,082 - INFO - [<cell line: 0>] - [105/132] Обработка района: Таганский
2025-10-30 22:38:06,083 - INFO - [получить_бизнес_центры_в_районе] - Начало сбора бизнес-центров для района: Таганский (ID: 4504209512726538)
2025-10-30 22:38:06,502 - INFO - [получить_бизнес_центры_в_районе] - Загружено 10 бизнес-центров со страницы 1
2025-10-30 22:38:07,438 - INFO - [получить_бизнес_центры_в_районе] - Загружено 10 бизнес-центров со страницы 2
2025-10-30 22:38:08,404 - INFO - [получить_бизнес_центры_в_районе] - Загружено 10 бизнес-центров со страницы 3
2025-10-30 22:38:09,342 - INFO - [получить_бизнес_центры_в_районе] - Загружено 10 бизнес-центров со страницы 4
2025-10-30 22:38:10,252 - INFO - [получить_бизнес_центры_в_районе] - Загружено 10 бизнес-центров со страницы 5
2025-10-30 22:38:10,253 - INFO - [получить_бизнес_центры_в_районе] - Завершение сбора для района Таганский. Найдено бизнес-центров: 50
2025-10-30 22:38:10,254 - INFO - [<cell line: 0>] - Район 'Таганский' завершен. Бизнес-центров: 50
2025-10-30 22:38:11,255 - INFO - [<cell line: 0>] - [106/132] Обработка района: Тверской
2025-10-30 22:38:11,256 - INFO - [получить_бизнес_центры_в_районе] - Начало сбора бизнес-центров для района: Тверской (ID: 4504209512726536)
2025-10-30 22:38:11,705 - INFO - [получить_бизнес_центры_в_районе] - Загружено 10 бизнес-центров со страницы 1
2025-10-30 22:38:12,644 - INFO - [получить_бизнес_центры_в_районе] - Загружено 10 бизнес-центров со страницы 2
2025-10-30 22:38:13,585 - INFO - [получить_бизнес_центры_в_районе] - Загружено 10 бизнес-центров со страницы 3
2025-10-30 22:38:14,513 - INFO - [получить_бизнес_центры_в_районе] - Загружено 10 бизнес-центров со страницы 4
2025-10-30 22:38:15,461 - INFO - [получить_бизнес_центры_в_районе] - Загружено 10 бизнес-центров со страницы 5
2025-10-30 22:38:15,462 - INFO - [получить_бизнес_центры_в_районе] - Завершение сбора для района Тверской. Найдено бизнес-центров: 50
2025-10-30 22:38:15,463 - INFO - [<cell line: 0>] - Район 'Тверской' завершен. Бизнес-центров: 50
2025-10-30 22:38:16,464 - INFO - [<cell line: 0>] - [107/132] Обработка района: Текстильщики
2025-10-30 22:38:16,465 - INFO - [получить_бизнес_центры_в_районе] - Начало сбора бизнес-центров для района: Текстильщики (ID: 4504209512726594)
2025-10-30 22:38:16,881 - INFO - [получить_бизнес_центры_в_районе] - Загружено 9 бизнес-центров со страницы 1
2025-10-30 22:38:17,796 - WARNING - [получить_бизнес_центры_в_районе] - На странице 2 нет данных в ожидаемом формате
2025-10-30 22:38:18,701 - WARNING - [получить_бизнес_центры_в_районе] - На странице 3 нет данных в ожидаемом формате
2025-10-30 22:38:19,600 - WARNING - [получить_бизнес_центры_в_районе] - На странице 4 нет данных в ожидаемом формате
2025-10-30 22:38:20,514 - WARNING - [получить_бизнес_центры_в_районе] - На странице 5 нет данных в ожидаемом формате
2025-10-30 22:38:20,515 - INFO - [получить_бизнес_центры_в_районе] - Завершение сбора для района Текстильщики. Найдено бизнес-центров: 9
2025-10-30 22:38:20,516 - INFO - [<cell line: 0>] - Район 'Текстильщики' завершен. Бизнес-центров: 9
2025-10-30 22:38:21,518 - INFO - [<cell line: 0>] - [108/132] Обработка района: Тёплый Стан
2025-10-30 22:38:21,519 - INFO - [получить_бизнес_центры_в_районе] - Начало сбора бизнес-центров для района: Тёплый Стан (ID: 4504209512726621)
2025-10-30 22:38:21,942 - INFO - [получить_бизнес_центры_в_районе] - Загружено 2 бизнес-центров со страницы 1
2025-10-30 22:38:22,861 - WARNING - [получить_бизнес_центры_в_районе] - На странице 2 нет данных в ожидаемом формате
2025-10-30 22:38:23,768 - WARNING - [получить_бизнес_центры_в_районе] - На странице 3 нет данных в ожидаемом формате
2025-10-30 22:38:24,664 - WARNING - [получить_бизнес_центры_в_районе] - На странице 4 нет данных в ожидаемом формате
2025-10-30 22:38:25,810 - WARNING - [получить_бизнес_центры_в_районе] - На странице 5 нет данных в ожидаемом формате
2025-10-30 22:38:25,811 - INFO - [получить_бизнес_центры_в_районе] - Завершение сбора для района Тёплый Стан. Найдено бизнес-центров: 2
2025-10-30 22:38:25,813 - INFO - [<cell line: 0>] - Район 'Тёплый Стан' завершен. Бизнес-центров: 2
2025-10-30 22:38:26,815 - INFO - [<cell line: 0>] - [109/132] Обработка района: Тимирязевский
2025-10-30 22:38:26,816 - INFO - [получить_бизнес_центры_в_районе] - Начало сбора бизнес-центров для района: Тимирязевский (ID: 4504209512726547)
2025-10-30 22:38:27,232 - INFO - [получить_бизнес_центры_в_районе] - Загружено 5 бизнес-центров со страницы 1
2025-10-30 22:38:28,155 - WARNING - [получить_бизнес_центры_в_районе] - На странице 2 нет данных в ожидаемом формате
2025-10-30 22:38:29,212 - WARNING - [получить_бизнес_центры_в_районе] - На странице 3 нет данных в ожидаемом формате
2025-10-30 22:38:30,129 - WARNING - [получить_бизнес_центры_в_районе] - На странице 4 нет данных в ожидаемом формате
2025-10-30 22:38:31,055 - WARNING - [получить_бизнес_центры_в_районе] - На странице 5 нет данных в ожидаемом формате
2025-10-30 22:38:31,056 - INFO - [получить_бизнес_центры_в_районе] - Завершение сбора для района Тимирязевский. Найдено бизнес-центров: 5
2025-10-30 22:38:31,057 - INFO - [<cell line: 0>] - Район 'Тимирязевский' завершен. Бизнес-центров: 5
2025-10-30 22:38:32,059 - INFO - [<cell line: 0>] - [110/132] Обработка района: Троицк
2025-10-30 22:38:32,060 - INFO - [получить_бизнес_центры_в_районе] - Начало сбора бизнес-центров для района: Троицк (ID: 4504209520933741)
2025-10-30 22:38:32,467 - INFO - [получить_бизнес_центры_в_районе] - Загружено 4 бизнес-центров со страницы 1
2025-10-30 22:38:33,389 - WARNING - [получить_бизнес_центры_в_районе] - На странице 2 нет данных в ожидаемом формате
2025-10-30 22:38:34,306 - WARNING - [получить_бизнес_центры_в_районе] - На странице 3 нет данных в ожидаемом формате
2025-10-30 22:38:35,246 - WARNING - [получить_бизнес_центры_в_районе] - На странице 4 нет данных в ожидаемом формате
2025-10-30 22:38:36,172 - WARNING - [получить_бизнес_центры_в_районе] - На странице 5 нет данных в ожидаемом формате
2025-10-30 22:38:36,173 - INFO - [получить_бизнес_центры_в_районе] - Завершение сбора для района Троицк. Найдено бизнес-центров: 4
2025-10-30 22:38:36,174 - INFO - [<cell line: 0>] - Район 'Троицк' завершен. Бизнес-центров: 4
2025-10-30 22:38:37,176 - INFO - [<cell line: 0>] - [111/132] Обработка района: Тропарёво-Никулино
2025-10-30 22:38:37,177 - INFO - [получить_бизнес_центры_в_районе] - Начало сбора бизнес-центров для района: Тропарёво-Никулино (ID: 4504209512726630)
2025-10-30 22:38:37,620 - INFO - [получить_бизнес_центры_в_районе] - Загружено 4 бизнес-центров со страницы 1
2025-10-30 22:38:38,534 - WARNING - [получить_бизнес_центры_в_районе] - На странице 2 нет данных в ожидаемом формате
2025-10-30 22:38:39,434 - WARNING - [получить_бизнес_центры_в_районе] - На странице 3 нет данных в ожидаемом формате
2025-10-30 22:38:40,369 - WARNING - [получить_бизнес_центры_в_районе] - На странице 4 нет данных в ожидаемом формате
2025-10-30 22:38:41,291 - WARNING - [получить_бизнес_центры_в_районе] - На странице 5 нет данных в ожидаемом формате
2025-10-30 22:38:41,292 - INFO - [получить_бизнес_центры_в_районе] - Завершение сбора для района Тропарёво-Никулино. Найдено бизнес-центров: 4
2025-10-30 22:38:41,294 - INFO - [<cell line: 0>] - Район 'Тропарёво-Никулино' завершен. Бизнес-центров: 4
2025-10-30 22:38:42,296 - INFO - [<cell line: 0>] - [112/132] Обработка района: Филёвский Парк
2025-10-30 22:38:42,297 - INFO - [получить_бизнес_центры_в_районе] - Начало сбора бизнес-центров для района: Филёвский Парк (ID: 4504209512726636)
2025-10-30 22:38:42,735 - INFO - [получить_бизнес_центры_в_районе] - Загружено 10 бизнес-центров со страницы 1
2025-10-30 22:38:43,646 - INFO - [получить_бизнес_центры_в_районе] - Загружено 7 бизнес-центров со страницы 2
2025-10-30 22:38:44,581 - WARNING - [получить_бизнес_центры_в_районе] - На странице 3 нет данных в ожидаемом формате
2025-10-30 22:38:45,486 - WARNING - [получить_бизнес_центры_в_районе] - На странице 4 нет данных в ожидаемом формате
2025-10-30 22:38:46,394 - WARNING - [получить_бизнес_центры_в_районе] - На странице 5 нет данных в ожидаемом формате
2025-10-30 22:38:46,395 - INFO - [получить_бизнес_центры_в_районе] - Завершение сбора для района Филёвский Парк. Найдено бизнес-центров: 17
2025-10-30 22:38:46,397 - INFO - [<cell line: 0>] - Район 'Филёвский Парк' завершен. Бизнес-центров: 17
2025-10-30 22:38:47,399 - INFO - [<cell line: 0>] - [113/132] Обработка района: Фили-Давыдково
2025-10-30 22:38:47,400 - INFO - [получить_бизнес_центры_в_районе] - Начало сбора бизнес-центров для района: Фили-Давыдково (ID: 4504209512726638)
2025-10-30 22:38:47,813 - INFO - [получить_бизнес_центры_в_районе] - Загружено 3 бизнес-центров со страницы 1
2025-10-30 22:38:48,728 - WARNING - [получить_бизнес_центры_в_районе] - На странице 2 нет данных в ожидаемом формате
2025-10-30 22:38:49,634 - WARNING - [получить_бизнес_центры_в_районе] - На странице 3 нет данных в ожидаемом формате
2025-10-30 22:38:50,538 - WARNING - [получить_бизнес_центры_в_районе] - На странице 4 нет данных в ожидаемом формате
2025-10-30 22:38:51,437 - WARNING - [получить_бизнес_центры_в_районе] - На странице 5 нет данных в ожидаемом формате
2025-10-30 22:38:51,438 - INFO - [получить_бизнес_центры_в_районе] - Завершение сбора для района Фили-Давыдково. Найдено бизнес-центров: 3
2025-10-30 22:38:51,440 - INFO - [<cell line: 0>] - Район 'Фили-Давыдково' завершен. Бизнес-центров: 3
2025-10-30 22:38:52,443 - INFO - [<cell line: 0>] - [114/132] Обработка района: Филимонковский
2025-10-30 22:38:52,444 - INFO - [получить_бизнес_центры_в_районе] - Начало сбора бизнес-центров для района: Филимонковский (ID: 4504209520929329)
2025-10-30 22:38:52,863 - INFO - [получить_бизнес_центры_в_районе] - Загружено 4 бизнес-центров со страницы 1
2025-10-30 22:38:53,766 - WARNING - [получить_бизнес_центры_в_районе] - На странице 2 нет данных в ожидаемом формате
2025-10-30 22:38:54,669 - WARNING - [получить_бизнес_центры_в_районе] - На странице 3 нет данных в ожидаемом формате
2025-10-30 22:38:55,808 - WARNING - [получить_бизнес_центры_в_районе] - На странице 4 нет данных в ожидаемом формате
2025-10-30 22:38:56,725 - WARNING - [получить_бизнес_центры_в_районе] - На странице 5 нет данных в ожидаемом формате
2025-10-30 22:38:56,726 - INFO - [получить_бизнес_центры_в_районе] - Завершение сбора для района Филимонковский. Найдено бизнес-центров: 4
2025-10-30 22:38:56,727 - INFO - [<cell line: 0>] - Район 'Филимонковский' завершен. Бизнес-центров: 4
2025-10-30 22:38:57,728 - INFO - [<cell line: 0>] - [115/132] Обработка района: Хамовники
2025-10-30 22:38:57,729 - INFO - [получить_бизнес_центры_в_районе] - Начало сбора бизнес-центров для района: Хамовники (ID: 4504209512726533)
2025-10-30 22:38:58,162 - INFO - [получить_бизнес_центры_в_районе] - Загружено 10 бизнес-центров со страницы 1
2025-10-30 22:38:59,071 - INFO - [получить_бизнес_центры_в_районе] - Загружено 10 бизнес-центров со страницы 2
2025-10-30 22:39:00,093 - INFO - [получить_бизнес_центры_в_районе] - Загружено 10 бизнес-центров со страницы 3
2025-10-30 22:39:01,006 - INFO - [получить_бизнес_центры_в_районе] - Загружено 10 бизнес-центров со страницы 4
2025-10-30 22:39:01,939 - INFO - [получить_бизнес_центры_в_районе] - Загружено 5 бизнес-центров со страницы 5
2025-10-30 22:39:01,940 - INFO - [получить_бизнес_центры_в_районе] - Завершение сбора для района Хамовники. Найдено бизнес-центров: 45
2025-10-30 22:39:01,941 - INFO - [<cell line: 0>] - Район 'Хамовники' завершен. Бизнес-центров: 45
2025-10-30 22:39:02,944 - INFO - [<cell line: 0>] - [116/132] Обработка района: Ховрино
2025-10-30 22:39:02,945 - INFO - [получить_бизнес_центры_в_районе] - Начало сбора бизнес-центров для района: Ховрино (ID: 4504209512726555)
2025-10-30 22:39:03,362 - INFO - [получить_бизнес_центры_в_районе] - Загружено 6 бизнес-центров со страницы 1
2025-10-30 22:39:04,271 - WARNING - [получить_бизнес_центры_в_районе] - На странице 2 нет данных в ожидаемом формате
2025-10-30 22:39:05,170 - WARNING - [получить_бизнес_центры_в_районе] - На странице 3 нет данных в ожидаемом формате
2025-10-30 22:39:06,074 - WARNING - [получить_бизнес_центры_в_районе] - На странице 4 нет данных в ожидаемом формате
2025-10-30 22:39:06,983 - WARNING - [получить_бизнес_центры_в_районе] - На странице 5 нет данных в ожидаемом формате
2025-10-30 22:39:06,984 - INFO - [получить_бизнес_центры_в_районе] - Завершение сбора для района Ховрино. Найдено бизнес-центров: 6
2025-10-30 22:39:06,986 - INFO - [<cell line: 0>] - Район 'Ховрино' завершен. Бизнес-центров: 6
2025-10-30 22:39:07,988 - INFO - [<cell line: 0>] - [117/132] Обработка района: Хорошёво-Мнёвники
2025-10-30 22:39:07,989 - INFO - [получить_бизнес_центры_в_районе] - Начало сбора бизнес-центров для района: Хорошёво-Мнёвники (ID: 4504209512726647)
2025-10-30 22:39:08,412 - INFO - [получить_бизнес_центры_в_районе] - Загружено 10 бизнес-центров со страницы 1
2025-10-30 22:39:09,324 - INFO - [получить_бизнес_центры_в_районе] - Загружено 7 бизнес-центров со страницы 2
2025-10-30 22:39:10,234 - WARNING - [получить_бизнес_центры_в_районе] - На странице 3 нет данных в ожидаемом формате
2025-10-30 22:39:11,142 - WARNING - [получить_бизнес_центры_в_районе] - На странице 4 нет данных в ожидаемом формате
2025-10-30 22:39:12,059 - WARNING - [получить_бизнес_центры_в_районе] - На странице 5 нет данных в ожидаемом формате
2025-10-30 22:39:12,060 - INFO - [получить_бизнес_центры_в_районе] - Завершение сбора для района Хорошёво-Мнёвники. Найдено бизнес-центров: 17
2025-10-30 22:39:12,061 - INFO - [<cell line: 0>] - Район 'Хорошёво-Мнёвники' завершен. Бизнес-центров: 17
2025-10-30 22:39:13,063 - INFO - [<cell line: 0>] - [118/132] Обработка района: Хорошёвский
2025-10-30 22:39:13,064 - INFO - [получить_бизнес_центры_в_районе] - Начало сбора бизнес-центров для района: Хорошёвский (ID: 4504209512726553)
2025-10-30 22:39:13,517 - INFO - [получить_бизнес_центры_в_районе] - Загружено 10 бизнес-центров со страницы 1
2025-10-30 22:39:14,438 - INFO - [получить_бизнес_центры_в_районе] - Загружено 10 бизнес-центров со страницы 2
2025-10-30 22:39:15,363 - INFO - [получить_бизнес_центры_в_районе] - Загружено 10 бизнес-центров со страницы 3
2025-10-30 22:39:16,270 - INFO - [получить_бизнес_центры_в_районе] - Загружено 6 бизнес-центров со страницы 4
2025-10-30 22:39:17,206 - WARNING - [получить_бизнес_центры_в_районе] - На странице 5 нет данных в ожидаемом формате
2025-10-30 22:39:17,207 - INFO - [получить_бизнес_центры_в_районе] - Завершение сбора для района Хорошёвский. Найдено бизнес-центров: 36
2025-10-30 22:39:17,208 - INFO - [<cell line: 0>] - Район 'Хорошёвский' завершен. Бизнес-центров: 36
2025-10-30 22:39:18,209 - INFO - [<cell line: 0>] - [119/132] Обработка района: Царицыно
2025-10-30 22:39:18,210 - INFO - [получить_бизнес_центры_в_районе] - Начало сбора бизнес-центров для района: Царицыно (ID: 4504209512726608)
2025-10-30 22:39:18,643 - INFO - [получить_бизнес_центры_в_районе] - Загружено 3 бизнес-центров со страницы 1
2025-10-30 22:39:19,539 - WARNING - [получить_бизнес_центры_в_районе] - На странице 2 нет данных в ожидаемом формате
2025-10-30 22:39:20,474 - WARNING - [получить_бизнес_центры_в_районе] - На странице 3 нет данных в ожидаемом формате
2025-10-30 22:39:21,380 - WARNING - [получить_бизнес_центры_в_районе] - На странице 4 нет данных в ожидаемом формате
2025-10-30 22:39:22,285 - WARNING - [получить_бизнес_центры_в_районе] - На странице 5 нет данных в ожидаемом формате
2025-10-30 22:39:22,286 - INFO - [получить_бизнес_центры_в_районе] - Завершение сбора для района Царицыно. Найдено бизнес-центров: 3
2025-10-30 22:39:22,288 - INFO - [<cell line: 0>] - Район 'Царицыно' завершен. Бизнес-центров: 3
2025-10-30 22:39:23,288 - INFO - [<cell line: 0>] - [120/132] Обработка района: Черёмушки
2025-10-30 22:39:23,289 - INFO - [получить_бизнес_центры_в_районе] - Начало сбора бизнес-центров для района: Черёмушки (ID: 4504209512726627)
2025-10-30 22:39:23,723 - INFO - [получить_бизнес_центры_в_районе] - Загружено 10 бизнес-центров со страницы 1
2025-10-30 22:39:24,650 - INFO - [получить_бизнес_центры_в_районе] - Загружено 7 бизнес-центров со страницы 2
2025-10-30 22:39:25,772 - WARNING - [получить_бизнес_центры_в_районе] - На странице 3 нет данных в ожидаемом формате
2025-10-30 22:39:26,689 - WARNING - [получить_бизнес_центры_в_районе] - На странице 4 нет данных в ожидаемом формате
2025-10-30 22:39:27,609 - WARNING - [получить_бизнес_центры_в_районе] - На странице 5 нет данных в ожидаемом формате
2025-10-30 22:39:27,610 - INFO - [получить_бизнес_центры_в_районе] - Завершение сбора для района Черёмушки. Найдено бизнес-центров: 17
2025-10-30 22:39:27,611 - INFO - [<cell line: 0>] - Район 'Черёмушки' завершен. Бизнес-центров: 17
2025-10-30 22:39:28,613 - INFO - [<cell line: 0>] - [121/132] Обработка района: Чертаново Северное
2025-10-30 22:39:28,614 - INFO - [получить_бизнес_центры_в_районе] - Начало сбора бизнес-центров для района: Чертаново Северное (ID: 4504209512726615)
2025-10-30 22:39:29,107 - INFO - [получить_бизнес_центры_в_районе] - Загружено 5 бизнес-центров со страницы 1
2025-10-30 22:39:30,116 - WARNING - [получить_бизнес_центры_в_районе] - На странице 2 нет данных в ожидаемом формате
2025-10-30 22:39:31,019 - WARNING - [получить_бизнес_центры_в_районе] - На странице 3 нет данных в ожидаемом формате
2025-10-30 22:39:31,959 - WARNING - [получить_бизнес_центры_в_районе] - На странице 4 нет данных в ожидаемом формате
2025-10-30 22:39:32,894 - WARNING - [получить_бизнес_центры_в_районе] - На странице 5 нет данных в ожидаемом формате
2025-10-30 22:39:32,894 - INFO - [получить_бизнес_центры_в_районе] - Завершение сбора для района Чертаново Северное. Найдено бизнес-центров: 5
2025-10-30 22:39:32,897 - INFO - [<cell line: 0>] - Район 'Чертаново Северное' завершен. Бизнес-центров: 5
2025-10-30 22:39:33,898 - INFO - [<cell line: 0>] - [122/132] Обработка района: Чертаново Центральное
2025-10-30 22:39:33,899 - INFO - [получить_бизнес_центры_в_районе] - Начало сбора бизнес-центров для района: Чертаново Центральное (ID: 4504209512726614)
2025-10-30 22:39:34,314 - INFO - [получить_бизнес_центры_в_районе] - Загружено 8 бизнес-центров со страницы 1
2025-10-30 22:39:35,230 - WARNING - [получить_бизнес_центры_в_районе] - На странице 2 нет данных в ожидаемом формате
2025-10-30 22:39:36,146 - WARNING - [получить_бизнес_центры_в_районе] - На странице 3 нет данных в ожидаемом формате
2025-10-30 22:39:37,049 - WARNING - [получить_бизнес_центры_в_районе] - На странице 4 нет данных в ожидаемом формате
2025-10-30 22:39:37,977 - WARNING - [получить_бизнес_центры_в_районе] - На странице 5 нет данных в ожидаемом формате
2025-10-30 22:39:37,978 - INFO - [получить_бизнес_центры_в_районе] - Завершение сбора для района Чертаново Центральное. Найдено бизнес-центров: 8
2025-10-30 22:39:37,980 - INFO - [<cell line: 0>] - Район 'Чертаново Центральное' завершен. Бизнес-центров: 8
2025-10-30 22:39:38,982 - INFO - [<cell line: 0>] - [123/132] Обработка района: Чертаново Южное
2025-10-30 22:39:38,983 - INFO - [получить_бизнес_центры_в_районе] - Начало сбора бизнес-центров для района: Чертаново Южное (ID: 4504209512726659)
2025-10-30 22:39:39,551 - INFO - [получить_бизнес_центры_в_районе] - Загружено 6 бизнес-центров со страницы 1
2025-10-30 22:39:40,462 - WARNING - [получить_бизнес_центры_в_районе] - На странице 2 нет данных в ожидаемом формате
2025-10-30 22:39:41,367 - WARNING - [получить_бизнес_центры_в_районе] - На странице 3 нет данных в ожидаемом формате
2025-10-30 22:39:42,294 - WARNING - [получить_бизнес_центры_в_районе] - На странице 4 нет данных в ожидаемом формате
2025-10-30 22:39:43,202 - WARNING - [получить_бизнес_центры_в_районе] - На странице 5 нет данных в ожидаемом формате
2025-10-30 22:39:43,203 - INFO - [получить_бизнес_центры_в_районе] - Завершение сбора для района Чертаново Южное. Найдено бизнес-центров: 6
2025-10-30 22:39:43,205 - INFO - [<cell line: 0>] - Район 'Чертаново Южное' завершен. Бизнес-центров: 6
2025-10-30 22:39:44,207 - INFO - [<cell line: 0>] - [124/132] Обработка района: Щербинка
2025-10-30 22:39:44,208 - INFO - [получить_бизнес_центры_в_районе] - Начало сбора бизнес-центров для района: Щербинка (ID: 4504209520928047)
2025-10-30 22:39:44,618 - INFO - [получить_бизнес_центры_в_районе] - Загружено 3 бизнес-центров со страницы 1
2025-10-30 22:39:45,527 - WARNING - [получить_бизнес_центры_в_районе] - На странице 2 нет данных в ожидаемом формате
2025-10-30 22:39:46,435 - WARNING - [получить_бизнес_центры_в_районе] - На странице 3 нет данных в ожидаемом формате
2025-10-30 22:39:47,336 - WARNING - [получить_бизнес_центры_в_районе] - На странице 4 нет данных в ожидаемом формате
2025-10-30 22:39:48,244 - WARNING - [получить_бизнес_центры_в_районе] - На странице 5 нет данных в ожидаемом формате
2025-10-30 22:39:48,245 - INFO - [получить_бизнес_центры_в_районе] - Завершение сбора для района Щербинка. Найдено бизнес-центров: 3
2025-10-30 22:39:48,247 - INFO - [<cell line: 0>] - Район 'Щербинка' завершен. Бизнес-центров: 3
2025-10-30 22:39:49,250 - INFO - [<cell line: 0>] - [125/132] Обработка района: Щукино
2025-10-30 22:39:49,251 - INFO - [получить_бизнес_центры_в_районе] - Начало сбора бизнес-центров для района: Щукино (ID: 4504209512726648)
2025-10-30 22:39:49,664 - INFO - [получить_бизнес_центры_в_районе] - Загружено 7 бизнес-центров со страницы 1
2025-10-30 22:39:50,576 - WARNING - [получить_бизнес_центры_в_районе] - На странице 2 нет данных в ожидаемом формате
2025-10-30 22:39:51,476 - WARNING - [получить_бизнес_центры_в_районе] - На странице 3 нет данных в ожидаемом формате
2025-10-30 22:39:52,382 - WARNING - [получить_бизнес_центры_в_районе] - На странице 4 нет данных в ожидаемом формате
2025-10-30 22:39:53,282 - WARNING - [получить_бизнес_центры_в_районе] - На странице 5 нет данных в ожидаемом формате
2025-10-30 22:39:53,283 - INFO - [получить_бизнес_центры_в_районе] - Завершение сбора для района Щукино. Найдено бизнес-центров: 7
2025-10-30 22:39:53,285 - INFO - [<cell line: 0>] - Район 'Щукино' завершен. Бизнес-центров: 7
2025-10-30 22:39:54,288 - INFO - [<cell line: 0>] - [126/132] Обработка района: Южное Бутово
2025-10-30 22:39:54,289 - INFO - [получить_бизнес_центры_в_районе] - Начало сбора бизнес-центров для района: Южное Бутово (ID: 4504209512726619)
2025-10-30 22:39:54,685 - WARNING - [получить_бизнес_центры_в_районе] - На странице 1 нет данных в ожидаемом формате
2025-10-30 22:39:55,666 - WARNING - [получить_бизнес_центры_в_районе] - На странице 2 нет данных в ожидаемом формате
2025-10-30 22:39:56,590 - WARNING - [получить_бизнес_центры_в_районе] - На странице 3 нет данных в ожидаемом формате
2025-10-30 22:39:57,494 - WARNING - [получить_бизнес_центры_в_районе] - На странице 4 нет данных в ожидаемом формате
2025-10-30 22:39:58,405 - WARNING - [получить_бизнес_центры_в_районе] - На странице 5 нет данных в ожидаемом формате
2025-10-30 22:39:58,407 - INFO - [получить_бизнес_центры_в_районе] - Завершение сбора для района Южное Бутово. Найдено бизнес-центров: 0
2025-10-30 22:39:58,408 - INFO - [<cell line: 0>] - Район 'Южное Бутово' завершен. Бизнес-центров: 0
2025-10-30 22:39:59,411 - INFO - [<cell line: 0>] - [127/132] Обработка района: Южное Медведково
2025-10-30 22:39:59,412 - INFO - [получить_бизнес_центры_в_районе] - Начало сбора бизнес-центров для района: Южное Медведково (ID: 4504209512726561)
2025-10-30 22:39:59,948 - INFO - [получить_бизнес_центры_в_районе] - Загружено 1 бизнес-центров со страницы 1
2025-10-30 22:40:00,874 - WARNING - [получить_бизнес_центры_в_районе] - На странице 2 нет данных в ожидаемом формате
2025-10-30 22:40:01,787 - WARNING - [получить_бизнес_центры_в_районе] - На странице 3 нет данных в ожидаемом формате
2025-10-30 22:40:02,681 - WARNING - [получить_бизнес_центры_в_районе] - На странице 4 нет данных в ожидаемом формате
2025-10-30 22:40:03,596 - WARNING - [получить_бизнес_центры_в_районе] - На странице 5 нет данных в ожидаемом формате
2025-10-30 22:40:03,597 - INFO - [получить_бизнес_центры_в_районе] - Завершение сбора для района Южное Медведково. Найдено бизнес-центров: 1
2025-10-30 22:40:03,598 - INFO - [<cell line: 0>] - Район 'Южное Медведково' завершен. Бизнес-центров: 1
2025-10-30 22:40:04,599 - INFO - [<cell line: 0>] - [128/132] Обработка района: Южное Тушино
2025-10-30 22:40:04,601 - INFO - [получить_бизнес_центры_в_районе] - Начало сбора бизнес-центров для района: Южное Тушино (ID: 4504209512726649)
2025-10-30 22:40:05,037 - INFO - [получить_бизнес_центры_в_районе] - Загружено 10 бизнес-центров со страницы 1
2025-10-30 22:40:05,936 - INFO - [получить_бизнес_центры_в_районе] - Загружено 1 бизнес-центров со страницы 2
2025-10-30 22:40:06,850 - WARNING - [получить_бизнес_центры_в_районе] - На странице 3 нет данных в ожидаемом формате
2025-10-30 22:40:07,752 - WARNING - [получить_бизнес_центры_в_районе] - На странице 4 нет данных в ожидаемом формате
2025-10-30 22:40:08,692 - WARNING - [получить_бизнес_центры_в_районе] - На странице 5 нет данных в ожидаемом формате
2025-10-30 22:40:08,694 - INFO - [получить_бизнес_центры_в_районе] - Завершение сбора для района Южное Тушино. Найдено бизнес-центров: 11
2025-10-30 22:40:08,697 - INFO - [<cell line: 0>] - Район 'Южное Тушино' завершен. Бизнес-центров: 11
2025-10-30 22:40:09,698 - INFO - [<cell line: 0>] - [129/132] Обработка района: Южнопортовый
2025-10-30 22:40:09,699 - INFO - [получить_бизнес_центры_в_районе] - Начало сбора бизнес-центров для района: Южнопортовый (ID: 70030076266239145)
2025-10-30 22:40:10,155 - INFO - [получить_бизнес_центры_в_районе] - Загружено 10 бизнес-центров со страницы 1
2025-10-30 22:40:11,093 - INFO - [получить_бизнес_центры_в_районе] - Загружено 8 бизнес-центров со страницы 2
2025-10-30 22:40:11,999 - WARNING - [получить_бизнес_центры_в_районе] - На странице 3 нет данных в ожидаемом формате
2025-10-30 22:40:12,907 - WARNING - [получить_бизнес_центры_в_районе] - На странице 4 нет данных в ожидаемом формате
2025-10-30 22:40:13,828 - WARNING - [получить_бизнес_центры_в_районе] - На странице 5 нет данных в ожидаемом формате
2025-10-30 22:40:13,831 - INFO - [получить_бизнес_центры_в_районе] - Завершение сбора для района Южнопортовый. Найдено бизнес-центров: 18
2025-10-30 22:40:13,832 - INFO - [<cell line: 0>] - Район 'Южнопортовый' завершен. Бизнес-центров: 18
2025-10-30 22:40:14,833 - INFO - [<cell line: 0>] - [130/132] Обработка района: Якиманка
2025-10-30 22:40:14,834 - INFO - [получить_бизнес_центры_в_районе] - Начало сбора бизнес-центров для района: Якиманка (ID: 4504209512726534)
2025-10-30 22:40:15,258 - INFO - [получить_бизнес_центры_в_районе] - Загружено 10 бизнес-центров со страницы 1
2025-10-30 22:40:16,174 - INFO - [получить_бизнес_центры_в_районе] - Загружено 10 бизнес-центров со страницы 2
2025-10-30 22:40:17,082 - INFO - [получить_бизнес_центры_в_районе] - Загружено 6 бизнес-центров со страницы 3
2025-10-30 22:40:18,001 - WARNING - [получить_бизнес_центры_в_районе] - На странице 4 нет данных в ожидаемом формате
2025-10-30 22:40:18,912 - WARNING - [получить_бизнес_центры_в_районе] - На странице 5 нет данных в ожидаемом формате
2025-10-30 22:40:18,913 - INFO - [получить_бизнес_центры_в_районе] - Завершение сбора для района Якиманка. Найдено бизнес-центров: 26
2025-10-30 22:40:18,915 - INFO - [<cell line: 0>] - Район 'Якиманка' завершен. Бизнес-центров: 26
2025-10-30 22:40:19,916 - INFO - [<cell line: 0>] - [131/132] Обработка района: Ярославский
2025-10-30 22:40:19,917 - INFO - [получить_бизнес_центры_в_районе] - Начало сбора бизнес-центров для района: Ярославский (ID: 4504209512726562)
2025-10-30 22:40:20,339 - INFO - [получить_бизнес_центры_в_районе] - Загружено 4 бизнес-центров со страницы 1
2025-10-30 22:40:21,255 - WARNING - [получить_бизнес_центры_в_районе] - На странице 2 нет данных в ожидаемом формате
2025-10-30 22:40:22,155 - WARNING - [получить_бизнес_центры_в_районе] - На странице 3 нет данных в ожидаемом формате
2025-10-30 22:40:23,066 - WARNING - [получить_бизнес_центры_в_районе] - На странице 4 нет данных в ожидаемом формате
2025-10-30 22:40:23,979 - WARNING - [получить_бизнес_центры_в_районе] - На странице 5 нет данных в ожидаемом формате
2025-10-30 22:40:23,980 - INFO - [получить_бизнес_центры_в_районе] - Завершение сбора для района Ярославский. Найдено бизнес-центров: 4
2025-10-30 22:40:23,982 - INFO - [<cell line: 0>] - Район 'Ярославский' завершен. Бизнес-центров: 4
2025-10-30 22:40:24,983 - INFO - [<cell line: 0>] - [132/132] Обработка района: Ясенево
2025-10-30 22:40:24,984 - INFO - [получить_бизнес_центры_в_районе] - Начало сбора бизнес-центров для района: Ясенево (ID: 4504209512726620)
2025-10-30 22:40:25,410 - INFO - [получить_бизнес_центры_в_районе] - Загружено 4 бизнес-центров со страницы 1
2025-10-30 22:40:26,487 - WARNING - [получить_бизнес_центры_в_районе] - На странице 2 нет данных в ожидаемом формате
2025-10-30 22:40:27,405 - WARNING - [получить_бизнес_центры_в_районе] - На странице 3 нет данных в ожидаемом формате
2025-10-30 22:40:28,299 - WARNING - [получить_бизнес_центры_в_районе] - На странице 4 нет данных в ожидаемом формате
2025-10-30 22:40:29,193 - WARNING - [получить_бизнес_центры_в_районе] - На странице 5 нет данных в ожидаемом формате
2025-10-30 22:40:29,194 - INFO - [получить_бизнес_центры_в_районе] - Завершение сбора для района Ясенево. Найдено бизнес-центров: 4
2025-10-30 22:40:29,197 - INFO - [<cell line: 0>] - Район 'Ясенево' завершен. Бизнес-центров: 4
2025-10-30 22:40:29,198 - INFO - [<cell line: 0>] - ============================================================
2025-10-30 22:40:29,200 - INFO - [<cell line: 0>] - СБОР ДАННЫХ ЗАВЕРШЕН
2025-10-30 22:40:29,201 - INFO - [<cell line: 0>] - Время выполнения: 675.43 секунд
2025-10-30 22:40:29,202 - INFO - [<cell line: 0>] - Всего собрано бизнес-центров: 1414
2025-10-30 22:40:29,205 - INFO - [<cell line: 0>] - ============================================================
2025-10-30 22:40:29,206 - INFO - [создать_датасет_бизнес_центров] - Создание датасета из 1414 бизнес-центров
2025-10-30 22:40:29,214 - INFO - [создать_датасет_бизнес_центров] - Датасет бизнес-центров создан. Количество строк: 1414
2025-10-30 22:40:29,253 - INFO - [<cell line: 0>] - Данные сохранены в бизнес_центры_москвы_по_районам.csv
2025-10-30 22:40:29,254 - INFO - [<cell line: 0>] - СТАТИСТИКА: Всего бизнес-центров: 1414
2025-10-30 22:40:29,256 - INFO - [<cell line: 0>] - СТАТИСТИКА: Охвачено районов: 121
