2025-10-30 21:34:37,215 - INFO - [<cell line: 0>] - ============================================================
2025-10-30 21:34:37,216 - INFO - [<cell line: 0>] - ЗАПУСК СБОРА ДАННЫХ ПО КАФЕ МОСКВЫ
2025-10-30 21:34:37,218 - INFO - [<cell line: 0>] - Конфигурация логирования: уровень=DEBUG, файл=True, консоль=True
2025-10-30 21:34:37,218 - INFO - [<cell line: 0>] - Количество районов для обработки: 132
2025-10-30 21:34:37,220 - INFO - [<cell line: 0>] - ============================================================
2025-10-30 21:34:37,221 - INFO - [<cell line: 0>] - [1/132] Обработка района: Академический
2025-10-30 21:34:37,224 - INFO - [получить_кафе_в_районе] - Начало сбора кафе для района: Академический (ID: 4504209512726625)
2025-10-30 21:34:37,226 - DEBUG - [получить_кафе_в_районе] - Запрос страницы 1 для района Академический
2025-10-30 21:34:37,228 - DEBUG - [_new_conn] - Starting new HTTPS connection (1): catalog.api.2gis.com:443
2025-10-30 21:34:37,757 - DEBUG - [_make_request] - https://catalog.api.2gis.com:443 "GET /3.0/items?key=50e21a4a-6241-4f9a-aff6-0b7a942be2b7&q=%D0%BA%D0%B0%D1%84%D0%B5&district_id=4504209512726625&type=branch&page=1&page_size=10&fields=items.point%2Citems.name%2Citems.address_name%2Citems.reviews HTTP/1.1" 200 None
2025-10-30 21:34:37,758 - DEBUG - [получить_кафе_в_районе] - Статус ответа: 200
2025-10-30 21:34:37,758 - INFO - [получить_кафе_в_районе] - Загружено 10 кафе со страницы 1
2025-10-30 21:34:38,259 - DEBUG - [получить_кафе_в_районе] - Запрос страницы 2 для района Академический
2025-10-30 21:34:38,261 - DEBUG - [_new_conn] - Starting new HTTPS connection (1): catalog.api.2gis.com:443
2025-10-30 21:34:38,747 - DEBUG - [_make_request] - https://catalog.api.2gis.com:443 "GET /3.0/items?key=50e21a4a-6241-4f9a-aff6-0b7a942be2b7&q=%D0%BA%D0%B0%D1%84%D0%B5&district_id=4504209512726625&type=branch&page=2&page_size=10&fields=items.point%2Citems.name%2Citems.address_name%2Citems.reviews HTTP/1.1" 200 None
2025-10-30 21:34:38,748 - DEBUG - [получить_кафе_в_районе] - Статус ответа: 200
2025-10-30 21:34:38,748 - INFO - [получить_кафе_в_районе] - Загружено 10 кафе со страницы 2
2025-10-30 21:34:39,249 - DEBUG - [получить_кафе_в_районе] - Запрос страницы 3 для района Академический
2025-10-30 21:34:39,251 - DEBUG - [_new_conn] - Starting new HTTPS connection (1): catalog.api.2gis.com:443
2025-10-30 21:34:39,647 - DEBUG - [_make_request] - https://catalog.api.2gis.com:443 "GET /3.0/items?key=50e21a4a-6241-4f9a-aff6-0b7a942be2b7&q=%D0%BA%D0%B0%D1%84%D0%B5&district_id=4504209512726625&type=branch&page=3&page_size=10&fields=items.point%2Citems.name%2Citems.address_name%2Citems.reviews HTTP/1.1" 200 None
2025-10-30 21:34:39,648 - DEBUG - [получить_кафе_в_районе] - Статус ответа: 200
2025-10-30 21:34:39,648 - INFO - [получить_кафе_в_районе] - Загружено 10 кафе со страницы 3
2025-10-30 21:34:40,149 - DEBUG - [получить_кафе_в_районе] - Запрос страницы 4 для района Академический
2025-10-30 21:34:40,150 - DEBUG - [_new_conn] - Starting new HTTPS connection (1): catalog.api.2gis.com:443
2025-10-30 21:34:40,556 - DEBUG - [_make_request] - https://catalog.api.2gis.com:443 "GET /3.0/items?key=50e21a4a-6241-4f9a-aff6-0b7a942be2b7&q=%D0%BA%D0%B0%D1%84%D0%B5&district_id=4504209512726625&type=branch&page=4&page_size=10&fields=items.point%2Citems.name%2Citems.address_name%2Citems.reviews HTTP/1.1" 200 None
2025-10-30 21:34:40,557 - DEBUG - [получить_кафе_в_районе] - Статус ответа: 200
2025-10-30 21:34:40,558 - INFO - [получить_кафе_в_районе] - Загружено 8 кафе со страницы 4
2025-10-30 21:34:41,058 - DEBUG - [получить_кафе_в_районе] - Запрос страницы 5 для района Академический
2025-10-30 21:34:41,060 - DEBUG - [_new_conn] - Starting new HTTPS connection (1): catalog.api.2gis.com:443
2025-10-30 21:34:41,451 - DEBUG - [_make_request] - https://catalog.api.2gis.com:443 "GET /3.0/items?key=50e21a4a-6241-4f9a-aff6-0b7a942be2b7&q=%D0%BA%D0%B0%D1%84%D0%B5&district_id=4504209512726625&type=branch&page=5&page_size=10&fields=items.point%2Citems.name%2Citems.address_name%2Citems.reviews HTTP/1.1" 200 133
2025-10-30 21:34:41,452 - DEBUG - [получить_кафе_в_районе] - Статус ответа: 200
2025-10-30 21:34:41,452 - WARNING - [получить_кафе_в_районе] - На странице 5 нет данных в ожидаемом формате
2025-10-30 21:34:41,453 - INFO - [получить_кафе_в_районе] - Завершение сбора для района Академический. Найдено кафе: 38
2025-10-30 21:34:41,455 - INFO - [<cell line: 0>] - Район 'Академический' завершен. Кафе: 38
2025-10-30 21:34:42,456 - INFO - [<cell line: 0>] - [2/132] Обработка района: Алексеевский
2025-10-30 21:34:42,457 - INFO - [получить_кафе_в_районе] - Начало сбора кафе для района: Алексеевский (ID: 4504209512726568)
2025-10-30 21:34:42,458 - DEBUG - [получить_кафе_в_районе] - Запрос страницы 1 для района Алексеевский
2025-10-30 21:34:42,460 - DEBUG - [_new_conn] - Starting new HTTPS connection (1): catalog.api.2gis.com:443
2025-10-30 21:34:42,861 - DEBUG - [_make_request] - https://catalog.api.2gis.com:443 "GET /3.0/items?key=50e21a4a-6241-4f9a-aff6-0b7a942be2b7&q=%D0%BA%D0%B0%D1%84%D0%B5&district_id=4504209512726568&type=branch&page=1&page_size=10&fields=items.point%2Citems.name%2Citems.address_name%2Citems.reviews HTTP/1.1" 200 None
2025-10-30 21:34:42,862 - DEBUG - [получить_кафе_в_районе] - Статус ответа: 200
2025-10-30 21:34:42,863 - INFO - [получить_кафе_в_районе] - Загружено 10 кафе со страницы 1
2025-10-30 21:34:43,364 - DEBUG - [получить_кафе_в_районе] - Запрос страницы 2 для района Алексеевский
2025-10-30 21:34:43,366 - DEBUG - [_new_conn] - Starting new HTTPS connection (1): catalog.api.2gis.com:443
2025-10-30 21:34:43,755 - DEBUG - [_make_request] - https://catalog.api.2gis.com:443 "GET /3.0/items?key=50e21a4a-6241-4f9a-aff6-0b7a942be2b7&q=%D0%BA%D0%B0%D1%84%D0%B5&district_id=4504209512726568&type=branch&page=2&page_size=10&fields=items.point%2Citems.name%2Citems.address_name%2Citems.reviews HTTP/1.1" 200 None
2025-10-30 21:34:43,756 - DEBUG - [получить_кафе_в_районе] - Статус ответа: 200
2025-10-30 21:34:43,757 - INFO - [получить_кафе_в_районе] - Загружено 10 кафе со страницы 2
2025-10-30 21:34:44,258 - DEBUG - [получить_кафе_в_районе] - Запрос страницы 3 для района Алексеевский
2025-10-30 21:34:44,259 - DEBUG - [_new_conn] - Starting new HTTPS connection (1): catalog.api.2gis.com:443
2025-10-30 21:34:44,647 - DEBUG - [_make_request] - https://catalog.api.2gis.com:443 "GET /3.0/items?key=50e21a4a-6241-4f9a-aff6-0b7a942be2b7&q=%D0%BA%D0%B0%D1%84%D0%B5&district_id=4504209512726568&type=branch&page=3&page_size=10&fields=items.point%2Citems.name%2Citems.address_name%2Citems.reviews HTTP/1.1" 200 None
2025-10-30 21:34:44,649 - DEBUG - [получить_кафе_в_районе] - Статус ответа: 200
2025-10-30 21:34:44,649 - INFO - [получить_кафе_в_районе] - Загружено 10 кафе со страницы 3
2025-10-30 21:34:45,150 - DEBUG - [получить_кафе_в_районе] - Запрос страницы 4 для района Алексеевский
2025-10-30 21:34:45,151 - DEBUG - [_new_conn] - Starting new HTTPS connection (1): catalog.api.2gis.com:443
2025-10-30 21:34:45,560 - DEBUG - [_make_request] - https://catalog.api.2gis.com:443 "GET /3.0/items?key=50e21a4a-6241-4f9a-aff6-0b7a942be2b7&q=%D0%BA%D0%B0%D1%84%D0%B5&district_id=4504209512726568&type=branch&page=4&page_size=10&fields=items.point%2Citems.name%2Citems.address_name%2Citems.reviews HTTP/1.1" 200 None
2025-10-30 21:34:45,562 - DEBUG - [получить_кафе_в_районе] - Статус ответа: 200
2025-10-30 21:34:45,562 - INFO - [получить_кафе_в_районе] - Загружено 10 кафе со страницы 4
2025-10-30 21:34:46,063 - DEBUG - [получить_кафе_в_районе] - Запрос страницы 5 для района Алексеевский
2025-10-30 21:34:46,064 - DEBUG - [_new_conn] - Starting new HTTPS connection (1): catalog.api.2gis.com:443
2025-10-30 21:34:46,469 - DEBUG - [_make_request] - https://catalog.api.2gis.com:443 "GET /3.0/items?key=50e21a4a-6241-4f9a-aff6-0b7a942be2b7&q=%D0%BA%D0%B0%D1%84%D0%B5&district_id=4504209512726568&type=branch&page=5&page_size=10&fields=items.point%2Citems.name%2Citems.address_name%2Citems.reviews HTTP/1.1" 200 None
2025-10-30 21:34:46,470 - DEBUG - [получить_кафе_в_районе] - Статус ответа: 200
2025-10-30 21:34:46,470 - INFO - [получить_кафе_в_районе] - Загружено 4 кафе со страницы 5
2025-10-30 21:34:46,471 - INFO - [получить_кафе_в_районе] - Завершение сбора для района Алексеевский. Найдено кафе: 44
2025-10-30 21:34:46,472 - INFO - [<cell line: 0>] - Район 'Алексеевский' завершен. Кафе: 44
2025-10-30 21:34:47,474 - INFO - [<cell line: 0>] - [3/132] Обработка района: Алтуфьевский
2025-10-30 21:34:47,475 - INFO - [получить_кафе_в_районе] - Начало сбора кафе для района: Алтуфьевский (ID: 4504209512726557)
2025-10-30 21:34:47,477 - DEBUG - [получить_кафе_в_районе] - Запрос страницы 1 для района Алтуфьевский
2025-10-30 21:34:47,479 - DEBUG - [_new_conn] - Starting new HTTPS connection (1): catalog.api.2gis.com:443
2025-10-30 21:34:47,866 - DEBUG - [_make_request] - https://catalog.api.2gis.com:443 "GET /3.0/items?key=50e21a4a-6241-4f9a-aff6-0b7a942be2b7&q=%D0%BA%D0%B0%D1%84%D0%B5&district_id=4504209512726557&type=branch&page=1&page_size=10&fields=items.point%2Citems.name%2Citems.address_name%2Citems.reviews HTTP/1.1" 200 None
2025-10-30 21:34:47,867 - DEBUG - [получить_кафе_в_районе] - Статус ответа: 200
2025-10-30 21:34:47,867 - INFO - [получить_кафе_в_районе] - Загружено 5 кафе со страницы 1
2025-10-30 21:34:48,368 - DEBUG - [получить_кафе_в_районе] - Запрос страницы 2 для района Алтуфьевский
2025-10-30 21:34:48,369 - DEBUG - [_new_conn] - Starting new HTTPS connection (1): catalog.api.2gis.com:443
2025-10-30 21:34:48,755 - DEBUG - [_make_request] - https://catalog.api.2gis.com:443 "GET /3.0/items?key=50e21a4a-6241-4f9a-aff6-0b7a942be2b7&q=%D0%BA%D0%B0%D1%84%D0%B5&district_id=4504209512726557&type=branch&page=2&page_size=10&fields=items.point%2Citems.name%2Citems.address_name%2Citems.reviews HTTP/1.1" 200 133
2025-10-30 21:34:48,756 - DEBUG - [получить_кафе_в_районе] - Статус ответа: 200
2025-10-30 21:34:48,756 - WARNING - [получить_кафе_в_районе] - На странице 2 нет данных в ожидаемом формате
2025-10-30 21:34:49,257 - DEBUG - [получить_кафе_в_районе] - Запрос страницы 3 для района Алтуфьевский
2025-10-30 21:34:49,259 - DEBUG - [_new_conn] - Starting new HTTPS connection (1): catalog.api.2gis.com:443
2025-10-30 21:34:49,635 - DEBUG - [_make_request] - https://catalog.api.2gis.com:443 "GET /3.0/items?key=50e21a4a-6241-4f9a-aff6-0b7a942be2b7&q=%D0%BA%D0%B0%D1%84%D0%B5&district_id=4504209512726557&type=branch&page=3&page_size=10&fields=items.point%2Citems.name%2Citems.address_name%2Citems.reviews HTTP/1.1" 200 133
2025-10-30 21:34:49,636 - DEBUG - [получить_кафе_в_районе] - Статус ответа: 200
2025-10-30 21:34:49,636 - WARNING - [получить_кафе_в_районе] - На странице 3 нет данных в ожидаемом формате
2025-10-30 21:34:50,137 - DEBUG - [получить_кафе_в_районе] - Запрос страницы 4 для района Алтуфьевский
2025-10-30 21:34:50,138 - DEBUG - [_new_conn] - Starting new HTTPS connection (1): catalog.api.2gis.com:443
2025-10-30 21:34:50,529 - DEBUG - [_make_request] - https://catalog.api.2gis.com:443 "GET /3.0/items?key=50e21a4a-6241-4f9a-aff6-0b7a942be2b7&q=%D0%BA%D0%B0%D1%84%D0%B5&district_id=4504209512726557&type=branch&page=4&page_size=10&fields=items.point%2Citems.name%2Citems.address_name%2Citems.reviews HTTP/1.1" 200 133
2025-10-30 21:34:50,530 - DEBUG - [получить_кафе_в_районе] - Статус ответа: 200
2025-10-30 21:34:50,530 - WARNING - [получить_кафе_в_районе] - На странице 4 нет данных в ожидаемом формате
2025-10-30 21:34:51,031 - DEBUG - [получить_кафе_в_районе] - Запрос страницы 5 для района Алтуфьевский
2025-10-30 21:34:51,033 - DEBUG - [_new_conn] - Starting new HTTPS connection (1): catalog.api.2gis.com:443
2025-10-30 21:34:51,418 - DEBUG - [_make_request] - https://catalog.api.2gis.com:443 "GET /3.0/items?key=50e21a4a-6241-4f9a-aff6-0b7a942be2b7&q=%D0%BA%D0%B0%D1%84%D0%B5&district_id=4504209512726557&type=branch&page=5&page_size=10&fields=items.point%2Citems.name%2Citems.address_name%2Citems.reviews HTTP/1.1" 200 133
2025-10-30 21:34:51,419 - DEBUG - [получить_кафе_в_районе] - Статус ответа: 200
2025-10-30 21:34:51,419 - WARNING - [получить_кафе_в_районе] - На странице 5 нет данных в ожидаемом формате
2025-10-30 21:34:51,420 - INFO - [получить_кафе_в_районе] - Завершение сбора для района Алтуфьевский. Найдено кафе: 5
2025-10-30 21:34:51,421 - INFO - [<cell line: 0>] - Район 'Алтуфьевский' завершен. Кафе: 5
2025-10-30 21:34:52,423 - INFO - [<cell line: 0>] - [4/132] Обработка района: Арбат
2025-10-30 21:34:52,423 - INFO - [получить_кафе_в_районе] - Начало сбора кафе для района: Арбат (ID: 4504209512726530)
2025-10-30 21:34:52,426 - DEBUG - [получить_кафе_в_районе] - Запрос страницы 1 для района Арбат
2025-10-30 21:34:52,428 - DEBUG - [_new_conn] - Starting new HTTPS connection (1): catalog.api.2gis.com:443
2025-10-30 21:34:52,839 - DEBUG - [_make_request] - https://catalog.api.2gis.com:443 "GET /3.0/items?key=50e21a4a-6241-4f9a-aff6-0b7a942be2b7&q=%D0%BA%D0%B0%D1%84%D0%B5&district_id=4504209512726530&type=branch&page=1&page_size=10&fields=items.point%2Citems.name%2Citems.address_name%2Citems.reviews HTTP/1.1" 200 None
2025-10-30 21:34:52,840 - DEBUG - [получить_кафе_в_районе] - Статус ответа: 200
2025-10-30 21:34:52,840 - INFO - [получить_кафе_в_районе] - Загружено 10 кафе со страницы 1
2025-10-30 21:34:53,341 - DEBUG - [получить_кафе_в_районе] - Запрос страницы 2 для района Арбат
2025-10-30 21:34:53,342 - DEBUG - [_new_conn] - Starting new HTTPS connection (1): catalog.api.2gis.com:443
2025-10-30 21:34:53,729 - DEBUG - [_make_request] - https://catalog.api.2gis.com:443 "GET /3.0/items?key=50e21a4a-6241-4f9a-aff6-0b7a942be2b7&q=%D0%BA%D0%B0%D1%84%D0%B5&district_id=4504209512726530&type=branch&page=2&page_size=10&fields=items.point%2Citems.name%2Citems.address_name%2Citems.reviews HTTP/1.1" 200 None
2025-10-30 21:34:53,730 - DEBUG - [получить_кафе_в_районе] - Статус ответа: 200
2025-10-30 21:34:53,731 - INFO - [получить_кафе_в_районе] - Загружено 10 кафе со страницы 2
2025-10-30 21:34:54,231 - DEBUG - [получить_кафе_в_районе] - Запрос страницы 3 для района Арбат
2025-10-30 21:34:54,234 - DEBUG - [_new_conn] - Starting new HTTPS connection (1): catalog.api.2gis.com:443
2025-10-30 21:34:54,637 - DEBUG - [_make_request] - https://catalog.api.2gis.com:443 "GET /3.0/items?key=50e21a4a-6241-4f9a-aff6-0b7a942be2b7&q=%D0%BA%D0%B0%D1%84%D0%B5&district_id=4504209512726530&type=branch&page=3&page_size=10&fields=items.point%2Citems.name%2Citems.address_name%2Citems.reviews HTTP/1.1" 200 None
2025-10-30 21:34:54,638 - DEBUG - [получить_кафе_в_районе] - Статус ответа: 200
2025-10-30 21:34:54,639 - INFO - [получить_кафе_в_районе] - Загружено 10 кафе со страницы 3
2025-10-30 21:34:55,140 - DEBUG - [получить_кафе_в_районе] - Запрос страницы 4 для района Арбат
2025-10-30 21:34:55,143 - DEBUG - [_new_conn] - Starting new HTTPS connection (1): catalog.api.2gis.com:443
2025-10-30 21:34:55,547 - DEBUG - [_make_request] - https://catalog.api.2gis.com:443 "GET /3.0/items?key=50e21a4a-6241-4f9a-aff6-0b7a942be2b7&q=%D0%BA%D0%B0%D1%84%D0%B5&district_id=4504209512726530&type=branch&page=4&page_size=10&fields=items.point%2Citems.name%2Citems.address_name%2Citems.reviews HTTP/1.1" 200 None
2025-10-30 21:34:55,548 - DEBUG - [получить_кафе_в_районе] - Статус ответа: 200
2025-10-30 21:34:55,548 - INFO - [получить_кафе_в_районе] - Загружено 10 кафе со страницы 4
2025-10-30 21:34:56,049 - DEBUG - [получить_кафе_в_районе] - Запрос страницы 5 для района Арбат
2025-10-30 21:34:56,050 - DEBUG - [_new_conn] - Starting new HTTPS connection (1): catalog.api.2gis.com:443
2025-10-30 21:34:56,464 - DEBUG - [_make_request] - https://catalog.api.2gis.com:443 "GET /3.0/items?key=50e21a4a-6241-4f9a-aff6-0b7a942be2b7&q=%D0%BA%D0%B0%D1%84%D0%B5&district_id=4504209512726530&type=branch&page=5&page_size=10&fields=items.point%2Citems.name%2Citems.address_name%2Citems.reviews HTTP/1.1" 200 None
2025-10-30 21:34:56,465 - DEBUG - [получить_кафе_в_районе] - Статус ответа: 200
2025-10-30 21:34:56,465 - INFO - [получить_кафе_в_районе] - Загружено 10 кафе со страницы 5
2025-10-30 21:34:56,466 - INFO - [получить_кафе_в_районе] - Завершение сбора для района Арбат. Найдено кафе: 50
2025-10-30 21:34:56,467 - INFO - [<cell line: 0>] - Район 'Арбат' завершен. Кафе: 50
2025-10-30 21:34:57,468 - INFO - [<cell line: 0>] - [5/132] Обработка района: Аэропорт
2025-10-30 21:34:57,469 - INFO - [получить_кафе_в_районе] - Начало сбора кафе для района: Аэропорт (ID: 4504209512726541)
2025-10-30 21:34:57,470 - DEBUG - [получить_кафе_в_районе] - Запрос страницы 1 для района Аэропорт
2025-10-30 21:34:57,472 - DEBUG - [_new_conn] - Starting new HTTPS connection (1): catalog.api.2gis.com:443
2025-10-30 21:34:57,856 - DEBUG - [_make_request] - https://catalog.api.2gis.com:443 "GET /3.0/items?key=50e21a4a-6241-4f9a-aff6-0b7a942be2b7&q=%D0%BA%D0%B0%D1%84%D0%B5&district_id=4504209512726541&type=branch&page=1&page_size=10&fields=items.point%2Citems.name%2Citems.address_name%2Citems.reviews HTTP/1.1" 200 None
2025-10-30 21:34:57,857 - DEBUG - [получить_кафе_в_районе] - Статус ответа: 200
2025-10-30 21:34:57,858 - INFO - [получить_кафе_в_районе] - Загружено 10 кафе со страницы 1
2025-10-30 21:34:58,359 - DEBUG - [получить_кафе_в_районе] - Запрос страницы 2 для района Аэропорт
2025-10-30 21:34:58,360 - DEBUG - [_new_conn] - Starting new HTTPS connection (1): catalog.api.2gis.com:443
2025-10-30 21:34:58,745 - DEBUG - [_make_request] - https://catalog.api.2gis.com:443 "GET /3.0/items?key=50e21a4a-6241-4f9a-aff6-0b7a942be2b7&q=%D0%BA%D0%B0%D1%84%D0%B5&district_id=4504209512726541&type=branch&page=2&page_size=10&fields=items.point%2Citems.name%2Citems.address_name%2Citems.reviews HTTP/1.1" 200 None
2025-10-30 21:34:58,746 - DEBUG - [получить_кафе_в_районе] - Статус ответа: 200
2025-10-30 21:34:58,746 - INFO - [получить_кафе_в_районе] - Загружено 10 кафе со страницы 2
2025-10-30 21:34:59,247 - DEBUG - [получить_кафе_в_районе] - Запрос страницы 3 для района Аэропорт
2025-10-30 21:34:59,248 - DEBUG - [_new_conn] - Starting new HTTPS connection (1): catalog.api.2gis.com:443
2025-10-30 21:34:59,632 - DEBUG - [_make_request] - https://catalog.api.2gis.com:443 "GET /3.0/items?key=50e21a4a-6241-4f9a-aff6-0b7a942be2b7&q=%D0%BA%D0%B0%D1%84%D0%B5&district_id=4504209512726541&type=branch&page=3&page_size=10&fields=items.point%2Citems.name%2Citems.address_name%2Citems.reviews HTTP/1.1" 200 None
2025-10-30 21:34:59,633 - DEBUG - [получить_кафе_в_районе] - Статус ответа: 200
2025-10-30 21:34:59,633 - INFO - [получить_кафе_в_районе] - Загружено 10 кафе со страницы 3
2025-10-30 21:35:00,134 - DEBUG - [получить_кафе_в_районе] - Запрос страницы 4 для района Аэропорт
2025-10-30 21:35:00,135 - DEBUG - [_new_conn] - Starting new HTTPS connection (1): catalog.api.2gis.com:443
2025-10-30 21:35:00,540 - DEBUG - [_make_request] - https://catalog.api.2gis.com:443 "GET /3.0/items?key=50e21a4a-6241-4f9a-aff6-0b7a942be2b7&q=%D0%BA%D0%B0%D1%84%D0%B5&district_id=4504209512726541&type=branch&page=4&page_size=10&fields=items.point%2Citems.name%2Citems.address_name%2Citems.reviews HTTP/1.1" 200 None
2025-10-30 21:35:00,541 - DEBUG - [получить_кафе_в_районе] - Статус ответа: 200
2025-10-30 21:35:00,541 - INFO - [получить_кафе_в_районе] - Загружено 10 кафе со страницы 4
2025-10-30 21:35:01,042 - DEBUG - [получить_кафе_в_районе] - Запрос страницы 5 для района Аэропорт
2025-10-30 21:35:01,043 - DEBUG - [_new_conn] - Starting new HTTPS connection (1): catalog.api.2gis.com:443
2025-10-30 21:35:01,431 - DEBUG - [_make_request] - https://catalog.api.2gis.com:443 "GET /3.0/items?key=50e21a4a-6241-4f9a-aff6-0b7a942be2b7&q=%D0%BA%D0%B0%D1%84%D0%B5&district_id=4504209512726541&type=branch&page=5&page_size=10&fields=items.point%2Citems.name%2Citems.address_name%2Citems.reviews HTTP/1.1" 200 None
2025-10-30 21:35:01,432 - DEBUG - [получить_кафе_в_районе] - Статус ответа: 200
2025-10-30 21:35:01,433 - INFO - [получить_кафе_в_районе] - Загружено 10 кафе со страницы 5
2025-10-30 21:35:01,433 - INFO - [получить_кафе_в_районе] - Завершение сбора для района Аэропорт. Найдено кафе: 50
2025-10-30 21:35:01,434 - INFO - [<cell line: 0>] - Район 'Аэропорт' завершен. Кафе: 50
2025-10-30 21:35:02,436 - INFO - [<cell line: 0>] - [6/132] Обработка района: Бабушкинский
2025-10-30 21:35:02,437 - INFO - [получить_кафе_в_районе] - Начало сбора кафе для района: Бабушкинский (ID: 4504209512726564)
2025-10-30 21:35:02,438 - DEBUG - [получить_кафе_в_районе] - Запрос страницы 1 для района Бабушкинский
2025-10-30 21:35:02,439 - DEBUG - [_new_conn] - Starting new HTTPS connection (1): catalog.api.2gis.com:443
2025-10-30 21:35:02,832 - DEBUG - [_make_request] - https://catalog.api.2gis.com:443 "GET /3.0/items?key=50e21a4a-6241-4f9a-aff6-0b7a942be2b7&q=%D0%BA%D0%B0%D1%84%D0%B5&district_id=4504209512726564&type=branch&page=1&page_size=10&fields=items.point%2Citems.name%2Citems.address_name%2Citems.reviews HTTP/1.1" 200 None
2025-10-30 21:35:02,833 - DEBUG - [получить_кафе_в_районе] - Статус ответа: 200
2025-10-30 21:35:02,833 - INFO - [получить_кафе_в_районе] - Загружено 10 кафе со страницы 1
2025-10-30 21:35:03,334 - DEBUG - [получить_кафе_в_районе] - Запрос страницы 2 для района Бабушкинский
2025-10-30 21:35:03,335 - DEBUG - [_new_conn] - Starting new HTTPS connection (1): catalog.api.2gis.com:443
2025-10-30 21:35:03,727 - DEBUG - [_make_request] - https://catalog.api.2gis.com:443 "GET /3.0/items?key=50e21a4a-6241-4f9a-aff6-0b7a942be2b7&q=%D0%BA%D0%B0%D1%84%D0%B5&district_id=4504209512726564&type=branch&page=2&page_size=10&fields=items.point%2Citems.name%2Citems.address_name%2Citems.reviews HTTP/1.1" 200 None
2025-10-30 21:35:03,728 - DEBUG - [получить_кафе_в_районе] - Статус ответа: 200
2025-10-30 21:35:03,728 - INFO - [получить_кафе_в_районе] - Загружено 6 кафе со страницы 2
2025-10-30 21:35:04,229 - DEBUG - [получить_кафе_в_районе] - Запрос страницы 3 для района Бабушкинский
2025-10-30 21:35:04,230 - DEBUG - [_new_conn] - Starting new HTTPS connection (1): catalog.api.2gis.com:443
2025-10-30 21:35:04,614 - DEBUG - [_make_request] - https://catalog.api.2gis.com:443 "GET /3.0/items?key=50e21a4a-6241-4f9a-aff6-0b7a942be2b7&q=%D0%BA%D0%B0%D1%84%D0%B5&district_id=4504209512726564&type=branch&page=3&page_size=10&fields=items.point%2Citems.name%2Citems.address_name%2Citems.reviews HTTP/1.1" 200 133
2025-10-30 21:35:04,615 - DEBUG - [получить_кафе_в_районе] - Статус ответа: 200
2025-10-30 21:35:04,615 - WARNING - [получить_кафе_в_районе] - На странице 3 нет данных в ожидаемом формате
2025-10-30 21:35:05,116 - DEBUG - [получить_кафе_в_районе] - Запрос страницы 4 для района Бабушкинский
2025-10-30 21:35:05,117 - DEBUG - [_new_conn] - Starting new HTTPS connection (1): catalog.api.2gis.com:443
2025-10-30 21:35:05,496 - DEBUG - [_make_request] - https://catalog.api.2gis.com:443 "GET /3.0/items?key=50e21a4a-6241-4f9a-aff6-0b7a942be2b7&q=%D0%BA%D0%B0%D1%84%D0%B5&district_id=4504209512726564&type=branch&page=4&page_size=10&fields=items.point%2Citems.name%2Citems.address_name%2Citems.reviews HTTP/1.1" 200 133
2025-10-30 21:35:05,497 - DEBUG - [получить_кафе_в_районе] - Статус ответа: 200
2025-10-30 21:35:05,497 - WARNING - [получить_кафе_в_районе] - На странице 4 нет данных в ожидаемом формате
2025-10-30 21:35:05,998 - DEBUG - [получить_кафе_в_районе] - Запрос страницы 5 для района Бабушкинский
2025-10-30 21:35:06,000 - DEBUG - [_new_conn] - Starting new HTTPS connection (1): catalog.api.2gis.com:443
2025-10-30 21:35:06,386 - DEBUG - [_make_request] - https://catalog.api.2gis.com:443 "GET /3.0/items?key=50e21a4a-6241-4f9a-aff6-0b7a942be2b7&q=%D0%BA%D0%B0%D1%84%D0%B5&district_id=4504209512726564&type=branch&page=5&page_size=10&fields=items.point%2Citems.name%2Citems.address_name%2Citems.reviews HTTP/1.1" 200 133
2025-10-30 21:35:06,388 - DEBUG - [получить_кафе_в_районе] - Статус ответа: 200
2025-10-30 21:35:06,388 - WARNING - [получить_кафе_в_районе] - На странице 5 нет данных в ожидаемом формате
2025-10-30 21:35:06,388 - INFO - [получить_кафе_в_районе] - Завершение сбора для района Бабушкинский. Найдено кафе: 16
2025-10-30 21:35:06,390 - INFO - [<cell line: 0>] - Район 'Бабушкинский' завершен. Кафе: 16
2025-10-30 21:35:07,392 - INFO - [<cell line: 0>] - [7/132] Обработка района: Басманный
2025-10-30 21:35:07,393 - INFO - [получить_кафе_в_районе] - Начало сбора кафе для района: Басманный (ID: 4504209512726531)
2025-10-30 21:35:07,394 - DEBUG - [получить_кафе_в_районе] - Запрос страницы 1 для района Басманный
2025-10-30 21:35:07,396 - DEBUG - [_new_conn] - Starting new HTTPS connection (1): catalog.api.2gis.com:443
2025-10-30 21:35:07,881 - DEBUG - [_make_request] - https://catalog.api.2gis.com:443 "GET /3.0/items?key=50e21a4a-6241-4f9a-aff6-0b7a942be2b7&q=%D0%BA%D0%B0%D1%84%D0%B5&district_id=4504209512726531&type=branch&page=1&page_size=10&fields=items.point%2Citems.name%2Citems.address_name%2Citems.reviews HTTP/1.1" 200 None
2025-10-30 21:35:07,882 - DEBUG - [получить_кафе_в_районе] - Статус ответа: 200
2025-10-30 21:35:07,882 - INFO - [получить_кафе_в_районе] - Загружено 10 кафе со страницы 1
2025-10-30 21:35:08,383 - DEBUG - [получить_кафе_в_районе] - Запрос страницы 2 для района Басманный
2025-10-30 21:35:08,384 - DEBUG - [_new_conn] - Starting new HTTPS connection (1): catalog.api.2gis.com:443
2025-10-30 21:35:08,913 - DEBUG - [_make_request] - https://catalog.api.2gis.com:443 "GET /3.0/items?key=50e21a4a-6241-4f9a-aff6-0b7a942be2b7&q=%D0%BA%D0%B0%D1%84%D0%B5&district_id=4504209512726531&type=branch&page=2&page_size=10&fields=items.point%2Citems.name%2Citems.address_name%2Citems.reviews HTTP/1.1" 200 None
2025-10-30 21:35:08,914 - DEBUG - [получить_кафе_в_районе] - Статус ответа: 200
2025-10-30 21:35:08,914 - INFO - [получить_кафе_в_районе] - Загружено 10 кафе со страницы 2
2025-10-30 21:35:09,415 - DEBUG - [получить_кафе_в_районе] - Запрос страницы 3 для района Басманный
2025-10-30 21:35:09,417 - DEBUG - [_new_conn] - Starting new HTTPS connection (1): catalog.api.2gis.com:443
2025-10-30 21:35:09,846 - DEBUG - [_make_request] - https://catalog.api.2gis.com:443 "GET /3.0/items?key=50e21a4a-6241-4f9a-aff6-0b7a942be2b7&q=%D0%BA%D0%B0%D1%84%D0%B5&district_id=4504209512726531&type=branch&page=3&page_size=10&fields=items.point%2Citems.name%2Citems.address_name%2Citems.reviews HTTP/1.1" 200 None
2025-10-30 21:35:09,847 - DEBUG - [получить_кафе_в_районе] - Статус ответа: 200
2025-10-30 21:35:09,847 - INFO - [получить_кафе_в_районе] - Загружено 10 кафе со страницы 3
2025-10-30 21:35:10,348 - DEBUG - [получить_кафе_в_районе] - Запрос страницы 4 для района Басманный
2025-10-30 21:35:10,349 - DEBUG - [_new_conn] - Starting new HTTPS connection (1): catalog.api.2gis.com:443
2025-10-30 21:35:10,763 - DEBUG - [_make_request] - https://catalog.api.2gis.com:443 "GET /3.0/items?key=50e21a4a-6241-4f9a-aff6-0b7a942be2b7&q=%D0%BA%D0%B0%D1%84%D0%B5&district_id=4504209512726531&type=branch&page=4&page_size=10&fields=items.point%2Citems.name%2Citems.address_name%2Citems.reviews HTTP/1.1" 200 None
2025-10-30 21:35:10,764 - DEBUG - [получить_кафе_в_районе] - Статус ответа: 200
2025-10-30 21:35:10,765 - INFO - [получить_кафе_в_районе] - Загружено 10 кафе со страницы 4
2025-10-30 21:35:11,266 - DEBUG - [получить_кафе_в_районе] - Запрос страницы 5 для района Басманный
2025-10-30 21:35:11,267 - DEBUG - [_new_conn] - Starting new HTTPS connection (1): catalog.api.2gis.com:443
2025-10-30 21:35:11,694 - DEBUG - [_make_request] - https://catalog.api.2gis.com:443 "GET /3.0/items?key=50e21a4a-6241-4f9a-aff6-0b7a942be2b7&q=%D0%BA%D0%B0%D1%84%D0%B5&district_id=4504209512726531&type=branch&page=5&page_size=10&fields=items.point%2Citems.name%2Citems.address_name%2Citems.reviews HTTP/1.1" 200 None
2025-10-30 21:35:11,695 - DEBUG - [получить_кафе_в_районе] - Статус ответа: 200
2025-10-30 21:35:11,695 - INFO - [получить_кафе_в_районе] - Загружено 10 кафе со страницы 5
2025-10-30 21:35:11,696 - INFO - [получить_кафе_в_районе] - Завершение сбора для района Басманный. Найдено кафе: 50
2025-10-30 21:35:11,699 - INFO - [<cell line: 0>] - Район 'Басманный' завершен. Кафе: 50
2025-10-30 21:35:12,700 - INFO - [<cell line: 0>] - [8/132] Обработка района: Беговой
2025-10-30 21:35:12,700 - INFO - [получить_кафе_в_районе] - Начало сбора кафе для района: Беговой (ID: 4504209512726542)
2025-10-30 21:35:12,701 - DEBUG - [получить_кафе_в_районе] - Запрос страницы 1 для района Беговой
2025-10-30 21:35:12,703 - DEBUG - [_new_conn] - Starting new HTTPS connection (1): catalog.api.2gis.com:443
2025-10-30 21:35:13,103 - DEBUG - [_make_request] - https://catalog.api.2gis.com:443 "GET /3.0/items?key=50e21a4a-6241-4f9a-aff6-0b7a942be2b7&q=%D0%BA%D0%B0%D1%84%D0%B5&district_id=4504209512726542&type=branch&page=1&page_size=10&fields=items.point%2Citems.name%2Citems.address_name%2Citems.reviews HTTP/1.1" 200 None
2025-10-30 21:35:13,104 - DEBUG - [получить_кафе_в_районе] - Статус ответа: 200
2025-10-30 21:35:13,104 - INFO - [получить_кафе_в_районе] - Загружено 10 кафе со страницы 1
2025-10-30 21:35:13,605 - DEBUG - [получить_кафе_в_районе] - Запрос страницы 2 для района Беговой
2025-10-30 21:35:13,607 - DEBUG - [_new_conn] - Starting new HTTPS connection (1): catalog.api.2gis.com:443
2025-10-30 21:35:13,992 - DEBUG - [_make_request] - https://catalog.api.2gis.com:443 "GET /3.0/items?key=50e21a4a-6241-4f9a-aff6-0b7a942be2b7&q=%D0%BA%D0%B0%D1%84%D0%B5&district_id=4504209512726542&type=branch&page=2&page_size=10&fields=items.point%2Citems.name%2Citems.address_name%2Citems.reviews HTTP/1.1" 200 None
2025-10-30 21:35:13,993 - DEBUG - [получить_кафе_в_районе] - Статус ответа: 200
2025-10-30 21:35:13,993 - INFO - [получить_кафе_в_районе] - Загружено 10 кафе со страницы 2
2025-10-30 21:35:14,495 - DEBUG - [получить_кафе_в_районе] - Запрос страницы 3 для района Беговой
2025-10-30 21:35:14,496 - DEBUG - [_new_conn] - Starting new HTTPS connection (1): catalog.api.2gis.com:443
2025-10-30 21:35:14,897 - DEBUG - [_make_request] - https://catalog.api.2gis.com:443 "GET /3.0/items?key=50e21a4a-6241-4f9a-aff6-0b7a942be2b7&q=%D0%BA%D0%B0%D1%84%D0%B5&district_id=4504209512726542&type=branch&page=3&page_size=10&fields=items.point%2Citems.name%2Citems.address_name%2Citems.reviews HTTP/1.1" 200 None
2025-10-30 21:35:14,898 - DEBUG - [получить_кафе_в_районе] - Статус ответа: 200
2025-10-30 21:35:14,898 - INFO - [получить_кафе_в_районе] - Загружено 10 кафе со страницы 3
2025-10-30 21:35:15,399 - DEBUG - [получить_кафе_в_районе] - Запрос страницы 4 для района Беговой
2025-10-30 21:35:15,401 - DEBUG - [_new_conn] - Starting new HTTPS connection (1): catalog.api.2gis.com:443
2025-10-30 21:35:15,785 - DEBUG - [_make_request] - https://catalog.api.2gis.com:443 "GET /3.0/items?key=50e21a4a-6241-4f9a-aff6-0b7a942be2b7&q=%D0%BA%D0%B0%D1%84%D0%B5&district_id=4504209512726542&type=branch&page=4&page_size=10&fields=items.point%2Citems.name%2Citems.address_name%2Citems.reviews HTTP/1.1" 200 None
2025-10-30 21:35:15,786 - DEBUG - [получить_кафе_в_районе] - Статус ответа: 200
2025-10-30 21:35:15,786 - INFO - [получить_кафе_в_районе] - Загружено 4 кафе со страницы 4
2025-10-30 21:35:16,287 - DEBUG - [получить_кафе_в_районе] - Запрос страницы 5 для района Беговой
2025-10-30 21:35:16,288 - DEBUG - [_new_conn] - Starting new HTTPS connection (1): catalog.api.2gis.com:443
2025-10-30 21:35:16,665 - DEBUG - [_make_request] - https://catalog.api.2gis.com:443 "GET /3.0/items?key=50e21a4a-6241-4f9a-aff6-0b7a942be2b7&q=%D0%BA%D0%B0%D1%84%D0%B5&district_id=4504209512726542&type=branch&page=5&page_size=10&fields=items.point%2Citems.name%2Citems.address_name%2Citems.reviews HTTP/1.1" 200 133
2025-10-30 21:35:16,666 - DEBUG - [получить_кафе_в_районе] - Статус ответа: 200
2025-10-30 21:35:16,666 - WARNING - [получить_кафе_в_районе] - На странице 5 нет данных в ожидаемом формате
2025-10-30 21:35:16,667 - INFO - [получить_кафе_в_районе] - Завершение сбора для района Беговой. Найдено кафе: 34
2025-10-30 21:35:16,669 - INFO - [<cell line: 0>] - Район 'Беговой' завершен. Кафе: 34
2025-10-30 21:35:17,670 - INFO - [<cell line: 0>] - [9/132] Обработка района: Бекасово
2025-10-30 21:35:17,671 - INFO - [получить_кафе_в_районе] - Начало сбора кафе для района: Бекасово (ID: 4504209520932718)
2025-10-30 21:35:17,673 - DEBUG - [получить_кафе_в_районе] - Запрос страницы 1 для района Бекасово
2025-10-30 21:35:17,674 - DEBUG - [_new_conn] - Starting new HTTPS connection (1): catalog.api.2gis.com:443
2025-10-30 21:35:18,060 - DEBUG - [_make_request] - https://catalog.api.2gis.com:443 "GET /3.0/items?key=50e21a4a-6241-4f9a-aff6-0b7a942be2b7&q=%D0%BA%D0%B0%D1%84%D0%B5&district_id=4504209520932718&type=branch&page=1&page_size=10&fields=items.point%2Citems.name%2Citems.address_name%2Citems.reviews HTTP/1.1" 200 None
2025-10-30 21:35:18,061 - DEBUG - [получить_кафе_в_районе] - Статус ответа: 200
2025-10-30 21:35:18,061 - INFO - [получить_кафе_в_районе] - Загружено 8 кафе со страницы 1
2025-10-30 21:35:18,562 - DEBUG - [получить_кафе_в_районе] - Запрос страницы 2 для района Бекасово
2025-10-30 21:35:18,564 - DEBUG - [_new_conn] - Starting new HTTPS connection (1): catalog.api.2gis.com:443
2025-10-30 21:35:18,945 - DEBUG - [_make_request] - https://catalog.api.2gis.com:443 "GET /3.0/items?key=50e21a4a-6241-4f9a-aff6-0b7a942be2b7&q=%D0%BA%D0%B0%D1%84%D0%B5&district_id=4504209520932718&type=branch&page=2&page_size=10&fields=items.point%2Citems.name%2Citems.address_name%2Citems.reviews HTTP/1.1" 200 133
2025-10-30 21:35:18,947 - DEBUG - [получить_кафе_в_районе] - Статус ответа: 200
2025-10-30 21:35:18,947 - WARNING - [получить_кафе_в_районе] - На странице 2 нет данных в ожидаемом формате
2025-10-30 21:35:19,448 - DEBUG - [получить_кафе_в_районе] - Запрос страницы 3 для района Бекасово
2025-10-30 21:35:19,450 - DEBUG - [_new_conn] - Starting new HTTPS connection (1): catalog.api.2gis.com:443
2025-10-30 21:35:19,826 - DEBUG - [_make_request] - https://catalog.api.2gis.com:443 "GET /3.0/items?key=50e21a4a-6241-4f9a-aff6-0b7a942be2b7&q=%D0%BA%D0%B0%D1%84%D0%B5&district_id=4504209520932718&type=branch&page=3&page_size=10&fields=items.point%2Citems.name%2Citems.address_name%2Citems.reviews HTTP/1.1" 200 133
2025-10-30 21:35:19,827 - DEBUG - [получить_кафе_в_районе] - Статус ответа: 200
2025-10-30 21:35:19,827 - WARNING - [получить_кафе_в_районе] - На странице 3 нет данных в ожидаемом формате
2025-10-30 21:35:20,328 - DEBUG - [получить_кафе_в_районе] - Запрос страницы 4 для района Бекасово
2025-10-30 21:35:20,329 - DEBUG - [_new_conn] - Starting new HTTPS connection (1): catalog.api.2gis.com:443
2025-10-30 21:35:20,710 - DEBUG - [_make_request] - https://catalog.api.2gis.com:443 "GET /3.0/items?key=50e21a4a-6241-4f9a-aff6-0b7a942be2b7&q=%D0%BA%D0%B0%D1%84%D0%B5&district_id=4504209520932718&type=branch&page=4&page_size=10&fields=items.point%2Citems.name%2Citems.address_name%2Citems.reviews HTTP/1.1" 200 133
2025-10-30 21:35:20,711 - DEBUG - [получить_кафе_в_районе] - Статус ответа: 200
2025-10-30 21:35:20,711 - WARNING - [получить_кафе_в_районе] - На странице 4 нет данных в ожидаемом формате
2025-10-30 21:35:21,211 - DEBUG - [получить_кафе_в_районе] - Запрос страницы 5 для района Бекасово
2025-10-30 21:35:21,213 - DEBUG - [_new_conn] - Starting new HTTPS connection (1): catalog.api.2gis.com:443
2025-10-30 21:35:21,603 - DEBUG - [_make_request] - https://catalog.api.2gis.com:443 "GET /3.0/items?key=50e21a4a-6241-4f9a-aff6-0b7a942be2b7&q=%D0%BA%D0%B0%D1%84%D0%B5&district_id=4504209520932718&type=branch&page=5&page_size=10&fields=items.point%2Citems.name%2Citems.address_name%2Citems.reviews HTTP/1.1" 200 133
2025-10-30 21:35:21,604 - DEBUG - [получить_кафе_в_районе] - Статус ответа: 200
2025-10-30 21:35:21,604 - WARNING - [получить_кафе_в_районе] - На странице 5 нет данных в ожидаемом формате
2025-10-30 21:35:21,605 - INFO - [получить_кафе_в_районе] - Завершение сбора для района Бекасово. Найдено кафе: 8
2025-10-30 21:35:21,606 - INFO - [<cell line: 0>] - Район 'Бекасово' завершен. Кафе: 8
2025-10-30 21:35:22,609 - INFO - [<cell line: 0>] - [10/132] Обработка района: Бескудниковский
2025-10-30 21:35:22,610 - INFO - [получить_кафе_в_районе] - Начало сбора кафе для района: Бескудниковский (ID: 4504209512726543)
2025-10-30 21:35:22,613 - DEBUG - [получить_кафе_в_районе] - Запрос страницы 1 для района Бескудниковский
2025-10-30 21:35:22,614 - DEBUG - [_new_conn] - Starting new HTTPS connection (1): catalog.api.2gis.com:443
2025-10-30 21:35:23,005 - DEBUG - [_make_request] - https://catalog.api.2gis.com:443 "GET /3.0/items?key=50e21a4a-6241-4f9a-aff6-0b7a942be2b7&q=%D0%BA%D0%B0%D1%84%D0%B5&district_id=4504209512726543&type=branch&page=1&page_size=10&fields=items.point%2Citems.name%2Citems.address_name%2Citems.reviews HTTP/1.1" 200 None
2025-10-30 21:35:23,006 - DEBUG - [получить_кафе_в_районе] - Статус ответа: 200
2025-10-30 21:35:23,006 - INFO - [получить_кафе_в_районе] - Загружено 10 кафе со страницы 1
2025-10-30 21:35:23,507 - DEBUG - [получить_кафе_в_районе] - Запрос страницы 2 для района Бескудниковский
2025-10-30 21:35:23,509 - DEBUG - [_new_conn] - Starting new HTTPS connection (1): catalog.api.2gis.com:443
2025-10-30 21:35:23,891 - DEBUG - [_make_request] - https://catalog.api.2gis.com:443 "GET /3.0/items?key=50e21a4a-6241-4f9a-aff6-0b7a942be2b7&q=%D0%BA%D0%B0%D1%84%D0%B5&district_id=4504209512726543&type=branch&page=2&page_size=10&fields=items.point%2Citems.name%2Citems.address_name%2Citems.reviews HTTP/1.1" 200 None
2025-10-30 21:35:23,892 - DEBUG - [получить_кафе_в_районе] - Статус ответа: 200
2025-10-30 21:35:23,892 - INFO - [получить_кафе_в_районе] - Загружено 2 кафе со страницы 2
2025-10-30 21:35:24,393 - DEBUG - [получить_кафе_в_районе] - Запрос страницы 3 для района Бескудниковский
2025-10-30 21:35:24,395 - DEBUG - [_new_conn] - Starting new HTTPS connection (1): catalog.api.2gis.com:443
2025-10-30 21:35:24,776 - DEBUG - [_make_request] - https://catalog.api.2gis.com:443 "GET /3.0/items?key=50e21a4a-6241-4f9a-aff6-0b7a942be2b7&q=%D0%BA%D0%B0%D1%84%D0%B5&district_id=4504209512726543&type=branch&page=3&page_size=10&fields=items.point%2Citems.name%2Citems.address_name%2Citems.reviews HTTP/1.1" 200 133
2025-10-30 21:35:24,777 - DEBUG - [получить_кафе_в_районе] - Статус ответа: 200
2025-10-30 21:35:24,777 - WARNING - [получить_кафе_в_районе] - На странице 3 нет данных в ожидаемом формате
2025-10-30 21:35:25,278 - DEBUG - [получить_кафе_в_районе] - Запрос страницы 4 для района Бескудниковский
2025-10-30 21:35:25,279 - DEBUG - [_new_conn] - Starting new HTTPS connection (1): catalog.api.2gis.com:443
2025-10-30 21:35:25,656 - DEBUG - [_make_request] - https://catalog.api.2gis.com:443 "GET /3.0/items?key=50e21a4a-6241-4f9a-aff6-0b7a942be2b7&q=%D0%BA%D0%B0%D1%84%D0%B5&district_id=4504209512726543&type=branch&page=4&page_size=10&fields=items.point%2Citems.name%2Citems.address_name%2Citems.reviews HTTP/1.1" 200 133
2025-10-30 21:35:25,657 - DEBUG - [получить_кафе_в_районе] - Статус ответа: 200
2025-10-30 21:35:25,658 - WARNING - [получить_кафе_в_районе] - На странице 4 нет данных в ожидаемом формате
2025-10-30 21:35:26,159 - DEBUG - [получить_кафе_в_районе] - Запрос страницы 5 для района Бескудниковский
2025-10-30 21:35:26,160 - DEBUG - [_new_conn] - Starting new HTTPS connection (1): catalog.api.2gis.com:443
2025-10-30 21:35:26,550 - DEBUG - [_make_request] - https://catalog.api.2gis.com:443 "GET /3.0/items?key=50e21a4a-6241-4f9a-aff6-0b7a942be2b7&q=%D0%BA%D0%B0%D1%84%D0%B5&district_id=4504209512726543&type=branch&page=5&page_size=10&fields=items.point%2Citems.name%2Citems.address_name%2Citems.reviews HTTP/1.1" 200 133
2025-10-30 21:35:26,551 - DEBUG - [получить_кафе_в_районе] - Статус ответа: 200
2025-10-30 21:35:26,551 - WARNING - [получить_кафе_в_районе] - На странице 5 нет данных в ожидаемом формате
2025-10-30 21:35:26,552 - INFO - [получить_кафе_в_районе] - Завершение сбора для района Бескудниковский. Найдено кафе: 12
2025-10-30 21:35:26,554 - INFO - [<cell line: 0>] - Район 'Бескудниковский' завершен. Кафе: 12
2025-10-30 21:35:27,555 - INFO - [<cell line: 0>] - [11/132] Обработка района: Бибирево
2025-10-30 21:35:27,556 - INFO - [получить_кафе_в_районе] - Начало сбора кафе для района: Бибирево (ID: 4504209512726565)
2025-10-30 21:35:27,557 - DEBUG - [получить_кафе_в_районе] - Запрос страницы 1 для района Бибирево
2025-10-30 21:35:27,559 - DEBUG - [_new_conn] - Starting new HTTPS connection (1): catalog.api.2gis.com:443
2025-10-30 21:35:27,958 - DEBUG - [_make_request] - https://catalog.api.2gis.com:443 "GET /3.0/items?key=50e21a4a-6241-4f9a-aff6-0b7a942be2b7&q=%D0%BA%D0%B0%D1%84%D0%B5&district_id=4504209512726565&type=branch&page=1&page_size=10&fields=items.point%2Citems.name%2Citems.address_name%2Citems.reviews HTTP/1.1" 200 None
2025-10-30 21:35:27,958 - DEBUG - [получить_кафе_в_районе] - Статус ответа: 200
2025-10-30 21:35:27,959 - INFO - [получить_кафе_в_районе] - Загружено 10 кафе со страницы 1
2025-10-30 21:35:28,460 - DEBUG - [получить_кафе_в_районе] - Запрос страницы 2 для района Бибирево
2025-10-30 21:35:28,461 - DEBUG - [_new_conn] - Starting new HTTPS connection (1): catalog.api.2gis.com:443
2025-10-30 21:35:28,847 - DEBUG - [_make_request] - https://catalog.api.2gis.com:443 "GET /3.0/items?key=50e21a4a-6241-4f9a-aff6-0b7a942be2b7&q=%D0%BA%D0%B0%D1%84%D0%B5&district_id=4504209512726565&type=branch&page=2&page_size=10&fields=items.point%2Citems.name%2Citems.address_name%2Citems.reviews HTTP/1.1" 200 None
2025-10-30 21:35:28,848 - DEBUG - [получить_кафе_в_районе] - Статус ответа: 200
2025-10-30 21:35:28,848 - INFO - [получить_кафе_в_районе] - Загружено 10 кафе со страницы 2
2025-10-30 21:35:29,349 - DEBUG - [получить_кафе_в_районе] - Запрос страницы 3 для района Бибирево
2025-10-30 21:35:29,351 - DEBUG - [_new_conn] - Starting new HTTPS connection (1): catalog.api.2gis.com:443
2025-10-30 21:35:29,757 - DEBUG - [_make_request] - https://catalog.api.2gis.com:443 "GET /3.0/items?key=50e21a4a-6241-4f9a-aff6-0b7a942be2b7&q=%D0%BA%D0%B0%D1%84%D0%B5&district_id=4504209512726565&type=branch&page=3&page_size=10&fields=items.point%2Citems.name%2Citems.address_name%2Citems.reviews HTTP/1.1" 200 None
2025-10-30 21:35:29,758 - DEBUG - [получить_кафе_в_районе] - Статус ответа: 200
2025-10-30 21:35:29,759 - INFO - [получить_кафе_в_районе] - Загружено 10 кафе со страницы 3
2025-10-30 21:35:30,260 - DEBUG - [получить_кафе_в_районе] - Запрос страницы 4 для района Бибирево
2025-10-30 21:35:30,262 - DEBUG - [_new_conn] - Starting new HTTPS connection (1): catalog.api.2gis.com:443
2025-10-30 21:35:30,662 - DEBUG - [_make_request] - https://catalog.api.2gis.com:443 "GET /3.0/items?key=50e21a4a-6241-4f9a-aff6-0b7a942be2b7&q=%D0%BA%D0%B0%D1%84%D0%B5&district_id=4504209512726565&type=branch&page=4&page_size=10&fields=items.point%2Citems.name%2Citems.address_name%2Citems.reviews HTTP/1.1" 200 None
2025-10-30 21:35:30,663 - DEBUG - [получить_кафе_в_районе] - Статус ответа: 200
2025-10-30 21:35:30,663 - INFO - [получить_кафе_в_районе] - Загружено 4 кафе со страницы 4
2025-10-30 21:35:31,164 - DEBUG - [получить_кафе_в_районе] - Запрос страницы 5 для района Бибирево
2025-10-30 21:35:31,166 - DEBUG - [_new_conn] - Starting new HTTPS connection (1): catalog.api.2gis.com:443
2025-10-30 21:35:31,548 - DEBUG - [_make_request] - https://catalog.api.2gis.com:443 "GET /3.0/items?key=50e21a4a-6241-4f9a-aff6-0b7a942be2b7&q=%D0%BA%D0%B0%D1%84%D0%B5&district_id=4504209512726565&type=branch&page=5&page_size=10&fields=items.point%2Citems.name%2Citems.address_name%2Citems.reviews HTTP/1.1" 200 133
2025-10-30 21:35:31,549 - DEBUG - [получить_кафе_в_районе] - Статус ответа: 200
2025-10-30 21:35:31,549 - WARNING - [получить_кафе_в_районе] - На странице 5 нет данных в ожидаемом формате
2025-10-30 21:35:31,550 - INFO - [получить_кафе_в_районе] - Завершение сбора для района Бибирево. Найдено кафе: 34
2025-10-30 21:35:31,551 - INFO - [<cell line: 0>] - Район 'Бибирево' завершен. Кафе: 34
2025-10-30 21:35:32,552 - INFO - [<cell line: 0>] - [12/132] Обработка района: Бирюлёво Восточное
2025-10-30 21:35:32,553 - INFO - [получить_кафе_в_районе] - Начало сбора кафе для района: Бирюлёво Восточное (ID: 4504209512726611)
2025-10-30 21:35:32,554 - DEBUG - [получить_кафе_в_районе] - Запрос страницы 1 для района Бирюлёво Восточное
2025-10-30 21:35:32,557 - DEBUG - [_new_conn] - Starting new HTTPS connection (1): catalog.api.2gis.com:443
2025-10-30 21:35:32,939 - DEBUG - [_make_request] - https://catalog.api.2gis.com:443 "GET /3.0/items?key=50e21a4a-6241-4f9a-aff6-0b7a942be2b7&q=%D0%BA%D0%B0%D1%84%D0%B5&district_id=4504209512726611&type=branch&page=1&page_size=10&fields=items.point%2Citems.name%2Citems.address_name%2Citems.reviews HTTP/1.1" 200 None
2025-10-30 21:35:32,940 - DEBUG - [получить_кафе_в_районе] - Статус ответа: 200
2025-10-30 21:35:32,940 - INFO - [получить_кафе_в_районе] - Загружено 10 кафе со страницы 1
2025-10-30 21:35:33,441 - DEBUG - [получить_кафе_в_районе] - Запрос страницы 2 для района Бирюлёво Восточное
2025-10-30 21:35:33,442 - DEBUG - [_new_conn] - Starting new HTTPS connection (1): catalog.api.2gis.com:443
2025-10-30 21:35:33,849 - DEBUG - [_make_request] - https://catalog.api.2gis.com:443 "GET /3.0/items?key=50e21a4a-6241-4f9a-aff6-0b7a942be2b7&q=%D0%BA%D0%B0%D1%84%D0%B5&district_id=4504209512726611&type=branch&page=2&page_size=10&fields=items.point%2Citems.name%2Citems.address_name%2Citems.reviews HTTP/1.1" 200 None
2025-10-30 21:35:33,850 - DEBUG - [получить_кафе_в_районе] - Статус ответа: 200
2025-10-30 21:35:33,850 - INFO - [получить_кафе_в_районе] - Загружено 10 кафе со страницы 2
2025-10-30 21:35:34,351 - DEBUG - [получить_кафе_в_районе] - Запрос страницы 3 для района Бирюлёво Восточное
2025-10-30 21:35:34,353 - DEBUG - [_new_conn] - Starting new HTTPS connection (1): catalog.api.2gis.com:443
2025-10-30 21:35:34,742 - DEBUG - [_make_request] - https://catalog.api.2gis.com:443 "GET /3.0/items?key=50e21a4a-6241-4f9a-aff6-0b7a942be2b7&q=%D0%BA%D0%B0%D1%84%D0%B5&district_id=4504209512726611&type=branch&page=3&page_size=10&fields=items.point%2Citems.name%2Citems.address_name%2Citems.reviews HTTP/1.1" 200 133
2025-10-30 21:35:34,743 - DEBUG - [получить_кафе_в_районе] - Статус ответа: 200
2025-10-30 21:35:34,743 - WARNING - [получить_кафе_в_районе] - На странице 3 нет данных в ожидаемом формате
2025-10-30 21:35:35,244 - DEBUG - [получить_кафе_в_районе] - Запрос страницы 4 для района Бирюлёво Восточное
2025-10-30 21:35:35,246 - DEBUG - [_new_conn] - Starting new HTTPS connection (1): catalog.api.2gis.com:443
2025-10-30 21:35:35,624 - DEBUG - [_make_request] - https://catalog.api.2gis.com:443 "GET /3.0/items?key=50e21a4a-6241-4f9a-aff6-0b7a942be2b7&q=%D0%BA%D0%B0%D1%84%D0%B5&district_id=4504209512726611&type=branch&page=4&page_size=10&fields=items.point%2Citems.name%2Citems.address_name%2Citems.reviews HTTP/1.1" 200 133
2025-10-30 21:35:35,625 - DEBUG - [получить_кафе_в_районе] - Статус ответа: 200
2025-10-30 21:35:35,625 - WARNING - [получить_кафе_в_районе] - На странице 4 нет данных в ожидаемом формате
2025-10-30 21:35:36,126 - DEBUG - [получить_кафе_в_районе] - Запрос страницы 5 для района Бирюлёво Восточное
2025-10-30 21:35:36,127 - DEBUG - [_new_conn] - Starting new HTTPS connection (1): catalog.api.2gis.com:443
2025-10-30 21:35:36,542 - DEBUG - [_make_request] - https://catalog.api.2gis.com:443 "GET /3.0/items?key=50e21a4a-6241-4f9a-aff6-0b7a942be2b7&q=%D0%BA%D0%B0%D1%84%D0%B5&district_id=4504209512726611&type=branch&page=5&page_size=10&fields=items.point%2Citems.name%2Citems.address_name%2Citems.reviews HTTP/1.1" 200 133
2025-10-30 21:35:36,543 - DEBUG - [получить_кафе_в_районе] - Статус ответа: 200
2025-10-30 21:35:36,543 - WARNING - [получить_кафе_в_районе] - На странице 5 нет данных в ожидаемом формате
2025-10-30 21:35:36,544 - INFO - [получить_кафе_в_районе] - Завершение сбора для района Бирюлёво Восточное. Найдено кафе: 20
2025-10-30 21:35:36,547 - INFO - [<cell line: 0>] - Район 'Бирюлёво Восточное' завершен. Кафе: 20
2025-10-30 21:35:37,548 - INFO - [<cell line: 0>] - [13/132] Обработка района: Бирюлёво Западное
2025-10-30 21:35:37,549 - INFO - [получить_кафе_в_районе] - Начало сбора кафе для района: Бирюлёво Западное (ID: 4504209512726612)
2025-10-30 21:35:37,550 - DEBUG - [получить_кафе_в_районе] - Запрос страницы 1 для района Бирюлёво Западное
2025-10-30 21:35:37,551 - DEBUG - [_new_conn] - Starting new HTTPS connection (1): catalog.api.2gis.com:443
2025-10-30 21:35:38,053 - DEBUG - [_make_request] - https://catalog.api.2gis.com:443 "GET /3.0/items?key=50e21a4a-6241-4f9a-aff6-0b7a942be2b7&q=%D0%BA%D0%B0%D1%84%D0%B5&district_id=4504209512726612&type=branch&page=1&page_size=10&fields=items.point%2Citems.name%2Citems.address_name%2Citems.reviews HTTP/1.1" 200 None
2025-10-30 21:35:38,054 - DEBUG - [получить_кафе_в_районе] - Статус ответа: 200
2025-10-30 21:35:38,054 - INFO - [получить_кафе_в_районе] - Загружено 9 кафе со страницы 1
2025-10-30 21:35:38,555 - DEBUG - [получить_кафе_в_районе] - Запрос страницы 2 для района Бирюлёво Западное
2025-10-30 21:35:38,557 - DEBUG - [_new_conn] - Starting new HTTPS connection (1): catalog.api.2gis.com:443
2025-10-30 21:35:38,946 - DEBUG - [_make_request] - https://catalog.api.2gis.com:443 "GET /3.0/items?key=50e21a4a-6241-4f9a-aff6-0b7a942be2b7&q=%D0%BA%D0%B0%D1%84%D0%B5&district_id=4504209512726612&type=branch&page=2&page_size=10&fields=items.point%2Citems.name%2Citems.address_name%2Citems.reviews HTTP/1.1" 200 133
2025-10-30 21:35:38,947 - DEBUG - [получить_кафе_в_районе] - Статус ответа: 200
2025-10-30 21:35:38,947 - WARNING - [получить_кафе_в_районе] - На странице 2 нет данных в ожидаемом формате
2025-10-30 21:35:39,448 - DEBUG - [получить_кафе_в_районе] - Запрос страницы 3 для района Бирюлёво Западное
2025-10-30 21:35:39,449 - DEBUG - [_new_conn] - Starting new HTTPS connection (1): catalog.api.2gis.com:443
2025-10-30 21:35:39,952 - DEBUG - [_make_request] - https://catalog.api.2gis.com:443 "GET /3.0/items?key=50e21a4a-6241-4f9a-aff6-0b7a942be2b7&q=%D0%BA%D0%B0%D1%84%D0%B5&district_id=4504209512726612&type=branch&page=3&page_size=10&fields=items.point%2Citems.name%2Citems.address_name%2Citems.reviews HTTP/1.1" 200 133
2025-10-30 21:35:39,953 - DEBUG - [получить_кафе_в_районе] - Статус ответа: 200
2025-10-30 21:35:39,953 - WARNING - [получить_кафе_в_районе] - На странице 3 нет данных в ожидаемом формате
2025-10-30 21:35:40,454 - DEBUG - [получить_кафе_в_районе] - Запрос страницы 4 для района Бирюлёво Западное
2025-10-30 21:35:40,455 - DEBUG - [_new_conn] - Starting new HTTPS connection (1): catalog.api.2gis.com:443
2025-10-30 21:35:40,835 - DEBUG - [_make_request] - https://catalog.api.2gis.com:443 "GET /3.0/items?key=50e21a4a-6241-4f9a-aff6-0b7a942be2b7&q=%D0%BA%D0%B0%D1%84%D0%B5&district_id=4504209512726612&type=branch&page=4&page_size=10&fields=items.point%2Citems.name%2Citems.address_name%2Citems.reviews HTTP/1.1" 200 133
2025-10-30 21:35:40,836 - DEBUG - [получить_кафе_в_районе] - Статус ответа: 200
2025-10-30 21:35:40,837 - WARNING - [получить_кафе_в_районе] - На странице 4 нет данных в ожидаемом формате
2025-10-30 21:35:41,338 - DEBUG - [получить_кафе_в_районе] - Запрос страницы 5 для района Бирюлёво Западное
2025-10-30 21:35:41,339 - DEBUG - [_new_conn] - Starting new HTTPS connection (1): catalog.api.2gis.com:443
2025-10-30 21:35:41,727 - DEBUG - [_make_request] - https://catalog.api.2gis.com:443 "GET /3.0/items?key=50e21a4a-6241-4f9a-aff6-0b7a942be2b7&q=%D0%BA%D0%B0%D1%84%D0%B5&district_id=4504209512726612&type=branch&page=5&page_size=10&fields=items.point%2Citems.name%2Citems.address_name%2Citems.reviews HTTP/1.1" 200 133
2025-10-30 21:35:41,728 - DEBUG - [получить_кафе_в_районе] - Статус ответа: 200
2025-10-30 21:35:41,728 - WARNING - [получить_кафе_в_районе] - На странице 5 нет данных в ожидаемом формате
2025-10-30 21:35:41,729 - INFO - [получить_кафе_в_районе] - Завершение сбора для района Бирюлёво Западное. Найдено кафе: 9
2025-10-30 21:35:41,731 - INFO - [<cell line: 0>] - Район 'Бирюлёво Западное' завершен. Кафе: 9
2025-10-30 21:35:42,732 - INFO - [<cell line: 0>] - [14/132] Обработка района: Богородское
2025-10-30 21:35:42,733 - INFO - [получить_кафе_в_районе] - Начало сбора кафе для района: Богородское (ID: 4504209512726574)
2025-10-30 21:35:42,735 - DEBUG - [получить_кафе_в_районе] - Запрос страницы 1 для района Богородское
2025-10-30 21:35:42,737 - DEBUG - [_new_conn] - Starting new HTTPS connection (1): catalog.api.2gis.com:443
2025-10-30 21:35:43,128 - DEBUG - [_make_request] - https://catalog.api.2gis.com:443 "GET /3.0/items?key=50e21a4a-6241-4f9a-aff6-0b7a942be2b7&q=%D0%BA%D0%B0%D1%84%D0%B5&district_id=4504209512726574&type=branch&page=1&page_size=10&fields=items.point%2Citems.name%2Citems.address_name%2Citems.reviews HTTP/1.1" 200 None
2025-10-30 21:35:43,129 - DEBUG - [получить_кафе_в_районе] - Статус ответа: 200
2025-10-30 21:35:43,129 - INFO - [получить_кафе_в_районе] - Загружено 10 кафе со страницы 1
2025-10-30 21:35:43,630 - DEBUG - [получить_кафе_в_районе] - Запрос страницы 2 для района Богородское
2025-10-30 21:35:43,632 - DEBUG - [_new_conn] - Starting new HTTPS connection (1): catalog.api.2gis.com:443
2025-10-30 21:35:44,013 - DEBUG - [_make_request] - https://catalog.api.2gis.com:443 "GET /3.0/items?key=50e21a4a-6241-4f9a-aff6-0b7a942be2b7&q=%D0%BA%D0%B0%D1%84%D0%B5&district_id=4504209512726574&type=branch&page=2&page_size=10&fields=items.point%2Citems.name%2Citems.address_name%2Citems.reviews HTTP/1.1" 200 None
2025-10-30 21:35:44,014 - DEBUG - [получить_кафе_в_районе] - Статус ответа: 200
2025-10-30 21:35:44,014 - INFO - [получить_кафе_в_районе] - Загружено 9 кафе со страницы 2
2025-10-30 21:35:44,515 - DEBUG - [получить_кафе_в_районе] - Запрос страницы 3 для района Богородское
2025-10-30 21:35:44,516 - DEBUG - [_new_conn] - Starting new HTTPS connection (1): catalog.api.2gis.com:443
2025-10-30 21:35:44,910 - DEBUG - [_make_request] - https://catalog.api.2gis.com:443 "GET /3.0/items?key=50e21a4a-6241-4f9a-aff6-0b7a942be2b7&q=%D0%BA%D0%B0%D1%84%D0%B5&district_id=4504209512726574&type=branch&page=3&page_size=10&fields=items.point%2Citems.name%2Citems.address_name%2Citems.reviews HTTP/1.1" 200 133
2025-10-30 21:35:44,911 - DEBUG - [получить_кафе_в_районе] - Статус ответа: 200
2025-10-30 21:35:44,911 - WARNING - [получить_кафе_в_районе] - На странице 3 нет данных в ожидаемом формате
2025-10-30 21:35:45,412 - DEBUG - [получить_кафе_в_районе] - Запрос страницы 4 для района Богородское
2025-10-30 21:35:45,413 - DEBUG - [_new_conn] - Starting new HTTPS connection (1): catalog.api.2gis.com:443
2025-10-30 21:35:45,806 - DEBUG - [_make_request] - https://catalog.api.2gis.com:443 "GET /3.0/items?key=50e21a4a-6241-4f9a-aff6-0b7a942be2b7&q=%D0%BA%D0%B0%D1%84%D0%B5&district_id=4504209512726574&type=branch&page=4&page_size=10&fields=items.point%2Citems.name%2Citems.address_name%2Citems.reviews HTTP/1.1" 200 133
2025-10-30 21:35:45,807 - DEBUG - [получить_кафе_в_районе] - Статус ответа: 200
2025-10-30 21:35:45,807 - WARNING - [получить_кафе_в_районе] - На странице 4 нет данных в ожидаемом формате
2025-10-30 21:35:46,308 - DEBUG - [получить_кафе_в_районе] - Запрос страницы 5 для района Богородское
2025-10-30 21:35:46,310 - DEBUG - [_new_conn] - Starting new HTTPS connection (1): catalog.api.2gis.com:443
2025-10-30 21:35:46,689 - DEBUG - [_make_request] - https://catalog.api.2gis.com:443 "GET /3.0/items?key=50e21a4a-6241-4f9a-aff6-0b7a942be2b7&q=%D0%BA%D0%B0%D1%84%D0%B5&district_id=4504209512726574&type=branch&page=5&page_size=10&fields=items.point%2Citems.name%2Citems.address_name%2Citems.reviews HTTP/1.1" 200 133
2025-10-30 21:35:46,690 - DEBUG - [получить_кафе_в_районе] - Статус ответа: 200
2025-10-30 21:35:46,690 - WARNING - [получить_кафе_в_районе] - На странице 5 нет данных в ожидаемом формате
2025-10-30 21:35:46,691 - INFO - [получить_кафе_в_районе] - Завершение сбора для района Богородское. Найдено кафе: 19
2025-10-30 21:35:46,693 - INFO - [<cell line: 0>] - Район 'Богородское' завершен. Кафе: 19
2025-10-30 21:35:47,695 - INFO - [<cell line: 0>] - [15/132] Обработка района: Братеево
2025-10-30 21:35:47,696 - INFO - [получить_кафе_в_районе] - Начало сбора кафе для района: Братеево (ID: 4504209512726609)
2025-10-30 21:35:47,697 - DEBUG - [получить_кафе_в_районе] - Запрос страницы 1 для района Братеево
2025-10-30 21:35:47,699 - DEBUG - [_new_conn] - Starting new HTTPS connection (1): catalog.api.2gis.com:443
2025-10-30 21:35:48,078 - DEBUG - [_make_request] - https://catalog.api.2gis.com:443 "GET /3.0/items?key=50e21a4a-6241-4f9a-aff6-0b7a942be2b7&q=%D0%BA%D0%B0%D1%84%D0%B5&district_id=4504209512726609&type=branch&page=1&page_size=10&fields=items.point%2Citems.name%2Citems.address_name%2Citems.reviews HTTP/1.1" 200 None
2025-10-30 21:35:48,079 - DEBUG - [получить_кафе_в_районе] - Статус ответа: 200
2025-10-30 21:35:48,079 - INFO - [получить_кафе_в_районе] - Загружено 10 кафе со страницы 1
2025-10-30 21:35:48,580 - DEBUG - [получить_кафе_в_районе] - Запрос страницы 2 для района Братеево
2025-10-30 21:35:48,581 - DEBUG - [_new_conn] - Starting new HTTPS connection (1): catalog.api.2gis.com:443
2025-10-30 21:35:48,984 - DEBUG - [_make_request] - https://catalog.api.2gis.com:443 "GET /3.0/items?key=50e21a4a-6241-4f9a-aff6-0b7a942be2b7&q=%D0%BA%D0%B0%D1%84%D0%B5&district_id=4504209512726609&type=branch&page=2&page_size=10&fields=items.point%2Citems.name%2Citems.address_name%2Citems.reviews HTTP/1.1" 200 None
2025-10-30 21:35:48,985 - DEBUG - [получить_кафе_в_районе] - Статус ответа: 200
2025-10-30 21:35:48,985 - INFO - [получить_кафе_в_районе] - Загружено 3 кафе со страницы 2
2025-10-30 21:35:49,486 - DEBUG - [получить_кафе_в_районе] - Запрос страницы 3 для района Братеево
2025-10-30 21:35:49,488 - DEBUG - [_new_conn] - Starting new HTTPS connection (1): catalog.api.2gis.com:443
2025-10-30 21:35:49,862 - DEBUG - [_make_request] - https://catalog.api.2gis.com:443 "GET /3.0/items?key=50e21a4a-6241-4f9a-aff6-0b7a942be2b7&q=%D0%BA%D0%B0%D1%84%D0%B5&district_id=4504209512726609&type=branch&page=3&page_size=10&fields=items.point%2Citems.name%2Citems.address_name%2Citems.reviews HTTP/1.1" 200 133
2025-10-30 21:35:49,863 - DEBUG - [получить_кафе_в_районе] - Статус ответа: 200
2025-10-30 21:35:49,863 - WARNING - [получить_кафе_в_районе] - На странице 3 нет данных в ожидаемом формате
2025-10-30 21:35:50,364 - DEBUG - [получить_кафе_в_районе] - Запрос страницы 4 для района Братеево
2025-10-30 21:35:50,365 - DEBUG - [_new_conn] - Starting new HTTPS connection (1): catalog.api.2gis.com:443
2025-10-30 21:35:50,747 - DEBUG - [_make_request] - https://catalog.api.2gis.com:443 "GET /3.0/items?key=50e21a4a-6241-4f9a-aff6-0b7a942be2b7&q=%D0%BA%D0%B0%D1%84%D0%B5&district_id=4504209512726609&type=branch&page=4&page_size=10&fields=items.point%2Citems.name%2Citems.address_name%2Citems.reviews HTTP/1.1" 200 133
2025-10-30 21:35:50,748 - DEBUG - [получить_кафе_в_районе] - Статус ответа: 200
2025-10-30 21:35:50,748 - WARNING - [получить_кафе_в_районе] - На странице 4 нет данных в ожидаемом формате
2025-10-30 21:35:51,249 - DEBUG - [получить_кафе_в_районе] - Запрос страницы 5 для района Братеево
2025-10-30 21:35:51,251 - DEBUG - [_new_conn] - Starting new HTTPS connection (1): catalog.api.2gis.com:443
2025-10-30 21:35:52,631 - DEBUG - [_make_request] - https://catalog.api.2gis.com:443 "GET /3.0/items?key=50e21a4a-6241-4f9a-aff6-0b7a942be2b7&q=%D0%BA%D0%B0%D1%84%D0%B5&district_id=4504209512726609&type=branch&page=5&page_size=10&fields=items.point%2Citems.name%2Citems.address_name%2Citems.reviews HTTP/1.1" 200 133
2025-10-30 21:35:52,632 - DEBUG - [получить_кафе_в_районе] - Статус ответа: 200
2025-10-30 21:35:52,632 - WARNING - [получить_кафе_в_районе] - На странице 5 нет данных в ожидаемом формате
2025-10-30 21:35:52,633 - INFO - [получить_кафе_в_районе] - Завершение сбора для района Братеево. Найдено кафе: 13
2025-10-30 21:35:52,634 - INFO - [<cell line: 0>] - Район 'Братеево' завершен. Кафе: 13
2025-10-30 21:35:53,635 - INFO - [<cell line: 0>] - [16/132] Обработка района: Бутырский
2025-10-30 21:35:53,636 - INFO - [получить_кафе_в_районе] - Начало сбора кафе для района: Бутырский (ID: 4504209512726567)
2025-10-30 21:35:53,638 - DEBUG - [получить_кафе_в_районе] - Запрос страницы 1 для района Бутырский
2025-10-30 21:35:53,640 - DEBUG - [_new_conn] - Starting new HTTPS connection (1): catalog.api.2gis.com:443
2025-10-30 21:35:54,029 - DEBUG - [_make_request] - https://catalog.api.2gis.com:443 "GET /3.0/items?key=50e21a4a-6241-4f9a-aff6-0b7a942be2b7&q=%D0%BA%D0%B0%D1%84%D0%B5&district_id=4504209512726567&type=branch&page=1&page_size=10&fields=items.point%2Citems.name%2Citems.address_name%2Citems.reviews HTTP/1.1" 200 None
2025-10-30 21:35:54,030 - DEBUG - [получить_кафе_в_районе] - Статус ответа: 200
2025-10-30 21:35:54,030 - INFO - [получить_кафе_в_районе] - Загружено 10 кафе со страницы 1
2025-10-30 21:35:54,531 - DEBUG - [получить_кафе_в_районе] - Запрос страницы 2 для района Бутырский
2025-10-30 21:35:54,533 - DEBUG - [_new_conn] - Starting new HTTPS connection (1): catalog.api.2gis.com:443
2025-10-30 21:35:54,929 - DEBUG - [_make_request] - https://catalog.api.2gis.com:443 "GET /3.0/items?key=50e21a4a-6241-4f9a-aff6-0b7a942be2b7&q=%D0%BA%D0%B0%D1%84%D0%B5&district_id=4504209512726567&type=branch&page=2&page_size=10&fields=items.point%2Citems.name%2Citems.address_name%2Citems.reviews HTTP/1.1" 200 None
2025-10-30 21:35:54,930 - DEBUG - [получить_кафе_в_районе] - Статус ответа: 200
2025-10-30 21:35:54,930 - INFO - [получить_кафе_в_районе] - Загружено 10 кафе со страницы 2
2025-10-30 21:35:55,431 - DEBUG - [получить_кафе_в_районе] - Запрос страницы 3 для района Бутырский
2025-10-30 21:35:55,432 - DEBUG - [_new_conn] - Starting new HTTPS connection (1): catalog.api.2gis.com:443
2025-10-30 21:35:55,833 - DEBUG - [_make_request] - https://catalog.api.2gis.com:443 "GET /3.0/items?key=50e21a4a-6241-4f9a-aff6-0b7a942be2b7&q=%D0%BA%D0%B0%D1%84%D0%B5&district_id=4504209512726567&type=branch&page=3&page_size=10&fields=items.point%2Citems.name%2Citems.address_name%2Citems.reviews HTTP/1.1" 200 None
2025-10-30 21:35:55,834 - DEBUG - [получить_кафе_в_районе] - Статус ответа: 200
2025-10-30 21:35:55,834 - INFO - [получить_кафе_в_районе] - Загружено 10 кафе со страницы 3
2025-10-30 21:35:56,335 - DEBUG - [получить_кафе_в_районе] - Запрос страницы 4 для района Бутырский
2025-10-30 21:35:56,336 - DEBUG - [_new_conn] - Starting new HTTPS connection (1): catalog.api.2gis.com:443
2025-10-30 21:35:56,727 - DEBUG - [_make_request] - https://catalog.api.2gis.com:443 "GET /3.0/items?key=50e21a4a-6241-4f9a-aff6-0b7a942be2b7&q=%D0%BA%D0%B0%D1%84%D0%B5&district_id=4504209512726567&type=branch&page=4&page_size=10&fields=items.point%2Citems.name%2Citems.address_name%2Citems.reviews HTTP/1.1" 200 None
2025-10-30 21:35:56,728 - DEBUG - [получить_кафе_в_районе] - Статус ответа: 200
2025-10-30 21:35:56,728 - INFO - [получить_кафе_в_районе] - Загружено 10 кафе со страницы 4
2025-10-30 21:35:57,229 - DEBUG - [получить_кафе_в_районе] - Запрос страницы 5 для района Бутырский
2025-10-30 21:35:57,231 - DEBUG - [_new_conn] - Starting new HTTPS connection (1): catalog.api.2gis.com:443
2025-10-30 21:35:57,623 - DEBUG - [_make_request] - https://catalog.api.2gis.com:443 "GET /3.0/items?key=50e21a4a-6241-4f9a-aff6-0b7a942be2b7&q=%D0%BA%D0%B0%D1%84%D0%B5&district_id=4504209512726567&type=branch&page=5&page_size=10&fields=items.point%2Citems.name%2Citems.address_name%2Citems.reviews HTTP/1.1" 200 None
2025-10-30 21:35:57,624 - DEBUG - [получить_кафе_в_районе] - Статус ответа: 200
2025-10-30 21:35:57,624 - INFO - [получить_кафе_в_районе] - Загружено 10 кафе со страницы 5
2025-10-30 21:35:57,625 - INFO - [получить_кафе_в_районе] - Завершение сбора для района Бутырский. Найдено кафе: 50
2025-10-30 21:35:57,626 - INFO - [<cell line: 0>] - Район 'Бутырский' завершен. Кафе: 50
2025-10-30 21:35:58,627 - INFO - [<cell line: 0>] - [17/132] Обработка района: Вешняки
2025-10-30 21:35:58,628 - INFO - [получить_кафе_в_районе] - Начало сбора кафе для района: Вешняки (ID: 4504209512726578)
2025-10-30 21:35:58,629 - DEBUG - [получить_кафе_в_районе] - Запрос страницы 1 для района Вешняки
2025-10-30 21:35:58,631 - DEBUG - [_new_conn] - Starting new HTTPS connection (1): catalog.api.2gis.com:443
2025-10-30 21:35:59,022 - DEBUG - [_make_request] - https://catalog.api.2gis.com:443 "GET /3.0/items?key=50e21a4a-6241-4f9a-aff6-0b7a942be2b7&q=%D0%BA%D0%B0%D1%84%D0%B5&district_id=4504209512726578&type=branch&page=1&page_size=10&fields=items.point%2Citems.name%2Citems.address_name%2Citems.reviews HTTP/1.1" 200 None
2025-10-30 21:35:59,023 - DEBUG - [получить_кафе_в_районе] - Статус ответа: 200
2025-10-30 21:35:59,023 - INFO - [получить_кафе_в_районе] - Загружено 10 кафе со страницы 1
2025-10-30 21:35:59,524 - DEBUG - [получить_кафе_в_районе] - Запрос страницы 2 для района Вешняки
2025-10-30 21:35:59,525 - DEBUG - [_new_conn] - Starting new HTTPS connection (1): catalog.api.2gis.com:443
2025-10-30 21:35:59,909 - DEBUG - [_make_request] - https://catalog.api.2gis.com:443 "GET /3.0/items?key=50e21a4a-6241-4f9a-aff6-0b7a942be2b7&q=%D0%BA%D0%B0%D1%84%D0%B5&district_id=4504209512726578&type=branch&page=2&page_size=10&fields=items.point%2Citems.name%2Citems.address_name%2Citems.reviews HTTP/1.1" 200 None
2025-10-30 21:35:59,910 - DEBUG - [получить_кафе_в_районе] - Статус ответа: 200
2025-10-30 21:35:59,910 - INFO - [получить_кафе_в_районе] - Загружено 10 кафе со страницы 2
2025-10-30 21:36:00,411 - DEBUG - [получить_кафе_в_районе] - Запрос страницы 3 для района Вешняки
2025-10-30 21:36:00,412 - DEBUG - [_new_conn] - Starting new HTTPS connection (1): catalog.api.2gis.com:443
2025-10-30 21:36:00,793 - DEBUG - [_make_request] - https://catalog.api.2gis.com:443 "GET /3.0/items?key=50e21a4a-6241-4f9a-aff6-0b7a942be2b7&q=%D0%BA%D0%B0%D1%84%D0%B5&district_id=4504209512726578&type=branch&page=3&page_size=10&fields=items.point%2Citems.name%2Citems.address_name%2Citems.reviews HTTP/1.1" 200 None
2025-10-30 21:36:00,794 - DEBUG - [получить_кафе_в_районе] - Статус ответа: 200
2025-10-30 21:36:00,794 - INFO - [получить_кафе_в_районе] - Загружено 3 кафе со страницы 3
2025-10-30 21:36:01,295 - DEBUG - [получить_кафе_в_районе] - Запрос страницы 4 для района Вешняки
2025-10-30 21:36:01,297 - DEBUG - [_new_conn] - Starting new HTTPS connection (1): catalog.api.2gis.com:443
2025-10-30 21:36:01,673 - DEBUG - [_make_request] - https://catalog.api.2gis.com:443 "GET /3.0/items?key=50e21a4a-6241-4f9a-aff6-0b7a942be2b7&q=%D0%BA%D0%B0%D1%84%D0%B5&district_id=4504209512726578&type=branch&page=4&page_size=10&fields=items.point%2Citems.name%2Citems.address_name%2Citems.reviews HTTP/1.1" 200 133
2025-10-30 21:36:01,674 - DEBUG - [получить_кафе_в_районе] - Статус ответа: 200
2025-10-30 21:36:01,674 - WARNING - [получить_кафе_в_районе] - На странице 4 нет данных в ожидаемом формате
2025-10-30 21:36:02,175 - DEBUG - [получить_кафе_в_районе] - Запрос страницы 5 для района Вешняки
2025-10-30 21:36:02,176 - DEBUG - [_new_conn] - Starting new HTTPS connection (1): catalog.api.2gis.com:443
2025-10-30 21:36:02,565 - DEBUG - [_make_request] - https://catalog.api.2gis.com:443 "GET /3.0/items?key=50e21a4a-6241-4f9a-aff6-0b7a942be2b7&q=%D0%BA%D0%B0%D1%84%D0%B5&district_id=4504209512726578&type=branch&page=5&page_size=10&fields=items.point%2Citems.name%2Citems.address_name%2Citems.reviews HTTP/1.1" 200 133
2025-10-30 21:36:02,566 - DEBUG - [получить_кафе_в_районе] - Статус ответа: 200
2025-10-30 21:36:02,567 - WARNING - [получить_кафе_в_районе] - На странице 5 нет данных в ожидаемом формате
2025-10-30 21:36:02,567 - INFO - [получить_кафе_в_районе] - Завершение сбора для района Вешняки. Найдено кафе: 23
2025-10-30 21:36:02,570 - INFO - [<cell line: 0>] - Район 'Вешняки' завершен. Кафе: 23
2025-10-30 21:36:03,571 - INFO - [<cell line: 0>] - [18/132] Обработка района: Внуково
2025-10-30 21:36:03,572 - INFO - [получить_кафе_в_районе] - Начало сбора кафе для района: Внуково (ID: 4504209512726642)
2025-10-30 21:36:03,573 - DEBUG - [получить_кафе_в_районе] - Запрос страницы 1 для района Внуково
2025-10-30 21:36:03,576 - DEBUG - [_new_conn] - Starting new HTTPS connection (1): catalog.api.2gis.com:443
2025-10-30 21:36:03,962 - DEBUG - [_make_request] - https://catalog.api.2gis.com:443 "GET /3.0/items?key=50e21a4a-6241-4f9a-aff6-0b7a942be2b7&q=%D0%BA%D0%B0%D1%84%D0%B5&district_id=4504209512726642&type=branch&page=1&page_size=10&fields=items.point%2Citems.name%2Citems.address_name%2Citems.reviews HTTP/1.1" 200 None
2025-10-30 21:36:03,963 - DEBUG - [получить_кафе_в_районе] - Статус ответа: 200
2025-10-30 21:36:03,963 - INFO - [получить_кафе_в_районе] - Загружено 10 кафе со страницы 1
2025-10-30 21:36:04,464 - DEBUG - [получить_кафе_в_районе] - Запрос страницы 2 для района Внуково
2025-10-30 21:36:04,465 - DEBUG - [_new_conn] - Starting new HTTPS connection (1): catalog.api.2gis.com:443
2025-10-30 21:36:04,876 - DEBUG - [_make_request] - https://catalog.api.2gis.com:443 "GET /3.0/items?key=50e21a4a-6241-4f9a-aff6-0b7a942be2b7&q=%D0%BA%D0%B0%D1%84%D0%B5&district_id=4504209512726642&type=branch&page=2&page_size=10&fields=items.point%2Citems.name%2Citems.address_name%2Citems.reviews HTTP/1.1" 200 None
2025-10-30 21:36:04,877 - DEBUG - [получить_кафе_в_районе] - Статус ответа: 200
2025-10-30 21:36:04,878 - INFO - [получить_кафе_в_районе] - Загружено 10 кафе со страницы 2
2025-10-30 21:36:05,379 - DEBUG - [получить_кафе_в_районе] - Запрос страницы 3 для района Внуково
2025-10-30 21:36:05,380 - DEBUG - [_new_conn] - Starting new HTTPS connection (1): catalog.api.2gis.com:443
2025-10-30 21:36:05,789 - DEBUG - [_make_request] - https://catalog.api.2gis.com:443 "GET /3.0/items?key=50e21a4a-6241-4f9a-aff6-0b7a942be2b7&q=%D0%BA%D0%B0%D1%84%D0%B5&district_id=4504209512726642&type=branch&page=3&page_size=10&fields=items.point%2Citems.name%2Citems.address_name%2Citems.reviews HTTP/1.1" 200 None
2025-10-30 21:36:05,790 - DEBUG - [получить_кафе_в_районе] - Статус ответа: 200
2025-10-30 21:36:05,790 - INFO - [получить_кафе_в_районе] - Загружено 10 кафе со страницы 3
2025-10-30 21:36:06,291 - DEBUG - [получить_кафе_в_районе] - Запрос страницы 4 для района Внуково
2025-10-30 21:36:06,293 - DEBUG - [_new_conn] - Starting new HTTPS connection (1): catalog.api.2gis.com:443
2025-10-30 21:36:06,690 - DEBUG - [_make_request] - https://catalog.api.2gis.com:443 "GET /3.0/items?key=50e21a4a-6241-4f9a-aff6-0b7a942be2b7&q=%D0%BA%D0%B0%D1%84%D0%B5&district_id=4504209512726642&type=branch&page=4&page_size=10&fields=items.point%2Citems.name%2Citems.address_name%2Citems.reviews HTTP/1.1" 200 None
2025-10-30 21:36:06,692 - DEBUG - [получить_кафе_в_районе] - Статус ответа: 200
2025-10-30 21:36:06,692 - INFO - [получить_кафе_в_районе] - Загружено 10 кафе со страницы 4
2025-10-30 21:36:07,193 - DEBUG - [получить_кафе_в_районе] - Запрос страницы 5 для района Внуково
2025-10-30 21:36:07,194 - DEBUG - [_new_conn] - Starting new HTTPS connection (1): catalog.api.2gis.com:443
2025-10-30 21:36:07,600 - DEBUG - [_make_request] - https://catalog.api.2gis.com:443 "GET /3.0/items?key=50e21a4a-6241-4f9a-aff6-0b7a942be2b7&q=%D0%BA%D0%B0%D1%84%D0%B5&district_id=4504209512726642&type=branch&page=5&page_size=10&fields=items.point%2Citems.name%2Citems.address_name%2Citems.reviews HTTP/1.1" 200 None
2025-10-30 21:36:07,601 - DEBUG - [получить_кафе_в_районе] - Статус ответа: 200
2025-10-30 21:36:07,601 - INFO - [получить_кафе_в_районе] - Загружено 10 кафе со страницы 5
2025-10-30 21:36:07,602 - INFO - [получить_кафе_в_районе] - Завершение сбора для района Внуково. Найдено кафе: 50
2025-10-30 21:36:07,603 - INFO - [<cell line: 0>] - Район 'Внуково' завершен. Кафе: 50
2025-10-30 21:36:08,605 - INFO - [<cell line: 0>] - [19/132] Обработка района: Войковский
2025-10-30 21:36:08,606 - INFO - [получить_кафе_в_районе] - Начало сбора кафе для района: Войковский (ID: 4504209512726551)
2025-10-30 21:36:08,607 - DEBUG - [получить_кафе_в_районе] - Запрос страницы 1 для района Войковский
2025-10-30 21:36:08,608 - DEBUG - [_new_conn] - Starting new HTTPS connection (1): catalog.api.2gis.com:443
2025-10-30 21:36:09,120 - DEBUG - [_make_request] - https://catalog.api.2gis.com:443 "GET /3.0/items?key=50e21a4a-6241-4f9a-aff6-0b7a942be2b7&q=%D0%BA%D0%B0%D1%84%D0%B5&district_id=4504209512726551&type=branch&page=1&page_size=10&fields=items.point%2Citems.name%2Citems.address_name%2Citems.reviews HTTP/1.1" 200 None
2025-10-30 21:36:09,121 - DEBUG - [получить_кафе_в_районе] - Статус ответа: 200
2025-10-30 21:36:09,121 - INFO - [получить_кафе_в_районе] - Загружено 10 кафе со страницы 1
2025-10-30 21:36:09,622 - DEBUG - [получить_кафе_в_районе] - Запрос страницы 2 для района Войковский
2025-10-30 21:36:09,623 - DEBUG - [_new_conn] - Starting new HTTPS connection (1): catalog.api.2gis.com:443
2025-10-30 21:36:10,105 - DEBUG - [_make_request] - https://catalog.api.2gis.com:443 "GET /3.0/items?key=50e21a4a-6241-4f9a-aff6-0b7a942be2b7&q=%D0%BA%D0%B0%D1%84%D0%B5&district_id=4504209512726551&type=branch&page=2&page_size=10&fields=items.point%2Citems.name%2Citems.address_name%2Citems.reviews HTTP/1.1" 200 None
2025-10-30 21:36:10,106 - DEBUG - [получить_кафе_в_районе] - Статус ответа: 200
2025-10-30 21:36:10,106 - INFO - [получить_кафе_в_районе] - Загружено 10 кафе со страницы 2
2025-10-30 21:36:10,607 - DEBUG - [получить_кафе_в_районе] - Запрос страницы 3 для района Войковский
2025-10-30 21:36:10,608 - DEBUG - [_new_conn] - Starting new HTTPS connection (1): catalog.api.2gis.com:443
2025-10-30 21:36:10,994 - DEBUG - [_make_request] - https://catalog.api.2gis.com:443 "GET /3.0/items?key=50e21a4a-6241-4f9a-aff6-0b7a942be2b7&q=%D0%BA%D0%B0%D1%84%D0%B5&district_id=4504209512726551&type=branch&page=3&page_size=10&fields=items.point%2Citems.name%2Citems.address_name%2Citems.reviews HTTP/1.1" 200 None
2025-10-30 21:36:10,995 - DEBUG - [получить_кафе_в_районе] - Статус ответа: 200
2025-10-30 21:36:10,995 - INFO - [получить_кафе_в_районе] - Загружено 10 кафе со страницы 3
2025-10-30 21:36:11,496 - DEBUG - [получить_кафе_в_районе] - Запрос страницы 4 для района Войковский
2025-10-30 21:36:11,497 - DEBUG - [_new_conn] - Starting new HTTPS connection (1): catalog.api.2gis.com:443
2025-10-30 21:36:11,903 - DEBUG - [_make_request] - https://catalog.api.2gis.com:443 "GET /3.0/items?key=50e21a4a-6241-4f9a-aff6-0b7a942be2b7&q=%D0%BA%D0%B0%D1%84%D0%B5&district_id=4504209512726551&type=branch&page=4&page_size=10&fields=items.point%2Citems.name%2Citems.address_name%2Citems.reviews HTTP/1.1" 200 None
2025-10-30 21:36:11,904 - DEBUG - [получить_кафе_в_районе] - Статус ответа: 200
2025-10-30 21:36:11,904 - INFO - [получить_кафе_в_районе] - Загружено 3 кафе со страницы 4
2025-10-30 21:36:12,405 - DEBUG - [получить_кафе_в_районе] - Запрос страницы 5 для района Войковский
2025-10-30 21:36:12,406 - DEBUG - [_new_conn] - Starting new HTTPS connection (1): catalog.api.2gis.com:443
2025-10-30 21:36:12,780 - DEBUG - [_make_request] - https://catalog.api.2gis.com:443 "GET /3.0/items?key=50e21a4a-6241-4f9a-aff6-0b7a942be2b7&q=%D0%BA%D0%B0%D1%84%D0%B5&district_id=4504209512726551&type=branch&page=5&page_size=10&fields=items.point%2Citems.name%2Citems.address_name%2Citems.reviews HTTP/1.1" 200 133
2025-10-30 21:36:12,781 - DEBUG - [получить_кафе_в_районе] - Статус ответа: 200
2025-10-30 21:36:12,781 - WARNING - [получить_кафе_в_районе] - На странице 5 нет данных в ожидаемом формате
2025-10-30 21:36:12,781 - INFO - [получить_кафе_в_районе] - Завершение сбора для района Войковский. Найдено кафе: 33
2025-10-30 21:36:12,783 - INFO - [<cell line: 0>] - Район 'Войковский' завершен. Кафе: 33
2025-10-30 21:36:13,784 - INFO - [<cell line: 0>] - [20/132] Обработка района: Вороново
2025-10-30 21:36:13,785 - INFO - [получить_кафе_в_районе] - Начало сбора кафе для района: Вороново (ID: 4504209520931533)
2025-10-30 21:36:13,786 - DEBUG - [получить_кафе_в_районе] - Запрос страницы 1 для района Вороново
2025-10-30 21:36:13,788 - DEBUG - [_new_conn] - Starting new HTTPS connection (1): catalog.api.2gis.com:443
2025-10-30 21:36:14,170 - DEBUG - [_make_request] - https://catalog.api.2gis.com:443 "GET /3.0/items?key=50e21a4a-6241-4f9a-aff6-0b7a942be2b7&q=%D0%BA%D0%B0%D1%84%D0%B5&district_id=4504209520931533&type=branch&page=1&page_size=10&fields=items.point%2Citems.name%2Citems.address_name%2Citems.reviews HTTP/1.1" 200 None
2025-10-30 21:36:14,171 - DEBUG - [получить_кафе_в_районе] - Статус ответа: 200
2025-10-30 21:36:14,171 - INFO - [получить_кафе_в_районе] - Загружено 9 кафе со страницы 1
2025-10-30 21:36:14,672 - DEBUG - [получить_кафе_в_районе] - Запрос страницы 2 для района Вороново
2025-10-30 21:36:14,673 - DEBUG - [_new_conn] - Starting new HTTPS connection (1): catalog.api.2gis.com:443
2025-10-30 21:36:15,076 - DEBUG - [_make_request] - https://catalog.api.2gis.com:443 "GET /3.0/items?key=50e21a4a-6241-4f9a-aff6-0b7a942be2b7&q=%D0%BA%D0%B0%D1%84%D0%B5&district_id=4504209520931533&type=branch&page=2&page_size=10&fields=items.point%2Citems.name%2Citems.address_name%2Citems.reviews HTTP/1.1" 200 133
2025-10-30 21:36:15,077 - DEBUG - [получить_кафе_в_районе] - Статус ответа: 200
2025-10-30 21:36:15,077 - WARNING - [получить_кафе_в_районе] - На странице 2 нет данных в ожидаемом формате
2025-10-30 21:36:15,578 - DEBUG - [получить_кафе_в_районе] - Запрос страницы 3 для района Вороново
2025-10-30 21:36:15,579 - DEBUG - [_new_conn] - Starting new HTTPS connection (1): catalog.api.2gis.com:443
2025-10-30 21:36:15,958 - DEBUG - [_make_request] - https://catalog.api.2gis.com:443 "GET /3.0/items?key=50e21a4a-6241-4f9a-aff6-0b7a942be2b7&q=%D0%BA%D0%B0%D1%84%D0%B5&district_id=4504209520931533&type=branch&page=3&page_size=10&fields=items.point%2Citems.name%2Citems.address_name%2Citems.reviews HTTP/1.1" 200 133
2025-10-30 21:36:15,959 - DEBUG - [получить_кафе_в_районе] - Статус ответа: 200
2025-10-30 21:36:15,960 - WARNING - [получить_кафе_в_районе] - На странице 3 нет данных в ожидаемом формате
2025-10-30 21:36:16,460 - DEBUG - [получить_кафе_в_районе] - Запрос страницы 4 для района Вороново
2025-10-30 21:36:16,462 - DEBUG - [_new_conn] - Starting new HTTPS connection (1): catalog.api.2gis.com:443
2025-10-30 21:36:16,841 - DEBUG - [_make_request] - https://catalog.api.2gis.com:443 "GET /3.0/items?key=50e21a4a-6241-4f9a-aff6-0b7a942be2b7&q=%D0%BA%D0%B0%D1%84%D0%B5&district_id=4504209520931533&type=branch&page=4&page_size=10&fields=items.point%2Citems.name%2Citems.address_name%2Citems.reviews HTTP/1.1" 200 133
2025-10-30 21:36:16,843 - DEBUG - [получить_кафе_в_районе] - Статус ответа: 200
2025-10-30 21:36:16,843 - WARNING - [получить_кафе_в_районе] - На странице 4 нет данных в ожидаемом формате
2025-10-30 21:36:17,344 - DEBUG - [получить_кафе_в_районе] - Запрос страницы 5 для района Вороново
2025-10-30 21:36:17,345 - DEBUG - [_new_conn] - Starting new HTTPS connection (1): catalog.api.2gis.com:443
2025-10-30 21:36:17,723 - DEBUG - [_make_request] - https://catalog.api.2gis.com:443 "GET /3.0/items?key=50e21a4a-6241-4f9a-aff6-0b7a942be2b7&q=%D0%BA%D0%B0%D1%84%D0%B5&district_id=4504209520931533&type=branch&page=5&page_size=10&fields=items.point%2Citems.name%2Citems.address_name%2Citems.reviews HTTP/1.1" 200 133
2025-10-30 21:36:17,726 - DEBUG - [получить_кафе_в_районе] - Статус ответа: 200
2025-10-30 21:36:17,726 - WARNING - [получить_кафе_в_районе] - На странице 5 нет данных в ожидаемом формате
2025-10-30 21:36:17,728 - INFO - [получить_кафе_в_районе] - Завершение сбора для района Вороново. Найдено кафе: 9
2025-10-30 21:36:17,730 - INFO - [<cell line: 0>] - Район 'Вороново' завершен. Кафе: 9
2025-10-30 21:36:18,731 - INFO - [<cell line: 0>] - [21/132] Обработка района: Восточное Дегунино
2025-10-30 21:36:18,732 - INFO - [получить_кафе_в_районе] - Начало сбора кафе для района: Восточное Дегунино (ID: 4504209512726544)
2025-10-30 21:36:18,733 - DEBUG - [получить_кафе_в_районе] - Запрос страницы 1 для района Восточное Дегунино
2025-10-30 21:36:18,735 - DEBUG - [_new_conn] - Starting new HTTPS connection (1): catalog.api.2gis.com:443
2025-10-30 21:36:19,123 - DEBUG - [_make_request] - https://catalog.api.2gis.com:443 "GET /3.0/items?key=50e21a4a-6241-4f9a-aff6-0b7a942be2b7&q=%D0%BA%D0%B0%D1%84%D0%B5&district_id=4504209512726544&type=branch&page=1&page_size=10&fields=items.point%2Citems.name%2Citems.address_name%2Citems.reviews HTTP/1.1" 200 None
2025-10-30 21:36:19,124 - DEBUG - [получить_кафе_в_районе] - Статус ответа: 200
2025-10-30 21:36:19,124 - INFO - [получить_кафе_в_районе] - Загружено 7 кафе со страницы 1
2025-10-30 21:36:19,625 - DEBUG - [получить_кафе_в_районе] - Запрос страницы 2 для района Восточное Дегунино
2025-10-30 21:36:19,626 - DEBUG - [_new_conn] - Starting new HTTPS connection (1): catalog.api.2gis.com:443
2025-10-30 21:36:20,005 - DEBUG - [_make_request] - https://catalog.api.2gis.com:443 "GET /3.0/items?key=50e21a4a-6241-4f9a-aff6-0b7a942be2b7&q=%D0%BA%D0%B0%D1%84%D0%B5&district_id=4504209512726544&type=branch&page=2&page_size=10&fields=items.point%2Citems.name%2Citems.address_name%2Citems.reviews HTTP/1.1" 200 133
2025-10-30 21:36:20,006 - DEBUG - [получить_кафе_в_районе] - Статус ответа: 200
2025-10-30 21:36:20,006 - WARNING - [получить_кафе_в_районе] - На странице 2 нет данных в ожидаемом формате
2025-10-30 21:36:20,507 - DEBUG - [получить_кафе_в_районе] - Запрос страницы 3 для района Восточное Дегунино
2025-10-30 21:36:20,508 - DEBUG - [_new_conn] - Starting new HTTPS connection (1): catalog.api.2gis.com:443
2025-10-30 21:36:20,888 - DEBUG - [_make_request] - https://catalog.api.2gis.com:443 "GET /3.0/items?key=50e21a4a-6241-4f9a-aff6-0b7a942be2b7&q=%D0%BA%D0%B0%D1%84%D0%B5&district_id=4504209512726544&type=branch&page=3&page_size=10&fields=items.point%2Citems.name%2Citems.address_name%2Citems.reviews HTTP/1.1" 200 133
2025-10-30 21:36:20,889 - DEBUG - [получить_кафе_в_районе] - Статус ответа: 200
2025-10-30 21:36:20,889 - WARNING - [получить_кафе_в_районе] - На странице 3 нет данных в ожидаемом формате
2025-10-30 21:36:21,390 - DEBUG - [получить_кафе_в_районе] - Запрос страницы 4 для района Восточное Дегунино
2025-10-30 21:36:21,391 - DEBUG - [_new_conn] - Starting new HTTPS connection (1): catalog.api.2gis.com:443
2025-10-30 21:36:21,781 - DEBUG - [_make_request] - https://catalog.api.2gis.com:443 "GET /3.0/items?key=50e21a4a-6241-4f9a-aff6-0b7a942be2b7&q=%D0%BA%D0%B0%D1%84%D0%B5&district_id=4504209512726544&type=branch&page=4&page_size=10&fields=items.point%2Citems.name%2Citems.address_name%2Citems.reviews HTTP/1.1" 200 133
2025-10-30 21:36:21,782 - DEBUG - [получить_кафе_в_районе] - Статус ответа: 200
2025-10-30 21:36:21,782 - WARNING - [получить_кафе_в_районе] - На странице 4 нет данных в ожидаемом формате
2025-10-30 21:36:22,283 - DEBUG - [получить_кафе_в_районе] - Запрос страницы 5 для района Восточное Дегунино
2025-10-30 21:36:22,284 - DEBUG - [_new_conn] - Starting new HTTPS connection (1): catalog.api.2gis.com:443
2025-10-30 21:36:22,663 - DEBUG - [_make_request] - https://catalog.api.2gis.com:443 "GET /3.0/items?key=50e21a4a-6241-4f9a-aff6-0b7a942be2b7&q=%D0%BA%D0%B0%D1%84%D0%B5&district_id=4504209512726544&type=branch&page=5&page_size=10&fields=items.point%2Citems.name%2Citems.address_name%2Citems.reviews HTTP/1.1" 200 133
2025-10-30 21:36:22,664 - DEBUG - [получить_кафе_в_районе] - Статус ответа: 200
2025-10-30 21:36:22,664 - WARNING - [получить_кафе_в_районе] - На странице 5 нет данных в ожидаемом формате
2025-10-30 21:36:22,665 - INFO - [получить_кафе_в_районе] - Завершение сбора для района Восточное Дегунино. Найдено кафе: 7
2025-10-30 21:36:22,666 - INFO - [<cell line: 0>] - Район 'Восточное Дегунино' завершен. Кафе: 7
2025-10-30 21:36:23,667 - INFO - [<cell line: 0>] - [22/132] Обработка района: Восточное Измайлово
2025-10-30 21:36:23,668 - INFO - [получить_кафе_в_районе] - Начало сбора кафе для района: Восточное Измайлово (ID: 4504209512726575)
2025-10-30 21:36:23,669 - DEBUG - [получить_кафе_в_районе] - Запрос страницы 1 для района Восточное Измайлово
2025-10-30 21:36:23,671 - DEBUG - [_new_conn] - Starting new HTTPS connection (1): catalog.api.2gis.com:443
2025-10-30 21:36:24,059 - DEBUG - [_make_request] - https://catalog.api.2gis.com:443 "GET /3.0/items?key=50e21a4a-6241-4f9a-aff6-0b7a942be2b7&q=%D0%BA%D0%B0%D1%84%D0%B5&district_id=4504209512726575&type=branch&page=1&page_size=10&fields=items.point%2Citems.name%2Citems.address_name%2Citems.reviews HTTP/1.1" 200 None
2025-10-30 21:36:24,060 - DEBUG - [получить_кафе_в_районе] - Статус ответа: 200
2025-10-30 21:36:24,060 - INFO - [получить_кафе_в_районе] - Загружено 10 кафе со страницы 1
2025-10-30 21:36:24,561 - DEBUG - [получить_кафе_в_районе] - Запрос страницы 2 для района Восточное Измайлово
2025-10-30 21:36:24,562 - DEBUG - [_new_conn] - Starting new HTTPS connection (1): catalog.api.2gis.com:443
2025-10-30 21:36:24,939 - DEBUG - [_make_request] - https://catalog.api.2gis.com:443 "GET /3.0/items?key=50e21a4a-6241-4f9a-aff6-0b7a942be2b7&q=%D0%BA%D0%B0%D1%84%D0%B5&district_id=4504209512726575&type=branch&page=2&page_size=10&fields=items.point%2Citems.name%2Citems.address_name%2Citems.reviews HTTP/1.1" 200 None
2025-10-30 21:36:24,940 - DEBUG - [получить_кафе_в_районе] - Статус ответа: 200
2025-10-30 21:36:24,940 - INFO - [получить_кафе_в_районе] - Загружено 2 кафе со страницы 2
2025-10-30 21:36:25,441 - DEBUG - [получить_кафе_в_районе] - Запрос страницы 3 для района Восточное Измайлово
2025-10-30 21:36:25,442 - DEBUG - [_new_conn] - Starting new HTTPS connection (1): catalog.api.2gis.com:443
2025-10-30 21:36:25,819 - DEBUG - [_make_request] - https://catalog.api.2gis.com:443 "GET /3.0/items?key=50e21a4a-6241-4f9a-aff6-0b7a942be2b7&q=%D0%BA%D0%B0%D1%84%D0%B5&district_id=4504209512726575&type=branch&page=3&page_size=10&fields=items.point%2Citems.name%2Citems.address_name%2Citems.reviews HTTP/1.1" 200 133
2025-10-30 21:36:25,820 - DEBUG - [получить_кафе_в_районе] - Статус ответа: 200
2025-10-30 21:36:25,820 - WARNING - [получить_кафе_в_районе] - На странице 3 нет данных в ожидаемом формате
2025-10-30 21:36:26,321 - DEBUG - [получить_кафе_в_районе] - Запрос страницы 4 для района Восточное Измайлово
2025-10-30 21:36:26,322 - DEBUG - [_new_conn] - Starting new HTTPS connection (1): catalog.api.2gis.com:443
2025-10-30 21:36:26,721 - DEBUG - [_make_request] - https://catalog.api.2gis.com:443 "GET /3.0/items?key=50e21a4a-6241-4f9a-aff6-0b7a942be2b7&q=%D0%BA%D0%B0%D1%84%D0%B5&district_id=4504209512726575&type=branch&page=4&page_size=10&fields=items.point%2Citems.name%2Citems.address_name%2Citems.reviews HTTP/1.1" 200 133
2025-10-30 21:36:26,722 - DEBUG - [получить_кафе_в_районе] - Статус ответа: 200
2025-10-30 21:36:26,722 - WARNING - [получить_кафе_в_районе] - На странице 4 нет данных в ожидаемом формате
2025-10-30 21:36:27,223 - DEBUG - [получить_кафе_в_районе] - Запрос страницы 5 для района Восточное Измайлово
2025-10-30 21:36:27,224 - DEBUG - [_new_conn] - Starting new HTTPS connection (1): catalog.api.2gis.com:443
2025-10-30 21:36:27,633 - DEBUG - [_make_request] - https://catalog.api.2gis.com:443 "GET /3.0/items?key=50e21a4a-6241-4f9a-aff6-0b7a942be2b7&q=%D0%BA%D0%B0%D1%84%D0%B5&district_id=4504209512726575&type=branch&page=5&page_size=10&fields=items.point%2Citems.name%2Citems.address_name%2Citems.reviews HTTP/1.1" 200 133
2025-10-30 21:36:27,634 - DEBUG - [получить_кафе_в_районе] - Статус ответа: 200
2025-10-30 21:36:27,634 - WARNING - [получить_кафе_в_районе] - На странице 5 нет данных в ожидаемом формате
2025-10-30 21:36:27,635 - INFO - [получить_кафе_в_районе] - Завершение сбора для района Восточное Измайлово. Найдено кафе: 12
2025-10-30 21:36:27,636 - INFO - [<cell line: 0>] - Район 'Восточное Измайлово' завершен. Кафе: 12
2025-10-30 21:36:28,637 - INFO - [<cell line: 0>] - [23/132] Обработка района: Восточный
2025-10-30 21:36:28,638 - INFO - [получить_кафе_в_районе] - Начало сбора кафе для района: Восточный (ID: 4504209512726586)
2025-10-30 21:36:28,640 - DEBUG - [получить_кафе_в_районе] - Запрос страницы 1 для района Восточный
2025-10-30 21:36:28,642 - DEBUG - [_new_conn] - Starting new HTTPS connection (1): catalog.api.2gis.com:443
2025-10-30 21:36:29,019 - DEBUG - [_make_request] - https://catalog.api.2gis.com:443 "GET /3.0/items?key=50e21a4a-6241-4f9a-aff6-0b7a942be2b7&q=%D0%BA%D0%B0%D1%84%D0%B5&district_id=4504209512726586&type=branch&page=1&page_size=10&fields=items.point%2Citems.name%2Citems.address_name%2Citems.reviews HTTP/1.1" 200 133
2025-10-30 21:36:29,020 - DEBUG - [получить_кафе_в_районе] - Статус ответа: 200
2025-10-30 21:36:29,020 - WARNING - [получить_кафе_в_районе] - На странице 1 нет данных в ожидаемом формате
2025-10-30 21:36:29,521 - DEBUG - [получить_кафе_в_районе] - Запрос страницы 2 для района Восточный
2025-10-30 21:36:29,523 - DEBUG - [_new_conn] - Starting new HTTPS connection (1): catalog.api.2gis.com:443
2025-10-30 21:36:29,900 - DEBUG - [_make_request] - https://catalog.api.2gis.com:443 "GET /3.0/items?key=50e21a4a-6241-4f9a-aff6-0b7a942be2b7&q=%D0%BA%D0%B0%D1%84%D0%B5&district_id=4504209512726586&type=branch&page=2&page_size=10&fields=items.point%2Citems.name%2Citems.address_name%2Citems.reviews HTTP/1.1" 200 133
2025-10-30 21:36:29,901 - DEBUG - [получить_кафе_в_районе] - Статус ответа: 200
2025-10-30 21:36:29,901 - WARNING - [получить_кафе_в_районе] - На странице 2 нет данных в ожидаемом формате
2025-10-30 21:36:30,403 - DEBUG - [получить_кафе_в_районе] - Запрос страницы 3 для района Восточный
2025-10-30 21:36:30,404 - DEBUG - [_new_conn] - Starting new HTTPS connection (1): catalog.api.2gis.com:443
2025-10-30 21:36:30,783 - DEBUG - [_make_request] - https://catalog.api.2gis.com:443 "GET /3.0/items?key=50e21a4a-6241-4f9a-aff6-0b7a942be2b7&q=%D0%BA%D0%B0%D1%84%D0%B5&district_id=4504209512726586&type=branch&page=3&page_size=10&fields=items.point%2Citems.name%2Citems.address_name%2Citems.reviews HTTP/1.1" 200 133
2025-10-30 21:36:30,784 - DEBUG - [получить_кафе_в_районе] - Статус ответа: 200
2025-10-30 21:36:30,784 - WARNING - [получить_кафе_в_районе] - На странице 3 нет данных в ожидаемом формате
2025-10-30 21:36:31,285 - DEBUG - [получить_кафе_в_районе] - Запрос страницы 4 для района Восточный
2025-10-30 21:36:31,286 - DEBUG - [_new_conn] - Starting new HTTPS connection (1): catalog.api.2gis.com:443
2025-10-30 21:36:31,677 - DEBUG - [_make_request] - https://catalog.api.2gis.com:443 "GET /3.0/items?key=50e21a4a-6241-4f9a-aff6-0b7a942be2b7&q=%D0%BA%D0%B0%D1%84%D0%B5&district_id=4504209512726586&type=branch&page=4&page_size=10&fields=items.point%2Citems.name%2Citems.address_name%2Citems.reviews HTTP/1.1" 200 133
2025-10-30 21:36:31,678 - DEBUG - [получить_кафе_в_районе] - Статус ответа: 200
2025-10-30 21:36:31,679 - WARNING - [получить_кафе_в_районе] - На странице 4 нет данных в ожидаемом формате
2025-10-30 21:36:32,179 - DEBUG - [получить_кафе_в_районе] - Запрос страницы 5 для района Восточный
2025-10-30 21:36:32,181 - DEBUG - [_new_conn] - Starting new HTTPS connection (1): catalog.api.2gis.com:443
2025-10-30 21:36:32,553 - DEBUG - [_make_request] - https://catalog.api.2gis.com:443 "GET /3.0/items?key=50e21a4a-6241-4f9a-aff6-0b7a942be2b7&q=%D0%BA%D0%B0%D1%84%D0%B5&district_id=4504209512726586&type=branch&page=5&page_size=10&fields=items.point%2Citems.name%2Citems.address_name%2Citems.reviews HTTP/1.1" 200 133
2025-10-30 21:36:32,553 - DEBUG - [получить_кафе_в_районе] - Статус ответа: 200
2025-10-30 21:36:32,554 - WARNING - [получить_кафе_в_районе] - На странице 5 нет данных в ожидаемом формате
2025-10-30 21:36:32,554 - INFO - [получить_кафе_в_районе] - Завершение сбора для района Восточный. Найдено кафе: 0
2025-10-30 21:36:32,556 - INFO - [<cell line: 0>] - Район 'Восточный' завершен. Кафе: 0
2025-10-30 21:36:33,557 - INFO - [<cell line: 0>] - [24/132] Обработка района: Выхино-Жулебино
2025-10-30 21:36:33,558 - INFO - [получить_кафе_в_районе] - Начало сбора кафе для района: Выхино-Жулебино (ID: 4504209512726600)
2025-10-30 21:36:33,559 - DEBUG - [получить_кафе_в_районе] - Запрос страницы 1 для района Выхино-Жулебино
2025-10-30 21:36:33,560 - DEBUG - [_new_conn] - Starting new HTTPS connection (1): catalog.api.2gis.com:443
2025-10-30 21:36:33,956 - DEBUG - [_make_request] - https://catalog.api.2gis.com:443 "GET /3.0/items?key=50e21a4a-6241-4f9a-aff6-0b7a942be2b7&q=%D0%BA%D0%B0%D1%84%D0%B5&district_id=4504209512726600&type=branch&page=1&page_size=10&fields=items.point%2Citems.name%2Citems.address_name%2Citems.reviews HTTP/1.1" 200 None
2025-10-30 21:36:33,956 - DEBUG - [получить_кафе_в_районе] - Статус ответа: 200
2025-10-30 21:36:33,957 - INFO - [получить_кафе_в_районе] - Загружено 10 кафе со страницы 1
2025-10-30 21:36:34,458 - DEBUG - [получить_кафе_в_районе] - Запрос страницы 2 для района Выхино-Жулебино
2025-10-30 21:36:34,459 - DEBUG - [_new_conn] - Starting new HTTPS connection (1): catalog.api.2gis.com:443
2025-10-30 21:36:34,869 - DEBUG - [_make_request] - https://catalog.api.2gis.com:443 "GET /3.0/items?key=50e21a4a-6241-4f9a-aff6-0b7a942be2b7&q=%D0%BA%D0%B0%D1%84%D0%B5&district_id=4504209512726600&type=branch&page=2&page_size=10&fields=items.point%2Citems.name%2Citems.address_name%2Citems.reviews HTTP/1.1" 200 None
2025-10-30 21:36:34,870 - DEBUG - [получить_кафе_в_районе] - Статус ответа: 200
2025-10-30 21:36:34,870 - INFO - [получить_кафе_в_районе] - Загружено 10 кафе со страницы 2
2025-10-30 21:36:35,371 - DEBUG - [получить_кафе_в_районе] - Запрос страницы 3 для района Выхино-Жулебино
2025-10-30 21:36:35,372 - DEBUG - [_new_conn] - Starting new HTTPS connection (1): catalog.api.2gis.com:443
2025-10-30 21:36:35,777 - DEBUG - [_make_request] - https://catalog.api.2gis.com:443 "GET /3.0/items?key=50e21a4a-6241-4f9a-aff6-0b7a942be2b7&q=%D0%BA%D0%B0%D1%84%D0%B5&district_id=4504209512726600&type=branch&page=3&page_size=10&fields=items.point%2Citems.name%2Citems.address_name%2Citems.reviews HTTP/1.1" 200 None
2025-10-30 21:36:35,778 - DEBUG - [получить_кафе_в_районе] - Статус ответа: 200
2025-10-30 21:36:35,778 - INFO - [получить_кафе_в_районе] - Загружено 10 кафе со страницы 3
2025-10-30 21:36:36,279 - DEBUG - [получить_кафе_в_районе] - Запрос страницы 4 для района Выхино-Жулебино
2025-10-30 21:36:36,280 - DEBUG - [_new_conn] - Starting new HTTPS connection (1): catalog.api.2gis.com:443
2025-10-30 21:36:36,668 - DEBUG - [_make_request] - https://catalog.api.2gis.com:443 "GET /3.0/items?key=50e21a4a-6241-4f9a-aff6-0b7a942be2b7&q=%D0%BA%D0%B0%D1%84%D0%B5&district_id=4504209512726600&type=branch&page=4&page_size=10&fields=items.point%2Citems.name%2Citems.address_name%2Citems.reviews HTTP/1.1" 200 None
2025-10-30 21:36:36,669 - DEBUG - [получить_кафе_в_районе] - Статус ответа: 200
2025-10-30 21:36:36,669 - INFO - [получить_кафе_в_районе] - Загружено 3 кафе со страницы 4
2025-10-30 21:36:37,170 - DEBUG - [получить_кафе_в_районе] - Запрос страницы 5 для района Выхино-Жулебино
2025-10-30 21:36:37,171 - DEBUG - [_new_conn] - Starting new HTTPS connection (1): catalog.api.2gis.com:443
2025-10-30 21:36:37,561 - DEBUG - [_make_request] - https://catalog.api.2gis.com:443 "GET /3.0/items?key=50e21a4a-6241-4f9a-aff6-0b7a942be2b7&q=%D0%BA%D0%B0%D1%84%D0%B5&district_id=4504209512726600&type=branch&page=5&page_size=10&fields=items.point%2Citems.name%2Citems.address_name%2Citems.reviews HTTP/1.1" 200 133
2025-10-30 21:36:37,562 - DEBUG - [получить_кафе_в_районе] - Статус ответа: 200
2025-10-30 21:36:37,562 - WARNING - [получить_кафе_в_районе] - На странице 5 нет данных в ожидаемом формате
2025-10-30 21:36:37,563 - INFO - [получить_кафе_в_районе] - Завершение сбора для района Выхино-Жулебино. Найдено кафе: 33
2025-10-30 21:36:37,565 - INFO - [<cell line: 0>] - Район 'Выхино-Жулебино' завершен. Кафе: 33
2025-10-30 21:36:38,567 - INFO - [<cell line: 0>] - [25/132] Обработка района: Гагаринский
2025-10-30 21:36:38,568 - INFO - [получить_кафе_в_районе] - Начало сбора кафе для района: Гагаринский (ID: 4504209512726624)
2025-10-30 21:36:38,569 - DEBUG - [получить_кафе_в_районе] - Запрос страницы 1 для района Гагаринский
2025-10-30 21:36:38,572 - DEBUG - [_new_conn] - Starting new HTTPS connection (1): catalog.api.2gis.com:443
2025-10-30 21:36:38,962 - DEBUG - [_make_request] - https://catalog.api.2gis.com:443 "GET /3.0/items?key=50e21a4a-6241-4f9a-aff6-0b7a942be2b7&q=%D0%BA%D0%B0%D1%84%D0%B5&district_id=4504209512726624&type=branch&page=1&page_size=10&fields=items.point%2Citems.name%2Citems.address_name%2Citems.reviews HTTP/1.1" 200 None
2025-10-30 21:36:38,963 - DEBUG - [получить_кафе_в_районе] - Статус ответа: 200
2025-10-30 21:36:38,963 - INFO - [получить_кафе_в_районе] - Загружено 10 кафе со страницы 1
2025-10-30 21:36:39,464 - DEBUG - [получить_кафе_в_районе] - Запрос страницы 2 для района Гагаринский
2025-10-30 21:36:39,465 - DEBUG - [_new_conn] - Starting new HTTPS connection (1): catalog.api.2gis.com:443
2025-10-30 21:36:40,085 - DEBUG - [_make_request] - https://catalog.api.2gis.com:443 "GET /3.0/items?key=50e21a4a-6241-4f9a-aff6-0b7a942be2b7&q=%D0%BA%D0%B0%D1%84%D0%B5&district_id=4504209512726624&type=branch&page=2&page_size=10&fields=items.point%2Citems.name%2Citems.address_name%2Citems.reviews HTTP/1.1" 200 None
2025-10-30 21:36:40,086 - DEBUG - [получить_кафе_в_районе] - Статус ответа: 200
2025-10-30 21:36:40,086 - INFO - [получить_кафе_в_районе] - Загружено 10 кафе со страницы 2
2025-10-30 21:36:40,587 - DEBUG - [получить_кафе_в_районе] - Запрос страницы 3 для района Гагаринский
2025-10-30 21:36:40,589 - DEBUG - [_new_conn] - Starting new HTTPS connection (1): catalog.api.2gis.com:443
2025-10-30 21:36:40,969 - DEBUG - [_make_request] - https://catalog.api.2gis.com:443 "GET /3.0/items?key=50e21a4a-6241-4f9a-aff6-0b7a942be2b7&q=%D0%BA%D0%B0%D1%84%D0%B5&district_id=4504209512726624&type=branch&page=3&page_size=10&fields=items.point%2Citems.name%2Citems.address_name%2Citems.reviews HTTP/1.1" 200 None
2025-10-30 21:36:40,971 - DEBUG - [получить_кафе_в_районе] - Статус ответа: 200
2025-10-30 21:36:40,971 - INFO - [получить_кафе_в_районе] - Загружено 10 кафе со страницы 3
2025-10-30 21:36:41,472 - DEBUG - [получить_кафе_в_районе] - Запрос страницы 4 для района Гагаринский
2025-10-30 21:36:41,473 - DEBUG - [_new_conn] - Starting new HTTPS connection (1): catalog.api.2gis.com:443
2025-10-30 21:36:41,861 - DEBUG - [_make_request] - https://catalog.api.2gis.com:443 "GET /3.0/items?key=50e21a4a-6241-4f9a-aff6-0b7a942be2b7&q=%D0%BA%D0%B0%D1%84%D0%B5&district_id=4504209512726624&type=branch&page=4&page_size=10&fields=items.point%2Citems.name%2Citems.address_name%2Citems.reviews HTTP/1.1" 200 None
2025-10-30 21:36:41,862 - DEBUG - [получить_кафе_в_районе] - Статус ответа: 200
2025-10-30 21:36:41,862 - INFO - [получить_кафе_в_районе] - Загружено 3 кафе со страницы 4
2025-10-30 21:36:42,363 - DEBUG - [получить_кафе_в_районе] - Запрос страницы 5 для района Гагаринский
2025-10-30 21:36:42,365 - DEBUG - [_new_conn] - Starting new HTTPS connection (1): catalog.api.2gis.com:443
2025-10-30 21:36:42,772 - DEBUG - [_make_request] - https://catalog.api.2gis.com:443 "GET /3.0/items?key=50e21a4a-6241-4f9a-aff6-0b7a942be2b7&q=%D0%BA%D0%B0%D1%84%D0%B5&district_id=4504209512726624&type=branch&page=5&page_size=10&fields=items.point%2Citems.name%2Citems.address_name%2Citems.reviews HTTP/1.1" 200 133
2025-10-30 21:36:42,773 - DEBUG - [получить_кафе_в_районе] - Статус ответа: 200
2025-10-30 21:36:42,773 - WARNING - [получить_кафе_в_районе] - На странице 5 нет данных в ожидаемом формате
2025-10-30 21:36:42,774 - INFO - [получить_кафе_в_районе] - Завершение сбора для района Гагаринский. Найдено кафе: 33
2025-10-30 21:36:42,776 - INFO - [<cell line: 0>] - Район 'Гагаринский' завершен. Кафе: 33
2025-10-30 21:36:43,777 - INFO - [<cell line: 0>] - [26/132] Обработка района: Головинский
2025-10-30 21:36:43,777 - INFO - [получить_кафе_в_районе] - Начало сбора кафе для района: Головинский (ID: 4504209512726549)
2025-10-30 21:36:43,779 - DEBUG - [получить_кафе_в_районе] - Запрос страницы 1 для района Головинский
2025-10-30 21:36:43,780 - DEBUG - [_new_conn] - Starting new HTTPS connection (1): catalog.api.2gis.com:443
2025-10-30 21:36:44,176 - DEBUG - [_make_request] - https://catalog.api.2gis.com:443 "GET /3.0/items?key=50e21a4a-6241-4f9a-aff6-0b7a942be2b7&q=%D0%BA%D0%B0%D1%84%D0%B5&district_id=4504209512726549&type=branch&page=1&page_size=10&fields=items.point%2Citems.name%2Citems.address_name%2Citems.reviews HTTP/1.1" 200 None
2025-10-30 21:36:44,177 - DEBUG - [получить_кафе_в_районе] - Статус ответа: 200
2025-10-30 21:36:44,177 - INFO - [получить_кафе_в_районе] - Загружено 10 кафе со страницы 1
2025-10-30 21:36:44,678 - DEBUG - [получить_кафе_в_районе] - Запрос страницы 2 для района Головинский
2025-10-30 21:36:44,679 - DEBUG - [_new_conn] - Starting new HTTPS connection (1): catalog.api.2gis.com:443
2025-10-30 21:36:45,096 - DEBUG - [_make_request] - https://catalog.api.2gis.com:443 "GET /3.0/items?key=50e21a4a-6241-4f9a-aff6-0b7a942be2b7&q=%D0%BA%D0%B0%D1%84%D0%B5&district_id=4504209512726549&type=branch&page=2&page_size=10&fields=items.point%2Citems.name%2Citems.address_name%2Citems.reviews HTTP/1.1" 200 None
2025-10-30 21:36:45,097 - DEBUG - [получить_кафе_в_районе] - Статус ответа: 200
2025-10-30 21:36:45,097 - INFO - [получить_кафе_в_районе] - Загружено 10 кафе со страницы 2
2025-10-30 21:36:45,598 - DEBUG - [получить_кафе_в_районе] - Запрос страницы 3 для района Головинский
2025-10-30 21:36:45,599 - DEBUG - [_new_conn] - Starting new HTTPS connection (1): catalog.api.2gis.com:443
2025-10-30 21:36:46,014 - DEBUG - [_make_request] - https://catalog.api.2gis.com:443 "GET /3.0/items?key=50e21a4a-6241-4f9a-aff6-0b7a942be2b7&q=%D0%BA%D0%B0%D1%84%D0%B5&district_id=4504209512726549&type=branch&page=3&page_size=10&fields=items.point%2Citems.name%2Citems.address_name%2Citems.reviews HTTP/1.1" 200 None
2025-10-30 21:36:46,016 - DEBUG - [получить_кафе_в_районе] - Статус ответа: 200
2025-10-30 21:36:46,016 - INFO - [получить_кафе_в_районе] - Загружено 10 кафе со страницы 3
2025-10-30 21:36:46,517 - DEBUG - [получить_кафе_в_районе] - Запрос страницы 4 для района Головинский
2025-10-30 21:36:46,519 - DEBUG - [_new_conn] - Starting new HTTPS connection (1): catalog.api.2gis.com:443
2025-10-30 21:36:46,917 - DEBUG - [_make_request] - https://catalog.api.2gis.com:443 "GET /3.0/items?key=50e21a4a-6241-4f9a-aff6-0b7a942be2b7&q=%D0%BA%D0%B0%D1%84%D0%B5&district_id=4504209512726549&type=branch&page=4&page_size=10&fields=items.point%2Citems.name%2Citems.address_name%2Citems.reviews HTTP/1.1" 200 133
2025-10-30 21:36:46,918 - DEBUG - [получить_кафе_в_районе] - Статус ответа: 200
2025-10-30 21:36:46,918 - WARNING - [получить_кафе_в_районе] - На странице 4 нет данных в ожидаемом формате
2025-10-30 21:36:47,419 - DEBUG - [получить_кафе_в_районе] - Запрос страницы 5 для района Головинский
2025-10-30 21:36:47,420 - DEBUG - [_new_conn] - Starting new HTTPS connection (1): catalog.api.2gis.com:443
2025-10-30 21:36:47,813 - DEBUG - [_make_request] - https://catalog.api.2gis.com:443 "GET /3.0/items?key=50e21a4a-6241-4f9a-aff6-0b7a942be2b7&q=%D0%BA%D0%B0%D1%84%D0%B5&district_id=4504209512726549&type=branch&page=5&page_size=10&fields=items.point%2Citems.name%2Citems.address_name%2Citems.reviews HTTP/1.1" 200 133
2025-10-30 21:36:47,814 - DEBUG - [получить_кафе_в_районе] - Статус ответа: 200
2025-10-30 21:36:47,814 - WARNING - [получить_кафе_в_районе] - На странице 5 нет данных в ожидаемом формате
2025-10-30 21:36:47,815 - INFO - [получить_кафе_в_районе] - Завершение сбора для района Головинский. Найдено кафе: 30
2025-10-30 21:36:47,816 - INFO - [<cell line: 0>] - Район 'Головинский' завершен. Кафе: 30
2025-10-30 21:36:48,818 - INFO - [<cell line: 0>] - [27/132] Обработка района: Гольяново
2025-10-30 21:36:48,819 - INFO - [получить_кафе_в_районе] - Начало сбора кафе для района: Гольяново (ID: 4504209512726589)
2025-10-30 21:36:48,820 - DEBUG - [получить_кафе_в_районе] - Запрос страницы 1 для района Гольяново
2025-10-30 21:36:48,822 - DEBUG - [_new_conn] - Starting new HTTPS connection (1): catalog.api.2gis.com:443
2025-10-30 21:36:49,244 - DEBUG - [_make_request] - https://catalog.api.2gis.com:443 "GET /3.0/items?key=50e21a4a-6241-4f9a-aff6-0b7a942be2b7&q=%D0%BA%D0%B0%D1%84%D0%B5&district_id=4504209512726589&type=branch&page=1&page_size=10&fields=items.point%2Citems.name%2Citems.address_name%2Citems.reviews HTTP/1.1" 200 None
2025-10-30 21:36:49,245 - DEBUG - [получить_кафе_в_районе] - Статус ответа: 200
2025-10-30 21:36:49,245 - INFO - [получить_кафе_в_районе] - Загружено 10 кафе со страницы 1
2025-10-30 21:36:49,746 - DEBUG - [получить_кафе_в_районе] - Запрос страницы 2 для района Гольяново
2025-10-30 21:36:49,747 - DEBUG - [_new_conn] - Starting new HTTPS connection (1): catalog.api.2gis.com:443
2025-10-30 21:36:50,129 - DEBUG - [_make_request] - https://catalog.api.2gis.com:443 "GET /3.0/items?key=50e21a4a-6241-4f9a-aff6-0b7a942be2b7&q=%D0%BA%D0%B0%D1%84%D0%B5&district_id=4504209512726589&type=branch&page=2&page_size=10&fields=items.point%2Citems.name%2Citems.address_name%2Citems.reviews HTTP/1.1" 200 None
2025-10-30 21:36:50,130 - DEBUG - [получить_кафе_в_районе] - Статус ответа: 200
2025-10-30 21:36:50,130 - INFO - [получить_кафе_в_районе] - Загружено 10 кафе со страницы 2
2025-10-30 21:36:50,631 - DEBUG - [получить_кафе_в_районе] - Запрос страницы 3 для района Гольяново
2025-10-30 21:36:50,632 - DEBUG - [_new_conn] - Starting new HTTPS connection (1): catalog.api.2gis.com:443
2025-10-30 21:36:51,022 - DEBUG - [_make_request] - https://catalog.api.2gis.com:443 "GET /3.0/items?key=50e21a4a-6241-4f9a-aff6-0b7a942be2b7&q=%D0%BA%D0%B0%D1%84%D0%B5&district_id=4504209512726589&type=branch&page=3&page_size=10&fields=items.point%2Citems.name%2Citems.address_name%2Citems.reviews HTTP/1.1" 200 None
2025-10-30 21:36:51,023 - DEBUG - [получить_кафе_в_районе] - Статус ответа: 200
2025-10-30 21:36:51,023 - INFO - [получить_кафе_в_районе] - Загружено 10 кафе со страницы 3
2025-10-30 21:36:51,525 - DEBUG - [получить_кафе_в_районе] - Запрос страницы 4 для района Гольяново
2025-10-30 21:36:51,526 - DEBUG - [_new_conn] - Starting new HTTPS connection (1): catalog.api.2gis.com:443
2025-10-30 21:36:51,944 - DEBUG - [_make_request] - https://catalog.api.2gis.com:443 "GET /3.0/items?key=50e21a4a-6241-4f9a-aff6-0b7a942be2b7&q=%D0%BA%D0%B0%D1%84%D0%B5&district_id=4504209512726589&type=branch&page=4&page_size=10&fields=items.point%2Citems.name%2Citems.address_name%2Citems.reviews HTTP/1.1" 200 None
2025-10-30 21:36:51,945 - DEBUG - [получить_кафе_в_районе] - Статус ответа: 200
2025-10-30 21:36:51,945 - INFO - [получить_кафе_в_районе] - Загружено 10 кафе со страницы 4
2025-10-30 21:36:52,447 - DEBUG - [получить_кафе_в_районе] - Запрос страницы 5 для района Гольяново
2025-10-30 21:36:52,448 - DEBUG - [_new_conn] - Starting new HTTPS connection (1): catalog.api.2gis.com:443
2025-10-30 21:36:52,830 - DEBUG - [_make_request] - https://catalog.api.2gis.com:443 "GET /3.0/items?key=50e21a4a-6241-4f9a-aff6-0b7a942be2b7&q=%D0%BA%D0%B0%D1%84%D0%B5&district_id=4504209512726589&type=branch&page=5&page_size=10&fields=items.point%2Citems.name%2Citems.address_name%2Citems.reviews HTTP/1.1" 200 133
2025-10-30 21:36:52,832 - DEBUG - [получить_кафе_в_районе] - Статус ответа: 200
2025-10-30 21:36:52,832 - WARNING - [получить_кафе_в_районе] - На странице 5 нет данных в ожидаемом формате
2025-10-30 21:36:52,833 - INFO - [получить_кафе_в_районе] - Завершение сбора для района Гольяново. Найдено кафе: 40
2025-10-30 21:36:52,834 - INFO - [<cell line: 0>] - Район 'Гольяново' завершен. Кафе: 40
2025-10-30 21:36:53,836 - INFO - [<cell line: 0>] - [28/132] Обработка района: Даниловский
2025-10-30 21:36:53,837 - INFO - [получить_кафе_в_районе] - Начало сбора кафе для района: Даниловский (ID: 4504209512726602)
2025-10-30 21:36:53,838 - DEBUG - [получить_кафе_в_районе] - Запрос страницы 1 для района Даниловский
2025-10-30 21:36:53,841 - DEBUG - [_new_conn] - Starting new HTTPS connection (1): catalog.api.2gis.com:443
2025-10-30 21:36:54,243 - DEBUG - [_make_request] - https://catalog.api.2gis.com:443 "GET /3.0/items?key=50e21a4a-6241-4f9a-aff6-0b7a942be2b7&q=%D0%BA%D0%B0%D1%84%D0%B5&district_id=4504209512726602&type=branch&page=1&page_size=10&fields=items.point%2Citems.name%2Citems.address_name%2Citems.reviews HTTP/1.1" 200 None
2025-10-30 21:36:54,243 - DEBUG - [получить_кафе_в_районе] - Статус ответа: 200
2025-10-30 21:36:54,244 - INFO - [получить_кафе_в_районе] - Загружено 10 кафе со страницы 1
2025-10-30 21:36:54,744 - DEBUG - [получить_кафе_в_районе] - Запрос страницы 2 для района Даниловский
2025-10-30 21:36:54,746 - DEBUG - [_new_conn] - Starting new HTTPS connection (1): catalog.api.2gis.com:443
2025-10-30 21:36:55,166 - DEBUG - [_make_request] - https://catalog.api.2gis.com:443 "GET /3.0/items?key=50e21a4a-6241-4f9a-aff6-0b7a942be2b7&q=%D0%BA%D0%B0%D1%84%D0%B5&district_id=4504209512726602&type=branch&page=2&page_size=10&fields=items.point%2Citems.name%2Citems.address_name%2Citems.reviews HTTP/1.1" 200 None
2025-10-30 21:36:55,167 - DEBUG - [получить_кафе_в_районе] - Статус ответа: 200
2025-10-30 21:36:55,167 - INFO - [получить_кафе_в_районе] - Загружено 10 кафе со страницы 2
2025-10-30 21:36:55,668 - DEBUG - [получить_кафе_в_районе] - Запрос страницы 3 для района Даниловский
2025-10-30 21:36:55,670 - DEBUG - [_new_conn] - Starting new HTTPS connection (1): catalog.api.2gis.com:443
2025-10-30 21:36:56,077 - DEBUG - [_make_request] - https://catalog.api.2gis.com:443 "GET /3.0/items?key=50e21a4a-6241-4f9a-aff6-0b7a942be2b7&q=%D0%BA%D0%B0%D1%84%D0%B5&district_id=4504209512726602&type=branch&page=3&page_size=10&fields=items.point%2Citems.name%2Citems.address_name%2Citems.reviews HTTP/1.1" 200 None
2025-10-30 21:36:56,078 - DEBUG - [получить_кафе_в_районе] - Статус ответа: 200
2025-10-30 21:36:56,078 - INFO - [получить_кафе_в_районе] - Загружено 10 кафе со страницы 3
2025-10-30 21:36:56,579 - DEBUG - [получить_кафе_в_районе] - Запрос страницы 4 для района Даниловский
2025-10-30 21:36:56,580 - DEBUG - [_new_conn] - Starting new HTTPS connection (1): catalog.api.2gis.com:443
2025-10-30 21:36:56,995 - DEBUG - [_make_request] - https://catalog.api.2gis.com:443 "GET /3.0/items?key=50e21a4a-6241-4f9a-aff6-0b7a942be2b7&q=%D0%BA%D0%B0%D1%84%D0%B5&district_id=4504209512726602&type=branch&page=4&page_size=10&fields=items.point%2Citems.name%2Citems.address_name%2Citems.reviews HTTP/1.1" 200 None
2025-10-30 21:36:56,996 - DEBUG - [получить_кафе_в_районе] - Статус ответа: 200
2025-10-30 21:36:56,996 - INFO - [получить_кафе_в_районе] - Загружено 10 кафе со страницы 4
2025-10-30 21:36:57,497 - DEBUG - [получить_кафе_в_районе] - Запрос страницы 5 для района Даниловский
2025-10-30 21:36:57,498 - DEBUG - [_new_conn] - Starting new HTTPS connection (1): catalog.api.2gis.com:443
2025-10-30 21:36:57,911 - DEBUG - [_make_request] - https://catalog.api.2gis.com:443 "GET /3.0/items?key=50e21a4a-6241-4f9a-aff6-0b7a942be2b7&q=%D0%BA%D0%B0%D1%84%D0%B5&district_id=4504209512726602&type=branch&page=5&page_size=10&fields=items.point%2Citems.name%2Citems.address_name%2Citems.reviews HTTP/1.1" 200 None
2025-10-30 21:36:57,912 - DEBUG - [получить_кафе_в_районе] - Статус ответа: 200
2025-10-30 21:36:57,912 - INFO - [получить_кафе_в_районе] - Загружено 10 кафе со страницы 5
2025-10-30 21:36:57,912 - INFO - [получить_кафе_в_районе] - Завершение сбора для района Даниловский. Найдено кафе: 50
2025-10-30 21:36:57,914 - INFO - [<cell line: 0>] - Район 'Даниловский' завершен. Кафе: 50
2025-10-30 21:36:58,915 - INFO - [<cell line: 0>] - [29/132] Обработка района: Дмитровский
2025-10-30 21:36:58,916 - INFO - [получить_кафе_в_районе] - Начало сбора кафе для района: Дмитровский (ID: 4504209512726545)
2025-10-30 21:36:58,917 - DEBUG - [получить_кафе_в_районе] - Запрос страницы 1 для района Дмитровский
2025-10-30 21:36:58,919 - DEBUG - [_new_conn] - Starting new HTTPS connection (1): catalog.api.2gis.com:443
2025-10-30 21:36:59,297 - DEBUG - [_make_request] - https://catalog.api.2gis.com:443 "GET /3.0/items?key=50e21a4a-6241-4f9a-aff6-0b7a942be2b7&q=%D0%BA%D0%B0%D1%84%D0%B5&district_id=4504209512726545&type=branch&page=1&page_size=10&fields=items.point%2Citems.name%2Citems.address_name%2Citems.reviews HTTP/1.1" 200 None
2025-10-30 21:36:59,298 - DEBUG - [получить_кафе_в_районе] - Статус ответа: 200
2025-10-30 21:36:59,298 - INFO - [получить_кафе_в_районе] - Загружено 10 кафе со страницы 1
2025-10-30 21:36:59,799 - DEBUG - [получить_кафе_в_районе] - Запрос страницы 2 для района Дмитровский
2025-10-30 21:36:59,802 - DEBUG - [_new_conn] - Starting new HTTPS connection (1): catalog.api.2gis.com:443
2025-10-30 21:37:00,206 - DEBUG - [_make_request] - https://catalog.api.2gis.com:443 "GET /3.0/items?key=50e21a4a-6241-4f9a-aff6-0b7a942be2b7&q=%D0%BA%D0%B0%D1%84%D0%B5&district_id=4504209512726545&type=branch&page=2&page_size=10&fields=items.point%2Citems.name%2Citems.address_name%2Citems.reviews HTTP/1.1" 200 None
2025-10-30 21:37:00,207 - DEBUG - [получить_кафе_в_районе] - Статус ответа: 200
2025-10-30 21:37:00,207 - INFO - [получить_кафе_в_районе] - Загружено 10 кафе со страницы 2
2025-10-30 21:37:00,708 - DEBUG - [получить_кафе_в_районе] - Запрос страницы 3 для района Дмитровский
2025-10-30 21:37:00,709 - DEBUG - [_new_conn] - Starting new HTTPS connection (1): catalog.api.2gis.com:443
2025-10-30 21:37:01,090 - DEBUG - [_make_request] - https://catalog.api.2gis.com:443 "GET /3.0/items?key=50e21a4a-6241-4f9a-aff6-0b7a942be2b7&q=%D0%BA%D0%B0%D1%84%D0%B5&district_id=4504209512726545&type=branch&page=3&page_size=10&fields=items.point%2Citems.name%2Citems.address_name%2Citems.reviews HTTP/1.1" 200 None
2025-10-30 21:37:01,091 - DEBUG - [получить_кафе_в_районе] - Статус ответа: 200
2025-10-30 21:37:01,091 - INFO - [получить_кафе_в_районе] - Загружено 4 кафе со страницы 3
2025-10-30 21:37:01,592 - DEBUG - [получить_кафе_в_районе] - Запрос страницы 4 для района Дмитровский
2025-10-30 21:37:01,594 - DEBUG - [_new_conn] - Starting new HTTPS connection (1): catalog.api.2gis.com:443
2025-10-30 21:37:01,981 - DEBUG - [_make_request] - https://catalog.api.2gis.com:443 "GET /3.0/items?key=50e21a4a-6241-4f9a-aff6-0b7a942be2b7&q=%D0%BA%D0%B0%D1%84%D0%B5&district_id=4504209512726545&type=branch&page=4&page_size=10&fields=items.point%2Citems.name%2Citems.address_name%2Citems.reviews HTTP/1.1" 200 133
2025-10-30 21:37:01,982 - DEBUG - [получить_кафе_в_районе] - Статус ответа: 200
2025-10-30 21:37:01,983 - WARNING - [получить_кафе_в_районе] - На странице 4 нет данных в ожидаемом формате
2025-10-30 21:37:02,484 - DEBUG - [получить_кафе_в_районе] - Запрос страницы 5 для района Дмитровский
2025-10-30 21:37:02,485 - DEBUG - [_new_conn] - Starting new HTTPS connection (1): catalog.api.2gis.com:443
2025-10-30 21:37:02,883 - DEBUG - [_make_request] - https://catalog.api.2gis.com:443 "GET /3.0/items?key=50e21a4a-6241-4f9a-aff6-0b7a942be2b7&q=%D0%BA%D0%B0%D1%84%D0%B5&district_id=4504209512726545&type=branch&page=5&page_size=10&fields=items.point%2Citems.name%2Citems.address_name%2Citems.reviews HTTP/1.1" 200 133
2025-10-30 21:37:02,884 - DEBUG - [получить_кафе_в_районе] - Статус ответа: 200
2025-10-30 21:37:02,884 - WARNING - [получить_кафе_в_районе] - На странице 5 нет данных в ожидаемом формате
2025-10-30 21:37:02,885 - INFO - [получить_кафе_в_районе] - Завершение сбора для района Дмитровский. Найдено кафе: 24
2025-10-30 21:37:02,886 - INFO - [<cell line: 0>] - Район 'Дмитровский' завершен. Кафе: 24
2025-10-30 21:37:03,887 - INFO - [<cell line: 0>] - [30/132] Обработка района: Донской
2025-10-30 21:37:03,888 - INFO - [получить_кафе_в_районе] - Начало сбора кафе для района: Донской (ID: 4504209512726605)
2025-10-30 21:37:03,889 - DEBUG - [получить_кафе_в_районе] - Запрос страницы 1 для района Донской
2025-10-30 21:37:03,891 - DEBUG - [_new_conn] - Starting new HTTPS connection (1): catalog.api.2gis.com:443
2025-10-30 21:37:04,308 - DEBUG - [_make_request] - https://catalog.api.2gis.com:443 "GET /3.0/items?key=50e21a4a-6241-4f9a-aff6-0b7a942be2b7&q=%D0%BA%D0%B0%D1%84%D0%B5&district_id=4504209512726605&type=branch&page=1&page_size=10&fields=items.point%2Citems.name%2Citems.address_name%2Citems.reviews HTTP/1.1" 200 None
2025-10-30 21:37:04,309 - DEBUG - [получить_кафе_в_районе] - Статус ответа: 200
2025-10-30 21:37:04,309 - INFO - [получить_кафе_в_районе] - Загружено 10 кафе со страницы 1
2025-10-30 21:37:04,810 - DEBUG - [получить_кафе_в_районе] - Запрос страницы 2 для района Донской
2025-10-30 21:37:04,812 - DEBUG - [_new_conn] - Starting new HTTPS connection (1): catalog.api.2gis.com:443
2025-10-30 21:37:05,213 - DEBUG - [_make_request] - https://catalog.api.2gis.com:443 "GET /3.0/items?key=50e21a4a-6241-4f9a-aff6-0b7a942be2b7&q=%D0%BA%D0%B0%D1%84%D0%B5&district_id=4504209512726605&type=branch&page=2&page_size=10&fields=items.point%2Citems.name%2Citems.address_name%2Citems.reviews HTTP/1.1" 200 None
2025-10-30 21:37:05,215 - DEBUG - [получить_кафе_в_районе] - Статус ответа: 200
2025-10-30 21:37:05,215 - INFO - [получить_кафе_в_районе] - Загружено 10 кафе со страницы 2
2025-10-30 21:37:05,716 - DEBUG - [получить_кафе_в_районе] - Запрос страницы 3 для района Донской
2025-10-30 21:37:05,717 - DEBUG - [_new_conn] - Starting new HTTPS connection (1): catalog.api.2gis.com:443
2025-10-30 21:37:06,101 - DEBUG - [_make_request] - https://catalog.api.2gis.com:443 "GET /3.0/items?key=50e21a4a-6241-4f9a-aff6-0b7a942be2b7&q=%D0%BA%D0%B0%D1%84%D0%B5&district_id=4504209512726605&type=branch&page=3&page_size=10&fields=items.point%2Citems.name%2Citems.address_name%2Citems.reviews HTTP/1.1" 200 None
2025-10-30 21:37:06,103 - DEBUG - [получить_кафе_в_районе] - Статус ответа: 200
2025-10-30 21:37:06,103 - INFO - [получить_кафе_в_районе] - Загружено 10 кафе со страницы 3
2025-10-30 21:37:06,604 - DEBUG - [получить_кафе_в_районе] - Запрос страницы 4 для района Донской
2025-10-30 21:37:06,606 - DEBUG - [_new_conn] - Starting new HTTPS connection (1): catalog.api.2gis.com:443
2025-10-30 21:37:06,995 - DEBUG - [_make_request] - https://catalog.api.2gis.com:443 "GET /3.0/items?key=50e21a4a-6241-4f9a-aff6-0b7a942be2b7&q=%D0%BA%D0%B0%D1%84%D0%B5&district_id=4504209512726605&type=branch&page=4&page_size=10&fields=items.point%2Citems.name%2Citems.address_name%2Citems.reviews HTTP/1.1" 200 None
2025-10-30 21:37:06,996 - DEBUG - [получить_кафе_в_районе] - Статус ответа: 200
2025-10-30 21:37:06,996 - INFO - [получить_кафе_в_районе] - Загружено 10 кафе со страницы 4
2025-10-30 21:37:07,498 - DEBUG - [получить_кафе_в_районе] - Запрос страницы 5 для района Донской
2025-10-30 21:37:07,499 - DEBUG - [_new_conn] - Starting new HTTPS connection (1): catalog.api.2gis.com:443
2025-10-30 21:37:07,900 - DEBUG - [_make_request] - https://catalog.api.2gis.com:443 "GET /3.0/items?key=50e21a4a-6241-4f9a-aff6-0b7a942be2b7&q=%D0%BA%D0%B0%D1%84%D0%B5&district_id=4504209512726605&type=branch&page=5&page_size=10&fields=items.point%2Citems.name%2Citems.address_name%2Citems.reviews HTTP/1.1" 200 None
2025-10-30 21:37:07,901 - DEBUG - [получить_кафе_в_районе] - Статус ответа: 200
2025-10-30 21:37:07,901 - INFO - [получить_кафе_в_районе] - Загружено 3 кафе со страницы 5
2025-10-30 21:37:07,902 - INFO - [получить_кафе_в_районе] - Завершение сбора для района Донской. Найдено кафе: 43
2025-10-30 21:37:07,904 - INFO - [<cell line: 0>] - Район 'Донской' завершен. Кафе: 43
2025-10-30 21:37:08,906 - INFO - [<cell line: 0>] - [31/132] Обработка района: Дорогомилово
2025-10-30 21:37:08,906 - INFO - [получить_кафе_в_районе] - Начало сбора кафе для района: Дорогомилово (ID: 4504209512726637)
2025-10-30 21:37:08,908 - DEBUG - [получить_кафе_в_районе] - Запрос страницы 1 для района Дорогомилово
2025-10-30 21:37:08,910 - DEBUG - [_new_conn] - Starting new HTTPS connection (1): catalog.api.2gis.com:443
2025-10-30 21:37:09,297 - DEBUG - [_make_request] - https://catalog.api.2gis.com:443 "GET /3.0/items?key=50e21a4a-6241-4f9a-aff6-0b7a942be2b7&q=%D0%BA%D0%B0%D1%84%D0%B5&district_id=4504209512726637&type=branch&page=1&page_size=10&fields=items.point%2Citems.name%2Citems.address_name%2Citems.reviews HTTP/1.1" 200 None
2025-10-30 21:37:09,298 - DEBUG - [получить_кафе_в_районе] - Статус ответа: 200
2025-10-30 21:37:09,298 - INFO - [получить_кафе_в_районе] - Загружено 10 кафе со страницы 1
2025-10-30 21:37:09,799 - DEBUG - [получить_кафе_в_районе] - Запрос страницы 2 для района Дорогомилово
2025-10-30 21:37:09,800 - DEBUG - [_new_conn] - Starting new HTTPS connection (1): catalog.api.2gis.com:443
2025-10-30 21:37:10,334 - DEBUG - [_make_request] - https://catalog.api.2gis.com:443 "GET /3.0/items?key=50e21a4a-6241-4f9a-aff6-0b7a942be2b7&q=%D0%BA%D0%B0%D1%84%D0%B5&district_id=4504209512726637&type=branch&page=2&page_size=10&fields=items.point%2Citems.name%2Citems.address_name%2Citems.reviews HTTP/1.1" 200 None
2025-10-30 21:37:10,335 - DEBUG - [получить_кафе_в_районе] - Статус ответа: 200
2025-10-30 21:37:10,335 - INFO - [получить_кафе_в_районе] - Загружено 10 кафе со страницы 2
2025-10-30 21:37:10,836 - DEBUG - [получить_кафе_в_районе] - Запрос страницы 3 для района Дорогомилово
2025-10-30 21:37:10,837 - DEBUG - [_new_conn] - Starting new HTTPS connection (1): catalog.api.2gis.com:443
2025-10-30 21:37:11,231 - DEBUG - [_make_request] - https://catalog.api.2gis.com:443 "GET /3.0/items?key=50e21a4a-6241-4f9a-aff6-0b7a942be2b7&q=%D0%BA%D0%B0%D1%84%D0%B5&district_id=4504209512726637&type=branch&page=3&page_size=10&fields=items.point%2Citems.name%2Citems.address_name%2Citems.reviews HTTP/1.1" 200 None
2025-10-30 21:37:11,232 - DEBUG - [получить_кафе_в_районе] - Статус ответа: 200
2025-10-30 21:37:11,232 - INFO - [получить_кафе_в_районе] - Загружено 10 кафе со страницы 3
2025-10-30 21:37:11,733 - DEBUG - [получить_кафе_в_районе] - Запрос страницы 4 для района Дорогомилово
2025-10-30 21:37:11,734 - DEBUG - [_new_conn] - Starting new HTTPS connection (1): catalog.api.2gis.com:443
2025-10-30 21:37:12,137 - DEBUG - [_make_request] - https://catalog.api.2gis.com:443 "GET /3.0/items?key=50e21a4a-6241-4f9a-aff6-0b7a942be2b7&q=%D0%BA%D0%B0%D1%84%D0%B5&district_id=4504209512726637&type=branch&page=4&page_size=10&fields=items.point%2Citems.name%2Citems.address_name%2Citems.reviews HTTP/1.1" 200 None
2025-10-30 21:37:12,138 - DEBUG - [получить_кафе_в_районе] - Статус ответа: 200
2025-10-30 21:37:12,138 - INFO - [получить_кафе_в_районе] - Загружено 10 кафе со страницы 4
2025-10-30 21:37:12,639 - DEBUG - [получить_кафе_в_районе] - Запрос страницы 5 для района Дорогомилово
2025-10-30 21:37:12,640 - DEBUG - [_new_conn] - Starting new HTTPS connection (1): catalog.api.2gis.com:443
2025-10-30 21:37:13,041 - DEBUG - [_make_request] - https://catalog.api.2gis.com:443 "GET /3.0/items?key=50e21a4a-6241-4f9a-aff6-0b7a942be2b7&q=%D0%BA%D0%B0%D1%84%D0%B5&district_id=4504209512726637&type=branch&page=5&page_size=10&fields=items.point%2Citems.name%2Citems.address_name%2Citems.reviews HTTP/1.1" 200 None
2025-10-30 21:37:13,042 - DEBUG - [получить_кафе_в_районе] - Статус ответа: 200
2025-10-30 21:37:13,042 - INFO - [получить_кафе_в_районе] - Загружено 10 кафе со страницы 5
2025-10-30 21:37:13,043 - INFO - [получить_кафе_в_районе] - Завершение сбора для района Дорогомилово. Найдено кафе: 50
2025-10-30 21:37:13,045 - INFO - [<cell line: 0>] - Район 'Дорогомилово' завершен. Кафе: 50
2025-10-30 21:37:14,046 - INFO - [<cell line: 0>] - [32/132] Обработка района: Замоскворечье
2025-10-30 21:37:14,047 - INFO - [получить_кафе_в_районе] - Начало сбора кафе для района: Замоскворечье (ID: 4504209512726532)
2025-10-30 21:37:14,047 - DEBUG - [получить_кафе_в_районе] - Запрос страницы 1 для района Замоскворечье
2025-10-30 21:37:14,049 - DEBUG - [_new_conn] - Starting new HTTPS connection (1): catalog.api.2gis.com:443
2025-10-30 21:37:14,459 - DEBUG - [_make_request] - https://catalog.api.2gis.com:443 "GET /3.0/items?key=50e21a4a-6241-4f9a-aff6-0b7a942be2b7&q=%D0%BA%D0%B0%D1%84%D0%B5&district_id=4504209512726532&type=branch&page=1&page_size=10&fields=items.point%2Citems.name%2Citems.address_name%2Citems.reviews HTTP/1.1" 200 None
2025-10-30 21:37:14,460 - DEBUG - [получить_кафе_в_районе] - Статус ответа: 200
2025-10-30 21:37:14,460 - INFO - [получить_кафе_в_районе] - Загружено 10 кафе со страницы 1
2025-10-30 21:37:14,961 - DEBUG - [получить_кафе_в_районе] - Запрос страницы 2 для района Замоскворечье
2025-10-30 21:37:15,070 - DEBUG - [_new_conn] - Starting new HTTPS connection (1): catalog.api.2gis.com:443
2025-10-30 21:37:15,503 - DEBUG - [_make_request] - https://catalog.api.2gis.com:443 "GET /3.0/items?key=50e21a4a-6241-4f9a-aff6-0b7a942be2b7&q=%D0%BA%D0%B0%D1%84%D0%B5&district_id=4504209512726532&type=branch&page=2&page_size=10&fields=items.point%2Citems.name%2Citems.address_name%2Citems.reviews HTTP/1.1" 200 None
2025-10-30 21:37:15,504 - DEBUG - [получить_кафе_в_районе] - Статус ответа: 200
2025-10-30 21:37:15,505 - INFO - [получить_кафе_в_районе] - Загружено 10 кафе со страницы 2
2025-10-30 21:37:16,007 - DEBUG - [получить_кафе_в_районе] - Запрос страницы 3 для района Замоскворечье
2025-10-30 21:37:16,009 - DEBUG - [_new_conn] - Starting new HTTPS connection (1): catalog.api.2gis.com:443
2025-10-30 21:37:16,417 - DEBUG - [_make_request] - https://catalog.api.2gis.com:443 "GET /3.0/items?key=50e21a4a-6241-4f9a-aff6-0b7a942be2b7&q=%D0%BA%D0%B0%D1%84%D0%B5&district_id=4504209512726532&type=branch&page=3&page_size=10&fields=items.point%2Citems.name%2Citems.address_name%2Citems.reviews HTTP/1.1" 200 None
2025-10-30 21:37:16,419 - DEBUG - [получить_кафе_в_районе] - Статус ответа: 200
2025-10-30 21:37:16,419 - INFO - [получить_кафе_в_районе] - Загружено 10 кафе со страницы 3
2025-10-30 21:37:16,920 - DEBUG - [получить_кафе_в_районе] - Запрос страницы 4 для района Замоскворечье
2025-10-30 21:37:16,922 - DEBUG - [_new_conn] - Starting new HTTPS connection (1): catalog.api.2gis.com:443
2025-10-30 21:37:17,334 - DEBUG - [_make_request] - https://catalog.api.2gis.com:443 "GET /3.0/items?key=50e21a4a-6241-4f9a-aff6-0b7a942be2b7&q=%D0%BA%D0%B0%D1%84%D0%B5&district_id=4504209512726532&type=branch&page=4&page_size=10&fields=items.point%2Citems.name%2Citems.address_name%2Citems.reviews HTTP/1.1" 200 None
2025-10-30 21:37:17,335 - DEBUG - [получить_кафе_в_районе] - Статус ответа: 200
2025-10-30 21:37:17,335 - INFO - [получить_кафе_в_районе] - Загружено 10 кафе со страницы 4
2025-10-30 21:37:17,836 - DEBUG - [получить_кафе_в_районе] - Запрос страницы 5 для района Замоскворечье
2025-10-30 21:37:17,837 - DEBUG - [_new_conn] - Starting new HTTPS connection (1): catalog.api.2gis.com:443
2025-10-30 21:37:18,233 - DEBUG - [_make_request] - https://catalog.api.2gis.com:443 "GET /3.0/items?key=50e21a4a-6241-4f9a-aff6-0b7a942be2b7&q=%D0%BA%D0%B0%D1%84%D0%B5&district_id=4504209512726532&type=branch&page=5&page_size=10&fields=items.point%2Citems.name%2Citems.address_name%2Citems.reviews HTTP/1.1" 200 None
2025-10-30 21:37:18,234 - DEBUG - [получить_кафе_в_районе] - Статус ответа: 200
2025-10-30 21:37:18,234 - INFO - [получить_кафе_в_районе] - Загружено 10 кафе со страницы 5
2025-10-30 21:37:18,235 - INFO - [получить_кафе_в_районе] - Завершение сбора для района Замоскворечье. Найдено кафе: 50
2025-10-30 21:37:18,237 - INFO - [<cell line: 0>] - Район 'Замоскворечье' завершен. Кафе: 50
2025-10-30 21:37:19,238 - INFO - [<cell line: 0>] - [33/132] Обработка района: Западное Дегунино
2025-10-30 21:37:19,239 - INFO - [получить_кафе_в_районе] - Начало сбора кафе для района: Западное Дегунино (ID: 4504209512726546)
2025-10-30 21:37:19,239 - DEBUG - [получить_кафе_в_районе] - Запрос страницы 1 для района Западное Дегунино
2025-10-30 21:37:19,241 - DEBUG - [_new_conn] - Starting new HTTPS connection (1): catalog.api.2gis.com:443
2025-10-30 21:37:19,634 - DEBUG - [_make_request] - https://catalog.api.2gis.com:443 "GET /3.0/items?key=50e21a4a-6241-4f9a-aff6-0b7a942be2b7&q=%D0%BA%D0%B0%D1%84%D0%B5&district_id=4504209512726546&type=branch&page=1&page_size=10&fields=items.point%2Citems.name%2Citems.address_name%2Citems.reviews HTTP/1.1" 200 None
2025-10-30 21:37:19,635 - DEBUG - [получить_кафе_в_районе] - Статус ответа: 200
2025-10-30 21:37:19,635 - INFO - [получить_кафе_в_районе] - Загружено 10 кафе со страницы 1
2025-10-30 21:37:20,136 - DEBUG - [получить_кафе_в_районе] - Запрос страницы 2 для района Западное Дегунино
2025-10-30 21:37:20,137 - DEBUG - [_new_conn] - Starting new HTTPS connection (1): catalog.api.2gis.com:443
2025-10-30 21:37:20,523 - DEBUG - [_make_request] - https://catalog.api.2gis.com:443 "GET /3.0/items?key=50e21a4a-6241-4f9a-aff6-0b7a942be2b7&q=%D0%BA%D0%B0%D1%84%D0%B5&district_id=4504209512726546&type=branch&page=2&page_size=10&fields=items.point%2Citems.name%2Citems.address_name%2Citems.reviews HTTP/1.1" 200 None
2025-10-30 21:37:20,524 - DEBUG - [получить_кафе_в_районе] - Статус ответа: 200
2025-10-30 21:37:20,524 - INFO - [получить_кафе_в_районе] - Загружено 8 кафе со страницы 2
2025-10-30 21:37:21,025 - DEBUG - [получить_кафе_в_районе] - Запрос страницы 3 для района Западное Дегунино
2025-10-30 21:37:21,027 - DEBUG - [_new_conn] - Starting new HTTPS connection (1): catalog.api.2gis.com:443
2025-10-30 21:37:21,402 - DEBUG - [_make_request] - https://catalog.api.2gis.com:443 "GET /3.0/items?key=50e21a4a-6241-4f9a-aff6-0b7a942be2b7&q=%D0%BA%D0%B0%D1%84%D0%B5&district_id=4504209512726546&type=branch&page=3&page_size=10&fields=items.point%2Citems.name%2Citems.address_name%2Citems.reviews HTTP/1.1" 200 133
2025-10-30 21:37:21,403 - DEBUG - [получить_кафе_в_районе] - Статус ответа: 200
2025-10-30 21:37:21,403 - WARNING - [получить_кафе_в_районе] - На странице 3 нет данных в ожидаемом формате
2025-10-30 21:37:21,904 - DEBUG - [получить_кафе_в_районе] - Запрос страницы 4 для района Западное Дегунино
2025-10-30 21:37:21,905 - DEBUG - [_new_conn] - Starting new HTTPS connection (1): catalog.api.2gis.com:443
2025-10-30 21:37:22,303 - DEBUG - [_make_request] - https://catalog.api.2gis.com:443 "GET /3.0/items?key=50e21a4a-6241-4f9a-aff6-0b7a942be2b7&q=%D0%BA%D0%B0%D1%84%D0%B5&district_id=4504209512726546&type=branch&page=4&page_size=10&fields=items.point%2Citems.name%2Citems.address_name%2Citems.reviews HTTP/1.1" 200 133
2025-10-30 21:37:22,304 - DEBUG - [получить_кафе_в_районе] - Статус ответа: 200
2025-10-30 21:37:22,304 - WARNING - [получить_кафе_в_районе] - На странице 4 нет данных в ожидаемом формате
2025-10-30 21:37:22,805 - DEBUG - [получить_кафе_в_районе] - Запрос страницы 5 для района Западное Дегунино
2025-10-30 21:37:22,806 - DEBUG - [_new_conn] - Starting new HTTPS connection (1): catalog.api.2gis.com:443
2025-10-30 21:37:23,179 - DEBUG - [_make_request] - https://catalog.api.2gis.com:443 "GET /3.0/items?key=50e21a4a-6241-4f9a-aff6-0b7a942be2b7&q=%D0%BA%D0%B0%D1%84%D0%B5&district_id=4504209512726546&type=branch&page=5&page_size=10&fields=items.point%2Citems.name%2Citems.address_name%2Citems.reviews HTTP/1.1" 200 133
2025-10-30 21:37:23,180 - DEBUG - [получить_кафе_в_районе] - Статус ответа: 200
2025-10-30 21:37:23,180 - WARNING - [получить_кафе_в_районе] - На странице 5 нет данных в ожидаемом формате
2025-10-30 21:37:23,181 - INFO - [получить_кафе_в_районе] - Завершение сбора для района Западное Дегунино. Найдено кафе: 18
2025-10-30 21:37:23,182 - INFO - [<cell line: 0>] - Район 'Западное Дегунино' завершен. Кафе: 18
2025-10-30 21:37:24,185 - INFO - [<cell line: 0>] - [34/132] Обработка района: Зюзино
2025-10-30 21:37:24,186 - INFO - [получить_кафе_в_районе] - Начало сбора кафе для района: Зюзино (ID: 4504209512726628)
2025-10-30 21:37:24,187 - DEBUG - [получить_кафе_в_районе] - Запрос страницы 1 для района Зюзино
2025-10-30 21:37:24,189 - DEBUG - [_new_conn] - Starting new HTTPS connection (1): catalog.api.2gis.com:443
2025-10-30 21:37:24,576 - DEBUG - [_make_request] - https://catalog.api.2gis.com:443 "GET /3.0/items?key=50e21a4a-6241-4f9a-aff6-0b7a942be2b7&q=%D0%BA%D0%B0%D1%84%D0%B5&district_id=4504209512726628&type=branch&page=1&page_size=10&fields=items.point%2Citems.name%2Citems.address_name%2Citems.reviews HTTP/1.1" 200 None
2025-10-30 21:37:24,577 - DEBUG - [получить_кафе_в_районе] - Статус ответа: 200
2025-10-30 21:37:24,577 - INFO - [получить_кафе_в_районе] - Загружено 10 кафе со страницы 1
2025-10-30 21:37:25,078 - DEBUG - [получить_кафе_в_районе] - Запрос страницы 2 для района Зюзино
2025-10-30 21:37:25,079 - DEBUG - [_new_conn] - Starting new HTTPS connection (1): catalog.api.2gis.com:443
2025-10-30 21:37:25,472 - DEBUG - [_make_request] - https://catalog.api.2gis.com:443 "GET /3.0/items?key=50e21a4a-6241-4f9a-aff6-0b7a942be2b7&q=%D0%BA%D0%B0%D1%84%D0%B5&district_id=4504209512726628&type=branch&page=2&page_size=10&fields=items.point%2Citems.name%2Citems.address_name%2Citems.reviews HTTP/1.1" 200 None
2025-10-30 21:37:25,473 - DEBUG - [получить_кафе_в_районе] - Статус ответа: 200
2025-10-30 21:37:25,474 - INFO - [получить_кафе_в_районе] - Загружено 10 кафе со страницы 2
2025-10-30 21:37:25,975 - DEBUG - [получить_кафе_в_районе] - Запрос страницы 3 для района Зюзино
2025-10-30 21:37:25,976 - DEBUG - [_new_conn] - Starting new HTTPS connection (1): catalog.api.2gis.com:443
2025-10-30 21:37:26,386 - DEBUG - [_make_request] - https://catalog.api.2gis.com:443 "GET /3.0/items?key=50e21a4a-6241-4f9a-aff6-0b7a942be2b7&q=%D0%BA%D0%B0%D1%84%D0%B5&district_id=4504209512726628&type=branch&page=3&page_size=10&fields=items.point%2Citems.name%2Citems.address_name%2Citems.reviews HTTP/1.1" 200 None
2025-10-30 21:37:26,387 - DEBUG - [получить_кафе_в_районе] - Статус ответа: 200
2025-10-30 21:37:26,388 - INFO - [получить_кафе_в_районе] - Загружено 2 кафе со страницы 3
2025-10-30 21:37:26,889 - DEBUG - [получить_кафе_в_районе] - Запрос страницы 4 для района Зюзино
2025-10-30 21:37:26,890 - DEBUG - [_new_conn] - Starting new HTTPS connection (1): catalog.api.2gis.com:443
2025-10-30 21:37:27,274 - DEBUG - [_make_request] - https://catalog.api.2gis.com:443 "GET /3.0/items?key=50e21a4a-6241-4f9a-aff6-0b7a942be2b7&q=%D0%BA%D0%B0%D1%84%D0%B5&district_id=4504209512726628&type=branch&page=4&page_size=10&fields=items.point%2Citems.name%2Citems.address_name%2Citems.reviews HTTP/1.1" 200 133
2025-10-30 21:37:27,278 - DEBUG - [получить_кафе_в_районе] - Статус ответа: 200
2025-10-30 21:37:27,278 - WARNING - [получить_кафе_в_районе] - На странице 4 нет данных в ожидаемом формате
2025-10-30 21:37:27,779 - DEBUG - [получить_кафе_в_районе] - Запрос страницы 5 для района Зюзино
2025-10-30 21:37:27,781 - DEBUG - [_new_conn] - Starting new HTTPS connection (1): catalog.api.2gis.com:443
2025-10-30 21:37:28,163 - DEBUG - [_make_request] - https://catalog.api.2gis.com:443 "GET /3.0/items?key=50e21a4a-6241-4f9a-aff6-0b7a942be2b7&q=%D0%BA%D0%B0%D1%84%D0%B5&district_id=4504209512726628&type=branch&page=5&page_size=10&fields=items.point%2Citems.name%2Citems.address_name%2Citems.reviews HTTP/1.1" 200 133
2025-10-30 21:37:28,164 - DEBUG - [получить_кафе_в_районе] - Статус ответа: 200
2025-10-30 21:37:28,164 - WARNING - [получить_кафе_в_районе] - На странице 5 нет данных в ожидаемом формате
2025-10-30 21:37:28,165 - INFO - [получить_кафе_в_районе] - Завершение сбора для района Зюзино. Найдено кафе: 22
2025-10-30 21:37:28,167 - INFO - [<cell line: 0>] - Район 'Зюзино' завершен. Кафе: 22
2025-10-30 21:37:29,169 - INFO - [<cell line: 0>] - [35/132] Обработка района: Зябликово
2025-10-30 21:37:29,169 - INFO - [получить_кафе_в_районе] - Начало сбора кафе для района: Зябликово (ID: 4504209512726617)
2025-10-30 21:37:29,171 - DEBUG - [получить_кафе_в_районе] - Запрос страницы 1 для района Зябликово
2025-10-30 21:37:29,173 - DEBUG - [_new_conn] - Starting new HTTPS connection (1): catalog.api.2gis.com:443
2025-10-30 21:37:29,564 - DEBUG - [_make_request] - https://catalog.api.2gis.com:443 "GET /3.0/items?key=50e21a4a-6241-4f9a-aff6-0b7a942be2b7&q=%D0%BA%D0%B0%D1%84%D0%B5&district_id=4504209512726617&type=branch&page=1&page_size=10&fields=items.point%2Citems.name%2Citems.address_name%2Citems.reviews HTTP/1.1" 200 None
2025-10-30 21:37:29,565 - DEBUG - [получить_кафе_в_районе] - Статус ответа: 200
2025-10-30 21:37:29,565 - INFO - [получить_кафе_в_районе] - Загружено 10 кафе со страницы 1
2025-10-30 21:37:30,066 - DEBUG - [получить_кафе_в_районе] - Запрос страницы 2 для района Зябликово
2025-10-30 21:37:30,067 - DEBUG - [_new_conn] - Starting new HTTPS connection (1): catalog.api.2gis.com:443
2025-10-30 21:37:30,446 - DEBUG - [_make_request] - https://catalog.api.2gis.com:443 "GET /3.0/items?key=50e21a4a-6241-4f9a-aff6-0b7a942be2b7&q=%D0%BA%D0%B0%D1%84%D0%B5&district_id=4504209512726617&type=branch&page=2&page_size=10&fields=items.point%2Citems.name%2Citems.address_name%2Citems.reviews HTTP/1.1" 200 None
2025-10-30 21:37:30,447 - DEBUG - [получить_кафе_в_районе] - Статус ответа: 200
2025-10-30 21:37:30,447 - INFO - [получить_кафе_в_районе] - Загружено 3 кафе со страницы 2
2025-10-30 21:37:30,948 - DEBUG - [получить_кафе_в_районе] - Запрос страницы 3 для района Зябликово
2025-10-30 21:37:30,949 - DEBUG - [_new_conn] - Starting new HTTPS connection (1): catalog.api.2gis.com:443
2025-10-30 21:37:31,329 - DEBUG - [_make_request] - https://catalog.api.2gis.com:443 "GET /3.0/items?key=50e21a4a-6241-4f9a-aff6-0b7a942be2b7&q=%D0%BA%D0%B0%D1%84%D0%B5&district_id=4504209512726617&type=branch&page=3&page_size=10&fields=items.point%2Citems.name%2Citems.address_name%2Citems.reviews HTTP/1.1" 200 133
2025-10-30 21:37:31,330 - DEBUG - [получить_кафе_в_районе] - Статус ответа: 200
2025-10-30 21:37:31,331 - WARNING - [получить_кафе_в_районе] - На странице 3 нет данных в ожидаемом формате
2025-10-30 21:37:31,832 - DEBUG - [получить_кафе_в_районе] - Запрос страницы 4 для района Зябликово
2025-10-30 21:37:31,833 - DEBUG - [_new_conn] - Starting new HTTPS connection (1): catalog.api.2gis.com:443
2025-10-30 21:37:32,238 - DEBUG - [_make_request] - https://catalog.api.2gis.com:443 "GET /3.0/items?key=50e21a4a-6241-4f9a-aff6-0b7a942be2b7&q=%D0%BA%D0%B0%D1%84%D0%B5&district_id=4504209512726617&type=branch&page=4&page_size=10&fields=items.point%2Citems.name%2Citems.address_name%2Citems.reviews HTTP/1.1" 200 133
2025-10-30 21:37:32,240 - DEBUG - [получить_кафе_в_районе] - Статус ответа: 200
2025-10-30 21:37:32,240 - WARNING - [получить_кафе_в_районе] - На странице 4 нет данных в ожидаемом формате
2025-10-30 21:37:32,741 - DEBUG - [получить_кафе_в_районе] - Запрос страницы 5 для района Зябликово
2025-10-30 21:37:32,742 - DEBUG - [_new_conn] - Starting new HTTPS connection (1): catalog.api.2gis.com:443
2025-10-30 21:37:33,119 - DEBUG - [_make_request] - https://catalog.api.2gis.com:443 "GET /3.0/items?key=50e21a4a-6241-4f9a-aff6-0b7a942be2b7&q=%D0%BA%D0%B0%D1%84%D0%B5&district_id=4504209512726617&type=branch&page=5&page_size=10&fields=items.point%2Citems.name%2Citems.address_name%2Citems.reviews HTTP/1.1" 200 133
2025-10-30 21:37:33,120 - DEBUG - [получить_кафе_в_районе] - Статус ответа: 200
2025-10-30 21:37:33,120 - WARNING - [получить_кафе_в_районе] - На странице 5 нет данных в ожидаемом формате
2025-10-30 21:37:33,121 - INFO - [получить_кафе_в_районе] - Завершение сбора для района Зябликово. Найдено кафе: 13
2025-10-30 21:37:33,122 - INFO - [<cell line: 0>] - Район 'Зябликово' завершен. Кафе: 13
2025-10-30 21:37:34,124 - INFO - [<cell line: 0>] - [36/132] Обработка района: Ивановское
2025-10-30 21:37:34,125 - INFO - [получить_кафе_в_районе] - Начало сбора кафе для района: Ивановское (ID: 4504209512726579)
2025-10-30 21:37:34,125 - DEBUG - [получить_кафе_в_районе] - Запрос страницы 1 для района Ивановское
2025-10-30 21:37:34,128 - DEBUG - [_new_conn] - Starting new HTTPS connection (1): catalog.api.2gis.com:443
2025-10-30 21:37:34,511 - DEBUG - [_make_request] - https://catalog.api.2gis.com:443 "GET /3.0/items?key=50e21a4a-6241-4f9a-aff6-0b7a942be2b7&q=%D0%BA%D0%B0%D1%84%D0%B5&district_id=4504209512726579&type=branch&page=1&page_size=10&fields=items.point%2Citems.name%2Citems.address_name%2Citems.reviews HTTP/1.1" 200 None
2025-10-30 21:37:34,512 - DEBUG - [получить_кафе_в_районе] - Статус ответа: 200
2025-10-30 21:37:34,512 - INFO - [получить_кафе_в_районе] - Загружено 6 кафе со страницы 1
2025-10-30 21:37:35,013 - DEBUG - [получить_кафе_в_районе] - Запрос страницы 2 для района Ивановское
2025-10-30 21:37:35,014 - DEBUG - [_new_conn] - Starting new HTTPS connection (1): catalog.api.2gis.com:443
2025-10-30 21:37:35,410 - DEBUG - [_make_request] - https://catalog.api.2gis.com:443 "GET /3.0/items?key=50e21a4a-6241-4f9a-aff6-0b7a942be2b7&q=%D0%BA%D0%B0%D1%84%D0%B5&district_id=4504209512726579&type=branch&page=2&page_size=10&fields=items.point%2Citems.name%2Citems.address_name%2Citems.reviews HTTP/1.1" 200 133
2025-10-30 21:37:35,411 - DEBUG - [получить_кафе_в_районе] - Статус ответа: 200
2025-10-30 21:37:35,411 - WARNING - [получить_кафе_в_районе] - На странице 2 нет данных в ожидаемом формате
2025-10-30 21:37:35,912 - DEBUG - [получить_кафе_в_районе] - Запрос страницы 3 для района Ивановское
2025-10-30 21:37:35,914 - DEBUG - [_new_conn] - Starting new HTTPS connection (1): catalog.api.2gis.com:443
2025-10-30 21:37:36,285 - DEBUG - [_make_request] - https://catalog.api.2gis.com:443 "GET /3.0/items?key=50e21a4a-6241-4f9a-aff6-0b7a942be2b7&q=%D0%BA%D0%B0%D1%84%D0%B5&district_id=4504209512726579&type=branch&page=3&page_size=10&fields=items.point%2Citems.name%2Citems.address_name%2Citems.reviews HTTP/1.1" 200 133
2025-10-30 21:37:36,286 - DEBUG - [получить_кафе_в_районе] - Статус ответа: 200
2025-10-30 21:37:36,286 - WARNING - [получить_кафе_в_районе] - На странице 3 нет данных в ожидаемом формате
2025-10-30 21:37:36,787 - DEBUG - [получить_кафе_в_районе] - Запрос страницы 4 для района Ивановское
2025-10-30 21:37:36,789 - DEBUG - [_new_conn] - Starting new HTTPS connection (1): catalog.api.2gis.com:443
2025-10-30 21:37:37,166 - DEBUG - [_make_request] - https://catalog.api.2gis.com:443 "GET /3.0/items?key=50e21a4a-6241-4f9a-aff6-0b7a942be2b7&q=%D0%BA%D0%B0%D1%84%D0%B5&district_id=4504209512726579&type=branch&page=4&page_size=10&fields=items.point%2Citems.name%2Citems.address_name%2Citems.reviews HTTP/1.1" 200 133
2025-10-30 21:37:37,167 - DEBUG - [получить_кафе_в_районе] - Статус ответа: 200
2025-10-30 21:37:37,167 - WARNING - [получить_кафе_в_районе] - На странице 4 нет данных в ожидаемом формате
2025-10-30 21:37:37,668 - DEBUG - [получить_кафе_в_районе] - Запрос страницы 5 для района Ивановское
2025-10-30 21:37:37,670 - DEBUG - [_new_conn] - Starting new HTTPS connection (1): catalog.api.2gis.com:443
2025-10-30 21:37:38,074 - DEBUG - [_make_request] - https://catalog.api.2gis.com:443 "GET /3.0/items?key=50e21a4a-6241-4f9a-aff6-0b7a942be2b7&q=%D0%BA%D0%B0%D1%84%D0%B5&district_id=4504209512726579&type=branch&page=5&page_size=10&fields=items.point%2Citems.name%2Citems.address_name%2Citems.reviews HTTP/1.1" 200 133
2025-10-30 21:37:38,075 - DEBUG - [получить_кафе_в_районе] - Статус ответа: 200
2025-10-30 21:37:38,076 - WARNING - [получить_кафе_в_районе] - На странице 5 нет данных в ожидаемом формате
2025-10-30 21:37:38,076 - INFO - [получить_кафе_в_районе] - Завершение сбора для района Ивановское. Найдено кафе: 6
2025-10-30 21:37:38,079 - INFO - [<cell line: 0>] - Район 'Ивановское' завершен. Кафе: 6
2025-10-30 21:37:39,081 - INFO - [<cell line: 0>] - [37/132] Обработка района: Измайлово
2025-10-30 21:37:39,082 - INFO - [получить_кафе_в_районе] - Начало сбора кафе для района: Измайлово (ID: 4504209512726587)
2025-10-30 21:37:39,083 - DEBUG - [получить_кафе_в_районе] - Запрос страницы 1 для района Измайлово
2025-10-30 21:37:39,084 - DEBUG - [_new_conn] - Starting new HTTPS connection (1): catalog.api.2gis.com:443
2025-10-30 21:37:39,598 - DEBUG - [_make_request] - https://catalog.api.2gis.com:443 "GET /3.0/items?key=50e21a4a-6241-4f9a-aff6-0b7a942be2b7&q=%D0%BA%D0%B0%D1%84%D0%B5&district_id=4504209512726587&type=branch&page=1&page_size=10&fields=items.point%2Citems.name%2Citems.address_name%2Citems.reviews HTTP/1.1" 200 None
2025-10-30 21:37:39,599 - DEBUG - [получить_кафе_в_районе] - Статус ответа: 200
2025-10-30 21:37:39,599 - INFO - [получить_кафе_в_районе] - Загружено 10 кафе со страницы 1
2025-10-30 21:37:40,100 - DEBUG - [получить_кафе_в_районе] - Запрос страницы 2 для района Измайлово
2025-10-30 21:37:40,102 - DEBUG - [_new_conn] - Starting new HTTPS connection (1): catalog.api.2gis.com:443
2025-10-30 21:37:40,611 - DEBUG - [_make_request] - https://catalog.api.2gis.com:443 "GET /3.0/items?key=50e21a4a-6241-4f9a-aff6-0b7a942be2b7&q=%D0%BA%D0%B0%D1%84%D0%B5&district_id=4504209512726587&type=branch&page=2&page_size=10&fields=items.point%2Citems.name%2Citems.address_name%2Citems.reviews HTTP/1.1" 200 None
2025-10-30 21:37:40,613 - DEBUG - [получить_кафе_в_районе] - Статус ответа: 200
2025-10-30 21:37:40,613 - INFO - [получить_кафе_в_районе] - Загружено 10 кафе со страницы 2
2025-10-30 21:37:41,115 - DEBUG - [получить_кафе_в_районе] - Запрос страницы 3 для района Измайлово
2025-10-30 21:37:41,116 - DEBUG - [_new_conn] - Starting new HTTPS connection (1): catalog.api.2gis.com:443
2025-10-30 21:37:41,505 - DEBUG - [_make_request] - https://catalog.api.2gis.com:443 "GET /3.0/items?key=50e21a4a-6241-4f9a-aff6-0b7a942be2b7&q=%D0%BA%D0%B0%D1%84%D0%B5&district_id=4504209512726587&type=branch&page=3&page_size=10&fields=items.point%2Citems.name%2Citems.address_name%2Citems.reviews HTTP/1.1" 200 None
2025-10-30 21:37:41,506 - DEBUG - [получить_кафе_в_районе] - Статус ответа: 200
2025-10-30 21:37:41,506 - INFO - [получить_кафе_в_районе] - Загружено 10 кафе со страницы 3
2025-10-30 21:37:42,007 - DEBUG - [получить_кафе_в_районе] - Запрос страницы 4 для района Измайлово
2025-10-30 21:37:42,009 - DEBUG - [_new_conn] - Starting new HTTPS connection (1): catalog.api.2gis.com:443
2025-10-30 21:37:42,404 - DEBUG - [_make_request] - https://catalog.api.2gis.com:443 "GET /3.0/items?key=50e21a4a-6241-4f9a-aff6-0b7a942be2b7&q=%D0%BA%D0%B0%D1%84%D0%B5&district_id=4504209512726587&type=branch&page=4&page_size=10&fields=items.point%2Citems.name%2Citems.address_name%2Citems.reviews HTTP/1.1" 200 None
2025-10-30 21:37:42,405 - DEBUG - [получить_кафе_в_районе] - Статус ответа: 200
2025-10-30 21:37:42,405 - INFO - [получить_кафе_в_районе] - Загружено 10 кафе со страницы 4
2025-10-30 21:37:42,906 - DEBUG - [получить_кафе_в_районе] - Запрос страницы 5 для района Измайлово
2025-10-30 21:37:42,907 - DEBUG - [_new_conn] - Starting new HTTPS connection (1): catalog.api.2gis.com:443
2025-10-30 21:37:43,305 - DEBUG - [_make_request] - https://catalog.api.2gis.com:443 "GET /3.0/items?key=50e21a4a-6241-4f9a-aff6-0b7a942be2b7&q=%D0%BA%D0%B0%D1%84%D0%B5&district_id=4504209512726587&type=branch&page=5&page_size=10&fields=items.point%2Citems.name%2Citems.address_name%2Citems.reviews HTTP/1.1" 200 None
2025-10-30 21:37:43,307 - DEBUG - [получить_кафе_в_районе] - Статус ответа: 200
2025-10-30 21:37:43,307 - INFO - [получить_кафе_в_районе] - Загружено 10 кафе со страницы 5
2025-10-30 21:37:43,308 - INFO - [получить_кафе_в_районе] - Завершение сбора для района Измайлово. Найдено кафе: 50
2025-10-30 21:37:43,309 - INFO - [<cell line: 0>] - Район 'Измайлово' завершен. Кафе: 50
2025-10-30 21:37:44,311 - INFO - [<cell line: 0>] - [38/132] Обработка района: Капотня
2025-10-30 21:37:44,312 - INFO - [получить_кафе_в_районе] - Начало сбора кафе для района: Капотня (ID: 4504209512726597)
2025-10-30 21:37:44,313 - DEBUG - [получить_кафе_в_районе] - Запрос страницы 1 для района Капотня
2025-10-30 21:37:44,315 - DEBUG - [_new_conn] - Starting new HTTPS connection (1): catalog.api.2gis.com:443
2025-10-30 21:37:44,699 - DEBUG - [_make_request] - https://catalog.api.2gis.com:443 "GET /3.0/items?key=50e21a4a-6241-4f9a-aff6-0b7a942be2b7&q=%D0%BA%D0%B0%D1%84%D0%B5&district_id=4504209512726597&type=branch&page=1&page_size=10&fields=items.point%2Citems.name%2Citems.address_name%2Citems.reviews HTTP/1.1" 200 None
2025-10-30 21:37:44,700 - DEBUG - [получить_кафе_в_районе] - Статус ответа: 200
2025-10-30 21:37:44,700 - INFO - [получить_кафе_в_районе] - Загружено 10 кафе со страницы 1
2025-10-30 21:37:45,201 - DEBUG - [получить_кафе_в_районе] - Запрос страницы 2 для района Капотня
2025-10-30 21:37:45,203 - DEBUG - [_new_conn] - Starting new HTTPS connection (1): catalog.api.2gis.com:443
2025-10-30 21:37:45,589 - DEBUG - [_make_request] - https://catalog.api.2gis.com:443 "GET /3.0/items?key=50e21a4a-6241-4f9a-aff6-0b7a942be2b7&q=%D0%BA%D0%B0%D1%84%D0%B5&district_id=4504209512726597&type=branch&page=2&page_size=10&fields=items.point%2Citems.name%2Citems.address_name%2Citems.reviews HTTP/1.1" 200 None
2025-10-30 21:37:45,590 - DEBUG - [получить_кафе_в_районе] - Статус ответа: 200
2025-10-30 21:37:45,590 - INFO - [получить_кафе_в_районе] - Загружено 10 кафе со страницы 2
2025-10-30 21:37:46,091 - DEBUG - [получить_кафе_в_районе] - Запрос страницы 3 для района Капотня
2025-10-30 21:37:46,092 - DEBUG - [_new_conn] - Starting new HTTPS connection (1): catalog.api.2gis.com:443
2025-10-30 21:37:46,486 - DEBUG - [_make_request] - https://catalog.api.2gis.com:443 "GET /3.0/items?key=50e21a4a-6241-4f9a-aff6-0b7a942be2b7&q=%D0%BA%D0%B0%D1%84%D0%B5&district_id=4504209512726597&type=branch&page=3&page_size=10&fields=items.point%2Citems.name%2Citems.address_name%2Citems.reviews HTTP/1.1" 200 None
2025-10-30 21:37:46,487 - DEBUG - [получить_кафе_в_районе] - Статус ответа: 200
2025-10-30 21:37:46,487 - INFO - [получить_кафе_в_районе] - Загружено 9 кафе со страницы 3
2025-10-30 21:37:46,988 - DEBUG - [получить_кафе_в_районе] - Запрос страницы 4 для района Капотня
2025-10-30 21:37:46,990 - DEBUG - [_new_conn] - Starting new HTTPS connection (1): catalog.api.2gis.com:443
2025-10-30 21:37:47,373 - DEBUG - [_make_request] - https://catalog.api.2gis.com:443 "GET /3.0/items?key=50e21a4a-6241-4f9a-aff6-0b7a942be2b7&q=%D0%BA%D0%B0%D1%84%D0%B5&district_id=4504209512726597&type=branch&page=4&page_size=10&fields=items.point%2Citems.name%2Citems.address_name%2Citems.reviews HTTP/1.1" 200 133
2025-10-30 21:37:47,374 - DEBUG - [получить_кафе_в_районе] - Статус ответа: 200
2025-10-30 21:37:47,374 - WARNING - [получить_кафе_в_районе] - На странице 4 нет данных в ожидаемом формате
2025-10-30 21:37:47,875 - DEBUG - [получить_кафе_в_районе] - Запрос страницы 5 для района Капотня
2025-10-30 21:37:47,877 - DEBUG - [_new_conn] - Starting new HTTPS connection (1): catalog.api.2gis.com:443
2025-10-30 21:37:48,261 - DEBUG - [_make_request] - https://catalog.api.2gis.com:443 "GET /3.0/items?key=50e21a4a-6241-4f9a-aff6-0b7a942be2b7&q=%D0%BA%D0%B0%D1%84%D0%B5&district_id=4504209512726597&type=branch&page=5&page_size=10&fields=items.point%2Citems.name%2Citems.address_name%2Citems.reviews HTTP/1.1" 200 133
2025-10-30 21:37:48,262 - DEBUG - [получить_кафе_в_районе] - Статус ответа: 200
2025-10-30 21:37:48,262 - WARNING - [получить_кафе_в_районе] - На странице 5 нет данных в ожидаемом формате
2025-10-30 21:37:48,263 - INFO - [получить_кафе_в_районе] - Завершение сбора для района Капотня. Найдено кафе: 29
2025-10-30 21:37:48,265 - INFO - [<cell line: 0>] - Район 'Капотня' завершен. Кафе: 29
2025-10-30 21:37:49,267 - INFO - [<cell line: 0>] - [39/132] Обработка района: Коммунарка
2025-10-30 21:37:49,268 - INFO - [получить_кафе_в_районе] - Начало сбора кафе для района: Коммунарка (ID: 4504209520926899)
2025-10-30 21:37:49,269 - DEBUG - [получить_кафе_в_районе] - Запрос страницы 1 для района Коммунарка
2025-10-30 21:37:49,271 - DEBUG - [_new_conn] - Starting new HTTPS connection (1): catalog.api.2gis.com:443
2025-10-30 21:37:49,702 - DEBUG - [_make_request] - https://catalog.api.2gis.com:443 "GET /3.0/items?key=50e21a4a-6241-4f9a-aff6-0b7a942be2b7&q=%D0%BA%D0%B0%D1%84%D0%B5&district_id=4504209520926899&type=branch&page=1&page_size=10&fields=items.point%2Citems.name%2Citems.address_name%2Citems.reviews HTTP/1.1" 200 None
2025-10-30 21:37:49,703 - DEBUG - [получить_кафе_в_районе] - Статус ответа: 200
2025-10-30 21:37:49,703 - INFO - [получить_кафе_в_районе] - Загружено 10 кафе со страницы 1
2025-10-30 21:37:50,204 - DEBUG - [получить_кафе_в_районе] - Запрос страницы 2 для района Коммунарка
2025-10-30 21:37:50,206 - DEBUG - [_new_conn] - Starting new HTTPS connection (1): catalog.api.2gis.com:443
2025-10-30 21:37:50,608 - DEBUG - [_make_request] - https://catalog.api.2gis.com:443 "GET /3.0/items?key=50e21a4a-6241-4f9a-aff6-0b7a942be2b7&q=%D0%BA%D0%B0%D1%84%D0%B5&district_id=4504209520926899&type=branch&page=2&page_size=10&fields=items.point%2Citems.name%2Citems.address_name%2Citems.reviews HTTP/1.1" 200 None
2025-10-30 21:37:50,609 - DEBUG - [получить_кафе_в_районе] - Статус ответа: 200
2025-10-30 21:37:50,609 - INFO - [получить_кафе_в_районе] - Загружено 10 кафе со страницы 2
2025-10-30 21:37:51,110 - DEBUG - [получить_кафе_в_районе] - Запрос страницы 3 для района Коммунарка
2025-10-30 21:37:51,111 - DEBUG - [_new_conn] - Starting new HTTPS connection (1): catalog.api.2gis.com:443
2025-10-30 21:37:51,543 - DEBUG - [_make_request] - https://catalog.api.2gis.com:443 "GET /3.0/items?key=50e21a4a-6241-4f9a-aff6-0b7a942be2b7&q=%D0%BA%D0%B0%D1%84%D0%B5&district_id=4504209520926899&type=branch&page=3&page_size=10&fields=items.point%2Citems.name%2Citems.address_name%2Citems.reviews HTTP/1.1" 200 None
2025-10-30 21:37:51,544 - DEBUG - [получить_кафе_в_районе] - Статус ответа: 200
2025-10-30 21:37:51,544 - INFO - [получить_кафе_в_районе] - Загружено 10 кафе со страницы 3
2025-10-30 21:37:52,045 - DEBUG - [получить_кафе_в_районе] - Запрос страницы 4 для района Коммунарка
2025-10-30 21:37:52,047 - DEBUG - [_new_conn] - Starting new HTTPS connection (1): catalog.api.2gis.com:443
2025-10-30 21:37:52,453 - DEBUG - [_make_request] - https://catalog.api.2gis.com:443 "GET /3.0/items?key=50e21a4a-6241-4f9a-aff6-0b7a942be2b7&q=%D0%BA%D0%B0%D1%84%D0%B5&district_id=4504209520926899&type=branch&page=4&page_size=10&fields=items.point%2Citems.name%2Citems.address_name%2Citems.reviews HTTP/1.1" 200 None
2025-10-30 21:37:52,454 - DEBUG - [получить_кафе_в_районе] - Статус ответа: 200
2025-10-30 21:37:52,455 - INFO - [получить_кафе_в_районе] - Загружено 10 кафе со страницы 4
2025-10-30 21:37:52,956 - DEBUG - [получить_кафе_в_районе] - Запрос страницы 5 для района Коммунарка
2025-10-30 21:37:52,957 - DEBUG - [_new_conn] - Starting new HTTPS connection (1): catalog.api.2gis.com:443
2025-10-30 21:37:53,373 - DEBUG - [_make_request] - https://catalog.api.2gis.com:443 "GET /3.0/items?key=50e21a4a-6241-4f9a-aff6-0b7a942be2b7&q=%D0%BA%D0%B0%D1%84%D0%B5&district_id=4504209520926899&type=branch&page=5&page_size=10&fields=items.point%2Citems.name%2Citems.address_name%2Citems.reviews HTTP/1.1" 200 None
2025-10-30 21:37:53,374 - DEBUG - [получить_кафе_в_районе] - Статус ответа: 200
2025-10-30 21:37:53,374 - INFO - [получить_кафе_в_районе] - Загружено 10 кафе со страницы 5
2025-10-30 21:37:53,375 - INFO - [получить_кафе_в_районе] - Завершение сбора для района Коммунарка. Найдено кафе: 50
2025-10-30 21:37:53,376 - INFO - [<cell line: 0>] - Район 'Коммунарка' завершен. Кафе: 50
2025-10-30 21:37:54,377 - INFO - [<cell line: 0>] - [40/132] Обработка района: Коньково
2025-10-30 21:37:54,378 - INFO - [получить_кафе_в_районе] - Начало сбора кафе для района: Коньково (ID: 4504209512726629)
2025-10-30 21:37:54,379 - DEBUG - [получить_кафе_в_районе] - Запрос страницы 1 для района Коньково
2025-10-30 21:37:54,381 - DEBUG - [_new_conn] - Starting new HTTPS connection (1): catalog.api.2gis.com:443
2025-10-30 21:37:54,803 - DEBUG - [_make_request] - https://catalog.api.2gis.com:443 "GET /3.0/items?key=50e21a4a-6241-4f9a-aff6-0b7a942be2b7&q=%D0%BA%D0%B0%D1%84%D0%B5&district_id=4504209512726629&type=branch&page=1&page_size=10&fields=items.point%2Citems.name%2Citems.address_name%2Citems.reviews HTTP/1.1" 200 None
2025-10-30 21:37:54,804 - DEBUG - [получить_кафе_в_районе] - Статус ответа: 200
2025-10-30 21:37:54,804 - INFO - [получить_кафе_в_районе] - Загружено 10 кафе со страницы 1
2025-10-30 21:37:55,305 - DEBUG - [получить_кафе_в_районе] - Запрос страницы 2 для района Коньково
2025-10-30 21:37:55,306 - DEBUG - [_new_conn] - Starting new HTTPS connection (1): catalog.api.2gis.com:443
2025-10-30 21:37:55,703 - DEBUG - [_make_request] - https://catalog.api.2gis.com:443 "GET /3.0/items?key=50e21a4a-6241-4f9a-aff6-0b7a942be2b7&q=%D0%BA%D0%B0%D1%84%D0%B5&district_id=4504209512726629&type=branch&page=2&page_size=10&fields=items.point%2Citems.name%2Citems.address_name%2Citems.reviews HTTP/1.1" 200 None
2025-10-30 21:37:55,704 - DEBUG - [получить_кафе_в_районе] - Статус ответа: 200
2025-10-30 21:37:55,705 - INFO - [получить_кафе_в_районе] - Загружено 10 кафе со страницы 2
2025-10-30 21:37:56,206 - DEBUG - [получить_кафе_в_районе] - Запрос страницы 3 для района Коньково
2025-10-30 21:37:56,207 - DEBUG - [_new_conn] - Starting new HTTPS connection (1): catalog.api.2gis.com:443
2025-10-30 21:37:56,616 - DEBUG - [_make_request] - https://catalog.api.2gis.com:443 "GET /3.0/items?key=50e21a4a-6241-4f9a-aff6-0b7a942be2b7&q=%D0%BA%D0%B0%D1%84%D0%B5&district_id=4504209512726629&type=branch&page=3&page_size=10&fields=items.point%2Citems.name%2Citems.address_name%2Citems.reviews HTTP/1.1" 200 None
2025-10-30 21:37:56,617 - DEBUG - [получить_кафе_в_районе] - Статус ответа: 200
2025-10-30 21:37:56,617 - INFO - [получить_кафе_в_районе] - Загружено 10 кафе со страницы 3
2025-10-30 21:37:57,118 - DEBUG - [получить_кафе_в_районе] - Запрос страницы 4 для района Коньково
2025-10-30 21:37:57,120 - DEBUG - [_new_conn] - Starting new HTTPS connection (1): catalog.api.2gis.com:443
2025-10-30 21:37:57,510 - DEBUG - [_make_request] - https://catalog.api.2gis.com:443 "GET /3.0/items?key=50e21a4a-6241-4f9a-aff6-0b7a942be2b7&q=%D0%BA%D0%B0%D1%84%D0%B5&district_id=4504209512726629&type=branch&page=4&page_size=10&fields=items.point%2Citems.name%2Citems.address_name%2Citems.reviews HTTP/1.1" 200 None
2025-10-30 21:37:57,511 - DEBUG - [получить_кафе_в_районе] - Статус ответа: 200
2025-10-30 21:37:57,511 - INFO - [получить_кафе_в_районе] - Загружено 10 кафе со страницы 4
2025-10-30 21:37:58,012 - DEBUG - [получить_кафе_в_районе] - Запрос страницы 5 для района Коньково
2025-10-30 21:37:58,013 - DEBUG - [_new_conn] - Starting new HTTPS connection (1): catalog.api.2gis.com:443
2025-10-30 21:37:58,397 - DEBUG - [_make_request] - https://catalog.api.2gis.com:443 "GET /3.0/items?key=50e21a4a-6241-4f9a-aff6-0b7a942be2b7&q=%D0%BA%D0%B0%D1%84%D0%B5&district_id=4504209512726629&type=branch&page=5&page_size=10&fields=items.point%2Citems.name%2Citems.address_name%2Citems.reviews HTTP/1.1" 200 None
2025-10-30 21:37:58,398 - DEBUG - [получить_кафе_в_районе] - Статус ответа: 200
2025-10-30 21:37:58,398 - INFO - [получить_кафе_в_районе] - Загружено 2 кафе со страницы 5
2025-10-30 21:37:58,399 - INFO - [получить_кафе_в_районе] - Завершение сбора для района Коньково. Найдено кафе: 42
2025-10-30 21:37:58,400 - INFO - [<cell line: 0>] - Район 'Коньково' завершен. Кафе: 42
2025-10-30 21:37:59,401 - INFO - [<cell line: 0>] - [41/132] Обработка района: Коптево
2025-10-30 21:37:59,402 - INFO - [получить_кафе_в_районе] - Начало сбора кафе для района: Коптево (ID: 4504209512726550)
2025-10-30 21:37:59,404 - DEBUG - [получить_кафе_в_районе] - Запрос страницы 1 для района Коптево
2025-10-30 21:37:59,407 - DEBUG - [_new_conn] - Starting new HTTPS connection (1): catalog.api.2gis.com:443
2025-10-30 21:37:59,790 - DEBUG - [_make_request] - https://catalog.api.2gis.com:443 "GET /3.0/items?key=50e21a4a-6241-4f9a-aff6-0b7a942be2b7&q=%D0%BA%D0%B0%D1%84%D0%B5&district_id=4504209512726550&type=branch&page=1&page_size=10&fields=items.point%2Citems.name%2Citems.address_name%2Citems.reviews HTTP/1.1" 200 None
2025-10-30 21:37:59,791 - DEBUG - [получить_кафе_в_районе] - Статус ответа: 200
2025-10-30 21:37:59,791 - INFO - [получить_кафе_в_районе] - Загружено 10 кафе со страницы 1
2025-10-30 21:38:00,293 - DEBUG - [получить_кафе_в_районе] - Запрос страницы 2 для района Коптево
2025-10-30 21:38:00,294 - DEBUG - [_new_conn] - Starting new HTTPS connection (1): catalog.api.2gis.com:443
2025-10-30 21:38:00,686 - DEBUG - [_make_request] - https://catalog.api.2gis.com:443 "GET /3.0/items?key=50e21a4a-6241-4f9a-aff6-0b7a942be2b7&q=%D0%BA%D0%B0%D1%84%D0%B5&district_id=4504209512726550&type=branch&page=2&page_size=10&fields=items.point%2Citems.name%2Citems.address_name%2Citems.reviews HTTP/1.1" 200 None
2025-10-30 21:38:00,687 - DEBUG - [получить_кафе_в_районе] - Статус ответа: 200
2025-10-30 21:38:00,687 - INFO - [получить_кафе_в_районе] - Загружено 10 кафе со страницы 2
2025-10-30 21:38:01,188 - DEBUG - [получить_кафе_в_районе] - Запрос страницы 3 для района Коптево
2025-10-30 21:38:01,190 - DEBUG - [_new_conn] - Starting new HTTPS connection (1): catalog.api.2gis.com:443
2025-10-30 21:38:01,563 - DEBUG - [_make_request] - https://catalog.api.2gis.com:443 "GET /3.0/items?key=50e21a4a-6241-4f9a-aff6-0b7a942be2b7&q=%D0%BA%D0%B0%D1%84%D0%B5&district_id=4504209512726550&type=branch&page=3&page_size=10&fields=items.point%2Citems.name%2Citems.address_name%2Citems.reviews HTTP/1.1" 200 None
2025-10-30 21:38:01,564 - DEBUG - [получить_кафе_в_районе] - Статус ответа: 200
2025-10-30 21:38:01,564 - INFO - [получить_кафе_в_районе] - Загружено 2 кафе со страницы 3
2025-10-30 21:38:02,065 - DEBUG - [получить_кафе_в_районе] - Запрос страницы 4 для района Коптево
2025-10-30 21:38:02,066 - DEBUG - [_new_conn] - Starting new HTTPS connection (1): catalog.api.2gis.com:443
2025-10-30 21:38:02,449 - DEBUG - [_make_request] - https://catalog.api.2gis.com:443 "GET /3.0/items?key=50e21a4a-6241-4f9a-aff6-0b7a942be2b7&q=%D0%BA%D0%B0%D1%84%D0%B5&district_id=4504209512726550&type=branch&page=4&page_size=10&fields=items.point%2Citems.name%2Citems.address_name%2Citems.reviews HTTP/1.1" 200 133
2025-10-30 21:38:02,450 - DEBUG - [получить_кафе_в_районе] - Статус ответа: 200
2025-10-30 21:38:02,450 - WARNING - [получить_кафе_в_районе] - На странице 4 нет данных в ожидаемом формате
2025-10-30 21:38:02,951 - DEBUG - [получить_кафе_в_районе] - Запрос страницы 5 для района Коптево
2025-10-30 21:38:02,953 - DEBUG - [_new_conn] - Starting new HTTPS connection (1): catalog.api.2gis.com:443
2025-10-30 21:38:03,335 - DEBUG - [_make_request] - https://catalog.api.2gis.com:443 "GET /3.0/items?key=50e21a4a-6241-4f9a-aff6-0b7a942be2b7&q=%D0%BA%D0%B0%D1%84%D0%B5&district_id=4504209512726550&type=branch&page=5&page_size=10&fields=items.point%2Citems.name%2Citems.address_name%2Citems.reviews HTTP/1.1" 200 133
2025-10-30 21:38:03,336 - DEBUG - [получить_кафе_в_районе] - Статус ответа: 200
2025-10-30 21:38:03,336 - WARNING - [получить_кафе_в_районе] - На странице 5 нет данных в ожидаемом формате
2025-10-30 21:38:03,337 - INFO - [получить_кафе_в_районе] - Завершение сбора для района Коптево. Найдено кафе: 22
2025-10-30 21:38:03,338 - INFO - [<cell line: 0>] - Район 'Коптево' завершен. Кафе: 22
2025-10-30 21:38:04,339 - INFO - [<cell line: 0>] - [42/132] Обработка района: Косино-Ухтомский
2025-10-30 21:38:04,340 - INFO - [получить_кафе_в_районе] - Начало сбора кафе для района: Косино-Ухтомский (ID: 4504209512726577)
2025-10-30 21:38:04,342 - DEBUG - [получить_кафе_в_районе] - Запрос страницы 1 для района Косино-Ухтомский
2025-10-30 21:38:04,344 - DEBUG - [_new_conn] - Starting new HTTPS connection (1): catalog.api.2gis.com:443
2025-10-30 21:38:04,742 - DEBUG - [_make_request] - https://catalog.api.2gis.com:443 "GET /3.0/items?key=50e21a4a-6241-4f9a-aff6-0b7a942be2b7&q=%D0%BA%D0%B0%D1%84%D0%B5&district_id=4504209512726577&type=branch&page=1&page_size=10&fields=items.point%2Citems.name%2Citems.address_name%2Citems.reviews HTTP/1.1" 200 None
2025-10-30 21:38:04,743 - DEBUG - [получить_кафе_в_районе] - Статус ответа: 200
2025-10-30 21:38:04,743 - INFO - [получить_кафе_в_районе] - Загружено 10 кафе со страницы 1
2025-10-30 21:38:05,244 - DEBUG - [получить_кафе_в_районе] - Запрос страницы 2 для района Косино-Ухтомский
2025-10-30 21:38:05,245 - DEBUG - [_new_conn] - Starting new HTTPS connection (1): catalog.api.2gis.com:443
2025-10-30 21:38:05,627 - DEBUG - [_make_request] - https://catalog.api.2gis.com:443 "GET /3.0/items?key=50e21a4a-6241-4f9a-aff6-0b7a942be2b7&q=%D0%BA%D0%B0%D1%84%D0%B5&district_id=4504209512726577&type=branch&page=2&page_size=10&fields=items.point%2Citems.name%2Citems.address_name%2Citems.reviews HTTP/1.1" 200 None
2025-10-30 21:38:05,628 - DEBUG - [получить_кафе_в_районе] - Статус ответа: 200
2025-10-30 21:38:05,628 - INFO - [получить_кафе_в_районе] - Загружено 8 кафе со страницы 2
2025-10-30 21:38:06,129 - DEBUG - [получить_кафе_в_районе] - Запрос страницы 3 для района Косино-Ухтомский
2025-10-30 21:38:06,130 - DEBUG - [_new_conn] - Starting new HTTPS connection (1): catalog.api.2gis.com:443
2025-10-30 21:38:06,537 - DEBUG - [_make_request] - https://catalog.api.2gis.com:443 "GET /3.0/items?key=50e21a4a-6241-4f9a-aff6-0b7a942be2b7&q=%D0%BA%D0%B0%D1%84%D0%B5&district_id=4504209512726577&type=branch&page=3&page_size=10&fields=items.point%2Citems.name%2Citems.address_name%2Citems.reviews HTTP/1.1" 200 133
2025-10-30 21:38:06,538 - DEBUG - [получить_кафе_в_районе] - Статус ответа: 200
2025-10-30 21:38:06,538 - WARNING - [получить_кафе_в_районе] - На странице 3 нет данных в ожидаемом формате
2025-10-30 21:38:07,039 - DEBUG - [получить_кафе_в_районе] - Запрос страницы 4 для района Косино-Ухтомский
2025-10-30 21:38:07,040 - DEBUG - [_new_conn] - Starting new HTTPS connection (1): catalog.api.2gis.com:443
2025-10-30 21:38:07,417 - DEBUG - [_make_request] - https://catalog.api.2gis.com:443 "GET /3.0/items?key=50e21a4a-6241-4f9a-aff6-0b7a942be2b7&q=%D0%BA%D0%B0%D1%84%D0%B5&district_id=4504209512726577&type=branch&page=4&page_size=10&fields=items.point%2Citems.name%2Citems.address_name%2Citems.reviews HTTP/1.1" 200 133
2025-10-30 21:38:07,418 - DEBUG - [получить_кафе_в_районе] - Статус ответа: 200
2025-10-30 21:38:07,419 - WARNING - [получить_кафе_в_районе] - На странице 4 нет данных в ожидаемом формате
2025-10-30 21:38:07,920 - DEBUG - [получить_кафе_в_районе] - Запрос страницы 5 для района Косино-Ухтомский
2025-10-30 21:38:07,921 - DEBUG - [_new_conn] - Starting new HTTPS connection (1): catalog.api.2gis.com:443
2025-10-30 21:38:08,294 - DEBUG - [_make_request] - https://catalog.api.2gis.com:443 "GET /3.0/items?key=50e21a4a-6241-4f9a-aff6-0b7a942be2b7&q=%D0%BA%D0%B0%D1%84%D0%B5&district_id=4504209512726577&type=branch&page=5&page_size=10&fields=items.point%2Citems.name%2Citems.address_name%2Citems.reviews HTTP/1.1" 200 133
2025-10-30 21:38:08,295 - DEBUG - [получить_кафе_в_районе] - Статус ответа: 200
2025-10-30 21:38:08,295 - WARNING - [получить_кафе_в_районе] - На странице 5 нет данных в ожидаемом формате
2025-10-30 21:38:08,296 - INFO - [получить_кафе_в_районе] - Завершение сбора для района Косино-Ухтомский. Найдено кафе: 18
2025-10-30 21:38:08,297 - INFO - [<cell line: 0>] - Район 'Косино-Ухтомский' завершен. Кафе: 18
2025-10-30 21:38:09,298 - INFO - [<cell line: 0>] - [43/132] Обработка района: Котловка
2025-10-30 21:38:09,299 - INFO - [получить_кафе_в_районе] - Начало сбора кафе для района: Котловка (ID: 4504209512726613)
2025-10-30 21:38:09,300 - DEBUG - [получить_кафе_в_районе] - Запрос страницы 1 для района Котловка
2025-10-30 21:38:09,302 - DEBUG - [_new_conn] - Starting new HTTPS connection (1): catalog.api.2gis.com:443
2025-10-30 21:38:09,816 - DEBUG - [_make_request] - https://catalog.api.2gis.com:443 "GET /3.0/items?key=50e21a4a-6241-4f9a-aff6-0b7a942be2b7&q=%D0%BA%D0%B0%D1%84%D0%B5&district_id=4504209512726613&type=branch&page=1&page_size=10&fields=items.point%2Citems.name%2Citems.address_name%2Citems.reviews HTTP/1.1" 200 None
2025-10-30 21:38:09,817 - DEBUG - [получить_кафе_в_районе] - Статус ответа: 200
2025-10-30 21:38:09,817 - INFO - [получить_кафе_в_районе] - Загружено 10 кафе со страницы 1
2025-10-30 21:38:10,318 - DEBUG - [получить_кафе_в_районе] - Запрос страницы 2 для района Котловка
2025-10-30 21:38:10,319 - DEBUG - [_new_conn] - Starting new HTTPS connection (1): catalog.api.2gis.com:443
2025-10-30 21:38:10,957 - DEBUG - [_make_request] - https://catalog.api.2gis.com:443 "GET /3.0/items?key=50e21a4a-6241-4f9a-aff6-0b7a942be2b7&q=%D0%BA%D0%B0%D1%84%D0%B5&district_id=4504209512726613&type=branch&page=2&page_size=10&fields=items.point%2Citems.name%2Citems.address_name%2Citems.reviews HTTP/1.1" 200 None
2025-10-30 21:38:10,958 - DEBUG - [получить_кафе_в_районе] - Статус ответа: 200
2025-10-30 21:38:10,958 - INFO - [получить_кафе_в_районе] - Загружено 10 кафе со страницы 2
2025-10-30 21:38:11,459 - DEBUG - [получить_кафе_в_районе] - Запрос страницы 3 для района Котловка
2025-10-30 21:38:11,460 - DEBUG - [_new_conn] - Starting new HTTPS connection (1): catalog.api.2gis.com:443
2025-10-30 21:38:11,840 - DEBUG - [_make_request] - https://catalog.api.2gis.com:443 "GET /3.0/items?key=50e21a4a-6241-4f9a-aff6-0b7a942be2b7&q=%D0%BA%D0%B0%D1%84%D0%B5&district_id=4504209512726613&type=branch&page=3&page_size=10&fields=items.point%2Citems.name%2Citems.address_name%2Citems.reviews HTTP/1.1" 200 133
2025-10-30 21:38:11,841 - DEBUG - [получить_кафе_в_районе] - Статус ответа: 200
2025-10-30 21:38:11,841 - WARNING - [получить_кафе_в_районе] - На странице 3 нет данных в ожидаемом формате
2025-10-30 21:38:12,342 - DEBUG - [получить_кафе_в_районе] - Запрос страницы 4 для района Котловка
2025-10-30 21:38:12,343 - DEBUG - [_new_conn] - Starting new HTTPS connection (1): catalog.api.2gis.com:443
2025-10-30 21:38:12,725 - DEBUG - [_make_request] - https://catalog.api.2gis.com:443 "GET /3.0/items?key=50e21a4a-6241-4f9a-aff6-0b7a942be2b7&q=%D0%BA%D0%B0%D1%84%D0%B5&district_id=4504209512726613&type=branch&page=4&page_size=10&fields=items.point%2Citems.name%2Citems.address_name%2Citems.reviews HTTP/1.1" 200 133
2025-10-30 21:38:12,726 - DEBUG - [получить_кафе_в_районе] - Статус ответа: 200
2025-10-30 21:38:12,726 - WARNING - [получить_кафе_в_районе] - На странице 4 нет данных в ожидаемом формате
2025-10-30 21:38:13,228 - DEBUG - [получить_кафе_в_районе] - Запрос страницы 5 для района Котловка
2025-10-30 21:38:13,229 - DEBUG - [_new_conn] - Starting new HTTPS connection (1): catalog.api.2gis.com:443
2025-10-30 21:38:13,611 - DEBUG - [_make_request] - https://catalog.api.2gis.com:443 "GET /3.0/items?key=50e21a4a-6241-4f9a-aff6-0b7a942be2b7&q=%D0%BA%D0%B0%D1%84%D0%B5&district_id=4504209512726613&type=branch&page=5&page_size=10&fields=items.point%2Citems.name%2Citems.address_name%2Citems.reviews HTTP/1.1" 200 133
2025-10-30 21:38:13,613 - DEBUG - [получить_кафе_в_районе] - Статус ответа: 200
2025-10-30 21:38:13,613 - WARNING - [получить_кафе_в_районе] - На странице 5 нет данных в ожидаемом формате
2025-10-30 21:38:13,614 - INFO - [получить_кафе_в_районе] - Завершение сбора для района Котловка. Найдено кафе: 20
2025-10-30 21:38:13,615 - INFO - [<cell line: 0>] - Район 'Котловка' завершен. Кафе: 20
2025-10-30 21:38:14,615 - INFO - [<cell line: 0>] - [44/132] Обработка района: Краснопахорский
2025-10-30 21:38:14,616 - INFO - [получить_кафе_в_районе] - Начало сбора кафе для района: Краснопахорский (ID: 4504209520933720)
2025-10-30 21:38:14,618 - DEBUG - [получить_кафе_в_районе] - Запрос страницы 1 для района Краснопахорский
2025-10-30 21:38:14,620 - DEBUG - [_new_conn] - Starting new HTTPS connection (1): catalog.api.2gis.com:443
2025-10-30 21:38:15,030 - DEBUG - [_make_request] - https://catalog.api.2gis.com:443 "GET /3.0/items?key=50e21a4a-6241-4f9a-aff6-0b7a942be2b7&q=%D0%BA%D0%B0%D1%84%D0%B5&district_id=4504209520933720&type=branch&page=1&page_size=10&fields=items.point%2Citems.name%2Citems.address_name%2Citems.reviews HTTP/1.1" 200 None
2025-10-30 21:38:15,030 - DEBUG - [получить_кафе_в_районе] - Статус ответа: 200
2025-10-30 21:38:15,031 - INFO - [получить_кафе_в_районе] - Загружено 10 кафе со страницы 1
2025-10-30 21:38:15,532 - DEBUG - [получить_кафе_в_районе] - Запрос страницы 2 для района Краснопахорский
2025-10-30 21:38:15,533 - DEBUG - [_new_conn] - Starting new HTTPS connection (1): catalog.api.2gis.com:443
2025-10-30 21:38:15,922 - DEBUG - [_make_request] - https://catalog.api.2gis.com:443 "GET /3.0/items?key=50e21a4a-6241-4f9a-aff6-0b7a942be2b7&q=%D0%BA%D0%B0%D1%84%D0%B5&district_id=4504209520933720&type=branch&page=2&page_size=10&fields=items.point%2Citems.name%2Citems.address_name%2Citems.reviews HTTP/1.1" 200 None
2025-10-30 21:38:15,923 - DEBUG - [получить_кафе_в_районе] - Статус ответа: 200
2025-10-30 21:38:15,923 - INFO - [получить_кафе_в_районе] - Загружено 3 кафе со страницы 2
2025-10-30 21:38:16,424 - DEBUG - [получить_кафе_в_районе] - Запрос страницы 3 для района Краснопахорский
2025-10-30 21:38:16,426 - DEBUG - [_new_conn] - Starting new HTTPS connection (1): catalog.api.2gis.com:443
2025-10-30 21:38:16,812 - DEBUG - [_make_request] - https://catalog.api.2gis.com:443 "GET /3.0/items?key=50e21a4a-6241-4f9a-aff6-0b7a942be2b7&q=%D0%BA%D0%B0%D1%84%D0%B5&district_id=4504209520933720&type=branch&page=3&page_size=10&fields=items.point%2Citems.name%2Citems.address_name%2Citems.reviews HTTP/1.1" 200 133
2025-10-30 21:38:16,813 - DEBUG - [получить_кафе_в_районе] - Статус ответа: 200
2025-10-30 21:38:16,813 - WARNING - [получить_кафе_в_районе] - На странице 3 нет данных в ожидаемом формате
2025-10-30 21:38:17,314 - DEBUG - [получить_кафе_в_районе] - Запрос страницы 4 для района Краснопахорский
2025-10-30 21:38:17,315 - DEBUG - [_new_conn] - Starting new HTTPS connection (1): catalog.api.2gis.com:443
2025-10-30 21:38:17,688 - DEBUG - [_make_request] - https://catalog.api.2gis.com:443 "GET /3.0/items?key=50e21a4a-6241-4f9a-aff6-0b7a942be2b7&q=%D0%BA%D0%B0%D1%84%D0%B5&district_id=4504209520933720&type=branch&page=4&page_size=10&fields=items.point%2Citems.name%2Citems.address_name%2Citems.reviews HTTP/1.1" 200 133
2025-10-30 21:38:17,689 - DEBUG - [получить_кафе_в_районе] - Статус ответа: 200
2025-10-30 21:38:17,689 - WARNING - [получить_кафе_в_районе] - На странице 4 нет данных в ожидаемом формате
2025-10-30 21:38:18,190 - DEBUG - [получить_кафе_в_районе] - Запрос страницы 5 для района Краснопахорский
2025-10-30 21:38:18,191 - DEBUG - [_new_conn] - Starting new HTTPS connection (1): catalog.api.2gis.com:443
2025-10-30 21:38:18,583 - DEBUG - [_make_request] - https://catalog.api.2gis.com:443 "GET /3.0/items?key=50e21a4a-6241-4f9a-aff6-0b7a942be2b7&q=%D0%BA%D0%B0%D1%84%D0%B5&district_id=4504209520933720&type=branch&page=5&page_size=10&fields=items.point%2Citems.name%2Citems.address_name%2Citems.reviews HTTP/1.1" 200 133
2025-10-30 21:38:18,584 - DEBUG - [получить_кафе_в_районе] - Статус ответа: 200
2025-10-30 21:38:18,584 - WARNING - [получить_кафе_в_районе] - На странице 5 нет данных в ожидаемом формате
2025-10-30 21:38:18,585 - INFO - [получить_кафе_в_районе] - Завершение сбора для района Краснопахорский. Найдено кафе: 13
2025-10-30 21:38:18,587 - INFO - [<cell line: 0>] - Район 'Краснопахорский' завершен. Кафе: 13
2025-10-30 21:38:19,589 - INFO - [<cell line: 0>] - [45/132] Обработка района: Красносельский
2025-10-30 21:38:19,590 - INFO - [получить_кафе_в_районе] - Начало сбора кафе для района: Красносельский (ID: 4504209512726540)
2025-10-30 21:38:19,591 - DEBUG - [получить_кафе_в_районе] - Запрос страницы 1 для района Красносельский
2025-10-30 21:38:19,592 - DEBUG - [_new_conn] - Starting new HTTPS connection (1): catalog.api.2gis.com:443
2025-10-30 21:38:19,986 - DEBUG - [_make_request] - https://catalog.api.2gis.com:443 "GET /3.0/items?key=50e21a4a-6241-4f9a-aff6-0b7a942be2b7&q=%D0%BA%D0%B0%D1%84%D0%B5&district_id=4504209512726540&type=branch&page=1&page_size=10&fields=items.point%2Citems.name%2Citems.address_name%2Citems.reviews HTTP/1.1" 200 None
2025-10-30 21:38:19,987 - DEBUG - [получить_кафе_в_районе] - Статус ответа: 200
2025-10-30 21:38:19,987 - INFO - [получить_кафе_в_районе] - Загружено 10 кафе со страницы 1
2025-10-30 21:38:20,488 - DEBUG - [получить_кафе_в_районе] - Запрос страницы 2 для района Красносельский
2025-10-30 21:38:20,489 - DEBUG - [_new_conn] - Starting new HTTPS connection (1): catalog.api.2gis.com:443
2025-10-30 21:38:20,889 - DEBUG - [_make_request] - https://catalog.api.2gis.com:443 "GET /3.0/items?key=50e21a4a-6241-4f9a-aff6-0b7a942be2b7&q=%D0%BA%D0%B0%D1%84%D0%B5&district_id=4504209512726540&type=branch&page=2&page_size=10&fields=items.point%2Citems.name%2Citems.address_name%2Citems.reviews HTTP/1.1" 200 None
2025-10-30 21:38:20,890 - DEBUG - [получить_кафе_в_районе] - Статус ответа: 200
2025-10-30 21:38:20,891 - INFO - [получить_кафе_в_районе] - Загружено 10 кафе со страницы 2
2025-10-30 21:38:21,391 - DEBUG - [получить_кафе_в_районе] - Запрос страницы 3 для района Красносельский
2025-10-30 21:38:21,393 - DEBUG - [_new_conn] - Starting new HTTPS connection (1): catalog.api.2gis.com:443
2025-10-30 21:38:21,804 - DEBUG - [_make_request] - https://catalog.api.2gis.com:443 "GET /3.0/items?key=50e21a4a-6241-4f9a-aff6-0b7a942be2b7&q=%D0%BA%D0%B0%D1%84%D0%B5&district_id=4504209512726540&type=branch&page=3&page_size=10&fields=items.point%2Citems.name%2Citems.address_name%2Citems.reviews HTTP/1.1" 200 None
2025-10-30 21:38:21,805 - DEBUG - [получить_кафе_в_районе] - Статус ответа: 200
2025-10-30 21:38:21,805 - INFO - [получить_кафе_в_районе] - Загружено 10 кафе со страницы 3
2025-10-30 21:38:22,306 - DEBUG - [получить_кафе_в_районе] - Запрос страницы 4 для района Красносельский
2025-10-30 21:38:22,307 - DEBUG - [_new_conn] - Starting new HTTPS connection (1): catalog.api.2gis.com:443
2025-10-30 21:38:22,713 - DEBUG - [_make_request] - https://catalog.api.2gis.com:443 "GET /3.0/items?key=50e21a4a-6241-4f9a-aff6-0b7a942be2b7&q=%D0%BA%D0%B0%D1%84%D0%B5&district_id=4504209512726540&type=branch&page=4&page_size=10&fields=items.point%2Citems.name%2Citems.address_name%2Citems.reviews HTTP/1.1" 200 None
2025-10-30 21:38:22,714 - DEBUG - [получить_кафе_в_районе] - Статус ответа: 200
2025-10-30 21:38:22,714 - INFO - [получить_кафе_в_районе] - Загружено 10 кафе со страницы 4
2025-10-30 21:38:23,215 - DEBUG - [получить_кафе_в_районе] - Запрос страницы 5 для района Красносельский
2025-10-30 21:38:23,216 - DEBUG - [_new_conn] - Starting new HTTPS connection (1): catalog.api.2gis.com:443
2025-10-30 21:38:23,618 - DEBUG - [_make_request] - https://catalog.api.2gis.com:443 "GET /3.0/items?key=50e21a4a-6241-4f9a-aff6-0b7a942be2b7&q=%D0%BA%D0%B0%D1%84%D0%B5&district_id=4504209512726540&type=branch&page=5&page_size=10&fields=items.point%2Citems.name%2Citems.address_name%2Citems.reviews HTTP/1.1" 200 None
2025-10-30 21:38:23,619 - DEBUG - [получить_кафе_в_районе] - Статус ответа: 200
2025-10-30 21:38:23,619 - INFO - [получить_кафе_в_районе] - Загружено 10 кафе со страницы 5
2025-10-30 21:38:23,620 - INFO - [получить_кафе_в_районе] - Завершение сбора для района Красносельский. Найдено кафе: 50
2025-10-30 21:38:23,621 - INFO - [<cell line: 0>] - Район 'Красносельский' завершен. Кафе: 50
2025-10-30 21:38:24,622 - INFO - [<cell line: 0>] - [46/132] Обработка района: Крылатское
2025-10-30 21:38:24,623 - INFO - [получить_кафе_в_районе] - Начало сбора кафе для района: Крылатское (ID: 4504209512726635)
2025-10-30 21:38:24,624 - DEBUG - [получить_кафе_в_районе] - Запрос страницы 1 для района Крылатское
2025-10-30 21:38:24,626 - DEBUG - [_new_conn] - Starting new HTTPS connection (1): catalog.api.2gis.com:443
2025-10-30 21:38:25,020 - DEBUG - [_make_request] - https://catalog.api.2gis.com:443 "GET /3.0/items?key=50e21a4a-6241-4f9a-aff6-0b7a942be2b7&q=%D0%BA%D0%B0%D1%84%D0%B5&district_id=4504209512726635&type=branch&page=1&page_size=10&fields=items.point%2Citems.name%2Citems.address_name%2Citems.reviews HTTP/1.1" 200 None
2025-10-30 21:38:25,021 - DEBUG - [получить_кафе_в_районе] - Статус ответа: 200
2025-10-30 21:38:25,021 - INFO - [получить_кафе_в_районе] - Загружено 10 кафе со страницы 1
2025-10-30 21:38:25,522 - DEBUG - [получить_кафе_в_районе] - Запрос страницы 2 для района Крылатское
2025-10-30 21:38:25,523 - DEBUG - [_new_conn] - Starting new HTTPS connection (1): catalog.api.2gis.com:443
2025-10-30 21:38:25,929 - DEBUG - [_make_request] - https://catalog.api.2gis.com:443 "GET /3.0/items?key=50e21a4a-6241-4f9a-aff6-0b7a942be2b7&q=%D0%BA%D0%B0%D1%84%D0%B5&district_id=4504209512726635&type=branch&page=2&page_size=10&fields=items.point%2Citems.name%2Citems.address_name%2Citems.reviews HTTP/1.1" 200 None
2025-10-30 21:38:25,930 - DEBUG - [получить_кафе_в_районе] - Статус ответа: 200
2025-10-30 21:38:25,930 - INFO - [получить_кафе_в_районе] - Загружено 10 кафе со страницы 2
2025-10-30 21:38:26,431 - DEBUG - [получить_кафе_в_районе] - Запрос страницы 3 для района Крылатское
2025-10-30 21:38:26,433 - DEBUG - [_new_conn] - Starting new HTTPS connection (1): catalog.api.2gis.com:443
2025-10-30 21:38:26,822 - DEBUG - [_make_request] - https://catalog.api.2gis.com:443 "GET /3.0/items?key=50e21a4a-6241-4f9a-aff6-0b7a942be2b7&q=%D0%BA%D0%B0%D1%84%D0%B5&district_id=4504209512726635&type=branch&page=3&page_size=10&fields=items.point%2Citems.name%2Citems.address_name%2Citems.reviews HTTP/1.1" 200 None
2025-10-30 21:38:26,823 - DEBUG - [получить_кафе_в_районе] - Статус ответа: 200
2025-10-30 21:38:26,823 - INFO - [получить_кафе_в_районе] - Загружено 4 кафе со страницы 3
2025-10-30 21:38:27,325 - DEBUG - [получить_кафе_в_районе] - Запрос страницы 4 для района Крылатское
2025-10-30 21:38:27,326 - DEBUG - [_new_conn] - Starting new HTTPS connection (1): catalog.api.2gis.com:443
2025-10-30 21:38:27,707 - DEBUG - [_make_request] - https://catalog.api.2gis.com:443 "GET /3.0/items?key=50e21a4a-6241-4f9a-aff6-0b7a942be2b7&q=%D0%BA%D0%B0%D1%84%D0%B5&district_id=4504209512726635&type=branch&page=4&page_size=10&fields=items.point%2Citems.name%2Citems.address_name%2Citems.reviews HTTP/1.1" 200 133
2025-10-30 21:38:27,709 - DEBUG - [получить_кафе_в_районе] - Статус ответа: 200
2025-10-30 21:38:27,709 - WARNING - [получить_кафе_в_районе] - На странице 4 нет данных в ожидаемом формате
2025-10-30 21:38:28,211 - DEBUG - [получить_кафе_в_районе] - Запрос страницы 5 для района Крылатское
2025-10-30 21:38:28,212 - DEBUG - [_new_conn] - Starting new HTTPS connection (1): catalog.api.2gis.com:443
2025-10-30 21:38:28,584 - DEBUG - [_make_request] - https://catalog.api.2gis.com:443 "GET /3.0/items?key=50e21a4a-6241-4f9a-aff6-0b7a942be2b7&q=%D0%BA%D0%B0%D1%84%D0%B5&district_id=4504209512726635&type=branch&page=5&page_size=10&fields=items.point%2Citems.name%2Citems.address_name%2Citems.reviews HTTP/1.1" 200 133
2025-10-30 21:38:28,585 - DEBUG - [получить_кафе_в_районе] - Статус ответа: 200
2025-10-30 21:38:28,586 - WARNING - [получить_кафе_в_районе] - На странице 5 нет данных в ожидаемом формате
2025-10-30 21:38:28,586 - INFO - [получить_кафе_в_районе] - Завершение сбора для района Крылатское. Найдено кафе: 24
2025-10-30 21:38:28,587 - INFO - [<cell line: 0>] - Район 'Крылатское' завершен. Кафе: 24
2025-10-30 21:38:29,589 - INFO - [<cell line: 0>] - [47/132] Обработка района: Крюково
2025-10-30 21:38:29,590 - INFO - [получить_кафе_в_районе] - Начало сбора кафе для района: Крюково (ID: 4504209512726652)
2025-10-30 21:38:29,591 - DEBUG - [получить_кафе_в_районе] - Запрос страницы 1 для района Крюково
2025-10-30 21:38:29,595 - DEBUG - [_new_conn] - Starting new HTTPS connection (1): catalog.api.2gis.com:443
2025-10-30 21:38:29,976 - DEBUG - [_make_request] - https://catalog.api.2gis.com:443 "GET /3.0/items?key=50e21a4a-6241-4f9a-aff6-0b7a942be2b7&q=%D0%BA%D0%B0%D1%84%D0%B5&district_id=4504209512726652&type=branch&page=1&page_size=10&fields=items.point%2Citems.name%2Citems.address_name%2Citems.reviews HTTP/1.1" 200 None
2025-10-30 21:38:29,977 - DEBUG - [получить_кафе_в_районе] - Статус ответа: 200
2025-10-30 21:38:29,978 - INFO - [получить_кафе_в_районе] - Загружено 10 кафе со страницы 1
2025-10-30 21:38:30,478 - DEBUG - [получить_кафе_в_районе] - Запрос страницы 2 для района Крюково
2025-10-30 21:38:30,480 - DEBUG - [_new_conn] - Starting new HTTPS connection (1): catalog.api.2gis.com:443
2025-10-30 21:38:30,882 - DEBUG - [_make_request] - https://catalog.api.2gis.com:443 "GET /3.0/items?key=50e21a4a-6241-4f9a-aff6-0b7a942be2b7&q=%D0%BA%D0%B0%D1%84%D0%B5&district_id=4504209512726652&type=branch&page=2&page_size=10&fields=items.point%2Citems.name%2Citems.address_name%2Citems.reviews HTTP/1.1" 200 None
2025-10-30 21:38:30,883 - DEBUG - [получить_кафе_в_районе] - Статус ответа: 200
2025-10-30 21:38:30,883 - INFO - [получить_кафе_в_районе] - Загружено 10 кафе со страницы 2
2025-10-30 21:38:31,384 - DEBUG - [получить_кафе_в_районе] - Запрос страницы 3 для района Крюково
2025-10-30 21:38:31,386 - DEBUG - [_new_conn] - Starting new HTTPS connection (1): catalog.api.2gis.com:443
2025-10-30 21:38:31,768 - DEBUG - [_make_request] - https://catalog.api.2gis.com:443 "GET /3.0/items?key=50e21a4a-6241-4f9a-aff6-0b7a942be2b7&q=%D0%BA%D0%B0%D1%84%D0%B5&district_id=4504209512726652&type=branch&page=3&page_size=10&fields=items.point%2Citems.name%2Citems.address_name%2Citems.reviews HTTP/1.1" 200 None
2025-10-30 21:38:31,769 - DEBUG - [получить_кафе_в_районе] - Статус ответа: 200
2025-10-30 21:38:31,769 - INFO - [получить_кафе_в_районе] - Загружено 2 кафе со страницы 3
2025-10-30 21:38:32,270 - DEBUG - [получить_кафе_в_районе] - Запрос страницы 4 для района Крюково
2025-10-30 21:38:32,271 - DEBUG - [_new_conn] - Starting new HTTPS connection (1): catalog.api.2gis.com:443
2025-10-30 21:38:32,659 - DEBUG - [_make_request] - https://catalog.api.2gis.com:443 "GET /3.0/items?key=50e21a4a-6241-4f9a-aff6-0b7a942be2b7&q=%D0%BA%D0%B0%D1%84%D0%B5&district_id=4504209512726652&type=branch&page=4&page_size=10&fields=items.point%2Citems.name%2Citems.address_name%2Citems.reviews HTTP/1.1" 200 133
2025-10-30 21:38:32,660 - DEBUG - [получить_кафе_в_районе] - Статус ответа: 200
2025-10-30 21:38:32,660 - WARNING - [получить_кафе_в_районе] - На странице 4 нет данных в ожидаемом формате
2025-10-30 21:38:33,161 - DEBUG - [получить_кафе_в_районе] - Запрос страницы 5 для района Крюково
2025-10-30 21:38:33,162 - DEBUG - [_new_conn] - Starting new HTTPS connection (1): catalog.api.2gis.com:443
2025-10-30 21:38:33,539 - DEBUG - [_make_request] - https://catalog.api.2gis.com:443 "GET /3.0/items?key=50e21a4a-6241-4f9a-aff6-0b7a942be2b7&q=%D0%BA%D0%B0%D1%84%D0%B5&district_id=4504209512726652&type=branch&page=5&page_size=10&fields=items.point%2Citems.name%2Citems.address_name%2Citems.reviews HTTP/1.1" 200 133
2025-10-30 21:38:33,541 - DEBUG - [получить_кафе_в_районе] - Статус ответа: 200
2025-10-30 21:38:33,541 - WARNING - [получить_кафе_в_районе] - На странице 5 нет данных в ожидаемом формате
2025-10-30 21:38:33,542 - INFO - [получить_кафе_в_районе] - Завершение сбора для района Крюково. Найдено кафе: 22
2025-10-30 21:38:33,543 - INFO - [<cell line: 0>] - Район 'Крюково' завершен. Кафе: 22
2025-10-30 21:38:34,544 - INFO - [<cell line: 0>] - [48/132] Обработка района: Кузьминки
2025-10-30 21:38:34,545 - INFO - [получить_кафе_в_районе] - Начало сбора кафе для района: Кузьминки (ID: 4504209512726598)
2025-10-30 21:38:34,546 - DEBUG - [получить_кафе_в_районе] - Запрос страницы 1 для района Кузьминки
2025-10-30 21:38:34,549 - DEBUG - [_new_conn] - Starting new HTTPS connection (1): catalog.api.2gis.com:443
2025-10-30 21:38:34,945 - DEBUG - [_make_request] - https://catalog.api.2gis.com:443 "GET /3.0/items?key=50e21a4a-6241-4f9a-aff6-0b7a942be2b7&q=%D0%BA%D0%B0%D1%84%D0%B5&district_id=4504209512726598&type=branch&page=1&page_size=10&fields=items.point%2Citems.name%2Citems.address_name%2Citems.reviews HTTP/1.1" 200 None
2025-10-30 21:38:34,946 - DEBUG - [получить_кафе_в_районе] - Статус ответа: 200
2025-10-30 21:38:34,946 - INFO - [получить_кафе_в_районе] - Загружено 10 кафе со страницы 1
2025-10-30 21:38:35,447 - DEBUG - [получить_кафе_в_районе] - Запрос страницы 2 для района Кузьминки
2025-10-30 21:38:35,448 - DEBUG - [_new_conn] - Starting new HTTPS connection (1): catalog.api.2gis.com:443
2025-10-30 21:38:35,856 - DEBUG - [_make_request] - https://catalog.api.2gis.com:443 "GET /3.0/items?key=50e21a4a-6241-4f9a-aff6-0b7a942be2b7&q=%D0%BA%D0%B0%D1%84%D0%B5&district_id=4504209512726598&type=branch&page=2&page_size=10&fields=items.point%2Citems.name%2Citems.address_name%2Citems.reviews HTTP/1.1" 200 None
2025-10-30 21:38:35,857 - DEBUG - [получить_кафе_в_районе] - Статус ответа: 200
2025-10-30 21:38:35,857 - INFO - [получить_кафе_в_районе] - Загружено 10 кафе со страницы 2
2025-10-30 21:38:36,358 - DEBUG - [получить_кафе_в_районе] - Запрос страницы 3 для района Кузьминки
2025-10-30 21:38:36,360 - DEBUG - [_new_conn] - Starting new HTTPS connection (1): catalog.api.2gis.com:443
2025-10-30 21:38:36,758 - DEBUG - [_make_request] - https://catalog.api.2gis.com:443 "GET /3.0/items?key=50e21a4a-6241-4f9a-aff6-0b7a942be2b7&q=%D0%BA%D0%B0%D1%84%D0%B5&district_id=4504209512726598&type=branch&page=3&page_size=10&fields=items.point%2Citems.name%2Citems.address_name%2Citems.reviews HTTP/1.1" 200 None
2025-10-30 21:38:36,759 - DEBUG - [получить_кафе_в_районе] - Статус ответа: 200
2025-10-30 21:38:36,759 - INFO - [получить_кафе_в_районе] - Загружено 10 кафе со страницы 3
2025-10-30 21:38:37,260 - DEBUG - [получить_кафе_в_районе] - Запрос страницы 4 для района Кузьминки
2025-10-30 21:38:37,261 - DEBUG - [_new_conn] - Starting new HTTPS connection (1): catalog.api.2gis.com:443
2025-10-30 21:38:37,642 - DEBUG - [_make_request] - https://catalog.api.2gis.com:443 "GET /3.0/items?key=50e21a4a-6241-4f9a-aff6-0b7a942be2b7&q=%D0%BA%D0%B0%D1%84%D0%B5&district_id=4504209512726598&type=branch&page=4&page_size=10&fields=items.point%2Citems.name%2Citems.address_name%2Citems.reviews HTTP/1.1" 200 None
2025-10-30 21:38:37,643 - DEBUG - [получить_кафе_в_районе] - Статус ответа: 200
2025-10-30 21:38:37,643 - INFO - [получить_кафе_в_районе] - Загружено 2 кафе со страницы 4
2025-10-30 21:38:38,144 - DEBUG - [получить_кафе_в_районе] - Запрос страницы 5 для района Кузьминки
2025-10-30 21:38:38,146 - DEBUG - [_new_conn] - Starting new HTTPS connection (1): catalog.api.2gis.com:443
2025-10-30 21:38:38,521 - DEBUG - [_make_request] - https://catalog.api.2gis.com:443 "GET /3.0/items?key=50e21a4a-6241-4f9a-aff6-0b7a942be2b7&q=%D0%BA%D0%B0%D1%84%D0%B5&district_id=4504209512726598&type=branch&page=5&page_size=10&fields=items.point%2Citems.name%2Citems.address_name%2Citems.reviews HTTP/1.1" 200 133
2025-10-30 21:38:38,523 - DEBUG - [получить_кафе_в_районе] - Статус ответа: 200
2025-10-30 21:38:38,523 - WARNING - [получить_кафе_в_районе] - На странице 5 нет данных в ожидаемом формате
2025-10-30 21:38:38,524 - INFO - [получить_кафе_в_районе] - Завершение сбора для района Кузьминки. Найдено кафе: 32
2025-10-30 21:38:38,526 - INFO - [<cell line: 0>] - Район 'Кузьминки' завершен. Кафе: 32
2025-10-30 21:38:39,527 - INFO - [<cell line: 0>] - [49/132] Обработка района: Кунцево
2025-10-30 21:38:39,528 - INFO - [получить_кафе_в_районе] - Начало сбора кафе для района: Кунцево (ID: 4504209512726634)
2025-10-30 21:38:39,528 - DEBUG - [получить_кафе_в_районе] - Запрос страницы 1 для района Кунцево
2025-10-30 21:38:39,530 - DEBUG - [_new_conn] - Starting new HTTPS connection (1): catalog.api.2gis.com:443
2025-10-30 21:38:39,935 - DEBUG - [_make_request] - https://catalog.api.2gis.com:443 "GET /3.0/items?key=50e21a4a-6241-4f9a-aff6-0b7a942be2b7&q=%D0%BA%D0%B0%D1%84%D0%B5&district_id=4504209512726634&type=branch&page=1&page_size=10&fields=items.point%2Citems.name%2Citems.address_name%2Citems.reviews HTTP/1.1" 200 None
2025-10-30 21:38:39,936 - DEBUG - [получить_кафе_в_районе] - Статус ответа: 200
2025-10-30 21:38:39,936 - INFO - [получить_кафе_в_районе] - Загружено 10 кафе со страницы 1
2025-10-30 21:38:40,438 - DEBUG - [получить_кафе_в_районе] - Запрос страницы 2 для района Кунцево
2025-10-30 21:38:40,439 - DEBUG - [_new_conn] - Starting new HTTPS connection (1): catalog.api.2gis.com:443
2025-10-30 21:38:40,958 - DEBUG - [_make_request] - https://catalog.api.2gis.com:443 "GET /3.0/items?key=50e21a4a-6241-4f9a-aff6-0b7a942be2b7&q=%D0%BA%D0%B0%D1%84%D0%B5&district_id=4504209512726634&type=branch&page=2&page_size=10&fields=items.point%2Citems.name%2Citems.address_name%2Citems.reviews HTTP/1.1" 200 None
2025-10-30 21:38:40,959 - DEBUG - [получить_кафе_в_районе] - Статус ответа: 200
2025-10-30 21:38:40,959 - INFO - [получить_кафе_в_районе] - Загружено 10 кафе со страницы 2
2025-10-30 21:38:41,460 - DEBUG - [получить_кафе_в_районе] - Запрос страницы 3 для района Кунцево
2025-10-30 21:38:41,462 - DEBUG - [_new_conn] - Starting new HTTPS connection (1): catalog.api.2gis.com:443
2025-10-30 21:38:41,846 - DEBUG - [_make_request] - https://catalog.api.2gis.com:443 "GET /3.0/items?key=50e21a4a-6241-4f9a-aff6-0b7a942be2b7&q=%D0%BA%D0%B0%D1%84%D0%B5&district_id=4504209512726634&type=branch&page=3&page_size=10&fields=items.point%2Citems.name%2Citems.address_name%2Citems.reviews HTTP/1.1" 200 None
2025-10-30 21:38:41,847 - DEBUG - [получить_кафе_в_районе] - Статус ответа: 200
2025-10-30 21:38:41,848 - INFO - [получить_кафе_в_районе] - Загружено 10 кафе со страницы 3
2025-10-30 21:38:42,349 - DEBUG - [получить_кафе_в_районе] - Запрос страницы 4 для района Кунцево
2025-10-30 21:38:42,350 - DEBUG - [_new_conn] - Starting new HTTPS connection (1): catalog.api.2gis.com:443
2025-10-30 21:38:42,762 - DEBUG - [_make_request] - https://catalog.api.2gis.com:443 "GET /3.0/items?key=50e21a4a-6241-4f9a-aff6-0b7a942be2b7&q=%D0%BA%D0%B0%D1%84%D0%B5&district_id=4504209512726634&type=branch&page=4&page_size=10&fields=items.point%2Citems.name%2Citems.address_name%2Citems.reviews HTTP/1.1" 200 None
2025-10-30 21:38:42,764 - DEBUG - [получить_кафе_в_районе] - Статус ответа: 200
2025-10-30 21:38:42,764 - INFO - [получить_кафе_в_районе] - Загружено 10 кафе со страницы 4
2025-10-30 21:38:43,265 - DEBUG - [получить_кафе_в_районе] - Запрос страницы 5 для района Кунцево
2025-10-30 21:38:43,266 - DEBUG - [_new_conn] - Starting new HTTPS connection (1): catalog.api.2gis.com:443
2025-10-30 21:38:43,675 - DEBUG - [_make_request] - https://catalog.api.2gis.com:443 "GET /3.0/items?key=50e21a4a-6241-4f9a-aff6-0b7a942be2b7&q=%D0%BA%D0%B0%D1%84%D0%B5&district_id=4504209512726634&type=branch&page=5&page_size=10&fields=items.point%2Citems.name%2Citems.address_name%2Citems.reviews HTTP/1.1" 200 None
2025-10-30 21:38:43,676 - DEBUG - [получить_кафе_в_районе] - Статус ответа: 200
2025-10-30 21:38:43,677 - INFO - [получить_кафе_в_районе] - Загружено 10 кафе со страницы 5
2025-10-30 21:38:43,677 - INFO - [получить_кафе_в_районе] - Завершение сбора для района Кунцево. Найдено кафе: 50
2025-10-30 21:38:43,679 - INFO - [<cell line: 0>] - Район 'Кунцево' завершен. Кафе: 50
2025-10-30 21:38:44,679 - INFO - [<cell line: 0>] - [50/132] Обработка района: Куркино
2025-10-30 21:38:44,681 - INFO - [получить_кафе_в_районе] - Начало сбора кафе для района: Куркино (ID: 4504209512726651)
2025-10-30 21:38:44,682 - DEBUG - [получить_кафе_в_районе] - Запрос страницы 1 для района Куркино
2025-10-30 21:38:44,684 - DEBUG - [_new_conn] - Starting new HTTPS connection (1): catalog.api.2gis.com:443
2025-10-30 21:38:45,084 - DEBUG - [_make_request] - https://catalog.api.2gis.com:443 "GET /3.0/items?key=50e21a4a-6241-4f9a-aff6-0b7a942be2b7&q=%D0%BA%D0%B0%D1%84%D0%B5&district_id=4504209512726651&type=branch&page=1&page_size=10&fields=items.point%2Citems.name%2Citems.address_name%2Citems.reviews HTTP/1.1" 200 None
2025-10-30 21:38:45,085 - DEBUG - [получить_кафе_в_районе] - Статус ответа: 200
2025-10-30 21:38:45,085 - INFO - [получить_кафе_в_районе] - Загружено 10 кафе со страницы 1
2025-10-30 21:38:45,586 - DEBUG - [получить_кафе_в_районе] - Запрос страницы 2 для района Куркино
2025-10-30 21:38:45,587 - DEBUG - [_new_conn] - Starting new HTTPS connection (1): catalog.api.2gis.com:443
2025-10-30 21:38:45,971 - DEBUG - [_make_request] - https://catalog.api.2gis.com:443 "GET /3.0/items?key=50e21a4a-6241-4f9a-aff6-0b7a942be2b7&q=%D0%BA%D0%B0%D1%84%D0%B5&district_id=4504209512726651&type=branch&page=2&page_size=10&fields=items.point%2Citems.name%2Citems.address_name%2Citems.reviews HTTP/1.1" 200 None
2025-10-30 21:38:45,973 - DEBUG - [получить_кафе_в_районе] - Статус ответа: 200
2025-10-30 21:38:45,973 - INFO - [получить_кафе_в_районе] - Загружено 4 кафе со страницы 2
2025-10-30 21:38:46,474 - DEBUG - [получить_кафе_в_районе] - Запрос страницы 3 для района Куркино
2025-10-30 21:38:46,475 - DEBUG - [_new_conn] - Starting new HTTPS connection (1): catalog.api.2gis.com:443
2025-10-30 21:38:46,870 - DEBUG - [_make_request] - https://catalog.api.2gis.com:443 "GET /3.0/items?key=50e21a4a-6241-4f9a-aff6-0b7a942be2b7&q=%D0%BA%D0%B0%D1%84%D0%B5&district_id=4504209512726651&type=branch&page=3&page_size=10&fields=items.point%2Citems.name%2Citems.address_name%2Citems.reviews HTTP/1.1" 200 133
2025-10-30 21:38:46,871 - DEBUG - [получить_кафе_в_районе] - Статус ответа: 200
2025-10-30 21:38:46,871 - WARNING - [получить_кафе_в_районе] - На странице 3 нет данных в ожидаемом формате
2025-10-30 21:38:47,373 - DEBUG - [получить_кафе_в_районе] - Запрос страницы 4 для района Куркино
2025-10-30 21:38:47,374 - DEBUG - [_new_conn] - Starting new HTTPS connection (1): catalog.api.2gis.com:443
2025-10-30 21:38:47,756 - DEBUG - [_make_request] - https://catalog.api.2gis.com:443 "GET /3.0/items?key=50e21a4a-6241-4f9a-aff6-0b7a942be2b7&q=%D0%BA%D0%B0%D1%84%D0%B5&district_id=4504209512726651&type=branch&page=4&page_size=10&fields=items.point%2Citems.name%2Citems.address_name%2Citems.reviews HTTP/1.1" 200 133
2025-10-30 21:38:47,757 - DEBUG - [получить_кафе_в_районе] - Статус ответа: 200
2025-10-30 21:38:47,757 - WARNING - [получить_кафе_в_районе] - На странице 4 нет данных в ожидаемом формате
2025-10-30 21:38:48,258 - DEBUG - [получить_кафе_в_районе] - Запрос страницы 5 для района Куркино
2025-10-30 21:38:48,260 - DEBUG - [_new_conn] - Starting new HTTPS connection (1): catalog.api.2gis.com:443
2025-10-30 21:38:48,639 - DEBUG - [_make_request] - https://catalog.api.2gis.com:443 "GET /3.0/items?key=50e21a4a-6241-4f9a-aff6-0b7a942be2b7&q=%D0%BA%D0%B0%D1%84%D0%B5&district_id=4504209512726651&type=branch&page=5&page_size=10&fields=items.point%2Citems.name%2Citems.address_name%2Citems.reviews HTTP/1.1" 200 133
2025-10-30 21:38:48,640 - DEBUG - [получить_кафе_в_районе] - Статус ответа: 200
2025-10-30 21:38:48,640 - WARNING - [получить_кафе_в_районе] - На странице 5 нет данных в ожидаемом формате
2025-10-30 21:38:48,641 - INFO - [получить_кафе_в_районе] - Завершение сбора для района Куркино. Найдено кафе: 14
2025-10-30 21:38:48,642 - INFO - [<cell line: 0>] - Район 'Куркино' завершен. Кафе: 14
2025-10-30 21:38:49,644 - INFO - [<cell line: 0>] - [51/132] Обработка района: Левобережный
2025-10-30 21:38:49,645 - INFO - [получить_кафе_в_районе] - Начало сбора кафе для района: Левобережный (ID: 4504209512726554)
2025-10-30 21:38:49,647 - DEBUG - [получить_кафе_в_районе] - Запрос страницы 1 для района Левобережный
2025-10-30 21:38:49,649 - DEBUG - [_new_conn] - Starting new HTTPS connection (1): catalog.api.2gis.com:443
2025-10-30 21:38:50,046 - DEBUG - [_make_request] - https://catalog.api.2gis.com:443 "GET /3.0/items?key=50e21a4a-6241-4f9a-aff6-0b7a942be2b7&q=%D0%BA%D0%B0%D1%84%D0%B5&district_id=4504209512726554&type=branch&page=1&page_size=10&fields=items.point%2Citems.name%2Citems.address_name%2Citems.reviews HTTP/1.1" 200 None
2025-10-30 21:38:50,047 - DEBUG - [получить_кафе_в_районе] - Статус ответа: 200
2025-10-30 21:38:50,047 - INFO - [получить_кафе_в_районе] - Загружено 10 кафе со страницы 1
2025-10-30 21:38:50,548 - DEBUG - [получить_кафе_в_районе] - Запрос страницы 2 для района Левобережный
2025-10-30 21:38:50,550 - DEBUG - [_new_conn] - Starting new HTTPS connection (1): catalog.api.2gis.com:443
2025-10-30 21:38:50,951 - DEBUG - [_make_request] - https://catalog.api.2gis.com:443 "GET /3.0/items?key=50e21a4a-6241-4f9a-aff6-0b7a942be2b7&q=%D0%BA%D0%B0%D1%84%D0%B5&district_id=4504209512726554&type=branch&page=2&page_size=10&fields=items.point%2Citems.name%2Citems.address_name%2Citems.reviews HTTP/1.1" 200 None
2025-10-30 21:38:50,954 - DEBUG - [получить_кафе_в_районе] - Статус ответа: 200
2025-10-30 21:38:50,954 - INFO - [получить_кафе_в_районе] - Загружено 10 кафе со страницы 2
2025-10-30 21:38:51,455 - DEBUG - [получить_кафе_в_районе] - Запрос страницы 3 для района Левобережный
2025-10-30 21:38:51,457 - DEBUG - [_new_conn] - Starting new HTTPS connection (1): catalog.api.2gis.com:443
2025-10-30 21:38:51,851 - DEBUG - [_make_request] - https://catalog.api.2gis.com:443 "GET /3.0/items?key=50e21a4a-6241-4f9a-aff6-0b7a942be2b7&q=%D0%BA%D0%B0%D1%84%D0%B5&district_id=4504209512726554&type=branch&page=3&page_size=10&fields=items.point%2Citems.name%2Citems.address_name%2Citems.reviews HTTP/1.1" 200 None
2025-10-30 21:38:51,853 - DEBUG - [получить_кафе_в_районе] - Статус ответа: 200
2025-10-30 21:38:51,853 - INFO - [получить_кафе_в_районе] - Загружено 8 кафе со страницы 3
2025-10-30 21:38:52,354 - DEBUG - [получить_кафе_в_районе] - Запрос страницы 4 для района Левобережный
2025-10-30 21:38:52,355 - DEBUG - [_new_conn] - Starting new HTTPS connection (1): catalog.api.2gis.com:443
2025-10-30 21:38:52,737 - DEBUG - [_make_request] - https://catalog.api.2gis.com:443 "GET /3.0/items?key=50e21a4a-6241-4f9a-aff6-0b7a942be2b7&q=%D0%BA%D0%B0%D1%84%D0%B5&district_id=4504209512726554&type=branch&page=4&page_size=10&fields=items.point%2Citems.name%2Citems.address_name%2Citems.reviews HTTP/1.1" 200 133
2025-10-30 21:38:52,738 - DEBUG - [получить_кафе_в_районе] - Статус ответа: 200
2025-10-30 21:38:52,738 - WARNING - [получить_кафе_в_районе] - На странице 4 нет данных в ожидаемом формате
2025-10-30 21:38:53,239 - DEBUG - [получить_кафе_в_районе] - Запрос страницы 5 для района Левобережный
2025-10-30 21:38:53,241 - DEBUG - [_new_conn] - Starting new HTTPS connection (1): catalog.api.2gis.com:443
2025-10-30 21:38:53,623 - DEBUG - [_make_request] - https://catalog.api.2gis.com:443 "GET /3.0/items?key=50e21a4a-6241-4f9a-aff6-0b7a942be2b7&q=%D0%BA%D0%B0%D1%84%D0%B5&district_id=4504209512726554&type=branch&page=5&page_size=10&fields=items.point%2Citems.name%2Citems.address_name%2Citems.reviews HTTP/1.1" 200 133
2025-10-30 21:38:53,625 - DEBUG - [получить_кафе_в_районе] - Статус ответа: 200
2025-10-30 21:38:53,625 - WARNING - [получить_кафе_в_районе] - На странице 5 нет данных в ожидаемом формате
2025-10-30 21:38:53,625 - INFO - [получить_кафе_в_районе] - Завершение сбора для района Левобережный. Найдено кафе: 28
2025-10-30 21:38:53,627 - INFO - [<cell line: 0>] - Район 'Левобережный' завершен. Кафе: 28
2025-10-30 21:38:54,628 - INFO - [<cell line: 0>] - [52/132] Обработка района: Лефортово
2025-10-30 21:38:54,629 - INFO - [получить_кафе_в_районе] - Начало сбора кафе для района: Лефортово (ID: 4504209512726590)
2025-10-30 21:38:54,631 - DEBUG - [получить_кафе_в_районе] - Запрос страницы 1 для района Лефортово
2025-10-30 21:38:54,632 - DEBUG - [_new_conn] - Starting new HTTPS connection (1): catalog.api.2gis.com:443
2025-10-30 21:38:55,026 - DEBUG - [_make_request] - https://catalog.api.2gis.com:443 "GET /3.0/items?key=50e21a4a-6241-4f9a-aff6-0b7a942be2b7&q=%D0%BA%D0%B0%D1%84%D0%B5&district_id=4504209512726590&type=branch&page=1&page_size=10&fields=items.point%2Citems.name%2Citems.address_name%2Citems.reviews HTTP/1.1" 200 None
2025-10-30 21:38:55,026 - DEBUG - [получить_кафе_в_районе] - Статус ответа: 200
2025-10-30 21:38:55,026 - INFO - [получить_кафе_в_районе] - Загружено 10 кафе со страницы 1
2025-10-30 21:38:55,527 - DEBUG - [получить_кафе_в_районе] - Запрос страницы 2 для района Лефортово
2025-10-30 21:38:55,528 - DEBUG - [_new_conn] - Starting new HTTPS connection (1): catalog.api.2gis.com:443
2025-10-30 21:38:55,916 - DEBUG - [_make_request] - https://catalog.api.2gis.com:443 "GET /3.0/items?key=50e21a4a-6241-4f9a-aff6-0b7a942be2b7&q=%D0%BA%D0%B0%D1%84%D0%B5&district_id=4504209512726590&type=branch&page=2&page_size=10&fields=items.point%2Citems.name%2Citems.address_name%2Citems.reviews HTTP/1.1" 200 None
2025-10-30 21:38:55,917 - DEBUG - [получить_кафе_в_районе] - Статус ответа: 200
2025-10-30 21:38:55,917 - INFO - [получить_кафе_в_районе] - Загружено 10 кафе со страницы 2
2025-10-30 21:38:56,418 - DEBUG - [получить_кафе_в_районе] - Запрос страницы 3 для района Лефортово
2025-10-30 21:38:56,419 - DEBUG - [_new_conn] - Starting new HTTPS connection (1): catalog.api.2gis.com:443
2025-10-30 21:38:56,816 - DEBUG - [_make_request] - https://catalog.api.2gis.com:443 "GET /3.0/items?key=50e21a4a-6241-4f9a-aff6-0b7a942be2b7&q=%D0%BA%D0%B0%D1%84%D0%B5&district_id=4504209512726590&type=branch&page=3&page_size=10&fields=items.point%2Citems.name%2Citems.address_name%2Citems.reviews HTTP/1.1" 200 None
2025-10-30 21:38:56,817 - DEBUG - [получить_кафе_в_районе] - Статус ответа: 200
2025-10-30 21:38:56,817 - INFO - [получить_кафе_в_районе] - Загружено 10 кафе со страницы 3
2025-10-30 21:38:57,318 - DEBUG - [получить_кафе_в_районе] - Запрос страницы 4 для района Лефортово
2025-10-30 21:38:57,319 - DEBUG - [_new_conn] - Starting new HTTPS connection (1): catalog.api.2gis.com:443
2025-10-30 21:38:57,710 - DEBUG - [_make_request] - https://catalog.api.2gis.com:443 "GET /3.0/items?key=50e21a4a-6241-4f9a-aff6-0b7a942be2b7&q=%D0%BA%D0%B0%D1%84%D0%B5&district_id=4504209512726590&type=branch&page=4&page_size=10&fields=items.point%2Citems.name%2Citems.address_name%2Citems.reviews HTTP/1.1" 200 None
2025-10-30 21:38:57,711 - DEBUG - [получить_кафе_в_районе] - Статус ответа: 200
2025-10-30 21:38:57,711 - INFO - [получить_кафе_в_районе] - Загружено 10 кафе со страницы 4
2025-10-30 21:38:58,212 - DEBUG - [получить_кафе_в_районе] - Запрос страницы 5 для района Лефортово
2025-10-30 21:38:58,213 - DEBUG - [_new_conn] - Starting new HTTPS connection (1): catalog.api.2gis.com:443
2025-10-30 21:38:58,599 - DEBUG - [_make_request] - https://catalog.api.2gis.com:443 "GET /3.0/items?key=50e21a4a-6241-4f9a-aff6-0b7a942be2b7&q=%D0%BA%D0%B0%D1%84%D0%B5&district_id=4504209512726590&type=branch&page=5&page_size=10&fields=items.point%2Citems.name%2Citems.address_name%2Citems.reviews HTTP/1.1" 200 None
2025-10-30 21:38:58,600 - DEBUG - [получить_кафе_в_районе] - Статус ответа: 200
2025-10-30 21:38:58,600 - INFO - [получить_кафе_в_районе] - Загружено 5 кафе со страницы 5
2025-10-30 21:38:58,601 - INFO - [получить_кафе_в_районе] - Завершение сбора для района Лефортово. Найдено кафе: 45
2025-10-30 21:38:58,603 - INFO - [<cell line: 0>] - Район 'Лефортово' завершен. Кафе: 45
2025-10-30 21:38:59,605 - INFO - [<cell line: 0>] - [53/132] Обработка района: Лианозово
2025-10-30 21:38:59,606 - INFO - [получить_кафе_в_районе] - Начало сбора кафе для района: Лианозово (ID: 4504209512726559)
2025-10-30 21:38:59,608 - DEBUG - [получить_кафе_в_районе] - Запрос страницы 1 для района Лианозово
2025-10-30 21:38:59,610 - DEBUG - [_new_conn] - Starting new HTTPS connection (1): catalog.api.2gis.com:443
2025-10-30 21:39:00,022 - DEBUG - [_make_request] - https://catalog.api.2gis.com:443 "GET /3.0/items?key=50e21a4a-6241-4f9a-aff6-0b7a942be2b7&q=%D0%BA%D0%B0%D1%84%D0%B5&district_id=4504209512726559&type=branch&page=1&page_size=10&fields=items.point%2Citems.name%2Citems.address_name%2Citems.reviews HTTP/1.1" 200 None
2025-10-30 21:39:00,023 - DEBUG - [получить_кафе_в_районе] - Статус ответа: 200
2025-10-30 21:39:00,023 - INFO - [получить_кафе_в_районе] - Загружено 10 кафе со страницы 1
2025-10-30 21:39:00,525 - DEBUG - [получить_кафе_в_районе] - Запрос страницы 2 для района Лианозово
2025-10-30 21:39:00,527 - DEBUG - [_new_conn] - Starting new HTTPS connection (1): catalog.api.2gis.com:443
2025-10-30 21:39:00,921 - DEBUG - [_make_request] - https://catalog.api.2gis.com:443 "GET /3.0/items?key=50e21a4a-6241-4f9a-aff6-0b7a942be2b7&q=%D0%BA%D0%B0%D1%84%D0%B5&district_id=4504209512726559&type=branch&page=2&page_size=10&fields=items.point%2Citems.name%2Citems.address_name%2Citems.reviews HTTP/1.1" 200 133
2025-10-30 21:39:00,922 - DEBUG - [получить_кафе_в_районе] - Статус ответа: 200
2025-10-30 21:39:00,922 - WARNING - [получить_кафе_в_районе] - На странице 2 нет данных в ожидаемом формате
2025-10-30 21:39:01,423 - DEBUG - [получить_кафе_в_районе] - Запрос страницы 3 для района Лианозово
2025-10-30 21:39:01,424 - DEBUG - [_new_conn] - Starting new HTTPS connection (1): catalog.api.2gis.com:443
2025-10-30 21:39:01,802 - DEBUG - [_make_request] - https://catalog.api.2gis.com:443 "GET /3.0/items?key=50e21a4a-6241-4f9a-aff6-0b7a942be2b7&q=%D0%BA%D0%B0%D1%84%D0%B5&district_id=4504209512726559&type=branch&page=3&page_size=10&fields=items.point%2Citems.name%2Citems.address_name%2Citems.reviews HTTP/1.1" 200 133
2025-10-30 21:39:01,803 - DEBUG - [получить_кафе_в_районе] - Статус ответа: 200
2025-10-30 21:39:01,803 - WARNING - [получить_кафе_в_районе] - На странице 3 нет данных в ожидаемом формате
2025-10-30 21:39:02,304 - DEBUG - [получить_кафе_в_районе] - Запрос страницы 4 для района Лианозово
2025-10-30 21:39:02,306 - DEBUG - [_new_conn] - Starting new HTTPS connection (1): catalog.api.2gis.com:443
2025-10-30 21:39:02,685 - DEBUG - [_make_request] - https://catalog.api.2gis.com:443 "GET /3.0/items?key=50e21a4a-6241-4f9a-aff6-0b7a942be2b7&q=%D0%BA%D0%B0%D1%84%D0%B5&district_id=4504209512726559&type=branch&page=4&page_size=10&fields=items.point%2Citems.name%2Citems.address_name%2Citems.reviews HTTP/1.1" 200 133
2025-10-30 21:39:02,686 - DEBUG - [получить_кафе_в_районе] - Статус ответа: 200
2025-10-30 21:39:02,686 - WARNING - [получить_кафе_в_районе] - На странице 4 нет данных в ожидаемом формате
2025-10-30 21:39:03,188 - DEBUG - [получить_кафе_в_районе] - Запрос страницы 5 для района Лианозово
2025-10-30 21:39:03,189 - DEBUG - [_new_conn] - Starting new HTTPS connection (1): catalog.api.2gis.com:443
2025-10-30 21:39:03,583 - DEBUG - [_make_request] - https://catalog.api.2gis.com:443 "GET /3.0/items?key=50e21a4a-6241-4f9a-aff6-0b7a942be2b7&q=%D0%BA%D0%B0%D1%84%D0%B5&district_id=4504209512726559&type=branch&page=5&page_size=10&fields=items.point%2Citems.name%2Citems.address_name%2Citems.reviews HTTP/1.1" 200 133
2025-10-30 21:39:03,584 - DEBUG - [получить_кафе_в_районе] - Статус ответа: 200
2025-10-30 21:39:03,584 - WARNING - [получить_кафе_в_районе] - На странице 5 нет данных в ожидаемом формате
2025-10-30 21:39:03,585 - INFO - [получить_кафе_в_районе] - Завершение сбора для района Лианозово. Найдено кафе: 10
2025-10-30 21:39:03,586 - INFO - [<cell line: 0>] - Район 'Лианозово' завершен. Кафе: 10
2025-10-30 21:39:04,589 - INFO - [<cell line: 0>] - [54/132] Обработка района: Ломоносовский
2025-10-30 21:39:04,589 - INFO - [получить_кафе_в_районе] - Начало сбора кафе для района: Ломоносовский (ID: 4504209512726623)
2025-10-30 21:39:04,591 - DEBUG - [получить_кафе_в_районе] - Запрос страницы 1 для района Ломоносовский
2025-10-30 21:39:04,592 - DEBUG - [_new_conn] - Starting new HTTPS connection (1): catalog.api.2gis.com:443
2025-10-30 21:39:05,000 - DEBUG - [_make_request] - https://catalog.api.2gis.com:443 "GET /3.0/items?key=50e21a4a-6241-4f9a-aff6-0b7a942be2b7&q=%D0%BA%D0%B0%D1%84%D0%B5&district_id=4504209512726623&type=branch&page=1&page_size=10&fields=items.point%2Citems.name%2Citems.address_name%2Citems.reviews HTTP/1.1" 200 None
2025-10-30 21:39:05,001 - DEBUG - [получить_кафе_в_районе] - Статус ответа: 200
2025-10-30 21:39:05,001 - INFO - [получить_кафе_в_районе] - Загружено 10 кафе со страницы 1
2025-10-30 21:39:05,502 - DEBUG - [получить_кафе_в_районе] - Запрос страницы 2 для района Ломоносовский
2025-10-30 21:39:05,503 - DEBUG - [_new_conn] - Starting new HTTPS connection (1): catalog.api.2gis.com:443
2025-10-30 21:39:05,888 - DEBUG - [_make_request] - https://catalog.api.2gis.com:443 "GET /3.0/items?key=50e21a4a-6241-4f9a-aff6-0b7a942be2b7&q=%D0%BA%D0%B0%D1%84%D0%B5&district_id=4504209512726623&type=branch&page=2&page_size=10&fields=items.point%2Citems.name%2Citems.address_name%2Citems.reviews HTTP/1.1" 200 None
2025-10-30 21:39:05,889 - DEBUG - [получить_кафе_в_районе] - Статус ответа: 200
2025-10-30 21:39:05,889 - INFO - [получить_кафе_в_районе] - Загружено 6 кафе со страницы 2
2025-10-30 21:39:06,390 - DEBUG - [получить_кафе_в_районе] - Запрос страницы 3 для района Ломоносовский
2025-10-30 21:39:06,391 - DEBUG - [_new_conn] - Starting new HTTPS connection (1): catalog.api.2gis.com:443
2025-10-30 21:39:06,782 - DEBUG - [_make_request] - https://catalog.api.2gis.com:443 "GET /3.0/items?key=50e21a4a-6241-4f9a-aff6-0b7a942be2b7&q=%D0%BA%D0%B0%D1%84%D0%B5&district_id=4504209512726623&type=branch&page=3&page_size=10&fields=items.point%2Citems.name%2Citems.address_name%2Citems.reviews HTTP/1.1" 200 133
2025-10-30 21:39:06,783 - DEBUG - [получить_кафе_в_районе] - Статус ответа: 200
2025-10-30 21:39:06,783 - WARNING - [получить_кафе_в_районе] - На странице 3 нет данных в ожидаемом формате
2025-10-30 21:39:07,284 - DEBUG - [получить_кафе_в_районе] - Запрос страницы 4 для района Ломоносовский
2025-10-30 21:39:07,286 - DEBUG - [_new_conn] - Starting new HTTPS connection (1): catalog.api.2gis.com:443
2025-10-30 21:39:07,683 - DEBUG - [_make_request] - https://catalog.api.2gis.com:443 "GET /3.0/items?key=50e21a4a-6241-4f9a-aff6-0b7a942be2b7&q=%D0%BA%D0%B0%D1%84%D0%B5&district_id=4504209512726623&type=branch&page=4&page_size=10&fields=items.point%2Citems.name%2Citems.address_name%2Citems.reviews HTTP/1.1" 200 133
2025-10-30 21:39:07,684 - DEBUG - [получить_кафе_в_районе] - Статус ответа: 200
2025-10-30 21:39:07,684 - WARNING - [получить_кафе_в_районе] - На странице 4 нет данных в ожидаемом формате
2025-10-30 21:39:08,185 - DEBUG - [получить_кафе_в_районе] - Запрос страницы 5 для района Ломоносовский
2025-10-30 21:39:08,186 - DEBUG - [_new_conn] - Starting new HTTPS connection (1): catalog.api.2gis.com:443
2025-10-30 21:39:08,568 - DEBUG - [_make_request] - https://catalog.api.2gis.com:443 "GET /3.0/items?key=50e21a4a-6241-4f9a-aff6-0b7a942be2b7&q=%D0%BA%D0%B0%D1%84%D0%B5&district_id=4504209512726623&type=branch&page=5&page_size=10&fields=items.point%2Citems.name%2Citems.address_name%2Citems.reviews HTTP/1.1" 200 133
2025-10-30 21:39:08,569 - DEBUG - [получить_кафе_в_районе] - Статус ответа: 200
2025-10-30 21:39:08,569 - WARNING - [получить_кафе_в_районе] - На странице 5 нет данных в ожидаемом формате
2025-10-30 21:39:08,570 - INFO - [получить_кафе_в_районе] - Завершение сбора для района Ломоносовский. Найдено кафе: 16
2025-10-30 21:39:08,571 - INFO - [<cell line: 0>] - Район 'Ломоносовский' завершен. Кафе: 16
2025-10-30 21:39:09,573 - INFO - [<cell line: 0>] - [55/132] Обработка района: Лосиноостровский
2025-10-30 21:39:09,574 - INFO - [получить_кафе_в_районе] - Начало сбора кафе для района: Лосиноостровский (ID: 4504209512726560)
2025-10-30 21:39:09,576 - DEBUG - [получить_кафе_в_районе] - Запрос страницы 1 для района Лосиноостровский
2025-10-30 21:39:09,577 - DEBUG - [_new_conn] - Starting new HTTPS connection (1): catalog.api.2gis.com:443
2025-10-30 21:39:09,991 - DEBUG - [_make_request] - https://catalog.api.2gis.com:443 "GET /3.0/items?key=50e21a4a-6241-4f9a-aff6-0b7a942be2b7&q=%D0%BA%D0%B0%D1%84%D0%B5&district_id=4504209512726560&type=branch&page=1&page_size=10&fields=items.point%2Citems.name%2Citems.address_name%2Citems.reviews HTTP/1.1" 200 None
2025-10-30 21:39:09,992 - DEBUG - [получить_кафе_в_районе] - Статус ответа: 200
2025-10-30 21:39:09,992 - INFO - [получить_кафе_в_районе] - Загружено 10 кафе со страницы 1
2025-10-30 21:39:10,493 - DEBUG - [получить_кафе_в_районе] - Запрос страницы 2 для района Лосиноостровский
2025-10-30 21:39:10,494 - DEBUG - [_new_conn] - Starting new HTTPS connection (1): catalog.api.2gis.com:443
2025-10-30 21:39:11,085 - DEBUG - [_make_request] - https://catalog.api.2gis.com:443 "GET /3.0/items?key=50e21a4a-6241-4f9a-aff6-0b7a942be2b7&q=%D0%BA%D0%B0%D1%84%D0%B5&district_id=4504209512726560&type=branch&page=2&page_size=10&fields=items.point%2Citems.name%2Citems.address_name%2Citems.reviews HTTP/1.1" 200 None
2025-10-30 21:39:11,087 - DEBUG - [получить_кафе_в_районе] - Статус ответа: 200
2025-10-30 21:39:11,087 - INFO - [получить_кафе_в_районе] - Загружено 10 кафе со страницы 2
2025-10-30 21:39:11,588 - DEBUG - [получить_кафе_в_районе] - Запрос страницы 3 для района Лосиноостровский
2025-10-30 21:39:11,589 - DEBUG - [_new_conn] - Starting new HTTPS connection (1): catalog.api.2gis.com:443
2025-10-30 21:39:11,974 - DEBUG - [_make_request] - https://catalog.api.2gis.com:443 "GET /3.0/items?key=50e21a4a-6241-4f9a-aff6-0b7a942be2b7&q=%D0%BA%D0%B0%D1%84%D0%B5&district_id=4504209512726560&type=branch&page=3&page_size=10&fields=items.point%2Citems.name%2Citems.address_name%2Citems.reviews HTTP/1.1" 200 None
2025-10-30 21:39:11,975 - DEBUG - [получить_кафе_в_районе] - Статус ответа: 200
2025-10-30 21:39:11,975 - INFO - [получить_кафе_в_районе] - Загружено 2 кафе со страницы 3
2025-10-30 21:39:12,476 - DEBUG - [получить_кафе_в_районе] - Запрос страницы 4 для района Лосиноостровский
2025-10-30 21:39:12,478 - DEBUG - [_new_conn] - Starting new HTTPS connection (1): catalog.api.2gis.com:443
2025-10-30 21:39:12,856 - DEBUG - [_make_request] - https://catalog.api.2gis.com:443 "GET /3.0/items?key=50e21a4a-6241-4f9a-aff6-0b7a942be2b7&q=%D0%BA%D0%B0%D1%84%D0%B5&district_id=4504209512726560&type=branch&page=4&page_size=10&fields=items.point%2Citems.name%2Citems.address_name%2Citems.reviews HTTP/1.1" 200 133
2025-10-30 21:39:12,857 - DEBUG - [получить_кафе_в_районе] - Статус ответа: 200
2025-10-30 21:39:12,858 - WARNING - [получить_кафе_в_районе] - На странице 4 нет данных в ожидаемом формате
2025-10-30 21:39:13,359 - DEBUG - [получить_кафе_в_районе] - Запрос страницы 5 для района Лосиноостровский
2025-10-30 21:39:13,360 - DEBUG - [_new_conn] - Starting new HTTPS connection (1): catalog.api.2gis.com:443
2025-10-30 21:39:13,736 - DEBUG - [_make_request] - https://catalog.api.2gis.com:443 "GET /3.0/items?key=50e21a4a-6241-4f9a-aff6-0b7a942be2b7&q=%D0%BA%D0%B0%D1%84%D0%B5&district_id=4504209512726560&type=branch&page=5&page_size=10&fields=items.point%2Citems.name%2Citems.address_name%2Citems.reviews HTTP/1.1" 200 133
2025-10-30 21:39:13,737 - DEBUG - [получить_кафе_в_районе] - Статус ответа: 200
2025-10-30 21:39:13,737 - WARNING - [получить_кафе_в_районе] - На странице 5 нет данных в ожидаемом формате
2025-10-30 21:39:13,737 - INFO - [получить_кафе_в_районе] - Завершение сбора для района Лосиноостровский. Найдено кафе: 22
2025-10-30 21:39:13,738 - INFO - [<cell line: 0>] - Район 'Лосиноостровский' завершен. Кафе: 22
2025-10-30 21:39:14,740 - INFO - [<cell line: 0>] - [56/132] Обработка района: Люблино
2025-10-30 21:39:14,742 - INFO - [получить_кафе_в_районе] - Начало сбора кафе для района: Люблино (ID: 70030077079195278)
2025-10-30 21:39:14,743 - DEBUG - [получить_кафе_в_районе] - Запрос страницы 1 для района Люблино
2025-10-30 21:39:14,745 - DEBUG - [_new_conn] - Starting new HTTPS connection (1): catalog.api.2gis.com:443
2025-10-30 21:39:15,154 - DEBUG - [_make_request] - https://catalog.api.2gis.com:443 "GET /3.0/items?key=50e21a4a-6241-4f9a-aff6-0b7a942be2b7&q=%D0%BA%D0%B0%D1%84%D0%B5&district_id=70030077079195278&type=branch&page=1&page_size=10&fields=items.point%2Citems.name%2Citems.address_name%2Citems.reviews HTTP/1.1" 200 None
2025-10-30 21:39:15,155 - DEBUG - [получить_кафе_в_районе] - Статус ответа: 200
2025-10-30 21:39:15,155 - INFO - [получить_кафе_в_районе] - Загружено 10 кафе со страницы 1
2025-10-30 21:39:15,656 - DEBUG - [получить_кафе_в_районе] - Запрос страницы 2 для района Люблино
2025-10-30 21:39:15,657 - DEBUG - [_new_conn] - Starting new HTTPS connection (1): catalog.api.2gis.com:443
2025-10-30 21:39:16,058 - DEBUG - [_make_request] - https://catalog.api.2gis.com:443 "GET /3.0/items?key=50e21a4a-6241-4f9a-aff6-0b7a942be2b7&q=%D0%BA%D0%B0%D1%84%D0%B5&district_id=70030077079195278&type=branch&page=2&page_size=10&fields=items.point%2Citems.name%2Citems.address_name%2Citems.reviews HTTP/1.1" 200 None
2025-10-30 21:39:16,059 - DEBUG - [получить_кафе_в_районе] - Статус ответа: 200
2025-10-30 21:39:16,059 - INFO - [получить_кафе_в_районе] - Загружено 10 кафе со страницы 2
2025-10-30 21:39:16,560 - DEBUG - [получить_кафе_в_районе] - Запрос страницы 3 для района Люблино
2025-10-30 21:39:16,561 - DEBUG - [_new_conn] - Starting new HTTPS connection (1): catalog.api.2gis.com:443
2025-10-30 21:39:16,966 - DEBUG - [_make_request] - https://catalog.api.2gis.com:443 "GET /3.0/items?key=50e21a4a-6241-4f9a-aff6-0b7a942be2b7&q=%D0%BA%D0%B0%D1%84%D0%B5&district_id=70030077079195278&type=branch&page=3&page_size=10&fields=items.point%2Citems.name%2Citems.address_name%2Citems.reviews HTTP/1.1" 200 None
2025-10-30 21:39:16,967 - DEBUG - [получить_кафе_в_районе] - Статус ответа: 200
2025-10-30 21:39:16,967 - INFO - [получить_кафе_в_районе] - Загружено 10 кафе со страницы 3
2025-10-30 21:39:17,468 - DEBUG - [получить_кафе_в_районе] - Запрос страницы 4 для района Люблино
2025-10-30 21:39:17,469 - DEBUG - [_new_conn] - Starting new HTTPS connection (1): catalog.api.2gis.com:443
2025-10-30 21:39:17,861 - DEBUG - [_make_request] - https://catalog.api.2gis.com:443 "GET /3.0/items?key=50e21a4a-6241-4f9a-aff6-0b7a942be2b7&q=%D0%BA%D0%B0%D1%84%D0%B5&district_id=70030077079195278&type=branch&page=4&page_size=10&fields=items.point%2Citems.name%2Citems.address_name%2Citems.reviews HTTP/1.1" 200 None
2025-10-30 21:39:17,863 - DEBUG - [получить_кафе_в_районе] - Статус ответа: 200
2025-10-30 21:39:17,863 - INFO - [получить_кафе_в_районе] - Загружено 10 кафе со страницы 4
2025-10-30 21:39:18,364 - DEBUG - [получить_кафе_в_районе] - Запрос страницы 5 для района Люблино
2025-10-30 21:39:18,365 - DEBUG - [_new_conn] - Starting new HTTPS connection (1): catalog.api.2gis.com:443
2025-10-30 21:39:18,753 - DEBUG - [_make_request] - https://catalog.api.2gis.com:443 "GET /3.0/items?key=50e21a4a-6241-4f9a-aff6-0b7a942be2b7&q=%D0%BA%D0%B0%D1%84%D0%B5&district_id=70030077079195278&type=branch&page=5&page_size=10&fields=items.point%2Citems.name%2Citems.address_name%2Citems.reviews HTTP/1.1" 200 None
2025-10-30 21:39:18,754 - DEBUG - [получить_кафе_в_районе] - Статус ответа: 200
2025-10-30 21:39:18,755 - INFO - [получить_кафе_в_районе] - Загружено 10 кафе со страницы 5
2025-10-30 21:39:18,755 - INFO - [получить_кафе_в_районе] - Завершение сбора для района Люблино. Найдено кафе: 50
2025-10-30 21:39:18,757 - INFO - [<cell line: 0>] - Район 'Люблино' завершен. Кафе: 50
2025-10-30 21:39:19,759 - INFO - [<cell line: 0>] - [57/132] Обработка района: Марфино
2025-10-30 21:39:19,760 - INFO - [получить_кафе_в_районе] - Начало сбора кафе для района: Марфино (ID: 4504209512726570)
2025-10-30 21:39:19,761 - DEBUG - [получить_кафе_в_районе] - Запрос страницы 1 для района Марфино
2025-10-30 21:39:19,765 - DEBUG - [_new_conn] - Starting new HTTPS connection (1): catalog.api.2gis.com:443
2025-10-30 21:39:20,176 - DEBUG - [_make_request] - https://catalog.api.2gis.com:443 "GET /3.0/items?key=50e21a4a-6241-4f9a-aff6-0b7a942be2b7&q=%D0%BA%D0%B0%D1%84%D0%B5&district_id=4504209512726570&type=branch&page=1&page_size=10&fields=items.point%2Citems.name%2Citems.address_name%2Citems.reviews HTTP/1.1" 200 None
2025-10-30 21:39:20,177 - DEBUG - [получить_кафе_в_районе] - Статус ответа: 200
2025-10-30 21:39:20,177 - INFO - [получить_кафе_в_районе] - Загружено 10 кафе со страницы 1
2025-10-30 21:39:20,678 - DEBUG - [получить_кафе_в_районе] - Запрос страницы 2 для района Марфино
2025-10-30 21:39:20,680 - DEBUG - [_new_conn] - Starting new HTTPS connection (1): catalog.api.2gis.com:443
2025-10-30 21:39:21,073 - DEBUG - [_make_request] - https://catalog.api.2gis.com:443 "GET /3.0/items?key=50e21a4a-6241-4f9a-aff6-0b7a942be2b7&q=%D0%BA%D0%B0%D1%84%D0%B5&district_id=4504209512726570&type=branch&page=2&page_size=10&fields=items.point%2Citems.name%2Citems.address_name%2Citems.reviews HTTP/1.1" 200 133
2025-10-30 21:39:21,074 - DEBUG - [получить_кафе_в_районе] - Статус ответа: 200
2025-10-30 21:39:21,074 - WARNING - [получить_кафе_в_районе] - На странице 2 нет данных в ожидаемом формате
2025-10-30 21:39:21,575 - DEBUG - [получить_кафе_в_районе] - Запрос страницы 3 для района Марфино
2025-10-30 21:39:21,577 - DEBUG - [_new_conn] - Starting new HTTPS connection (1): catalog.api.2gis.com:443
2025-10-30 21:39:21,966 - DEBUG - [_make_request] - https://catalog.api.2gis.com:443 "GET /3.0/items?key=50e21a4a-6241-4f9a-aff6-0b7a942be2b7&q=%D0%BA%D0%B0%D1%84%D0%B5&district_id=4504209512726570&type=branch&page=3&page_size=10&fields=items.point%2Citems.name%2Citems.address_name%2Citems.reviews HTTP/1.1" 200 133
2025-10-30 21:39:21,967 - DEBUG - [получить_кафе_в_районе] - Статус ответа: 200
2025-10-30 21:39:21,967 - WARNING - [получить_кафе_в_районе] - На странице 3 нет данных в ожидаемом формате
2025-10-30 21:39:22,468 - DEBUG - [получить_кафе_в_районе] - Запрос страницы 4 для района Марфино
2025-10-30 21:39:22,469 - DEBUG - [_new_conn] - Starting new HTTPS connection (1): catalog.api.2gis.com:443
2025-10-30 21:39:22,840 - DEBUG - [_make_request] - https://catalog.api.2gis.com:443 "GET /3.0/items?key=50e21a4a-6241-4f9a-aff6-0b7a942be2b7&q=%D0%BA%D0%B0%D1%84%D0%B5&district_id=4504209512726570&type=branch&page=4&page_size=10&fields=items.point%2Citems.name%2Citems.address_name%2Citems.reviews HTTP/1.1" 200 133
2025-10-30 21:39:22,841 - DEBUG - [получить_кафе_в_районе] - Статус ответа: 200
2025-10-30 21:39:22,841 - WARNING - [получить_кафе_в_районе] - На странице 4 нет данных в ожидаемом формате
2025-10-30 21:39:23,342 - DEBUG - [получить_кафе_в_районе] - Запрос страницы 5 для района Марфино
2025-10-30 21:39:23,343 - DEBUG - [_new_conn] - Starting new HTTPS connection (1): catalog.api.2gis.com:443
2025-10-30 21:39:23,719 - DEBUG - [_make_request] - https://catalog.api.2gis.com:443 "GET /3.0/items?key=50e21a4a-6241-4f9a-aff6-0b7a942be2b7&q=%D0%BA%D0%B0%D1%84%D0%B5&district_id=4504209512726570&type=branch&page=5&page_size=10&fields=items.point%2Citems.name%2Citems.address_name%2Citems.reviews HTTP/1.1" 200 133
2025-10-30 21:39:23,720 - DEBUG - [получить_кафе_в_районе] - Статус ответа: 200
2025-10-30 21:39:23,720 - WARNING - [получить_кафе_в_районе] - На странице 5 нет данных в ожидаемом формате
2025-10-30 21:39:23,720 - INFO - [получить_кафе_в_районе] - Завершение сбора для района Марфино. Найдено кафе: 10
2025-10-30 21:39:23,722 - INFO - [<cell line: 0>] - Район 'Марфино' завершен. Кафе: 10
2025-10-30 21:39:24,724 - INFO - [<cell line: 0>] - [58/132] Обработка района: Марьина Роща
2025-10-30 21:39:24,725 - INFO - [получить_кафе_в_районе] - Начало сбора кафе для района: Марьина Роща (ID: 4504209512726571)
2025-10-30 21:39:24,726 - DEBUG - [получить_кафе_в_районе] - Запрос страницы 1 для района Марьина Роща
2025-10-30 21:39:24,727 - DEBUG - [_new_conn] - Starting new HTTPS connection (1): catalog.api.2gis.com:443
2025-10-30 21:39:25,125 - DEBUG - [_make_request] - https://catalog.api.2gis.com:443 "GET /3.0/items?key=50e21a4a-6241-4f9a-aff6-0b7a942be2b7&q=%D0%BA%D0%B0%D1%84%D0%B5&district_id=4504209512726571&type=branch&page=1&page_size=10&fields=items.point%2Citems.name%2Citems.address_name%2Citems.reviews HTTP/1.1" 200 None
2025-10-30 21:39:25,126 - DEBUG - [получить_кафе_в_районе] - Статус ответа: 200
2025-10-30 21:39:25,126 - INFO - [получить_кафе_в_районе] - Загружено 10 кафе со страницы 1
2025-10-30 21:39:25,627 - DEBUG - [получить_кафе_в_районе] - Запрос страницы 2 для района Марьина Роща
2025-10-30 21:39:25,629 - DEBUG - [_new_conn] - Starting new HTTPS connection (1): catalog.api.2gis.com:443
2025-10-30 21:39:26,038 - DEBUG - [_make_request] - https://catalog.api.2gis.com:443 "GET /3.0/items?key=50e21a4a-6241-4f9a-aff6-0b7a942be2b7&q=%D0%BA%D0%B0%D1%84%D0%B5&district_id=4504209512726571&type=branch&page=2&page_size=10&fields=items.point%2Citems.name%2Citems.address_name%2Citems.reviews HTTP/1.1" 200 None
2025-10-30 21:39:26,039 - DEBUG - [получить_кафе_в_районе] - Статус ответа: 200
2025-10-30 21:39:26,040 - INFO - [получить_кафе_в_районе] - Загружено 10 кафе со страницы 2
2025-10-30 21:39:26,541 - DEBUG - [получить_кафе_в_районе] - Запрос страницы 3 для района Марьина Роща
2025-10-30 21:39:26,542 - DEBUG - [_new_conn] - Starting new HTTPS connection (1): catalog.api.2gis.com:443
2025-10-30 21:39:26,947 - DEBUG - [_make_request] - https://catalog.api.2gis.com:443 "GET /3.0/items?key=50e21a4a-6241-4f9a-aff6-0b7a942be2b7&q=%D0%BA%D0%B0%D1%84%D0%B5&district_id=4504209512726571&type=branch&page=3&page_size=10&fields=items.point%2Citems.name%2Citems.address_name%2Citems.reviews HTTP/1.1" 200 None
2025-10-30 21:39:26,948 - DEBUG - [получить_кафе_в_районе] - Статус ответа: 200
2025-10-30 21:39:26,949 - INFO - [получить_кафе_в_районе] - Загружено 10 кафе со страницы 3
2025-10-30 21:39:27,450 - DEBUG - [получить_кафе_в_районе] - Запрос страницы 4 для района Марьина Роща
2025-10-30 21:39:27,451 - DEBUG - [_new_conn] - Starting new HTTPS connection (1): catalog.api.2gis.com:443
2025-10-30 21:39:27,844 - DEBUG - [_make_request] - https://catalog.api.2gis.com:443 "GET /3.0/items?key=50e21a4a-6241-4f9a-aff6-0b7a942be2b7&q=%D0%BA%D0%B0%D1%84%D0%B5&district_id=4504209512726571&type=branch&page=4&page_size=10&fields=items.point%2Citems.name%2Citems.address_name%2Citems.reviews HTTP/1.1" 200 None
2025-10-30 21:39:27,845 - DEBUG - [получить_кафе_в_районе] - Статус ответа: 200
2025-10-30 21:39:27,845 - INFO - [получить_кафе_в_районе] - Загружено 10 кафе со страницы 4
2025-10-30 21:39:28,346 - DEBUG - [получить_кафе_в_районе] - Запрос страницы 5 для района Марьина Роща
2025-10-30 21:39:28,348 - DEBUG - [_new_conn] - Starting new HTTPS connection (1): catalog.api.2gis.com:443
2025-10-30 21:39:28,766 - DEBUG - [_make_request] - https://catalog.api.2gis.com:443 "GET /3.0/items?key=50e21a4a-6241-4f9a-aff6-0b7a942be2b7&q=%D0%BA%D0%B0%D1%84%D0%B5&district_id=4504209512726571&type=branch&page=5&page_size=10&fields=items.point%2Citems.name%2Citems.address_name%2Citems.reviews HTTP/1.1" 200 None
2025-10-30 21:39:28,767 - DEBUG - [получить_кафе_в_районе] - Статус ответа: 200
2025-10-30 21:39:28,767 - INFO - [получить_кафе_в_районе] - Загружено 8 кафе со страницы 5
2025-10-30 21:39:28,768 - INFO - [получить_кафе_в_районе] - Завершение сбора для района Марьина Роща. Найдено кафе: 48
2025-10-30 21:39:28,770 - INFO - [<cell line: 0>] - Район 'Марьина Роща' завершен. Кафе: 48
2025-10-30 21:39:29,771 - INFO - [<cell line: 0>] - [59/132] Обработка района: Марьино
2025-10-30 21:39:29,772 - INFO - [получить_кафе_в_районе] - Начало сбора кафе для района: Марьино (ID: 4504209512726596)
2025-10-30 21:39:29,773 - DEBUG - [получить_кафе_в_районе] - Запрос страницы 1 для района Марьино
2025-10-30 21:39:29,776 - DEBUG - [_new_conn] - Starting new HTTPS connection (1): catalog.api.2gis.com:443
2025-10-30 21:39:30,168 - DEBUG - [_make_request] - https://catalog.api.2gis.com:443 "GET /3.0/items?key=50e21a4a-6241-4f9a-aff6-0b7a942be2b7&q=%D0%BA%D0%B0%D1%84%D0%B5&district_id=4504209512726596&type=branch&page=1&page_size=10&fields=items.point%2Citems.name%2Citems.address_name%2Citems.reviews HTTP/1.1" 200 None
2025-10-30 21:39:30,169 - DEBUG - [получить_кафе_в_районе] - Статус ответа: 200
2025-10-30 21:39:30,169 - INFO - [получить_кафе_в_районе] - Загружено 10 кафе со страницы 1
2025-10-30 21:39:30,670 - DEBUG - [получить_кафе_в_районе] - Запрос страницы 2 для района Марьино
2025-10-30 21:39:30,671 - DEBUG - [_new_conn] - Starting new HTTPS connection (1): catalog.api.2gis.com:443
2025-10-30 21:39:31,066 - DEBUG - [_make_request] - https://catalog.api.2gis.com:443 "GET /3.0/items?key=50e21a4a-6241-4f9a-aff6-0b7a942be2b7&q=%D0%BA%D0%B0%D1%84%D0%B5&district_id=4504209512726596&type=branch&page=2&page_size=10&fields=items.point%2Citems.name%2Citems.address_name%2Citems.reviews HTTP/1.1" 200 None
2025-10-30 21:39:31,067 - DEBUG - [получить_кафе_в_районе] - Статус ответа: 200
2025-10-30 21:39:31,067 - INFO - [получить_кафе_в_районе] - Загружено 10 кафе со страницы 2
2025-10-30 21:39:31,568 - DEBUG - [получить_кафе_в_районе] - Запрос страницы 3 для района Марьино
2025-10-30 21:39:31,569 - DEBUG - [_new_conn] - Starting new HTTPS connection (1): catalog.api.2gis.com:443
2025-10-30 21:39:31,967 - DEBUG - [_make_request] - https://catalog.api.2gis.com:443 "GET /3.0/items?key=50e21a4a-6241-4f9a-aff6-0b7a942be2b7&q=%D0%BA%D0%B0%D1%84%D0%B5&district_id=4504209512726596&type=branch&page=3&page_size=10&fields=items.point%2Citems.name%2Citems.address_name%2Citems.reviews HTTP/1.1" 200 None
2025-10-30 21:39:31,968 - DEBUG - [получить_кафе_в_районе] - Статус ответа: 200
2025-10-30 21:39:31,969 - INFO - [получить_кафе_в_районе] - Загружено 10 кафе со страницы 3
2025-10-30 21:39:32,470 - DEBUG - [получить_кафе_в_районе] - Запрос страницы 4 для района Марьино
2025-10-30 21:39:32,471 - DEBUG - [_new_conn] - Starting new HTTPS connection (1): catalog.api.2gis.com:443
2025-10-30 21:39:32,880 - DEBUG - [_make_request] - https://catalog.api.2gis.com:443 "GET /3.0/items?key=50e21a4a-6241-4f9a-aff6-0b7a942be2b7&q=%D0%BA%D0%B0%D1%84%D0%B5&district_id=4504209512726596&type=branch&page=4&page_size=10&fields=items.point%2Citems.name%2Citems.address_name%2Citems.reviews HTTP/1.1" 200 None
2025-10-30 21:39:32,880 - DEBUG - [получить_кафе_в_районе] - Статус ответа: 200
2025-10-30 21:39:32,881 - INFO - [получить_кафе_в_районе] - Загружено 10 кафе со страницы 4
2025-10-30 21:39:33,382 - DEBUG - [получить_кафе_в_районе] - Запрос страницы 5 для района Марьино
2025-10-30 21:39:33,383 - DEBUG - [_new_conn] - Starting new HTTPS connection (1): catalog.api.2gis.com:443
2025-10-30 21:39:33,789 - DEBUG - [_make_request] - https://catalog.api.2gis.com:443 "GET /3.0/items?key=50e21a4a-6241-4f9a-aff6-0b7a942be2b7&q=%D0%BA%D0%B0%D1%84%D0%B5&district_id=4504209512726596&type=branch&page=5&page_size=10&fields=items.point%2Citems.name%2Citems.address_name%2Citems.reviews HTTP/1.1" 200 None
2025-10-30 21:39:33,790 - DEBUG - [получить_кафе_в_районе] - Статус ответа: 200
2025-10-30 21:39:33,791 - INFO - [получить_кафе_в_районе] - Загружено 10 кафе со страницы 5
2025-10-30 21:39:33,792 - INFO - [получить_кафе_в_районе] - Завершение сбора для района Марьино. Найдено кафе: 50
2025-10-30 21:39:33,793 - INFO - [<cell line: 0>] - Район 'Марьино' завершен. Кафе: 50
2025-10-30 21:39:34,794 - INFO - [<cell line: 0>] - [60/132] Обработка района: Матушкино
2025-10-30 21:39:34,795 - INFO - [получить_кафе_в_районе] - Начало сбора кафе для района: Матушкино (ID: 4504209512726657)
2025-10-30 21:39:34,798 - DEBUG - [получить_кафе_в_районе] - Запрос страницы 1 для района Матушкино
2025-10-30 21:39:34,799 - DEBUG - [_new_conn] - Starting new HTTPS connection (1): catalog.api.2gis.com:443
2025-10-30 21:39:35,183 - DEBUG - [_make_request] - https://catalog.api.2gis.com:443 "GET /3.0/items?key=50e21a4a-6241-4f9a-aff6-0b7a942be2b7&q=%D0%BA%D0%B0%D1%84%D0%B5&district_id=4504209512726657&type=branch&page=1&page_size=10&fields=items.point%2Citems.name%2Citems.address_name%2Citems.reviews HTTP/1.1" 200 None
2025-10-30 21:39:35,184 - DEBUG - [получить_кафе_в_районе] - Статус ответа: 200
2025-10-30 21:39:35,184 - INFO - [получить_кафе_в_районе] - Загружено 10 кафе со страницы 1
2025-10-30 21:39:35,685 - DEBUG - [получить_кафе_в_районе] - Запрос страницы 2 для района Матушкино
2025-10-30 21:39:35,686 - DEBUG - [_new_conn] - Starting new HTTPS connection (1): catalog.api.2gis.com:443
2025-10-30 21:39:36,076 - DEBUG - [_make_request] - https://catalog.api.2gis.com:443 "GET /3.0/items?key=50e21a4a-6241-4f9a-aff6-0b7a942be2b7&q=%D0%BA%D0%B0%D1%84%D0%B5&district_id=4504209512726657&type=branch&page=2&page_size=10&fields=items.point%2Citems.name%2Citems.address_name%2Citems.reviews HTTP/1.1" 200 None
2025-10-30 21:39:36,077 - DEBUG - [получить_кафе_в_районе] - Статус ответа: 200
2025-10-30 21:39:36,078 - INFO - [получить_кафе_в_районе] - Загружено 2 кафе со страницы 2
2025-10-30 21:39:36,578 - DEBUG - [получить_кафе_в_районе] - Запрос страницы 3 для района Матушкино
2025-10-30 21:39:36,580 - DEBUG - [_new_conn] - Starting new HTTPS connection (1): catalog.api.2gis.com:443
2025-10-30 21:39:36,960 - DEBUG - [_make_request] - https://catalog.api.2gis.com:443 "GET /3.0/items?key=50e21a4a-6241-4f9a-aff6-0b7a942be2b7&q=%D0%BA%D0%B0%D1%84%D0%B5&district_id=4504209512726657&type=branch&page=3&page_size=10&fields=items.point%2Citems.name%2Citems.address_name%2Citems.reviews HTTP/1.1" 200 133
2025-10-30 21:39:36,961 - DEBUG - [получить_кафе_в_районе] - Статус ответа: 200
2025-10-30 21:39:36,961 - WARNING - [получить_кафе_в_районе] - На странице 3 нет данных в ожидаемом формате
2025-10-30 21:39:37,462 - DEBUG - [получить_кафе_в_районе] - Запрос страницы 4 для района Матушкино
2025-10-30 21:39:37,464 - DEBUG - [_new_conn] - Starting new HTTPS connection (1): catalog.api.2gis.com:443
2025-10-30 21:39:37,859 - DEBUG - [_make_request] - https://catalog.api.2gis.com:443 "GET /3.0/items?key=50e21a4a-6241-4f9a-aff6-0b7a942be2b7&q=%D0%BA%D0%B0%D1%84%D0%B5&district_id=4504209512726657&type=branch&page=4&page_size=10&fields=items.point%2Citems.name%2Citems.address_name%2Citems.reviews HTTP/1.1" 200 133
2025-10-30 21:39:37,860 - DEBUG - [получить_кафе_в_районе] - Статус ответа: 200
2025-10-30 21:39:37,861 - WARNING - [получить_кафе_в_районе] - На странице 4 нет данных в ожидаемом формате
2025-10-30 21:39:38,362 - DEBUG - [получить_кафе_в_районе] - Запрос страницы 5 для района Матушкино
2025-10-30 21:39:38,363 - DEBUG - [_new_conn] - Starting new HTTPS connection (1): catalog.api.2gis.com:443
2025-10-30 21:39:38,745 - DEBUG - [_make_request] - https://catalog.api.2gis.com:443 "GET /3.0/items?key=50e21a4a-6241-4f9a-aff6-0b7a942be2b7&q=%D0%BA%D0%B0%D1%84%D0%B5&district_id=4504209512726657&type=branch&page=5&page_size=10&fields=items.point%2Citems.name%2Citems.address_name%2Citems.reviews HTTP/1.1" 200 133
2025-10-30 21:39:38,747 - DEBUG - [получить_кафе_в_районе] - Статус ответа: 200
2025-10-30 21:39:38,747 - WARNING - [получить_кафе_в_районе] - На странице 5 нет данных в ожидаемом формате
2025-10-30 21:39:38,748 - INFO - [получить_кафе_в_районе] - Завершение сбора для района Матушкино. Найдено кафе: 12
2025-10-30 21:39:38,750 - INFO - [<cell line: 0>] - Район 'Матушкино' завершен. Кафе: 12
2025-10-30 21:39:39,752 - INFO - [<cell line: 0>] - [61/132] Обработка района: Метрогородок
2025-10-30 21:39:39,753 - INFO - [получить_кафе_в_районе] - Начало сбора кафе для района: Метрогородок (ID: 4504209512726588)
2025-10-30 21:39:39,754 - DEBUG - [получить_кафе_в_районе] - Запрос страницы 1 для района Метрогородок
2025-10-30 21:39:39,756 - DEBUG - [_new_conn] - Starting new HTTPS connection (1): catalog.api.2gis.com:443
2025-10-30 21:39:40,145 - DEBUG - [_make_request] - https://catalog.api.2gis.com:443 "GET /3.0/items?key=50e21a4a-6241-4f9a-aff6-0b7a942be2b7&q=%D0%BA%D0%B0%D1%84%D0%B5&district_id=4504209512726588&type=branch&page=1&page_size=10&fields=items.point%2Citems.name%2Citems.address_name%2Citems.reviews HTTP/1.1" 200 None
2025-10-30 21:39:40,146 - DEBUG - [получить_кафе_в_районе] - Статус ответа: 200
2025-10-30 21:39:40,146 - INFO - [получить_кафе_в_районе] - Загружено 5 кафе со страницы 1
2025-10-30 21:39:40,647 - DEBUG - [получить_кафе_в_районе] - Запрос страницы 2 для района Метрогородок
2025-10-30 21:39:40,648 - DEBUG - [_new_conn] - Starting new HTTPS connection (1): catalog.api.2gis.com:443
2025-10-30 21:39:41,155 - DEBUG - [_make_request] - https://catalog.api.2gis.com:443 "GET /3.0/items?key=50e21a4a-6241-4f9a-aff6-0b7a942be2b7&q=%D0%BA%D0%B0%D1%84%D0%B5&district_id=4504209512726588&type=branch&page=2&page_size=10&fields=items.point%2Citems.name%2Citems.address_name%2Citems.reviews HTTP/1.1" 200 133
2025-10-30 21:39:41,156 - DEBUG - [получить_кафе_в_районе] - Статус ответа: 200
2025-10-30 21:39:41,156 - WARNING - [получить_кафе_в_районе] - На странице 2 нет данных в ожидаемом формате
2025-10-30 21:39:41,657 - DEBUG - [получить_кафе_в_районе] - Запрос страницы 3 для района Метрогородок
2025-10-30 21:39:41,658 - DEBUG - [_new_conn] - Starting new HTTPS connection (1): catalog.api.2gis.com:443
2025-10-30 21:39:42,049 - DEBUG - [_make_request] - https://catalog.api.2gis.com:443 "GET /3.0/items?key=50e21a4a-6241-4f9a-aff6-0b7a942be2b7&q=%D0%BA%D0%B0%D1%84%D0%B5&district_id=4504209512726588&type=branch&page=3&page_size=10&fields=items.point%2Citems.name%2Citems.address_name%2Citems.reviews HTTP/1.1" 200 133
2025-10-30 21:39:42,050 - DEBUG - [получить_кафе_в_районе] - Статус ответа: 200
2025-10-30 21:39:42,050 - WARNING - [получить_кафе_в_районе] - На странице 3 нет данных в ожидаемом формате
2025-10-30 21:39:42,551 - DEBUG - [получить_кафе_в_районе] - Запрос страницы 4 для района Метрогородок
2025-10-30 21:39:42,552 - DEBUG - [_new_conn] - Starting new HTTPS connection (1): catalog.api.2gis.com:443
2025-10-30 21:39:42,947 - DEBUG - [_make_request] - https://catalog.api.2gis.com:443 "GET /3.0/items?key=50e21a4a-6241-4f9a-aff6-0b7a942be2b7&q=%D0%BA%D0%B0%D1%84%D0%B5&district_id=4504209512726588&type=branch&page=4&page_size=10&fields=items.point%2Citems.name%2Citems.address_name%2Citems.reviews HTTP/1.1" 200 133
2025-10-30 21:39:42,948 - DEBUG - [получить_кафе_в_районе] - Статус ответа: 200
2025-10-30 21:39:42,948 - WARNING - [получить_кафе_в_районе] - На странице 4 нет данных в ожидаемом формате
2025-10-30 21:39:43,449 - DEBUG - [получить_кафе_в_районе] - Запрос страницы 5 для района Метрогородок
2025-10-30 21:39:43,450 - DEBUG - [_new_conn] - Starting new HTTPS connection (1): catalog.api.2gis.com:443
2025-10-30 21:39:43,846 - DEBUG - [_make_request] - https://catalog.api.2gis.com:443 "GET /3.0/items?key=50e21a4a-6241-4f9a-aff6-0b7a942be2b7&q=%D0%BA%D0%B0%D1%84%D0%B5&district_id=4504209512726588&type=branch&page=5&page_size=10&fields=items.point%2Citems.name%2Citems.address_name%2Citems.reviews HTTP/1.1" 200 133
2025-10-30 21:39:43,847 - DEBUG - [получить_кафе_в_районе] - Статус ответа: 200
2025-10-30 21:39:43,847 - WARNING - [получить_кафе_в_районе] - На странице 5 нет данных в ожидаемом формате
2025-10-30 21:39:43,848 - INFO - [получить_кафе_в_районе] - Завершение сбора для района Метрогородок. Найдено кафе: 5
2025-10-30 21:39:43,849 - INFO - [<cell line: 0>] - Район 'Метрогородок' завершен. Кафе: 5
2025-10-30 21:39:44,850 - INFO - [<cell line: 0>] - [62/132] Обработка района: Мещанский
2025-10-30 21:39:44,851 - INFO - [получить_кафе_в_районе] - Начало сбора кафе для района: Мещанский (ID: 4504209512726535)
2025-10-30 21:39:44,852 - DEBUG - [получить_кафе_в_районе] - Запрос страницы 1 для района Мещанский
2025-10-30 21:39:44,853 - DEBUG - [_new_conn] - Starting new HTTPS connection (1): catalog.api.2gis.com:443
2025-10-30 21:39:45,264 - DEBUG - [_make_request] - https://catalog.api.2gis.com:443 "GET /3.0/items?key=50e21a4a-6241-4f9a-aff6-0b7a942be2b7&q=%D0%BA%D0%B0%D1%84%D0%B5&district_id=4504209512726535&type=branch&page=1&page_size=10&fields=items.point%2Citems.name%2Citems.address_name%2Citems.reviews HTTP/1.1" 200 None
2025-10-30 21:39:45,265 - DEBUG - [получить_кафе_в_районе] - Статус ответа: 200
2025-10-30 21:39:45,265 - INFO - [получить_кафе_в_районе] - Загружено 10 кафе со страницы 1
2025-10-30 21:39:45,766 - DEBUG - [получить_кафе_в_районе] - Запрос страницы 2 для района Мещанский
2025-10-30 21:39:45,767 - DEBUG - [_new_conn] - Starting new HTTPS connection (1): catalog.api.2gis.com:443
2025-10-30 21:39:46,176 - DEBUG - [_make_request] - https://catalog.api.2gis.com:443 "GET /3.0/items?key=50e21a4a-6241-4f9a-aff6-0b7a942be2b7&q=%D0%BA%D0%B0%D1%84%D0%B5&district_id=4504209512726535&type=branch&page=2&page_size=10&fields=items.point%2Citems.name%2Citems.address_name%2Citems.reviews HTTP/1.1" 200 None
2025-10-30 21:39:46,177 - DEBUG - [получить_кафе_в_районе] - Статус ответа: 200
2025-10-30 21:39:46,177 - INFO - [получить_кафе_в_районе] - Загружено 10 кафе со страницы 2
2025-10-30 21:39:46,678 - DEBUG - [получить_кафе_в_районе] - Запрос страницы 3 для района Мещанский
2025-10-30 21:39:46,679 - DEBUG - [_new_conn] - Starting new HTTPS connection (1): catalog.api.2gis.com:443
2025-10-30 21:39:47,076 - DEBUG - [_make_request] - https://catalog.api.2gis.com:443 "GET /3.0/items?key=50e21a4a-6241-4f9a-aff6-0b7a942be2b7&q=%D0%BA%D0%B0%D1%84%D0%B5&district_id=4504209512726535&type=branch&page=3&page_size=10&fields=items.point%2Citems.name%2Citems.address_name%2Citems.reviews HTTP/1.1" 200 None
2025-10-30 21:39:47,077 - DEBUG - [получить_кафе_в_районе] - Статус ответа: 200
2025-10-30 21:39:47,078 - INFO - [получить_кафе_в_районе] - Загружено 10 кафе со страницы 3
2025-10-30 21:39:47,579 - DEBUG - [получить_кафе_в_районе] - Запрос страницы 4 для района Мещанский
2025-10-30 21:39:47,580 - DEBUG - [_new_conn] - Starting new HTTPS connection (1): catalog.api.2gis.com:443
2025-10-30 21:39:47,984 - DEBUG - [_make_request] - https://catalog.api.2gis.com:443 "GET /3.0/items?key=50e21a4a-6241-4f9a-aff6-0b7a942be2b7&q=%D0%BA%D0%B0%D1%84%D0%B5&district_id=4504209512726535&type=branch&page=4&page_size=10&fields=items.point%2Citems.name%2Citems.address_name%2Citems.reviews HTTP/1.1" 200 None
2025-10-30 21:39:47,985 - DEBUG - [получить_кафе_в_районе] - Статус ответа: 200
2025-10-30 21:39:47,985 - INFO - [получить_кафе_в_районе] - Загружено 10 кафе со страницы 4
2025-10-30 21:39:48,486 - DEBUG - [получить_кафе_в_районе] - Запрос страницы 5 для района Мещанский
2025-10-30 21:39:48,487 - DEBUG - [_new_conn] - Starting new HTTPS connection (1): catalog.api.2gis.com:443
2025-10-30 21:39:48,897 - DEBUG - [_make_request] - https://catalog.api.2gis.com:443 "GET /3.0/items?key=50e21a4a-6241-4f9a-aff6-0b7a942be2b7&q=%D0%BA%D0%B0%D1%84%D0%B5&district_id=4504209512726535&type=branch&page=5&page_size=10&fields=items.point%2Citems.name%2Citems.address_name%2Citems.reviews HTTP/1.1" 200 None
2025-10-30 21:39:48,898 - DEBUG - [получить_кафе_в_районе] - Статус ответа: 200
2025-10-30 21:39:48,898 - INFO - [получить_кафе_в_районе] - Загружено 10 кафе со страницы 5
2025-10-30 21:39:48,899 - INFO - [получить_кафе_в_районе] - Завершение сбора для района Мещанский. Найдено кафе: 50
2025-10-30 21:39:48,901 - INFO - [<cell line: 0>] - Район 'Мещанский' завершен. Кафе: 50
2025-10-30 21:39:49,901 - INFO - [<cell line: 0>] - [63/132] Обработка района: Митино
2025-10-30 21:39:49,903 - INFO - [получить_кафе_в_районе] - Начало сбора кафе для района: Митино (ID: 4504209512726645)
2025-10-30 21:39:49,904 - DEBUG - [получить_кафе_в_районе] - Запрос страницы 1 для района Митино
2025-10-30 21:39:49,906 - DEBUG - [_new_conn] - Starting new HTTPS connection (1): catalog.api.2gis.com:443
2025-10-30 21:39:50,300 - DEBUG - [_make_request] - https://catalog.api.2gis.com:443 "GET /3.0/items?key=50e21a4a-6241-4f9a-aff6-0b7a942be2b7&q=%D0%BA%D0%B0%D1%84%D0%B5&district_id=4504209512726645&type=branch&page=1&page_size=10&fields=items.point%2Citems.name%2Citems.address_name%2Citems.reviews HTTP/1.1" 200 None
2025-10-30 21:39:50,301 - DEBUG - [получить_кафе_в_районе] - Статус ответа: 200
2025-10-30 21:39:50,301 - INFO - [получить_кафе_в_районе] - Загружено 10 кафе со страницы 1
2025-10-30 21:39:50,803 - DEBUG - [получить_кафе_в_районе] - Запрос страницы 2 для района Митино
2025-10-30 21:39:50,804 - DEBUG - [_new_conn] - Starting new HTTPS connection (1): catalog.api.2gis.com:443
2025-10-30 21:39:51,200 - DEBUG - [_make_request] - https://catalog.api.2gis.com:443 "GET /3.0/items?key=50e21a4a-6241-4f9a-aff6-0b7a942be2b7&q=%D0%BA%D0%B0%D1%84%D0%B5&district_id=4504209512726645&type=branch&page=2&page_size=10&fields=items.point%2Citems.name%2Citems.address_name%2Citems.reviews HTTP/1.1" 200 None
2025-10-30 21:39:51,201 - DEBUG - [получить_кафе_в_районе] - Статус ответа: 200
2025-10-30 21:39:51,202 - INFO - [получить_кафе_в_районе] - Загружено 10 кафе со страницы 2
2025-10-30 21:39:51,703 - DEBUG - [получить_кафе_в_районе] - Запрос страницы 3 для района Митино
2025-10-30 21:39:51,704 - DEBUG - [_new_conn] - Starting new HTTPS connection (1): catalog.api.2gis.com:443
2025-10-30 21:39:52,094 - DEBUG - [_make_request] - https://catalog.api.2gis.com:443 "GET /3.0/items?key=50e21a4a-6241-4f9a-aff6-0b7a942be2b7&q=%D0%BA%D0%B0%D1%84%D0%B5&district_id=4504209512726645&type=branch&page=3&page_size=10&fields=items.point%2Citems.name%2Citems.address_name%2Citems.reviews HTTP/1.1" 200 None
2025-10-30 21:39:52,095 - DEBUG - [получить_кафе_в_районе] - Статус ответа: 200
2025-10-30 21:39:52,095 - INFO - [получить_кафе_в_районе] - Загружено 10 кафе со страницы 3
2025-10-30 21:39:52,596 - DEBUG - [получить_кафе_в_районе] - Запрос страницы 4 для района Митино
2025-10-30 21:39:52,597 - DEBUG - [_new_conn] - Starting new HTTPS connection (1): catalog.api.2gis.com:443
2025-10-30 21:39:52,994 - DEBUG - [_make_request] - https://catalog.api.2gis.com:443 "GET /3.0/items?key=50e21a4a-6241-4f9a-aff6-0b7a942be2b7&q=%D0%BA%D0%B0%D1%84%D0%B5&district_id=4504209512726645&type=branch&page=4&page_size=10&fields=items.point%2Citems.name%2Citems.address_name%2Citems.reviews HTTP/1.1" 200 None
2025-10-30 21:39:52,995 - DEBUG - [получить_кафе_в_районе] - Статус ответа: 200
2025-10-30 21:39:52,995 - INFO - [получить_кафе_в_районе] - Загружено 10 кафе со страницы 4
2025-10-30 21:39:53,496 - DEBUG - [получить_кафе_в_районе] - Запрос страницы 5 для района Митино
2025-10-30 21:39:53,498 - DEBUG - [_new_conn] - Starting new HTTPS connection (1): catalog.api.2gis.com:443
2025-10-30 21:39:53,879 - DEBUG - [_make_request] - https://catalog.api.2gis.com:443 "GET /3.0/items?key=50e21a4a-6241-4f9a-aff6-0b7a942be2b7&q=%D0%BA%D0%B0%D1%84%D0%B5&district_id=4504209512726645&type=branch&page=5&page_size=10&fields=items.point%2Citems.name%2Citems.address_name%2Citems.reviews HTTP/1.1" 200 None
2025-10-30 21:39:53,880 - DEBUG - [получить_кафе_в_районе] - Статус ответа: 200
2025-10-30 21:39:53,881 - INFO - [получить_кафе_в_районе] - Загружено 2 кафе со страницы 5
2025-10-30 21:39:53,881 - INFO - [получить_кафе_в_районе] - Завершение сбора для района Митино. Найдено кафе: 42
2025-10-30 21:39:53,882 - INFO - [<cell line: 0>] - Район 'Митино' завершен. Кафе: 42
2025-10-30 21:39:54,885 - INFO - [<cell line: 0>] - [64/132] Обработка района: Можайский
2025-10-30 21:39:54,886 - INFO - [получить_кафе_в_районе] - Начало сбора кафе для района: Можайский (ID: 4504209512726633)
2025-10-30 21:39:54,887 - DEBUG - [получить_кафе_в_районе] - Запрос страницы 1 для района Можайский
2025-10-30 21:39:54,889 - DEBUG - [_new_conn] - Starting new HTTPS connection (1): catalog.api.2gis.com:443
2025-10-30 21:39:55,285 - DEBUG - [_make_request] - https://catalog.api.2gis.com:443 "GET /3.0/items?key=50e21a4a-6241-4f9a-aff6-0b7a942be2b7&q=%D0%BA%D0%B0%D1%84%D0%B5&district_id=4504209512726633&type=branch&page=1&page_size=10&fields=items.point%2Citems.name%2Citems.address_name%2Citems.reviews HTTP/1.1" 200 None
2025-10-30 21:39:55,286 - DEBUG - [получить_кафе_в_районе] - Статус ответа: 200
2025-10-30 21:39:55,286 - INFO - [получить_кафе_в_районе] - Загружено 10 кафе со страницы 1
2025-10-30 21:39:55,787 - DEBUG - [получить_кафе_в_районе] - Запрос страницы 2 для района Можайский
2025-10-30 21:39:55,788 - DEBUG - [_new_conn] - Starting new HTTPS connection (1): catalog.api.2gis.com:443
2025-10-30 21:39:56,209 - DEBUG - [_make_request] - https://catalog.api.2gis.com:443 "GET /3.0/items?key=50e21a4a-6241-4f9a-aff6-0b7a942be2b7&q=%D0%BA%D0%B0%D1%84%D0%B5&district_id=4504209512726633&type=branch&page=2&page_size=10&fields=items.point%2Citems.name%2Citems.address_name%2Citems.reviews HTTP/1.1" 200 None
2025-10-30 21:39:56,210 - DEBUG - [получить_кафе_в_районе] - Статус ответа: 200
2025-10-30 21:39:56,210 - INFO - [получить_кафе_в_районе] - Загружено 10 кафе со страницы 2
2025-10-30 21:39:56,711 - DEBUG - [получить_кафе_в_районе] - Запрос страницы 3 для района Можайский
2025-10-30 21:39:56,712 - DEBUG - [_new_conn] - Starting new HTTPS connection (1): catalog.api.2gis.com:443
2025-10-30 21:39:57,186 - DEBUG - [_make_request] - https://catalog.api.2gis.com:443 "GET /3.0/items?key=50e21a4a-6241-4f9a-aff6-0b7a942be2b7&q=%D0%BA%D0%B0%D1%84%D0%B5&district_id=4504209512726633&type=branch&page=3&page_size=10&fields=items.point%2Citems.name%2Citems.address_name%2Citems.reviews HTTP/1.1" 200 None
2025-10-30 21:39:57,187 - DEBUG - [получить_кафе_в_районе] - Статус ответа: 200
2025-10-30 21:39:57,187 - INFO - [получить_кафе_в_районе] - Загружено 10 кафе со страницы 3
2025-10-30 21:39:57,688 - DEBUG - [получить_кафе_в_районе] - Запрос страницы 4 для района Можайский
2025-10-30 21:39:57,689 - DEBUG - [_new_conn] - Starting new HTTPS connection (1): catalog.api.2gis.com:443
2025-10-30 21:39:58,079 - DEBUG - [_make_request] - https://catalog.api.2gis.com:443 "GET /3.0/items?key=50e21a4a-6241-4f9a-aff6-0b7a942be2b7&q=%D0%BA%D0%B0%D1%84%D0%B5&district_id=4504209512726633&type=branch&page=4&page_size=10&fields=items.point%2Citems.name%2Citems.address_name%2Citems.reviews HTTP/1.1" 200 None
2025-10-30 21:39:58,080 - DEBUG - [получить_кафе_в_районе] - Статус ответа: 200
2025-10-30 21:39:58,081 - INFO - [получить_кафе_в_районе] - Загружено 10 кафе со страницы 4
2025-10-30 21:39:58,582 - DEBUG - [получить_кафе_в_районе] - Запрос страницы 5 для района Можайский
2025-10-30 21:39:58,583 - DEBUG - [_new_conn] - Starting new HTTPS connection (1): catalog.api.2gis.com:443
2025-10-30 21:39:58,962 - DEBUG - [_make_request] - https://catalog.api.2gis.com:443 "GET /3.0/items?key=50e21a4a-6241-4f9a-aff6-0b7a942be2b7&q=%D0%BA%D0%B0%D1%84%D0%B5&district_id=4504209512726633&type=branch&page=5&page_size=10&fields=items.point%2Citems.name%2Citems.address_name%2Citems.reviews HTTP/1.1" 200 None
2025-10-30 21:39:58,963 - DEBUG - [получить_кафе_в_районе] - Статус ответа: 200
2025-10-30 21:39:58,963 - INFO - [получить_кафе_в_районе] - Загружено 4 кафе со страницы 5
2025-10-30 21:39:58,964 - INFO - [получить_кафе_в_районе] - Завершение сбора для района Можайский. Найдено кафе: 44
2025-10-30 21:39:58,965 - INFO - [<cell line: 0>] - Район 'Можайский' завершен. Кафе: 44
2025-10-30 21:39:59,968 - INFO - [<cell line: 0>] - [65/132] Обработка района: Молжаниновский
2025-10-30 21:39:59,969 - INFO - [получить_кафе_в_районе] - Начало сбора кафе для района: Молжаниновский (ID: 4504209512726654)
2025-10-30 21:39:59,970 - DEBUG - [получить_кафе_в_районе] - Запрос страницы 1 для района Молжаниновский
2025-10-30 21:39:59,971 - DEBUG - [_new_conn] - Starting new HTTPS connection (1): catalog.api.2gis.com:443
2025-10-30 21:40:00,367 - DEBUG - [_make_request] - https://catalog.api.2gis.com:443 "GET /3.0/items?key=50e21a4a-6241-4f9a-aff6-0b7a942be2b7&q=%D0%BA%D0%B0%D1%84%D0%B5&district_id=4504209512726654&type=branch&page=1&page_size=10&fields=items.point%2Citems.name%2Citems.address_name%2Citems.reviews HTTP/1.1" 200 None
2025-10-30 21:40:00,368 - DEBUG - [получить_кафе_в_районе] - Статус ответа: 200
2025-10-30 21:40:00,368 - INFO - [получить_кафе_в_районе] - Загружено 4 кафе со страницы 1
2025-10-30 21:40:00,869 - DEBUG - [получить_кафе_в_районе] - Запрос страницы 2 для района Молжаниновский
2025-10-30 21:40:00,871 - DEBUG - [_new_conn] - Starting new HTTPS connection (1): catalog.api.2gis.com:443
2025-10-30 21:40:01,251 - DEBUG - [_make_request] - https://catalog.api.2gis.com:443 "GET /3.0/items?key=50e21a4a-6241-4f9a-aff6-0b7a942be2b7&q=%D0%BA%D0%B0%D1%84%D0%B5&district_id=4504209512726654&type=branch&page=2&page_size=10&fields=items.point%2Citems.name%2Citems.address_name%2Citems.reviews HTTP/1.1" 200 133
2025-10-30 21:40:01,252 - DEBUG - [получить_кафе_в_районе] - Статус ответа: 200
2025-10-30 21:40:01,252 - WARNING - [получить_кафе_в_районе] - На странице 2 нет данных в ожидаемом формате
2025-10-30 21:40:01,753 - DEBUG - [получить_кафе_в_районе] - Запрос страницы 3 для района Молжаниновский
2025-10-30 21:40:01,755 - DEBUG - [_new_conn] - Starting new HTTPS connection (1): catalog.api.2gis.com:443
2025-10-30 21:40:02,129 - DEBUG - [_make_request] - https://catalog.api.2gis.com:443 "GET /3.0/items?key=50e21a4a-6241-4f9a-aff6-0b7a942be2b7&q=%D0%BA%D0%B0%D1%84%D0%B5&district_id=4504209512726654&type=branch&page=3&page_size=10&fields=items.point%2Citems.name%2Citems.address_name%2Citems.reviews HTTP/1.1" 200 133
2025-10-30 21:40:02,130 - DEBUG - [получить_кафе_в_районе] - Статус ответа: 200
2025-10-30 21:40:02,130 - WARNING - [получить_кафе_в_районе] - На странице 3 нет данных в ожидаемом формате
2025-10-30 21:40:02,631 - DEBUG - [получить_кафе_в_районе] - Запрос страницы 4 для района Молжаниновский
2025-10-30 21:40:02,633 - DEBUG - [_new_conn] - Starting new HTTPS connection (1): catalog.api.2gis.com:443
2025-10-30 21:40:03,026 - DEBUG - [_make_request] - https://catalog.api.2gis.com:443 "GET /3.0/items?key=50e21a4a-6241-4f9a-aff6-0b7a942be2b7&q=%D0%BA%D0%B0%D1%84%D0%B5&district_id=4504209512726654&type=branch&page=4&page_size=10&fields=items.point%2Citems.name%2Citems.address_name%2Citems.reviews HTTP/1.1" 200 133
2025-10-30 21:40:03,027 - DEBUG - [получить_кафе_в_районе] - Статус ответа: 200
2025-10-30 21:40:03,027 - WARNING - [получить_кафе_в_районе] - На странице 4 нет данных в ожидаемом формате
2025-10-30 21:40:03,528 - DEBUG - [получить_кафе_в_районе] - Запрос страницы 5 для района Молжаниновский
2025-10-30 21:40:03,529 - DEBUG - [_new_conn] - Starting new HTTPS connection (1): catalog.api.2gis.com:443
2025-10-30 21:40:03,908 - DEBUG - [_make_request] - https://catalog.api.2gis.com:443 "GET /3.0/items?key=50e21a4a-6241-4f9a-aff6-0b7a942be2b7&q=%D0%BA%D0%B0%D1%84%D0%B5&district_id=4504209512726654&type=branch&page=5&page_size=10&fields=items.point%2Citems.name%2Citems.address_name%2Citems.reviews HTTP/1.1" 200 133
2025-10-30 21:40:03,909 - DEBUG - [получить_кафе_в_районе] - Статус ответа: 200
2025-10-30 21:40:03,909 - WARNING - [получить_кафе_в_районе] - На странице 5 нет данных в ожидаемом формате
2025-10-30 21:40:03,910 - INFO - [получить_кафе_в_районе] - Завершение сбора для района Молжаниновский. Найдено кафе: 4
2025-10-30 21:40:03,912 - INFO - [<cell line: 0>] - Район 'Молжаниновский' завершен. Кафе: 4
2025-10-30 21:40:04,913 - INFO - [<cell line: 0>] - [66/132] Обработка района: Москворечье-Сабурово
2025-10-30 21:40:04,914 - INFO - [получить_кафе_в_районе] - Начало сбора кафе для района: Москворечье-Сабурово (ID: 4504209512726607)
2025-10-30 21:40:04,915 - DEBUG - [получить_кафе_в_районе] - Запрос страницы 1 для района Москворечье-Сабурово
2025-10-30 21:40:04,917 - DEBUG - [_new_conn] - Starting new HTTPS connection (1): catalog.api.2gis.com:443
2025-10-30 21:40:05,312 - DEBUG - [_make_request] - https://catalog.api.2gis.com:443 "GET /3.0/items?key=50e21a4a-6241-4f9a-aff6-0b7a942be2b7&q=%D0%BA%D0%B0%D1%84%D0%B5&district_id=4504209512726607&type=branch&page=1&page_size=10&fields=items.point%2Citems.name%2Citems.address_name%2Citems.reviews HTTP/1.1" 200 None
2025-10-30 21:40:05,313 - DEBUG - [получить_кафе_в_районе] - Статус ответа: 200
2025-10-30 21:40:05,313 - INFO - [получить_кафе_в_районе] - Загружено 10 кафе со страницы 1
2025-10-30 21:40:05,814 - DEBUG - [получить_кафе_в_районе] - Запрос страницы 2 для района Москворечье-Сабурово
2025-10-30 21:40:05,815 - DEBUG - [_new_conn] - Starting new HTTPS connection (1): catalog.api.2gis.com:443
2025-10-30 21:40:06,225 - DEBUG - [_make_request] - https://catalog.api.2gis.com:443 "GET /3.0/items?key=50e21a4a-6241-4f9a-aff6-0b7a942be2b7&q=%D0%BA%D0%B0%D1%84%D0%B5&district_id=4504209512726607&type=branch&page=2&page_size=10&fields=items.point%2Citems.name%2Citems.address_name%2Citems.reviews HTTP/1.1" 200 None
2025-10-30 21:40:06,226 - DEBUG - [получить_кафе_в_районе] - Статус ответа: 200
2025-10-30 21:40:06,226 - INFO - [получить_кафе_в_районе] - Загружено 10 кафе со страницы 2
2025-10-30 21:40:06,727 - DEBUG - [получить_кафе_в_районе] - Запрос страницы 3 для района Москворечье-Сабурово
2025-10-30 21:40:06,729 - DEBUG - [_new_conn] - Starting new HTTPS connection (1): catalog.api.2gis.com:443
2025-10-30 21:40:07,113 - DEBUG - [_make_request] - https://catalog.api.2gis.com:443 "GET /3.0/items?key=50e21a4a-6241-4f9a-aff6-0b7a942be2b7&q=%D0%BA%D0%B0%D1%84%D0%B5&district_id=4504209512726607&type=branch&page=3&page_size=10&fields=items.point%2Citems.name%2Citems.address_name%2Citems.reviews HTTP/1.1" 200 None
2025-10-30 21:40:07,114 - DEBUG - [получить_кафе_в_районе] - Статус ответа: 200
2025-10-30 21:40:07,114 - INFO - [получить_кафе_в_районе] - Загружено 3 кафе со страницы 3
2025-10-30 21:40:07,615 - DEBUG - [получить_кафе_в_районе] - Запрос страницы 4 для района Москворечье-Сабурово
2025-10-30 21:40:07,616 - DEBUG - [_new_conn] - Starting new HTTPS connection (1): catalog.api.2gis.com:443
2025-10-30 21:40:08,003 - DEBUG - [_make_request] - https://catalog.api.2gis.com:443 "GET /3.0/items?key=50e21a4a-6241-4f9a-aff6-0b7a942be2b7&q=%D0%BA%D0%B0%D1%84%D0%B5&district_id=4504209512726607&type=branch&page=4&page_size=10&fields=items.point%2Citems.name%2Citems.address_name%2Citems.reviews HTTP/1.1" 200 133
2025-10-30 21:40:08,004 - DEBUG - [получить_кафе_в_районе] - Статус ответа: 200
2025-10-30 21:40:08,004 - WARNING - [получить_кафе_в_районе] - На странице 4 нет данных в ожидаемом формате
2025-10-30 21:40:08,506 - DEBUG - [получить_кафе_в_районе] - Запрос страницы 5 для района Москворечье-Сабурово
2025-10-30 21:40:08,507 - DEBUG - [_new_conn] - Starting new HTTPS connection (1): catalog.api.2gis.com:443
2025-10-30 21:40:08,893 - DEBUG - [_make_request] - https://catalog.api.2gis.com:443 "GET /3.0/items?key=50e21a4a-6241-4f9a-aff6-0b7a942be2b7&q=%D0%BA%D0%B0%D1%84%D0%B5&district_id=4504209512726607&type=branch&page=5&page_size=10&fields=items.point%2Citems.name%2Citems.address_name%2Citems.reviews HTTP/1.1" 200 133
2025-10-30 21:40:08,894 - DEBUG - [получить_кафе_в_районе] - Статус ответа: 200
2025-10-30 21:40:08,894 - WARNING - [получить_кафе_в_районе] - На странице 5 нет данных в ожидаемом формате
2025-10-30 21:40:08,895 - INFO - [получить_кафе_в_районе] - Завершение сбора для района Москворечье-Сабурово. Найдено кафе: 23
2025-10-30 21:40:08,896 - INFO - [<cell line: 0>] - Район 'Москворечье-Сабурово' завершен. Кафе: 23
2025-10-30 21:40:09,898 - INFO - [<cell line: 0>] - [67/132] Обработка района: Нагатино-Садовники
2025-10-30 21:40:09,899 - INFO - [получить_кафе_в_районе] - Начало сбора кафе для района: Нагатино-Садовники (ID: 4504209512726604)
2025-10-30 21:40:09,901 - DEBUG - [получить_кафе_в_районе] - Запрос страницы 1 для района Нагатино-Садовники
2025-10-30 21:40:09,903 - DEBUG - [_new_conn] - Starting new HTTPS connection (1): catalog.api.2gis.com:443
2025-10-30 21:40:10,297 - DEBUG - [_make_request] - https://catalog.api.2gis.com:443 "GET /3.0/items?key=50e21a4a-6241-4f9a-aff6-0b7a942be2b7&q=%D0%BA%D0%B0%D1%84%D0%B5&district_id=4504209512726604&type=branch&page=1&page_size=10&fields=items.point%2Citems.name%2Citems.address_name%2Citems.reviews HTTP/1.1" 200 None
2025-10-30 21:40:10,298 - DEBUG - [получить_кафе_в_районе] - Статус ответа: 200
2025-10-30 21:40:10,298 - INFO - [получить_кафе_в_районе] - Загружено 10 кафе со страницы 1
2025-10-30 21:40:10,799 - DEBUG - [получить_кафе_в_районе] - Запрос страницы 2 для района Нагатино-Садовники
2025-10-30 21:40:10,801 - DEBUG - [_new_conn] - Starting new HTTPS connection (1): catalog.api.2gis.com:443
2025-10-30 21:40:11,381 - DEBUG - [_make_request] - https://catalog.api.2gis.com:443 "GET /3.0/items?key=50e21a4a-6241-4f9a-aff6-0b7a942be2b7&q=%D0%BA%D0%B0%D1%84%D0%B5&district_id=4504209512726604&type=branch&page=2&page_size=10&fields=items.point%2Citems.name%2Citems.address_name%2Citems.reviews HTTP/1.1" 200 None
2025-10-30 21:40:11,382 - DEBUG - [получить_кафе_в_районе] - Статус ответа: 200
2025-10-30 21:40:11,382 - INFO - [получить_кафе_в_районе] - Загружено 10 кафе со страницы 2
2025-10-30 21:40:11,883 - DEBUG - [получить_кафе_в_районе] - Запрос страницы 3 для района Нагатино-Садовники
2025-10-30 21:40:11,885 - DEBUG - [_new_conn] - Starting new HTTPS connection (1): catalog.api.2gis.com:443
2025-10-30 21:40:12,414 - DEBUG - [_make_request] - https://catalog.api.2gis.com:443 "GET /3.0/items?key=50e21a4a-6241-4f9a-aff6-0b7a942be2b7&q=%D0%BA%D0%B0%D1%84%D0%B5&district_id=4504209512726604&type=branch&page=3&page_size=10&fields=items.point%2Citems.name%2Citems.address_name%2Citems.reviews HTTP/1.1" 200 None
2025-10-30 21:40:12,415 - DEBUG - [получить_кафе_в_районе] - Статус ответа: 200
2025-10-30 21:40:12,416 - INFO - [получить_кафе_в_районе] - Загружено 10 кафе со страницы 3
2025-10-30 21:40:12,917 - DEBUG - [получить_кафе_в_районе] - Запрос страницы 4 для района Нагатино-Садовники
2025-10-30 21:40:12,918 - DEBUG - [_new_conn] - Starting new HTTPS connection (1): catalog.api.2gis.com:443
2025-10-30 21:40:13,324 - DEBUG - [_make_request] - https://catalog.api.2gis.com:443 "GET /3.0/items?key=50e21a4a-6241-4f9a-aff6-0b7a942be2b7&q=%D0%BA%D0%B0%D1%84%D0%B5&district_id=4504209512726604&type=branch&page=4&page_size=10&fields=items.point%2Citems.name%2Citems.address_name%2Citems.reviews HTTP/1.1" 200 None
2025-10-30 21:40:13,325 - DEBUG - [получить_кафе_в_районе] - Статус ответа: 200
2025-10-30 21:40:13,325 - INFO - [получить_кафе_в_районе] - Загружено 10 кафе со страницы 4
2025-10-30 21:40:13,826 - DEBUG - [получить_кафе_в_районе] - Запрос страницы 5 для района Нагатино-Садовники
2025-10-30 21:40:13,828 - DEBUG - [_new_conn] - Starting new HTTPS connection (1): catalog.api.2gis.com:443
2025-10-30 21:40:14,233 - DEBUG - [_make_request] - https://catalog.api.2gis.com:443 "GET /3.0/items?key=50e21a4a-6241-4f9a-aff6-0b7a942be2b7&q=%D0%BA%D0%B0%D1%84%D0%B5&district_id=4504209512726604&type=branch&page=5&page_size=10&fields=items.point%2Citems.name%2Citems.address_name%2Citems.reviews HTTP/1.1" 200 None
2025-10-30 21:40:14,235 - DEBUG - [получить_кафе_в_районе] - Статус ответа: 200
2025-10-30 21:40:14,235 - INFO - [получить_кафе_в_районе] - Загружено 10 кафе со страницы 5
2025-10-30 21:40:14,236 - INFO - [получить_кафе_в_районе] - Завершение сбора для района Нагатино-Садовники. Найдено кафе: 50
2025-10-30 21:40:14,238 - INFO - [<cell line: 0>] - Район 'Нагатино-Садовники' завершен. Кафе: 50
2025-10-30 21:40:15,241 - INFO - [<cell line: 0>] - [68/132] Обработка района: Нагатинский Затон
2025-10-30 21:40:15,242 - INFO - [получить_кафе_в_районе] - Начало сбора кафе для района: Нагатинский Затон (ID: 4504209512726603)
2025-10-30 21:40:15,242 - DEBUG - [получить_кафе_в_районе] - Запрос страницы 1 для района Нагатинский Затон
2025-10-30 21:40:15,244 - DEBUG - [_new_conn] - Starting new HTTPS connection (1): catalog.api.2gis.com:443
2025-10-30 21:40:15,661 - DEBUG - [_make_request] - https://catalog.api.2gis.com:443 "GET /3.0/items?key=50e21a4a-6241-4f9a-aff6-0b7a942be2b7&q=%D0%BA%D0%B0%D1%84%D0%B5&district_id=4504209512726603&type=branch&page=1&page_size=10&fields=items.point%2Citems.name%2Citems.address_name%2Citems.reviews HTTP/1.1" 200 None
2025-10-30 21:40:15,662 - DEBUG - [получить_кафе_в_районе] - Статус ответа: 200
2025-10-30 21:40:15,662 - INFO - [получить_кафе_в_районе] - Загружено 10 кафе со страницы 1
2025-10-30 21:40:16,163 - DEBUG - [получить_кафе_в_районе] - Запрос страницы 2 для района Нагатинский Затон
2025-10-30 21:40:16,164 - DEBUG - [_new_conn] - Starting new HTTPS connection (1): catalog.api.2gis.com:443
2025-10-30 21:40:16,554 - DEBUG - [_make_request] - https://catalog.api.2gis.com:443 "GET /3.0/items?key=50e21a4a-6241-4f9a-aff6-0b7a942be2b7&q=%D0%BA%D0%B0%D1%84%D0%B5&district_id=4504209512726603&type=branch&page=2&page_size=10&fields=items.point%2Citems.name%2Citems.address_name%2Citems.reviews HTTP/1.1" 200 None
2025-10-30 21:40:16,555 - DEBUG - [получить_кафе_в_районе] - Статус ответа: 200
2025-10-30 21:40:16,555 - INFO - [получить_кафе_в_районе] - Загружено 10 кафе со страницы 2
2025-10-30 21:40:17,056 - DEBUG - [получить_кафе_в_районе] - Запрос страницы 3 для района Нагатинский Затон
2025-10-30 21:40:17,058 - DEBUG - [_new_conn] - Starting new HTTPS connection (1): catalog.api.2gis.com:443
2025-10-30 21:40:17,450 - DEBUG - [_make_request] - https://catalog.api.2gis.com:443 "GET /3.0/items?key=50e21a4a-6241-4f9a-aff6-0b7a942be2b7&q=%D0%BA%D0%B0%D1%84%D0%B5&district_id=4504209512726603&type=branch&page=3&page_size=10&fields=items.point%2Citems.name%2Citems.address_name%2Citems.reviews HTTP/1.1" 200 None
2025-10-30 21:40:17,451 - DEBUG - [получить_кафе_в_районе] - Статус ответа: 200
2025-10-30 21:40:17,451 - INFO - [получить_кафе_в_районе] - Загружено 10 кафе со страницы 3
2025-10-30 21:40:17,952 - DEBUG - [получить_кафе_в_районе] - Запрос страницы 4 для района Нагатинский Затон
2025-10-30 21:40:17,953 - DEBUG - [_new_conn] - Starting new HTTPS connection (1): catalog.api.2gis.com:443
2025-10-30 21:40:18,347 - DEBUG - [_make_request] - https://catalog.api.2gis.com:443 "GET /3.0/items?key=50e21a4a-6241-4f9a-aff6-0b7a942be2b7&q=%D0%BA%D0%B0%D1%84%D0%B5&district_id=4504209512726603&type=branch&page=4&page_size=10&fields=items.point%2Citems.name%2Citems.address_name%2Citems.reviews HTTP/1.1" 200 None
2025-10-30 21:40:18,348 - DEBUG - [получить_кафе_в_районе] - Статус ответа: 200
2025-10-30 21:40:18,348 - INFO - [получить_кафе_в_районе] - Загружено 10 кафе со страницы 4
2025-10-30 21:40:18,849 - DEBUG - [получить_кафе_в_районе] - Запрос страницы 5 для района Нагатинский Затон
2025-10-30 21:40:18,851 - DEBUG - [_new_conn] - Starting new HTTPS connection (1): catalog.api.2gis.com:443
2025-10-30 21:40:19,255 - DEBUG - [_make_request] - https://catalog.api.2gis.com:443 "GET /3.0/items?key=50e21a4a-6241-4f9a-aff6-0b7a942be2b7&q=%D0%BA%D0%B0%D1%84%D0%B5&district_id=4504209512726603&type=branch&page=5&page_size=10&fields=items.point%2Citems.name%2Citems.address_name%2Citems.reviews HTTP/1.1" 200 None
2025-10-30 21:40:19,256 - DEBUG - [получить_кафе_в_районе] - Статус ответа: 200
2025-10-30 21:40:19,256 - INFO - [получить_кафе_в_районе] - Загружено 6 кафе со страницы 5
2025-10-30 21:40:19,256 - INFO - [получить_кафе_в_районе] - Завершение сбора для района Нагатинский Затон. Найдено кафе: 46
2025-10-30 21:40:19,259 - INFO - [<cell line: 0>] - Район 'Нагатинский Затон' завершен. Кафе: 46
2025-10-30 21:40:20,260 - INFO - [<cell line: 0>] - [69/132] Обработка района: Нагорный
2025-10-30 21:40:20,261 - INFO - [получить_кафе_в_районе] - Начало сбора кафе для района: Нагорный (ID: 4504209512726606)
2025-10-30 21:40:20,262 - DEBUG - [получить_кафе_в_районе] - Запрос страницы 1 для района Нагорный
2025-10-30 21:40:20,263 - DEBUG - [_new_conn] - Starting new HTTPS connection (1): catalog.api.2gis.com:443
2025-10-30 21:40:20,663 - DEBUG - [_make_request] - https://catalog.api.2gis.com:443 "GET /3.0/items?key=50e21a4a-6241-4f9a-aff6-0b7a942be2b7&q=%D0%BA%D0%B0%D1%84%D0%B5&district_id=4504209512726606&type=branch&page=1&page_size=10&fields=items.point%2Citems.name%2Citems.address_name%2Citems.reviews HTTP/1.1" 200 None
2025-10-30 21:40:20,663 - DEBUG - [получить_кафе_в_районе] - Статус ответа: 200
2025-10-30 21:40:20,664 - INFO - [получить_кафе_в_районе] - Загружено 10 кафе со страницы 1
2025-10-30 21:40:21,165 - DEBUG - [получить_кафе_в_районе] - Запрос страницы 2 для района Нагорный
2025-10-30 21:40:21,167 - DEBUG - [_new_conn] - Starting new HTTPS connection (1): catalog.api.2gis.com:443
2025-10-30 21:40:21,556 - DEBUG - [_make_request] - https://catalog.api.2gis.com:443 "GET /3.0/items?key=50e21a4a-6241-4f9a-aff6-0b7a942be2b7&q=%D0%BA%D0%B0%D1%84%D0%B5&district_id=4504209512726606&type=branch&page=2&page_size=10&fields=items.point%2Citems.name%2Citems.address_name%2Citems.reviews HTTP/1.1" 200 None
2025-10-30 21:40:21,557 - DEBUG - [получить_кафе_в_районе] - Статус ответа: 200
2025-10-30 21:40:21,557 - INFO - [получить_кафе_в_районе] - Загружено 10 кафе со страницы 2
2025-10-30 21:40:22,058 - DEBUG - [получить_кафе_в_районе] - Запрос страницы 3 для района Нагорный
2025-10-30 21:40:22,059 - DEBUG - [_new_conn] - Starting new HTTPS connection (1): catalog.api.2gis.com:443
2025-10-30 21:40:22,447 - DEBUG - [_make_request] - https://catalog.api.2gis.com:443 "GET /3.0/items?key=50e21a4a-6241-4f9a-aff6-0b7a942be2b7&q=%D0%BA%D0%B0%D1%84%D0%B5&district_id=4504209512726606&type=branch&page=3&page_size=10&fields=items.point%2Citems.name%2Citems.address_name%2Citems.reviews HTTP/1.1" 200 None
2025-10-30 21:40:22,448 - DEBUG - [получить_кафе_в_районе] - Статус ответа: 200
2025-10-30 21:40:22,448 - INFO - [получить_кафе_в_районе] - Загружено 3 кафе со страницы 3
2025-10-30 21:40:22,949 - DEBUG - [получить_кафе_в_районе] - Запрос страницы 4 для района Нагорный
2025-10-30 21:40:22,950 - DEBUG - [_new_conn] - Starting new HTTPS connection (1): catalog.api.2gis.com:443
2025-10-30 21:40:23,351 - DEBUG - [_make_request] - https://catalog.api.2gis.com:443 "GET /3.0/items?key=50e21a4a-6241-4f9a-aff6-0b7a942be2b7&q=%D0%BA%D0%B0%D1%84%D0%B5&district_id=4504209512726606&type=branch&page=4&page_size=10&fields=items.point%2Citems.name%2Citems.address_name%2Citems.reviews HTTP/1.1" 200 133
2025-10-30 21:40:23,352 - DEBUG - [получить_кафе_в_районе] - Статус ответа: 200
2025-10-30 21:40:23,352 - WARNING - [получить_кафе_в_районе] - На странице 4 нет данных в ожидаемом формате
2025-10-30 21:40:23,853 - DEBUG - [получить_кафе_в_районе] - Запрос страницы 5 для района Нагорный
2025-10-30 21:40:23,854 - DEBUG - [_new_conn] - Starting new HTTPS connection (1): catalog.api.2gis.com:443
2025-10-30 21:40:24,234 - DEBUG - [_make_request] - https://catalog.api.2gis.com:443 "GET /3.0/items?key=50e21a4a-6241-4f9a-aff6-0b7a942be2b7&q=%D0%BA%D0%B0%D1%84%D0%B5&district_id=4504209512726606&type=branch&page=5&page_size=10&fields=items.point%2Citems.name%2Citems.address_name%2Citems.reviews HTTP/1.1" 200 133
2025-10-30 21:40:24,235 - DEBUG - [получить_кафе_в_районе] - Статус ответа: 200
2025-10-30 21:40:24,236 - WARNING - [получить_кафе_в_районе] - На странице 5 нет данных в ожидаемом формате
2025-10-30 21:40:24,236 - INFO - [получить_кафе_в_районе] - Завершение сбора для района Нагорный. Найдено кафе: 23
2025-10-30 21:40:24,238 - INFO - [<cell line: 0>] - Район 'Нагорный' завершен. Кафе: 23
2025-10-30 21:40:25,239 - INFO - [<cell line: 0>] - [70/132] Обработка района: Некрасовка
2025-10-30 21:40:25,241 - INFO - [получить_кафе_в_районе] - Начало сбора кафе для района: Некрасовка (ID: 4504209512726599)
2025-10-30 21:40:25,241 - DEBUG - [получить_кафе_в_районе] - Запрос страницы 1 для района Некрасовка
2025-10-30 21:40:25,244 - DEBUG - [_new_conn] - Starting new HTTPS connection (1): catalog.api.2gis.com:443
2025-10-30 21:40:25,635 - DEBUG - [_make_request] - https://catalog.api.2gis.com:443 "GET /3.0/items?key=50e21a4a-6241-4f9a-aff6-0b7a942be2b7&q=%D0%BA%D0%B0%D1%84%D0%B5&district_id=4504209512726599&type=branch&page=1&page_size=10&fields=items.point%2Citems.name%2Citems.address_name%2Citems.reviews HTTP/1.1" 200 None
2025-10-30 21:40:25,636 - DEBUG - [получить_кафе_в_районе] - Статус ответа: 200
2025-10-30 21:40:25,636 - INFO - [получить_кафе_в_районе] - Загружено 10 кафе со страницы 1
2025-10-30 21:40:26,137 - DEBUG - [получить_кафе_в_районе] - Запрос страницы 2 для района Некрасовка
2025-10-30 21:40:26,139 - DEBUG - [_new_conn] - Starting new HTTPS connection (1): catalog.api.2gis.com:443
2025-10-30 21:40:26,526 - DEBUG - [_make_request] - https://catalog.api.2gis.com:443 "GET /3.0/items?key=50e21a4a-6241-4f9a-aff6-0b7a942be2b7&q=%D0%BA%D0%B0%D1%84%D0%B5&district_id=4504209512726599&type=branch&page=2&page_size=10&fields=items.point%2Citems.name%2Citems.address_name%2Citems.reviews HTTP/1.1" 200 None
2025-10-30 21:40:26,527 - DEBUG - [получить_кафе_в_районе] - Статус ответа: 200
2025-10-30 21:40:26,527 - INFO - [получить_кафе_в_районе] - Загружено 6 кафе со страницы 2
2025-10-30 21:40:27,029 - DEBUG - [получить_кафе_в_районе] - Запрос страницы 3 для района Некрасовка
2025-10-30 21:40:27,030 - DEBUG - [_new_conn] - Starting new HTTPS connection (1): catalog.api.2gis.com:443
2025-10-30 21:40:27,418 - DEBUG - [_make_request] - https://catalog.api.2gis.com:443 "GET /3.0/items?key=50e21a4a-6241-4f9a-aff6-0b7a942be2b7&q=%D0%BA%D0%B0%D1%84%D0%B5&district_id=4504209512726599&type=branch&page=3&page_size=10&fields=items.point%2Citems.name%2Citems.address_name%2Citems.reviews HTTP/1.1" 200 133
2025-10-30 21:40:27,419 - DEBUG - [получить_кафе_в_районе] - Статус ответа: 200
2025-10-30 21:40:27,419 - WARNING - [получить_кафе_в_районе] - На странице 3 нет данных в ожидаемом формате
2025-10-30 21:40:27,920 - DEBUG - [получить_кафе_в_районе] - Запрос страницы 4 для района Некрасовка
2025-10-30 21:40:27,922 - DEBUG - [_new_conn] - Starting new HTTPS connection (1): catalog.api.2gis.com:443
2025-10-30 21:40:28,299 - DEBUG - [_make_request] - https://catalog.api.2gis.com:443 "GET /3.0/items?key=50e21a4a-6241-4f9a-aff6-0b7a942be2b7&q=%D0%BA%D0%B0%D1%84%D0%B5&district_id=4504209512726599&type=branch&page=4&page_size=10&fields=items.point%2Citems.name%2Citems.address_name%2Citems.reviews HTTP/1.1" 200 133
2025-10-30 21:40:28,300 - DEBUG - [получить_кафе_в_районе] - Статус ответа: 200
2025-10-30 21:40:28,300 - WARNING - [получить_кафе_в_районе] - На странице 4 нет данных в ожидаемом формате
2025-10-30 21:40:28,801 - DEBUG - [получить_кафе_в_районе] - Запрос страницы 5 для района Некрасовка
2025-10-30 21:40:28,802 - DEBUG - [_new_conn] - Starting new HTTPS connection (1): catalog.api.2gis.com:443
2025-10-30 21:40:29,192 - DEBUG - [_make_request] - https://catalog.api.2gis.com:443 "GET /3.0/items?key=50e21a4a-6241-4f9a-aff6-0b7a942be2b7&q=%D0%BA%D0%B0%D1%84%D0%B5&district_id=4504209512726599&type=branch&page=5&page_size=10&fields=items.point%2Citems.name%2Citems.address_name%2Citems.reviews HTTP/1.1" 200 133
2025-10-30 21:40:29,193 - DEBUG - [получить_кафе_в_районе] - Статус ответа: 200
2025-10-30 21:40:29,193 - WARNING - [получить_кафе_в_районе] - На странице 5 нет данных в ожидаемом формате
2025-10-30 21:40:29,194 - INFO - [получить_кафе_в_районе] - Завершение сбора для района Некрасовка. Найдено кафе: 16
2025-10-30 21:40:29,197 - INFO - [<cell line: 0>] - Район 'Некрасовка' завершен. Кафе: 16
2025-10-30 21:40:30,198 - INFO - [<cell line: 0>] - [71/132] Обработка района: Нижегородский
2025-10-30 21:40:30,199 - INFO - [получить_кафе_в_районе] - Начало сбора кафе для района: Нижегородский (ID: 4504209512726591)
2025-10-30 21:40:30,200 - DEBUG - [получить_кафе_в_районе] - Запрос страницы 1 для района Нижегородский
2025-10-30 21:40:30,202 - DEBUG - [_new_conn] - Starting new HTTPS connection (1): catalog.api.2gis.com:443
2025-10-30 21:40:30,592 - DEBUG - [_make_request] - https://catalog.api.2gis.com:443 "GET /3.0/items?key=50e21a4a-6241-4f9a-aff6-0b7a942be2b7&q=%D0%BA%D0%B0%D1%84%D0%B5&district_id=4504209512726591&type=branch&page=1&page_size=10&fields=items.point%2Citems.name%2Citems.address_name%2Citems.reviews HTTP/1.1" 200 None
2025-10-30 21:40:30,593 - DEBUG - [получить_кафе_в_районе] - Статус ответа: 200
2025-10-30 21:40:30,593 - INFO - [получить_кафе_в_районе] - Загружено 10 кафе со страницы 1
2025-10-30 21:40:31,094 - DEBUG - [получить_кафе_в_районе] - Запрос страницы 2 для района Нижегородский
2025-10-30 21:40:31,095 - DEBUG - [_new_conn] - Starting new HTTPS connection (1): catalog.api.2gis.com:443
2025-10-30 21:40:31,496 - DEBUG - [_make_request] - https://catalog.api.2gis.com:443 "GET /3.0/items?key=50e21a4a-6241-4f9a-aff6-0b7a942be2b7&q=%D0%BA%D0%B0%D1%84%D0%B5&district_id=4504209512726591&type=branch&page=2&page_size=10&fields=items.point%2Citems.name%2Citems.address_name%2Citems.reviews HTTP/1.1" 200 None
2025-10-30 21:40:31,497 - DEBUG - [получить_кафе_в_районе] - Статус ответа: 200
2025-10-30 21:40:31,497 - INFO - [получить_кафе_в_районе] - Загружено 8 кафе со страницы 2
2025-10-30 21:40:31,998 - DEBUG - [получить_кафе_в_районе] - Запрос страницы 3 для района Нижегородский
2025-10-30 21:40:32,000 - DEBUG - [_new_conn] - Starting new HTTPS connection (1): catalog.api.2gis.com:443
2025-10-30 21:40:32,378 - DEBUG - [_make_request] - https://catalog.api.2gis.com:443 "GET /3.0/items?key=50e21a4a-6241-4f9a-aff6-0b7a942be2b7&q=%D0%BA%D0%B0%D1%84%D0%B5&district_id=4504209512726591&type=branch&page=3&page_size=10&fields=items.point%2Citems.name%2Citems.address_name%2Citems.reviews HTTP/1.1" 200 133
2025-10-30 21:40:32,379 - DEBUG - [получить_кафе_в_районе] - Статус ответа: 200
2025-10-30 21:40:32,380 - WARNING - [получить_кафе_в_районе] - На странице 3 нет данных в ожидаемом формате
2025-10-30 21:40:32,881 - DEBUG - [получить_кафе_в_районе] - Запрос страницы 4 для района Нижегородский
2025-10-30 21:40:32,882 - DEBUG - [_new_conn] - Starting new HTTPS connection (1): catalog.api.2gis.com:443
2025-10-30 21:40:33,279 - DEBUG - [_make_request] - https://catalog.api.2gis.com:443 "GET /3.0/items?key=50e21a4a-6241-4f9a-aff6-0b7a942be2b7&q=%D0%BA%D0%B0%D1%84%D0%B5&district_id=4504209512726591&type=branch&page=4&page_size=10&fields=items.point%2Citems.name%2Citems.address_name%2Citems.reviews HTTP/1.1" 200 133
2025-10-30 21:40:33,280 - DEBUG - [получить_кафе_в_районе] - Статус ответа: 200
2025-10-30 21:40:33,280 - WARNING - [получить_кафе_в_районе] - На странице 4 нет данных в ожидаемом формате
2025-10-30 21:40:33,781 - DEBUG - [получить_кафе_в_районе] - Запрос страницы 5 для района Нижегородский
2025-10-30 21:40:33,783 - DEBUG - [_new_conn] - Starting new HTTPS connection (1): catalog.api.2gis.com:443
2025-10-30 21:40:34,168 - DEBUG - [_make_request] - https://catalog.api.2gis.com:443 "GET /3.0/items?key=50e21a4a-6241-4f9a-aff6-0b7a942be2b7&q=%D0%BA%D0%B0%D1%84%D0%B5&district_id=4504209512726591&type=branch&page=5&page_size=10&fields=items.point%2Citems.name%2Citems.address_name%2Citems.reviews HTTP/1.1" 200 133
2025-10-30 21:40:34,169 - DEBUG - [получить_кафе_в_районе] - Статус ответа: 200
2025-10-30 21:40:34,169 - WARNING - [получить_кафе_в_районе] - На странице 5 нет данных в ожидаемом формате
2025-10-30 21:40:34,170 - INFO - [получить_кафе_в_районе] - Завершение сбора для района Нижегородский. Найдено кафе: 18
2025-10-30 21:40:34,173 - INFO - [<cell line: 0>] - Район 'Нижегородский' завершен. Кафе: 18
2025-10-30 21:40:35,174 - INFO - [<cell line: 0>] - [72/132] Обработка района: Новогиреево
2025-10-30 21:40:35,175 - INFO - [получить_кафе_в_районе] - Начало сбора кафе для района: Новогиреево (ID: 4504209512726580)
2025-10-30 21:40:35,176 - DEBUG - [получить_кафе_в_районе] - Запрос страницы 1 для района Новогиреево
2025-10-30 21:40:35,178 - DEBUG - [_new_conn] - Starting new HTTPS connection (1): catalog.api.2gis.com:443
2025-10-30 21:40:35,571 - DEBUG - [_make_request] - https://catalog.api.2gis.com:443 "GET /3.0/items?key=50e21a4a-6241-4f9a-aff6-0b7a942be2b7&q=%D0%BA%D0%B0%D1%84%D0%B5&district_id=4504209512726580&type=branch&page=1&page_size=10&fields=items.point%2Citems.name%2Citems.address_name%2Citems.reviews HTTP/1.1" 200 None
2025-10-30 21:40:35,572 - DEBUG - [получить_кафе_в_районе] - Статус ответа: 200
2025-10-30 21:40:35,572 - INFO - [получить_кафе_в_районе] - Загружено 10 кафе со страницы 1
2025-10-30 21:40:36,073 - DEBUG - [получить_кафе_в_районе] - Запрос страницы 2 для района Новогиреево
2025-10-30 21:40:36,074 - DEBUG - [_new_conn] - Starting new HTTPS connection (1): catalog.api.2gis.com:443
2025-10-30 21:40:36,476 - DEBUG - [_make_request] - https://catalog.api.2gis.com:443 "GET /3.0/items?key=50e21a4a-6241-4f9a-aff6-0b7a942be2b7&q=%D0%BA%D0%B0%D1%84%D0%B5&district_id=4504209512726580&type=branch&page=2&page_size=10&fields=items.point%2Citems.name%2Citems.address_name%2Citems.reviews HTTP/1.1" 200 None
2025-10-30 21:40:36,479 - DEBUG - [получить_кафе_в_районе] - Статус ответа: 200
2025-10-30 21:40:36,479 - INFO - [получить_кафе_в_районе] - Загружено 10 кафе со страницы 2
2025-10-30 21:40:36,980 - DEBUG - [получить_кафе_в_районе] - Запрос страницы 3 для района Новогиреево
2025-10-30 21:40:36,982 - DEBUG - [_new_conn] - Starting new HTTPS connection (1): catalog.api.2gis.com:443
2025-10-30 21:40:37,366 - DEBUG - [_make_request] - https://catalog.api.2gis.com:443 "GET /3.0/items?key=50e21a4a-6241-4f9a-aff6-0b7a942be2b7&q=%D0%BA%D0%B0%D1%84%D0%B5&district_id=4504209512726580&type=branch&page=3&page_size=10&fields=items.point%2Citems.name%2Citems.address_name%2Citems.reviews HTTP/1.1" 200 133
2025-10-30 21:40:37,368 - DEBUG - [получить_кафе_в_районе] - Статус ответа: 200
2025-10-30 21:40:37,368 - WARNING - [получить_кафе_в_районе] - На странице 3 нет данных в ожидаемом формате
2025-10-30 21:40:37,869 - DEBUG - [получить_кафе_в_районе] - Запрос страницы 4 для района Новогиреево
2025-10-30 21:40:37,871 - DEBUG - [_new_conn] - Starting new HTTPS connection (1): catalog.api.2gis.com:443
2025-10-30 21:40:38,292 - DEBUG - [_make_request] - https://catalog.api.2gis.com:443 "GET /3.0/items?key=50e21a4a-6241-4f9a-aff6-0b7a942be2b7&q=%D0%BA%D0%B0%D1%84%D0%B5&district_id=4504209512726580&type=branch&page=4&page_size=10&fields=items.point%2Citems.name%2Citems.address_name%2Citems.reviews HTTP/1.1" 200 133
2025-10-30 21:40:38,293 - DEBUG - [получить_кафе_в_районе] - Статус ответа: 200
2025-10-30 21:40:38,294 - WARNING - [получить_кафе_в_районе] - На странице 4 нет данных в ожидаемом формате
2025-10-30 21:40:38,795 - DEBUG - [получить_кафе_в_районе] - Запрос страницы 5 для района Новогиреево
2025-10-30 21:40:38,796 - DEBUG - [_new_conn] - Starting new HTTPS connection (1): catalog.api.2gis.com:443
2025-10-30 21:40:39,179 - DEBUG - [_make_request] - https://catalog.api.2gis.com:443 "GET /3.0/items?key=50e21a4a-6241-4f9a-aff6-0b7a942be2b7&q=%D0%BA%D0%B0%D1%84%D0%B5&district_id=4504209512726580&type=branch&page=5&page_size=10&fields=items.point%2Citems.name%2Citems.address_name%2Citems.reviews HTTP/1.1" 200 133
2025-10-30 21:40:39,180 - DEBUG - [получить_кафе_в_районе] - Статус ответа: 200
2025-10-30 21:40:39,180 - WARNING - [получить_кафе_в_районе] - На странице 5 нет данных в ожидаемом формате
2025-10-30 21:40:39,181 - INFO - [получить_кафе_в_районе] - Завершение сбора для района Новогиреево. Найдено кафе: 20
2025-10-30 21:40:39,182 - INFO - [<cell line: 0>] - Район 'Новогиреево' завершен. Кафе: 20
2025-10-30 21:40:40,183 - INFO - [<cell line: 0>] - [73/132] Обработка района: Новокосино
2025-10-30 21:40:40,184 - INFO - [получить_кафе_в_районе] - Начало сбора кафе для района: Новокосино (ID: 4504209512726576)
2025-10-30 21:40:40,185 - DEBUG - [получить_кафе_в_районе] - Запрос страницы 1 для района Новокосино
2025-10-30 21:40:40,187 - DEBUG - [_new_conn] - Starting new HTTPS connection (1): catalog.api.2gis.com:443
2025-10-30 21:40:40,683 - DEBUG - [_make_request] - https://catalog.api.2gis.com:443 "GET /3.0/items?key=50e21a4a-6241-4f9a-aff6-0b7a942be2b7&q=%D0%BA%D0%B0%D1%84%D0%B5&district_id=4504209512726576&type=branch&page=1&page_size=10&fields=items.point%2Citems.name%2Citems.address_name%2Citems.reviews HTTP/1.1" 200 None
2025-10-30 21:40:40,683 - DEBUG - [получить_кафе_в_районе] - Статус ответа: 200
2025-10-30 21:40:40,684 - INFO - [получить_кафе_в_районе] - Загружено 8 кафе со страницы 1
2025-10-30 21:40:41,184 - DEBUG - [получить_кафе_в_районе] - Запрос страницы 2 для района Новокосино
2025-10-30 21:40:41,186 - DEBUG - [_new_conn] - Starting new HTTPS connection (1): catalog.api.2gis.com:443
2025-10-30 21:40:41,567 - DEBUG - [_make_request] - https://catalog.api.2gis.com:443 "GET /3.0/items?key=50e21a4a-6241-4f9a-aff6-0b7a942be2b7&q=%D0%BA%D0%B0%D1%84%D0%B5&district_id=4504209512726576&type=branch&page=2&page_size=10&fields=items.point%2Citems.name%2Citems.address_name%2Citems.reviews HTTP/1.1" 200 133
2025-10-30 21:40:41,568 - DEBUG - [получить_кафе_в_районе] - Статус ответа: 200
2025-10-30 21:40:41,568 - WARNING - [получить_кафе_в_районе] - На странице 2 нет данных в ожидаемом формате
2025-10-30 21:40:42,069 - DEBUG - [получить_кафе_в_районе] - Запрос страницы 3 для района Новокосино
2025-10-30 21:40:42,071 - DEBUG - [_new_conn] - Starting new HTTPS connection (1): catalog.api.2gis.com:443
2025-10-30 21:40:42,682 - DEBUG - [_make_request] - https://catalog.api.2gis.com:443 "GET /3.0/items?key=50e21a4a-6241-4f9a-aff6-0b7a942be2b7&q=%D0%BA%D0%B0%D1%84%D0%B5&district_id=4504209512726576&type=branch&page=3&page_size=10&fields=items.point%2Citems.name%2Citems.address_name%2Citems.reviews HTTP/1.1" 200 133
2025-10-30 21:40:42,683 - DEBUG - [получить_кафе_в_районе] - Статус ответа: 200
2025-10-30 21:40:42,683 - WARNING - [получить_кафе_в_районе] - На странице 3 нет данных в ожидаемом формате
2025-10-30 21:40:43,184 - DEBUG - [получить_кафе_в_районе] - Запрос страницы 4 для района Новокосино
2025-10-30 21:40:43,185 - DEBUG - [_new_conn] - Starting new HTTPS connection (1): catalog.api.2gis.com:443
2025-10-30 21:40:43,558 - DEBUG - [_make_request] - https://catalog.api.2gis.com:443 "GET /3.0/items?key=50e21a4a-6241-4f9a-aff6-0b7a942be2b7&q=%D0%BA%D0%B0%D1%84%D0%B5&district_id=4504209512726576&type=branch&page=4&page_size=10&fields=items.point%2Citems.name%2Citems.address_name%2Citems.reviews HTTP/1.1" 200 133
2025-10-30 21:40:43,559 - DEBUG - [получить_кафе_в_районе] - Статус ответа: 200
2025-10-30 21:40:43,560 - WARNING - [получить_кафе_в_районе] - На странице 4 нет данных в ожидаемом формате
2025-10-30 21:40:44,060 - DEBUG - [получить_кафе_в_районе] - Запрос страницы 5 для района Новокосино
2025-10-30 21:40:44,062 - DEBUG - [_new_conn] - Starting new HTTPS connection (1): catalog.api.2gis.com:443
2025-10-30 21:40:44,436 - DEBUG - [_make_request] - https://catalog.api.2gis.com:443 "GET /3.0/items?key=50e21a4a-6241-4f9a-aff6-0b7a942be2b7&q=%D0%BA%D0%B0%D1%84%D0%B5&district_id=4504209512726576&type=branch&page=5&page_size=10&fields=items.point%2Citems.name%2Citems.address_name%2Citems.reviews HTTP/1.1" 200 133
2025-10-30 21:40:44,437 - DEBUG - [получить_кафе_в_районе] - Статус ответа: 200
2025-10-30 21:40:44,437 - WARNING - [получить_кафе_в_районе] - На странице 5 нет данных в ожидаемом формате
2025-10-30 21:40:44,438 - INFO - [получить_кафе_в_районе] - Завершение сбора для района Новокосино. Найдено кафе: 8
2025-10-30 21:40:44,439 - INFO - [<cell line: 0>] - Район 'Новокосино' завершен. Кафе: 8
2025-10-30 21:40:45,441 - INFO - [<cell line: 0>] - [74/132] Обработка района: Ново-Переделкино
2025-10-30 21:40:45,442 - INFO - [получить_кафе_в_районе] - Начало сбора кафе для района: Ново-Переделкино (ID: 4504209512726641)
2025-10-30 21:40:45,444 - DEBUG - [получить_кафе_в_районе] - Запрос страницы 1 для района Ново-Переделкино
2025-10-30 21:40:45,446 - DEBUG - [_new_conn] - Starting new HTTPS connection (1): catalog.api.2gis.com:443
2025-10-30 21:40:45,847 - DEBUG - [_make_request] - https://catalog.api.2gis.com:443 "GET /3.0/items?key=50e21a4a-6241-4f9a-aff6-0b7a942be2b7&q=%D0%BA%D0%B0%D1%84%D0%B5&district_id=4504209512726641&type=branch&page=1&page_size=10&fields=items.point%2Citems.name%2Citems.address_name%2Citems.reviews HTTP/1.1" 200 None
2025-10-30 21:40:45,848 - DEBUG - [получить_кафе_в_районе] - Статус ответа: 200
2025-10-30 21:40:45,848 - INFO - [получить_кафе_в_районе] - Загружено 10 кафе со страницы 1
2025-10-30 21:40:46,349 - DEBUG - [получить_кафе_в_районе] - Запрос страницы 2 для района Ново-Переделкино
2025-10-30 21:40:46,350 - DEBUG - [_new_conn] - Starting new HTTPS connection (1): catalog.api.2gis.com:443
2025-10-30 21:40:46,735 - DEBUG - [_make_request] - https://catalog.api.2gis.com:443 "GET /3.0/items?key=50e21a4a-6241-4f9a-aff6-0b7a942be2b7&q=%D0%BA%D0%B0%D1%84%D0%B5&district_id=4504209512726641&type=branch&page=2&page_size=10&fields=items.point%2Citems.name%2Citems.address_name%2Citems.reviews HTTP/1.1" 200 None
2025-10-30 21:40:46,737 - DEBUG - [получить_кафе_в_районе] - Статус ответа: 200
2025-10-30 21:40:46,737 - INFO - [получить_кафе_в_районе] - Загружено 10 кафе со страницы 2
2025-10-30 21:40:47,238 - DEBUG - [получить_кафе_в_районе] - Запрос страницы 3 для района Ново-Переделкино
2025-10-30 21:40:47,239 - DEBUG - [_new_conn] - Starting new HTTPS connection (1): catalog.api.2gis.com:443
2025-10-30 21:40:47,614 - DEBUG - [_make_request] - https://catalog.api.2gis.com:443 "GET /3.0/items?key=50e21a4a-6241-4f9a-aff6-0b7a942be2b7&q=%D0%BA%D0%B0%D1%84%D0%B5&district_id=4504209512726641&type=branch&page=3&page_size=10&fields=items.point%2Citems.name%2Citems.address_name%2Citems.reviews HTTP/1.1" 200 133
2025-10-30 21:40:47,615 - DEBUG - [получить_кафе_в_районе] - Статус ответа: 200
2025-10-30 21:40:47,615 - WARNING - [получить_кафе_в_районе] - На странице 3 нет данных в ожидаемом формате
2025-10-30 21:40:48,116 - DEBUG - [получить_кафе_в_районе] - Запрос страницы 4 для района Ново-Переделкино
2025-10-30 21:40:48,117 - DEBUG - [_new_conn] - Starting new HTTPS connection (1): catalog.api.2gis.com:443
2025-10-30 21:40:48,527 - DEBUG - [_make_request] - https://catalog.api.2gis.com:443 "GET /3.0/items?key=50e21a4a-6241-4f9a-aff6-0b7a942be2b7&q=%D0%BA%D0%B0%D1%84%D0%B5&district_id=4504209512726641&type=branch&page=4&page_size=10&fields=items.point%2Citems.name%2Citems.address_name%2Citems.reviews HTTP/1.1" 200 133
2025-10-30 21:40:48,528 - DEBUG - [получить_кафе_в_районе] - Статус ответа: 200
2025-10-30 21:40:48,528 - WARNING - [получить_кафе_в_районе] - На странице 4 нет данных в ожидаемом формате
2025-10-30 21:40:49,029 - DEBUG - [получить_кафе_в_районе] - Запрос страницы 5 для района Ново-Переделкино
2025-10-30 21:40:49,030 - DEBUG - [_new_conn] - Starting new HTTPS connection (1): catalog.api.2gis.com:443
2025-10-30 21:40:49,425 - DEBUG - [_make_request] - https://catalog.api.2gis.com:443 "GET /3.0/items?key=50e21a4a-6241-4f9a-aff6-0b7a942be2b7&q=%D0%BA%D0%B0%D1%84%D0%B5&district_id=4504209512726641&type=branch&page=5&page_size=10&fields=items.point%2Citems.name%2Citems.address_name%2Citems.reviews HTTP/1.1" 200 133
2025-10-30 21:40:49,426 - DEBUG - [получить_кафе_в_районе] - Статус ответа: 200
2025-10-30 21:40:49,427 - WARNING - [получить_кафе_в_районе] - На странице 5 нет данных в ожидаемом формате
2025-10-30 21:40:49,428 - INFO - [получить_кафе_в_районе] - Завершение сбора для района Ново-Переделкино. Найдено кафе: 20
2025-10-30 21:40:49,429 - INFO - [<cell line: 0>] - Район 'Ново-Переделкино' завершен. Кафе: 20
2025-10-30 21:40:50,431 - INFO - [<cell line: 0>] - [75/132] Обработка района: Обручевский
2025-10-30 21:40:50,432 - INFO - [получить_кафе_в_районе] - Начало сбора кафе для района: Обручевский (ID: 4504209512726622)
2025-10-30 21:40:50,433 - DEBUG - [получить_кафе_в_районе] - Запрос страницы 1 для района Обручевский
2025-10-30 21:40:50,435 - DEBUG - [_new_conn] - Starting new HTTPS connection (1): catalog.api.2gis.com:443
2025-10-30 21:40:50,826 - DEBUG - [_make_request] - https://catalog.api.2gis.com:443 "GET /3.0/items?key=50e21a4a-6241-4f9a-aff6-0b7a942be2b7&q=%D0%BA%D0%B0%D1%84%D0%B5&district_id=4504209512726622&type=branch&page=1&page_size=10&fields=items.point%2Citems.name%2Citems.address_name%2Citems.reviews HTTP/1.1" 200 None
2025-10-30 21:40:50,827 - DEBUG - [получить_кафе_в_районе] - Статус ответа: 200
2025-10-30 21:40:50,827 - INFO - [получить_кафе_в_районе] - Загружено 10 кафе со страницы 1
2025-10-30 21:40:51,328 - DEBUG - [получить_кафе_в_районе] - Запрос страницы 2 для района Обручевский
2025-10-30 21:40:51,329 - DEBUG - [_new_conn] - Starting new HTTPS connection (1): catalog.api.2gis.com:443
2025-10-30 21:40:51,719 - DEBUG - [_make_request] - https://catalog.api.2gis.com:443 "GET /3.0/items?key=50e21a4a-6241-4f9a-aff6-0b7a942be2b7&q=%D0%BA%D0%B0%D1%84%D0%B5&district_id=4504209512726622&type=branch&page=2&page_size=10&fields=items.point%2Citems.name%2Citems.address_name%2Citems.reviews HTTP/1.1" 200 None
2025-10-30 21:40:51,720 - DEBUG - [получить_кафе_в_районе] - Статус ответа: 200
2025-10-30 21:40:51,720 - INFO - [получить_кафе_в_районе] - Загружено 10 кафе со страницы 2
2025-10-30 21:40:52,221 - DEBUG - [получить_кафе_в_районе] - Запрос страницы 3 для района Обручевский
2025-10-30 21:40:52,222 - DEBUG - [_new_conn] - Starting new HTTPS connection (1): catalog.api.2gis.com:443
2025-10-30 21:40:52,613 - DEBUG - [_make_request] - https://catalog.api.2gis.com:443 "GET /3.0/items?key=50e21a4a-6241-4f9a-aff6-0b7a942be2b7&q=%D0%BA%D0%B0%D1%84%D0%B5&district_id=4504209512726622&type=branch&page=3&page_size=10&fields=items.point%2Citems.name%2Citems.address_name%2Citems.reviews HTTP/1.1" 200 None
2025-10-30 21:40:52,614 - DEBUG - [получить_кафе_в_районе] - Статус ответа: 200
2025-10-30 21:40:52,614 - INFO - [получить_кафе_в_районе] - Загружено 10 кафе со страницы 3
2025-10-30 21:40:53,115 - DEBUG - [получить_кафе_в_районе] - Запрос страницы 4 для района Обручевский
2025-10-30 21:40:53,116 - DEBUG - [_new_conn] - Starting new HTTPS connection (1): catalog.api.2gis.com:443
2025-10-30 21:40:53,510 - DEBUG - [_make_request] - https://catalog.api.2gis.com:443 "GET /3.0/items?key=50e21a4a-6241-4f9a-aff6-0b7a942be2b7&q=%D0%BA%D0%B0%D1%84%D0%B5&district_id=4504209512726622&type=branch&page=4&page_size=10&fields=items.point%2Citems.name%2Citems.address_name%2Citems.reviews HTTP/1.1" 200 None
2025-10-30 21:40:53,511 - DEBUG - [получить_кафе_в_районе] - Статус ответа: 200
2025-10-30 21:40:53,511 - INFO - [получить_кафе_в_районе] - Загружено 10 кафе со страницы 4
2025-10-30 21:40:54,012 - DEBUG - [получить_кафе_в_районе] - Запрос страницы 5 для района Обручевский
2025-10-30 21:40:54,014 - DEBUG - [_new_conn] - Starting new HTTPS connection (1): catalog.api.2gis.com:443
2025-10-30 21:40:54,403 - DEBUG - [_make_request] - https://catalog.api.2gis.com:443 "GET /3.0/items?key=50e21a4a-6241-4f9a-aff6-0b7a942be2b7&q=%D0%BA%D0%B0%D1%84%D0%B5&district_id=4504209512726622&type=branch&page=5&page_size=10&fields=items.point%2Citems.name%2Citems.address_name%2Citems.reviews HTTP/1.1" 200 None
2025-10-30 21:40:54,404 - DEBUG - [получить_кафе_в_районе] - Статус ответа: 200
2025-10-30 21:40:54,404 - INFO - [получить_кафе_в_районе] - Загружено 10 кафе со страницы 5
2025-10-30 21:40:54,405 - INFO - [получить_кафе_в_районе] - Завершение сбора для района Обручевский. Найдено кафе: 50
2025-10-30 21:40:54,407 - INFO - [<cell line: 0>] - Район 'Обручевский' завершен. Кафе: 50
2025-10-30 21:40:55,409 - INFO - [<cell line: 0>] - [76/132] Обработка района: Орехово-Борисово Северное
2025-10-30 21:40:55,410 - INFO - [получить_кафе_в_районе] - Начало сбора кафе для района: Орехово-Борисово Северное (ID: 4504209512726616)
2025-10-30 21:40:55,412 - DEBUG - [получить_кафе_в_районе] - Запрос страницы 1 для района Орехово-Борисово Северное
2025-10-30 21:40:55,414 - DEBUG - [_new_conn] - Starting new HTTPS connection (1): catalog.api.2gis.com:443
2025-10-30 21:40:55,817 - DEBUG - [_make_request] - https://catalog.api.2gis.com:443 "GET /3.0/items?key=50e21a4a-6241-4f9a-aff6-0b7a942be2b7&q=%D0%BA%D0%B0%D1%84%D0%B5&district_id=4504209512726616&type=branch&page=1&page_size=10&fields=items.point%2Citems.name%2Citems.address_name%2Citems.reviews HTTP/1.1" 200 None
2025-10-30 21:40:55,818 - DEBUG - [получить_кафе_в_районе] - Статус ответа: 200
2025-10-30 21:40:55,818 - INFO - [получить_кафе_в_районе] - Загружено 10 кафе со страницы 1
2025-10-30 21:40:56,319 - DEBUG - [получить_кафе_в_районе] - Запрос страницы 2 для района Орехово-Борисово Северное
2025-10-30 21:40:56,320 - DEBUG - [_new_conn] - Starting new HTTPS connection (1): catalog.api.2gis.com:443
2025-10-30 21:40:56,720 - DEBUG - [_make_request] - https://catalog.api.2gis.com:443 "GET /3.0/items?key=50e21a4a-6241-4f9a-aff6-0b7a942be2b7&q=%D0%BA%D0%B0%D1%84%D0%B5&district_id=4504209512726616&type=branch&page=2&page_size=10&fields=items.point%2Citems.name%2Citems.address_name%2Citems.reviews HTTP/1.1" 200 None
2025-10-30 21:40:56,721 - DEBUG - [получить_кафе_в_районе] - Статус ответа: 200
2025-10-30 21:40:56,721 - INFO - [получить_кафе_в_районе] - Загружено 10 кафе со страницы 2
2025-10-30 21:40:57,222 - DEBUG - [получить_кафе_в_районе] - Запрос страницы 3 для района Орехово-Борисово Северное
2025-10-30 21:40:57,223 - DEBUG - [_new_conn] - Starting new HTTPS connection (1): catalog.api.2gis.com:443
2025-10-30 21:40:57,625 - DEBUG - [_make_request] - https://catalog.api.2gis.com:443 "GET /3.0/items?key=50e21a4a-6241-4f9a-aff6-0b7a942be2b7&q=%D0%BA%D0%B0%D1%84%D0%B5&district_id=4504209512726616&type=branch&page=3&page_size=10&fields=items.point%2Citems.name%2Citems.address_name%2Citems.reviews HTTP/1.1" 200 None
2025-10-30 21:40:57,626 - DEBUG - [получить_кафе_в_районе] - Статус ответа: 200
2025-10-30 21:40:57,626 - INFO - [получить_кафе_в_районе] - Загружено 4 кафе со страницы 3
2025-10-30 21:40:58,127 - DEBUG - [получить_кафе_в_районе] - Запрос страницы 4 для района Орехово-Борисово Северное
2025-10-30 21:40:58,129 - DEBUG - [_new_conn] - Starting new HTTPS connection (1): catalog.api.2gis.com:443
2025-10-30 21:40:58,508 - DEBUG - [_make_request] - https://catalog.api.2gis.com:443 "GET /3.0/items?key=50e21a4a-6241-4f9a-aff6-0b7a942be2b7&q=%D0%BA%D0%B0%D1%84%D0%B5&district_id=4504209512726616&type=branch&page=4&page_size=10&fields=items.point%2Citems.name%2Citems.address_name%2Citems.reviews HTTP/1.1" 200 133
2025-10-30 21:40:58,509 - DEBUG - [получить_кафе_в_районе] - Статус ответа: 200
2025-10-30 21:40:58,509 - WARNING - [получить_кафе_в_районе] - На странице 4 нет данных в ожидаемом формате
2025-10-30 21:40:59,010 - DEBUG - [получить_кафе_в_районе] - Запрос страницы 5 для района Орехово-Борисово Северное
2025-10-30 21:40:59,011 - DEBUG - [_new_conn] - Starting new HTTPS connection (1): catalog.api.2gis.com:443
2025-10-30 21:40:59,396 - DEBUG - [_make_request] - https://catalog.api.2gis.com:443 "GET /3.0/items?key=50e21a4a-6241-4f9a-aff6-0b7a942be2b7&q=%D0%BA%D0%B0%D1%84%D0%B5&district_id=4504209512726616&type=branch&page=5&page_size=10&fields=items.point%2Citems.name%2Citems.address_name%2Citems.reviews HTTP/1.1" 200 133
2025-10-30 21:40:59,397 - DEBUG - [получить_кафе_в_районе] - Статус ответа: 200
2025-10-30 21:40:59,397 - WARNING - [получить_кафе_в_районе] - На странице 5 нет данных в ожидаемом формате
2025-10-30 21:40:59,398 - INFO - [получить_кафе_в_районе] - Завершение сбора для района Орехово-Борисово Северное. Найдено кафе: 24
2025-10-30 21:40:59,399 - INFO - [<cell line: 0>] - Район 'Орехово-Борисово Северное' завершен. Кафе: 24
2025-10-30 21:41:00,400 - INFO - [<cell line: 0>] - [77/132] Обработка района: Орехово-Борисово Южное
2025-10-30 21:41:00,401 - INFO - [получить_кафе_в_районе] - Начало сбора кафе для района: Орехово-Борисово Южное (ID: 4504209512726610)
2025-10-30 21:41:00,402 - DEBUG - [получить_кафе_в_районе] - Запрос страницы 1 для района Орехово-Борисово Южное
2025-10-30 21:41:00,404 - DEBUG - [_new_conn] - Starting new HTTPS connection (1): catalog.api.2gis.com:443
2025-10-30 21:41:00,796 - DEBUG - [_make_request] - https://catalog.api.2gis.com:443 "GET /3.0/items?key=50e21a4a-6241-4f9a-aff6-0b7a942be2b7&q=%D0%BA%D0%B0%D1%84%D0%B5&district_id=4504209512726610&type=branch&page=1&page_size=10&fields=items.point%2Citems.name%2Citems.address_name%2Citems.reviews HTTP/1.1" 200 None
2025-10-30 21:41:00,797 - DEBUG - [получить_кафе_в_районе] - Статус ответа: 200
2025-10-30 21:41:00,797 - INFO - [получить_кафе_в_районе] - Загружено 10 кафе со страницы 1
2025-10-30 21:41:01,298 - DEBUG - [получить_кафе_в_районе] - Запрос страницы 2 для района Орехово-Борисово Южное
2025-10-30 21:41:01,300 - DEBUG - [_new_conn] - Starting new HTTPS connection (1): catalog.api.2gis.com:443
2025-10-30 21:41:01,696 - DEBUG - [_make_request] - https://catalog.api.2gis.com:443 "GET /3.0/items?key=50e21a4a-6241-4f9a-aff6-0b7a942be2b7&q=%D0%BA%D0%B0%D1%84%D0%B5&district_id=4504209512726610&type=branch&page=2&page_size=10&fields=items.point%2Citems.name%2Citems.address_name%2Citems.reviews HTTP/1.1" 200 None
2025-10-30 21:41:01,697 - DEBUG - [получить_кафе_в_районе] - Статус ответа: 200
2025-10-30 21:41:01,697 - INFO - [получить_кафе_в_районе] - Загружено 8 кафе со страницы 2
2025-10-30 21:41:02,200 - DEBUG - [получить_кафе_в_районе] - Запрос страницы 3 для района Орехово-Борисово Южное
2025-10-30 21:41:02,201 - DEBUG - [_new_conn] - Starting new HTTPS connection (1): catalog.api.2gis.com:443
2025-10-30 21:41:02,593 - DEBUG - [_make_request] - https://catalog.api.2gis.com:443 "GET /3.0/items?key=50e21a4a-6241-4f9a-aff6-0b7a942be2b7&q=%D0%BA%D0%B0%D1%84%D0%B5&district_id=4504209512726610&type=branch&page=3&page_size=10&fields=items.point%2Citems.name%2Citems.address_name%2Citems.reviews HTTP/1.1" 200 133
2025-10-30 21:41:02,594 - DEBUG - [получить_кафе_в_районе] - Статус ответа: 200
2025-10-30 21:41:02,594 - WARNING - [получить_кафе_в_районе] - На странице 3 нет данных в ожидаемом формате
2025-10-30 21:41:03,095 - DEBUG - [получить_кафе_в_районе] - Запрос страницы 4 для района Орехово-Борисово Южное
2025-10-30 21:41:03,096 - DEBUG - [_new_conn] - Starting new HTTPS connection (1): catalog.api.2gis.com:443
2025-10-30 21:41:03,489 - DEBUG - [_make_request] - https://catalog.api.2gis.com:443 "GET /3.0/items?key=50e21a4a-6241-4f9a-aff6-0b7a942be2b7&q=%D0%BA%D0%B0%D1%84%D0%B5&district_id=4504209512726610&type=branch&page=4&page_size=10&fields=items.point%2Citems.name%2Citems.address_name%2Citems.reviews HTTP/1.1" 200 133
2025-10-30 21:41:03,490 - DEBUG - [получить_кафе_в_районе] - Статус ответа: 200
2025-10-30 21:41:03,490 - WARNING - [получить_кафе_в_районе] - На странице 4 нет данных в ожидаемом формате
2025-10-30 21:41:03,991 - DEBUG - [получить_кафе_в_районе] - Запрос страницы 5 для района Орехово-Борисово Южное
2025-10-30 21:41:03,992 - DEBUG - [_new_conn] - Starting new HTTPS connection (1): catalog.api.2gis.com:443
2025-10-30 21:41:04,371 - DEBUG - [_make_request] - https://catalog.api.2gis.com:443 "GET /3.0/items?key=50e21a4a-6241-4f9a-aff6-0b7a942be2b7&q=%D0%BA%D0%B0%D1%84%D0%B5&district_id=4504209512726610&type=branch&page=5&page_size=10&fields=items.point%2Citems.name%2Citems.address_name%2Citems.reviews HTTP/1.1" 200 133
2025-10-30 21:41:04,372 - DEBUG - [получить_кафе_в_районе] - Статус ответа: 200
2025-10-30 21:41:04,373 - WARNING - [получить_кафе_в_районе] - На странице 5 нет данных в ожидаемом формате
2025-10-30 21:41:04,373 - INFO - [получить_кафе_в_районе] - Завершение сбора для района Орехово-Борисово Южное. Найдено кафе: 18
2025-10-30 21:41:04,376 - INFO - [<cell line: 0>] - Район 'Орехово-Борисово Южное' завершен. Кафе: 18
2025-10-30 21:41:05,378 - INFO - [<cell line: 0>] - [78/132] Обработка района: Останкинский
2025-10-30 21:41:05,379 - INFO - [получить_кафе_в_районе] - Начало сбора кафе для района: Останкинский (ID: 4504209512726572)
2025-10-30 21:41:05,379 - DEBUG - [получить_кафе_в_районе] - Запрос страницы 1 для района Останкинский
2025-10-30 21:41:05,381 - DEBUG - [_new_conn] - Starting new HTTPS connection (1): catalog.api.2gis.com:443
2025-10-30 21:41:05,780 - DEBUG - [_make_request] - https://catalog.api.2gis.com:443 "GET /3.0/items?key=50e21a4a-6241-4f9a-aff6-0b7a942be2b7&q=%D0%BA%D0%B0%D1%84%D0%B5&district_id=4504209512726572&type=branch&page=1&page_size=10&fields=items.point%2Citems.name%2Citems.address_name%2Citems.reviews HTTP/1.1" 200 None
2025-10-30 21:41:05,781 - DEBUG - [получить_кафе_в_районе] - Статус ответа: 200
2025-10-30 21:41:05,781 - INFO - [получить_кафе_в_районе] - Загружено 10 кафе со страницы 1
2025-10-30 21:41:06,282 - DEBUG - [получить_кафе_в_районе] - Запрос страницы 2 для района Останкинский
2025-10-30 21:41:06,283 - DEBUG - [_new_conn] - Starting new HTTPS connection (1): catalog.api.2gis.com:443
2025-10-30 21:41:06,676 - DEBUG - [_make_request] - https://catalog.api.2gis.com:443 "GET /3.0/items?key=50e21a4a-6241-4f9a-aff6-0b7a942be2b7&q=%D0%BA%D0%B0%D1%84%D0%B5&district_id=4504209512726572&type=branch&page=2&page_size=10&fields=items.point%2Citems.name%2Citems.address_name%2Citems.reviews HTTP/1.1" 200 None
2025-10-30 21:41:06,677 - DEBUG - [получить_кафе_в_районе] - Статус ответа: 200
2025-10-30 21:41:06,677 - INFO - [получить_кафе_в_районе] - Загружено 10 кафе со страницы 2
2025-10-30 21:41:07,178 - DEBUG - [получить_кафе_в_районе] - Запрос страницы 3 для района Останкинский
2025-10-30 21:41:07,179 - DEBUG - [_new_conn] - Starting new HTTPS connection (1): catalog.api.2gis.com:443
2025-10-30 21:41:07,567 - DEBUG - [_make_request] - https://catalog.api.2gis.com:443 "GET /3.0/items?key=50e21a4a-6241-4f9a-aff6-0b7a942be2b7&q=%D0%BA%D0%B0%D1%84%D0%B5&district_id=4504209512726572&type=branch&page=3&page_size=10&fields=items.point%2Citems.name%2Citems.address_name%2Citems.reviews HTTP/1.1" 200 None
2025-10-30 21:41:07,568 - DEBUG - [получить_кафе_в_районе] - Статус ответа: 200
2025-10-30 21:41:07,568 - INFO - [получить_кафе_в_районе] - Загружено 10 кафе со страницы 3
2025-10-30 21:41:08,069 - DEBUG - [получить_кафе_в_районе] - Запрос страницы 4 для района Останкинский
2025-10-30 21:41:08,071 - DEBUG - [_new_conn] - Starting new HTTPS connection (1): catalog.api.2gis.com:443
2025-10-30 21:41:08,456 - DEBUG - [_make_request] - https://catalog.api.2gis.com:443 "GET /3.0/items?key=50e21a4a-6241-4f9a-aff6-0b7a942be2b7&q=%D0%BA%D0%B0%D1%84%D0%B5&district_id=4504209512726572&type=branch&page=4&page_size=10&fields=items.point%2Citems.name%2Citems.address_name%2Citems.reviews HTTP/1.1" 200 None
2025-10-30 21:41:08,457 - DEBUG - [получить_кафе_в_районе] - Статус ответа: 200
2025-10-30 21:41:08,457 - INFO - [получить_кафе_в_районе] - Загружено 10 кафе со страницы 4
2025-10-30 21:41:08,958 - DEBUG - [получить_кафе_в_районе] - Запрос страницы 5 для района Останкинский
2025-10-30 21:41:08,959 - DEBUG - [_new_conn] - Starting new HTTPS connection (1): catalog.api.2gis.com:443
2025-10-30 21:41:09,363 - DEBUG - [_make_request] - https://catalog.api.2gis.com:443 "GET /3.0/items?key=50e21a4a-6241-4f9a-aff6-0b7a942be2b7&q=%D0%BA%D0%B0%D1%84%D0%B5&district_id=4504209512726572&type=branch&page=5&page_size=10&fields=items.point%2Citems.name%2Citems.address_name%2Citems.reviews HTTP/1.1" 200 None
2025-10-30 21:41:09,364 - DEBUG - [получить_кафе_в_районе] - Статус ответа: 200
2025-10-30 21:41:09,364 - INFO - [получить_кафе_в_районе] - Загружено 10 кафе со страницы 5
2025-10-30 21:41:09,365 - INFO - [получить_кафе_в_районе] - Завершение сбора для района Останкинский. Найдено кафе: 50
2025-10-30 21:41:09,367 - INFO - [<cell line: 0>] - Район 'Останкинский' завершен. Кафе: 50
2025-10-30 21:41:10,368 - INFO - [<cell line: 0>] - [79/132] Обработка района: Отрадное
2025-10-30 21:41:10,369 - INFO - [получить_кафе_в_районе] - Начало сбора кафе для района: Отрадное (ID: 4504209512726569)
2025-10-30 21:41:10,370 - DEBUG - [получить_кафе_в_районе] - Запрос страницы 1 для района Отрадное
2025-10-30 21:41:10,371 - DEBUG - [_new_conn] - Starting new HTTPS connection (1): catalog.api.2gis.com:443
2025-10-30 21:41:10,865 - DEBUG - [_make_request] - https://catalog.api.2gis.com:443 "GET /3.0/items?key=50e21a4a-6241-4f9a-aff6-0b7a942be2b7&q=%D0%BA%D0%B0%D1%84%D0%B5&district_id=4504209512726569&type=branch&page=1&page_size=10&fields=items.point%2Citems.name%2Citems.address_name%2Citems.reviews HTTP/1.1" 200 None
2025-10-30 21:41:10,866 - DEBUG - [получить_кафе_в_районе] - Статус ответа: 200
2025-10-30 21:41:10,866 - INFO - [получить_кафе_в_районе] - Загружено 10 кафе со страницы 1
2025-10-30 21:41:11,367 - DEBUG - [получить_кафе_в_районе] - Запрос страницы 2 для района Отрадное
2025-10-30 21:41:11,368 - DEBUG - [_new_conn] - Starting new HTTPS connection (1): catalog.api.2gis.com:443
2025-10-30 21:41:11,761 - DEBUG - [_make_request] - https://catalog.api.2gis.com:443 "GET /3.0/items?key=50e21a4a-6241-4f9a-aff6-0b7a942be2b7&q=%D0%BA%D0%B0%D1%84%D0%B5&district_id=4504209512726569&type=branch&page=2&page_size=10&fields=items.point%2Citems.name%2Citems.address_name%2Citems.reviews HTTP/1.1" 200 None
2025-10-30 21:41:11,762 - DEBUG - [получить_кафе_в_районе] - Статус ответа: 200
2025-10-30 21:41:11,762 - INFO - [получить_кафе_в_районе] - Загружено 10 кафе со страницы 2
2025-10-30 21:41:12,264 - DEBUG - [получить_кафе_в_районе] - Запрос страницы 3 для района Отрадное
2025-10-30 21:41:12,266 - DEBUG - [_new_conn] - Starting new HTTPS connection (1): catalog.api.2gis.com:443
2025-10-30 21:41:12,850 - DEBUG - [_make_request] - https://catalog.api.2gis.com:443 "GET /3.0/items?key=50e21a4a-6241-4f9a-aff6-0b7a942be2b7&q=%D0%BA%D0%B0%D1%84%D0%B5&district_id=4504209512726569&type=branch&page=3&page_size=10&fields=items.point%2Citems.name%2Citems.address_name%2Citems.reviews HTTP/1.1" 200 None
2025-10-30 21:41:12,851 - DEBUG - [получить_кафе_в_районе] - Статус ответа: 200
2025-10-30 21:41:12,852 - INFO - [получить_кафе_в_районе] - Загружено 10 кафе со страницы 3
2025-10-30 21:41:13,353 - DEBUG - [получить_кафе_в_районе] - Запрос страницы 4 для района Отрадное
2025-10-30 21:41:13,355 - DEBUG - [_new_conn] - Starting new HTTPS connection (1): catalog.api.2gis.com:443
2025-10-30 21:41:13,740 - DEBUG - [_make_request] - https://catalog.api.2gis.com:443 "GET /3.0/items?key=50e21a4a-6241-4f9a-aff6-0b7a942be2b7&q=%D0%BA%D0%B0%D1%84%D0%B5&district_id=4504209512726569&type=branch&page=4&page_size=10&fields=items.point%2Citems.name%2Citems.address_name%2Citems.reviews HTTP/1.1" 200 None
2025-10-30 21:41:13,742 - DEBUG - [получить_кафе_в_районе] - Статус ответа: 200
2025-10-30 21:41:13,742 - INFO - [получить_кафе_в_районе] - Загружено 10 кафе со страницы 4
2025-10-30 21:41:14,243 - DEBUG - [получить_кафе_в_районе] - Запрос страницы 5 для района Отрадное
2025-10-30 21:41:14,245 - DEBUG - [_new_conn] - Starting new HTTPS connection (1): catalog.api.2gis.com:443
2025-10-30 21:41:14,635 - DEBUG - [_make_request] - https://catalog.api.2gis.com:443 "GET /3.0/items?key=50e21a4a-6241-4f9a-aff6-0b7a942be2b7&q=%D0%BA%D0%B0%D1%84%D0%B5&district_id=4504209512726569&type=branch&page=5&page_size=10&fields=items.point%2Citems.name%2Citems.address_name%2Citems.reviews HTTP/1.1" 200 None
2025-10-30 21:41:14,636 - DEBUG - [получить_кафе_в_районе] - Статус ответа: 200
2025-10-30 21:41:14,636 - INFO - [получить_кафе_в_районе] - Загружено 2 кафе со страницы 5
2025-10-30 21:41:14,637 - INFO - [получить_кафе_в_районе] - Завершение сбора для района Отрадное. Найдено кафе: 42
2025-10-30 21:41:14,638 - INFO - [<cell line: 0>] - Район 'Отрадное' завершен. Кафе: 42
2025-10-30 21:41:15,640 - INFO - [<cell line: 0>] - [80/132] Обработка района: Очаково-Матвеевское
2025-10-30 21:41:15,641 - INFO - [получить_кафе_в_районе] - Начало сбора кафе для района: Очаково-Матвеевское (ID: 4504209512726632)
2025-10-30 21:41:15,642 - DEBUG - [получить_кафе_в_районе] - Запрос страницы 1 для района Очаково-Матвеевское
2025-10-30 21:41:15,644 - DEBUG - [_new_conn] - Starting new HTTPS connection (1): catalog.api.2gis.com:443
2025-10-30 21:41:16,048 - DEBUG - [_make_request] - https://catalog.api.2gis.com:443 "GET /3.0/items?key=50e21a4a-6241-4f9a-aff6-0b7a942be2b7&q=%D0%BA%D0%B0%D1%84%D0%B5&district_id=4504209512726632&type=branch&page=1&page_size=10&fields=items.point%2Citems.name%2Citems.address_name%2Citems.reviews HTTP/1.1" 200 None
2025-10-30 21:41:16,048 - DEBUG - [получить_кафе_в_районе] - Статус ответа: 200
2025-10-30 21:41:16,049 - INFO - [получить_кафе_в_районе] - Загружено 10 кафе со страницы 1
2025-10-30 21:41:16,550 - DEBUG - [получить_кафе_в_районе] - Запрос страницы 2 для района Очаково-Матвеевское
2025-10-30 21:41:16,552 - DEBUG - [_new_conn] - Starting new HTTPS connection (1): catalog.api.2gis.com:443
2025-10-30 21:41:16,950 - DEBUG - [_make_request] - https://catalog.api.2gis.com:443 "GET /3.0/items?key=50e21a4a-6241-4f9a-aff6-0b7a942be2b7&q=%D0%BA%D0%B0%D1%84%D0%B5&district_id=4504209512726632&type=branch&page=2&page_size=10&fields=items.point%2Citems.name%2Citems.address_name%2Citems.reviews HTTP/1.1" 200 None
2025-10-30 21:41:16,951 - DEBUG - [получить_кафе_в_районе] - Статус ответа: 200
2025-10-30 21:41:16,951 - INFO - [получить_кафе_в_районе] - Загружено 10 кафе со страницы 2
2025-10-30 21:41:17,452 - DEBUG - [получить_кафе_в_районе] - Запрос страницы 3 для района Очаково-Матвеевское
2025-10-30 21:41:17,453 - DEBUG - [_new_conn] - Starting new HTTPS connection (1): catalog.api.2gis.com:443
2025-10-30 21:41:17,865 - DEBUG - [_make_request] - https://catalog.api.2gis.com:443 "GET /3.0/items?key=50e21a4a-6241-4f9a-aff6-0b7a942be2b7&q=%D0%BA%D0%B0%D1%84%D0%B5&district_id=4504209512726632&type=branch&page=3&page_size=10&fields=items.point%2Citems.name%2Citems.address_name%2Citems.reviews HTTP/1.1" 200 None
2025-10-30 21:41:17,866 - DEBUG - [получить_кафе_в_районе] - Статус ответа: 200
2025-10-30 21:41:17,866 - INFO - [получить_кафе_в_районе] - Загружено 8 кафе со страницы 3
2025-10-30 21:41:18,367 - DEBUG - [получить_кафе_в_районе] - Запрос страницы 4 для района Очаково-Матвеевское
2025-10-30 21:41:18,369 - DEBUG - [_new_conn] - Starting new HTTPS connection (1): catalog.api.2gis.com:443
2025-10-30 21:41:18,756 - DEBUG - [_make_request] - https://catalog.api.2gis.com:443 "GET /3.0/items?key=50e21a4a-6241-4f9a-aff6-0b7a942be2b7&q=%D0%BA%D0%B0%D1%84%D0%B5&district_id=4504209512726632&type=branch&page=4&page_size=10&fields=items.point%2Citems.name%2Citems.address_name%2Citems.reviews HTTP/1.1" 200 133
2025-10-30 21:41:18,757 - DEBUG - [получить_кафе_в_районе] - Статус ответа: 200
2025-10-30 21:41:18,758 - WARNING - [получить_кафе_в_районе] - На странице 4 нет данных в ожидаемом формате
2025-10-30 21:41:19,259 - DEBUG - [получить_кафе_в_районе] - Запрос страницы 5 для района Очаково-Матвеевское
2025-10-30 21:41:19,260 - DEBUG - [_new_conn] - Starting new HTTPS connection (1): catalog.api.2gis.com:443
2025-10-30 21:41:19,647 - DEBUG - [_make_request] - https://catalog.api.2gis.com:443 "GET /3.0/items?key=50e21a4a-6241-4f9a-aff6-0b7a942be2b7&q=%D0%BA%D0%B0%D1%84%D0%B5&district_id=4504209512726632&type=branch&page=5&page_size=10&fields=items.point%2Citems.name%2Citems.address_name%2Citems.reviews HTTP/1.1" 200 133
2025-10-30 21:41:19,647 - DEBUG - [получить_кафе_в_районе] - Статус ответа: 200
2025-10-30 21:41:19,648 - WARNING - [получить_кафе_в_районе] - На странице 5 нет данных в ожидаемом формате
2025-10-30 21:41:19,648 - INFO - [получить_кафе_в_районе] - Завершение сбора для района Очаково-Матвеевское. Найдено кафе: 28
2025-10-30 21:41:19,649 - INFO - [<cell line: 0>] - Район 'Очаково-Матвеевское' завершен. Кафе: 28
2025-10-30 21:41:20,651 - INFO - [<cell line: 0>] - [81/132] Обработка района: Перово
2025-10-30 21:41:20,652 - INFO - [получить_кафе_в_районе] - Начало сбора кафе для района: Перово (ID: 4504209512726581)
2025-10-30 21:41:20,654 - DEBUG - [получить_кафе_в_районе] - Запрос страницы 1 для района Перово
2025-10-30 21:41:20,657 - DEBUG - [_new_conn] - Starting new HTTPS connection (1): catalog.api.2gis.com:443
2025-10-30 21:41:21,057 - DEBUG - [_make_request] - https://catalog.api.2gis.com:443 "GET /3.0/items?key=50e21a4a-6241-4f9a-aff6-0b7a942be2b7&q=%D0%BA%D0%B0%D1%84%D0%B5&district_id=4504209512726581&type=branch&page=1&page_size=10&fields=items.point%2Citems.name%2Citems.address_name%2Citems.reviews HTTP/1.1" 200 None
2025-10-30 21:41:21,058 - DEBUG - [получить_кафе_в_районе] - Статус ответа: 200
2025-10-30 21:41:21,058 - INFO - [получить_кафе_в_районе] - Загружено 10 кафе со страницы 1
2025-10-30 21:41:21,559 - DEBUG - [получить_кафе_в_районе] - Запрос страницы 2 для района Перово
2025-10-30 21:41:21,560 - DEBUG - [_new_conn] - Starting new HTTPS connection (1): catalog.api.2gis.com:443
2025-10-30 21:41:21,938 - DEBUG - [_make_request] - https://catalog.api.2gis.com:443 "GET /3.0/items?key=50e21a4a-6241-4f9a-aff6-0b7a942be2b7&q=%D0%BA%D0%B0%D1%84%D0%B5&district_id=4504209512726581&type=branch&page=2&page_size=10&fields=items.point%2Citems.name%2Citems.address_name%2Citems.reviews HTTP/1.1" 200 None
2025-10-30 21:41:21,939 - DEBUG - [получить_кафе_в_районе] - Статус ответа: 200
2025-10-30 21:41:21,939 - INFO - [получить_кафе_в_районе] - Загружено 10 кафе со страницы 2
2025-10-30 21:41:22,440 - DEBUG - [получить_кафе_в_районе] - Запрос страницы 3 для района Перово
2025-10-30 21:41:22,441 - DEBUG - [_new_conn] - Starting new HTTPS connection (1): catalog.api.2gis.com:443
2025-10-30 21:41:22,838 - DEBUG - [_make_request] - https://catalog.api.2gis.com:443 "GET /3.0/items?key=50e21a4a-6241-4f9a-aff6-0b7a942be2b7&q=%D0%BA%D0%B0%D1%84%D0%B5&district_id=4504209512726581&type=branch&page=3&page_size=10&fields=items.point%2Citems.name%2Citems.address_name%2Citems.reviews HTTP/1.1" 200 None
2025-10-30 21:41:22,839 - DEBUG - [получить_кафе_в_районе] - Статус ответа: 200
2025-10-30 21:41:22,840 - INFO - [получить_кафе_в_районе] - Загружено 8 кафе со страницы 3
2025-10-30 21:41:23,340 - DEBUG - [получить_кафе_в_районе] - Запрос страницы 4 для района Перово
2025-10-30 21:41:23,342 - DEBUG - [_new_conn] - Starting new HTTPS connection (1): catalog.api.2gis.com:443
2025-10-30 21:41:23,738 - DEBUG - [_make_request] - https://catalog.api.2gis.com:443 "GET /3.0/items?key=50e21a4a-6241-4f9a-aff6-0b7a942be2b7&q=%D0%BA%D0%B0%D1%84%D0%B5&district_id=4504209512726581&type=branch&page=4&page_size=10&fields=items.point%2Citems.name%2Citems.address_name%2Citems.reviews HTTP/1.1" 200 133
2025-10-30 21:41:23,739 - DEBUG - [получить_кафе_в_районе] - Статус ответа: 200
2025-10-30 21:41:23,739 - WARNING - [получить_кафе_в_районе] - На странице 4 нет данных в ожидаемом формате
2025-10-30 21:41:24,240 - DEBUG - [получить_кафе_в_районе] - Запрос страницы 5 для района Перово
2025-10-30 21:41:24,242 - DEBUG - [_new_conn] - Starting new HTTPS connection (1): catalog.api.2gis.com:443
2025-10-30 21:41:24,638 - DEBUG - [_make_request] - https://catalog.api.2gis.com:443 "GET /3.0/items?key=50e21a4a-6241-4f9a-aff6-0b7a942be2b7&q=%D0%BA%D0%B0%D1%84%D0%B5&district_id=4504209512726581&type=branch&page=5&page_size=10&fields=items.point%2Citems.name%2Citems.address_name%2Citems.reviews HTTP/1.1" 200 133
2025-10-30 21:41:24,639 - DEBUG - [получить_кафе_в_районе] - Статус ответа: 200
2025-10-30 21:41:24,639 - WARNING - [получить_кафе_в_районе] - На странице 5 нет данных в ожидаемом формате
2025-10-30 21:41:24,640 - INFO - [получить_кафе_в_районе] - Завершение сбора для района Перово. Найдено кафе: 28
2025-10-30 21:41:24,642 - INFO - [<cell line: 0>] - Район 'Перово' завершен. Кафе: 28
2025-10-30 21:41:25,644 - INFO - [<cell line: 0>] - [82/132] Обработка района: Печатники
2025-10-30 21:41:25,645 - INFO - [получить_кафе_в_районе] - Начало сбора кафе для района: Печатники (ID: 4504209512726593)
2025-10-30 21:41:25,647 - DEBUG - [получить_кафе_в_районе] - Запрос страницы 1 для района Печатники
2025-10-30 21:41:25,649 - DEBUG - [_new_conn] - Starting new HTTPS connection (1): catalog.api.2gis.com:443
2025-10-30 21:41:26,047 - DEBUG - [_make_request] - https://catalog.api.2gis.com:443 "GET /3.0/items?key=50e21a4a-6241-4f9a-aff6-0b7a942be2b7&q=%D0%BA%D0%B0%D1%84%D0%B5&district_id=4504209512726593&type=branch&page=1&page_size=10&fields=items.point%2Citems.name%2Citems.address_name%2Citems.reviews HTTP/1.1" 200 None
2025-10-30 21:41:26,047 - DEBUG - [получить_кафе_в_районе] - Статус ответа: 200
2025-10-30 21:41:26,048 - INFO - [получить_кафе_в_районе] - Загружено 10 кафе со страницы 1
2025-10-30 21:41:26,548 - DEBUG - [получить_кафе_в_районе] - Запрос страницы 2 для района Печатники
2025-10-30 21:41:26,550 - DEBUG - [_new_conn] - Starting new HTTPS connection (1): catalog.api.2gis.com:443
2025-10-30 21:41:26,956 - DEBUG - [_make_request] - https://catalog.api.2gis.com:443 "GET /3.0/items?key=50e21a4a-6241-4f9a-aff6-0b7a942be2b7&q=%D0%BA%D0%B0%D1%84%D0%B5&district_id=4504209512726593&type=branch&page=2&page_size=10&fields=items.point%2Citems.name%2Citems.address_name%2Citems.reviews HTTP/1.1" 200 None
2025-10-30 21:41:26,957 - DEBUG - [получить_кафе_в_районе] - Статус ответа: 200
2025-10-30 21:41:26,957 - INFO - [получить_кафе_в_районе] - Загружено 7 кафе со страницы 2
2025-10-30 21:41:27,458 - DEBUG - [получить_кафе_в_районе] - Запрос страницы 3 для района Печатники
2025-10-30 21:41:27,459 - DEBUG - [_new_conn] - Starting new HTTPS connection (1): catalog.api.2gis.com:443
2025-10-30 21:41:27,857 - DEBUG - [_make_request] - https://catalog.api.2gis.com:443 "GET /3.0/items?key=50e21a4a-6241-4f9a-aff6-0b7a942be2b7&q=%D0%BA%D0%B0%D1%84%D0%B5&district_id=4504209512726593&type=branch&page=3&page_size=10&fields=items.point%2Citems.name%2Citems.address_name%2Citems.reviews HTTP/1.1" 200 133
2025-10-30 21:41:27,858 - DEBUG - [получить_кафе_в_районе] - Статус ответа: 200
2025-10-30 21:41:27,858 - WARNING - [получить_кафе_в_районе] - На странице 3 нет данных в ожидаемом формате
2025-10-30 21:41:28,359 - DEBUG - [получить_кафе_в_районе] - Запрос страницы 4 для района Печатники
2025-10-30 21:41:28,360 - DEBUG - [_new_conn] - Starting new HTTPS connection (1): catalog.api.2gis.com:443
2025-10-30 21:41:28,736 - DEBUG - [_make_request] - https://catalog.api.2gis.com:443 "GET /3.0/items?key=50e21a4a-6241-4f9a-aff6-0b7a942be2b7&q=%D0%BA%D0%B0%D1%84%D0%B5&district_id=4504209512726593&type=branch&page=4&page_size=10&fields=items.point%2Citems.name%2Citems.address_name%2Citems.reviews HTTP/1.1" 200 133
2025-10-30 21:41:28,737 - DEBUG - [получить_кафе_в_районе] - Статус ответа: 200
2025-10-30 21:41:28,737 - WARNING - [получить_кафе_в_районе] - На странице 4 нет данных в ожидаемом формате
2025-10-30 21:41:29,238 - DEBUG - [получить_кафе_в_районе] - Запрос страницы 5 для района Печатники
2025-10-30 21:41:29,239 - DEBUG - [_new_conn] - Starting new HTTPS connection (1): catalog.api.2gis.com:443
2025-10-30 21:41:29,629 - DEBUG - [_make_request] - https://catalog.api.2gis.com:443 "GET /3.0/items?key=50e21a4a-6241-4f9a-aff6-0b7a942be2b7&q=%D0%BA%D0%B0%D1%84%D0%B5&district_id=4504209512726593&type=branch&page=5&page_size=10&fields=items.point%2Citems.name%2Citems.address_name%2Citems.reviews HTTP/1.1" 200 133
2025-10-30 21:41:29,630 - DEBUG - [получить_кафе_в_районе] - Статус ответа: 200
2025-10-30 21:41:29,630 - WARNING - [получить_кафе_в_районе] - На странице 5 нет данных в ожидаемом формате
2025-10-30 21:41:29,631 - INFO - [получить_кафе_в_районе] - Завершение сбора для района Печатники. Найдено кафе: 17
2025-10-30 21:41:29,633 - INFO - [<cell line: 0>] - Район 'Печатники' завершен. Кафе: 17
2025-10-30 21:41:30,635 - INFO - [<cell line: 0>] - [83/132] Обработка района: Покровское-Стрешнево
2025-10-30 21:41:30,636 - INFO - [получить_кафе_в_районе] - Начало сбора кафе для района: Покровское-Стрешнево (ID: 4504209512726650)
2025-10-30 21:41:30,637 - DEBUG - [получить_кафе_в_районе] - Запрос страницы 1 для района Покровское-Стрешнево
2025-10-30 21:41:30,638 - DEBUG - [_new_conn] - Starting new HTTPS connection (1): catalog.api.2gis.com:443
2025-10-30 21:41:31,025 - DEBUG - [_make_request] - https://catalog.api.2gis.com:443 "GET /3.0/items?key=50e21a4a-6241-4f9a-aff6-0b7a942be2b7&q=%D0%BA%D0%B0%D1%84%D0%B5&district_id=4504209512726650&type=branch&page=1&page_size=10&fields=items.point%2Citems.name%2Citems.address_name%2Citems.reviews HTTP/1.1" 200 None
2025-10-30 21:41:31,025 - DEBUG - [получить_кафе_в_районе] - Статус ответа: 200
2025-10-30 21:41:31,026 - INFO - [получить_кафе_в_районе] - Загружено 10 кафе со страницы 1
2025-10-30 21:41:31,527 - DEBUG - [получить_кафе_в_районе] - Запрос страницы 2 для района Покровское-Стрешнево
2025-10-30 21:41:31,528 - DEBUG - [_new_conn] - Starting new HTTPS connection (1): catalog.api.2gis.com:443
2025-10-30 21:41:31,924 - DEBUG - [_make_request] - https://catalog.api.2gis.com:443 "GET /3.0/items?key=50e21a4a-6241-4f9a-aff6-0b7a942be2b7&q=%D0%BA%D0%B0%D1%84%D0%B5&district_id=4504209512726650&type=branch&page=2&page_size=10&fields=items.point%2Citems.name%2Citems.address_name%2Citems.reviews HTTP/1.1" 200 None
2025-10-30 21:41:31,925 - DEBUG - [получить_кафе_в_районе] - Статус ответа: 200
2025-10-30 21:41:31,926 - INFO - [получить_кафе_в_районе] - Загружено 10 кафе со страницы 2
2025-10-30 21:41:32,427 - DEBUG - [получить_кафе_в_районе] - Запрос страницы 3 для района Покровское-Стрешнево
2025-10-30 21:41:32,428 - DEBUG - [_new_conn] - Starting new HTTPS connection (1): catalog.api.2gis.com:443
2025-10-30 21:41:32,820 - DEBUG - [_make_request] - https://catalog.api.2gis.com:443 "GET /3.0/items?key=50e21a4a-6241-4f9a-aff6-0b7a942be2b7&q=%D0%BA%D0%B0%D1%84%D0%B5&district_id=4504209512726650&type=branch&page=3&page_size=10&fields=items.point%2Citems.name%2Citems.address_name%2Citems.reviews HTTP/1.1" 200 None
2025-10-30 21:41:32,821 - DEBUG - [получить_кафе_в_районе] - Статус ответа: 200
2025-10-30 21:41:32,821 - INFO - [получить_кафе_в_районе] - Загружено 10 кафе со страницы 3
2025-10-30 21:41:33,322 - DEBUG - [получить_кафе_в_районе] - Запрос страницы 4 для района Покровское-Стрешнево
2025-10-30 21:41:33,324 - DEBUG - [_new_conn] - Starting new HTTPS connection (1): catalog.api.2gis.com:443
2025-10-30 21:41:33,705 - DEBUG - [_make_request] - https://catalog.api.2gis.com:443 "GET /3.0/items?key=50e21a4a-6241-4f9a-aff6-0b7a942be2b7&q=%D0%BA%D0%B0%D1%84%D0%B5&district_id=4504209512726650&type=branch&page=4&page_size=10&fields=items.point%2Citems.name%2Citems.address_name%2Citems.reviews HTTP/1.1" 200 None
2025-10-30 21:41:33,706 - DEBUG - [получить_кафе_в_районе] - Статус ответа: 200
2025-10-30 21:41:33,706 - INFO - [получить_кафе_в_районе] - Загружено 10 кафе со страницы 4
2025-10-30 21:41:34,207 - DEBUG - [получить_кафе_в_районе] - Запрос страницы 5 для района Покровское-Стрешнево
2025-10-30 21:41:34,208 - DEBUG - [_new_conn] - Starting new HTTPS connection (1): catalog.api.2gis.com:443
2025-10-30 21:41:34,609 - DEBUG - [_make_request] - https://catalog.api.2gis.com:443 "GET /3.0/items?key=50e21a4a-6241-4f9a-aff6-0b7a942be2b7&q=%D0%BA%D0%B0%D1%84%D0%B5&district_id=4504209512726650&type=branch&page=5&page_size=10&fields=items.point%2Citems.name%2Citems.address_name%2Citems.reviews HTTP/1.1" 200 None
2025-10-30 21:41:34,610 - DEBUG - [получить_кафе_в_районе] - Статус ответа: 200
2025-10-30 21:41:34,610 - INFO - [получить_кафе_в_районе] - Загружено 2 кафе со страницы 5
2025-10-30 21:41:34,611 - INFO - [получить_кафе_в_районе] - Завершение сбора для района Покровское-Стрешнево. Найдено кафе: 42
2025-10-30 21:41:34,614 - INFO - [<cell line: 0>] - Район 'Покровское-Стрешнево' завершен. Кафе: 42
2025-10-30 21:41:35,615 - INFO - [<cell line: 0>] - [84/132] Обработка района: Преображенское
2025-10-30 21:41:35,616 - INFO - [получить_кафе_в_районе] - Начало сбора кафе для района: Преображенское (ID: 4504209512726584)
2025-10-30 21:41:35,618 - DEBUG - [получить_кафе_в_районе] - Запрос страницы 1 для района Преображенское
2025-10-30 21:41:35,620 - DEBUG - [_new_conn] - Starting new HTTPS connection (1): catalog.api.2gis.com:443
2025-10-30 21:41:36,034 - DEBUG - [_make_request] - https://catalog.api.2gis.com:443 "GET /3.0/items?key=50e21a4a-6241-4f9a-aff6-0b7a942be2b7&q=%D0%BA%D0%B0%D1%84%D0%B5&district_id=4504209512726584&type=branch&page=1&page_size=10&fields=items.point%2Citems.name%2Citems.address_name%2Citems.reviews HTTP/1.1" 200 None
2025-10-30 21:41:36,036 - DEBUG - [получить_кафе_в_районе] - Статус ответа: 200
2025-10-30 21:41:36,036 - INFO - [получить_кафе_в_районе] - Загружено 10 кафе со страницы 1
2025-10-30 21:41:36,537 - DEBUG - [получить_кафе_в_районе] - Запрос страницы 2 для района Преображенское
2025-10-30 21:41:36,539 - DEBUG - [_new_conn] - Starting new HTTPS connection (1): catalog.api.2gis.com:443
2025-10-30 21:41:36,926 - DEBUG - [_make_request] - https://catalog.api.2gis.com:443 "GET /3.0/items?key=50e21a4a-6241-4f9a-aff6-0b7a942be2b7&q=%D0%BA%D0%B0%D1%84%D0%B5&district_id=4504209512726584&type=branch&page=2&page_size=10&fields=items.point%2Citems.name%2Citems.address_name%2Citems.reviews HTTP/1.1" 200 None
2025-10-30 21:41:36,928 - DEBUG - [получить_кафе_в_районе] - Статус ответа: 200
2025-10-30 21:41:36,928 - INFO - [получить_кафе_в_районе] - Загружено 10 кафе со страницы 2
2025-10-30 21:41:37,430 - DEBUG - [получить_кафе_в_районе] - Запрос страницы 3 для района Преображенское
2025-10-30 21:41:37,431 - DEBUG - [_new_conn] - Starting new HTTPS connection (1): catalog.api.2gis.com:443
2025-10-30 21:41:37,812 - DEBUG - [_make_request] - https://catalog.api.2gis.com:443 "GET /3.0/items?key=50e21a4a-6241-4f9a-aff6-0b7a942be2b7&q=%D0%BA%D0%B0%D1%84%D0%B5&district_id=4504209512726584&type=branch&page=3&page_size=10&fields=items.point%2Citems.name%2Citems.address_name%2Citems.reviews HTTP/1.1" 200 None
2025-10-30 21:41:37,813 - DEBUG - [получить_кафе_в_районе] - Статус ответа: 200
2025-10-30 21:41:37,813 - INFO - [получить_кафе_в_районе] - Загружено 10 кафе со страницы 3
2025-10-30 21:41:38,314 - DEBUG - [получить_кафе_в_районе] - Запрос страницы 4 для района Преображенское
2025-10-30 21:41:38,316 - DEBUG - [_new_conn] - Starting new HTTPS connection (1): catalog.api.2gis.com:443
2025-10-30 21:41:38,742 - DEBUG - [_make_request] - https://catalog.api.2gis.com:443 "GET /3.0/items?key=50e21a4a-6241-4f9a-aff6-0b7a942be2b7&q=%D0%BA%D0%B0%D1%84%D0%B5&district_id=4504209512726584&type=branch&page=4&page_size=10&fields=items.point%2Citems.name%2Citems.address_name%2Citems.reviews HTTP/1.1" 200 None
2025-10-30 21:41:38,743 - DEBUG - [получить_кафе_в_районе] - Статус ответа: 200
2025-10-30 21:41:38,743 - INFO - [получить_кафе_в_районе] - Загружено 2 кафе со страницы 4
2025-10-30 21:41:39,244 - DEBUG - [получить_кафе_в_районе] - Запрос страницы 5 для района Преображенское
2025-10-30 21:41:39,245 - DEBUG - [_new_conn] - Starting new HTTPS connection (1): catalog.api.2gis.com:443
2025-10-30 21:41:39,628 - DEBUG - [_make_request] - https://catalog.api.2gis.com:443 "GET /3.0/items?key=50e21a4a-6241-4f9a-aff6-0b7a942be2b7&q=%D0%BA%D0%B0%D1%84%D0%B5&district_id=4504209512726584&type=branch&page=5&page_size=10&fields=items.point%2Citems.name%2Citems.address_name%2Citems.reviews HTTP/1.1" 200 133
2025-10-30 21:41:39,629 - DEBUG - [получить_кафе_в_районе] - Статус ответа: 200
2025-10-30 21:41:39,629 - WARNING - [получить_кафе_в_районе] - На странице 5 нет данных в ожидаемом формате
2025-10-30 21:41:39,630 - INFO - [получить_кафе_в_районе] - Завершение сбора для района Преображенское. Найдено кафе: 32
2025-10-30 21:41:39,632 - INFO - [<cell line: 0>] - Район 'Преображенское' завершен. Кафе: 32
2025-10-30 21:41:40,633 - INFO - [<cell line: 0>] - [85/132] Обработка района: Пресненский
2025-10-30 21:41:40,634 - INFO - [получить_кафе_в_районе] - Начало сбора кафе для района: Пресненский (ID: 4504209512726539)
2025-10-30 21:41:40,636 - DEBUG - [получить_кафе_в_районе] - Запрос страницы 1 для района Пресненский
2025-10-30 21:41:40,639 - DEBUG - [_new_conn] - Starting new HTTPS connection (1): catalog.api.2gis.com:443
2025-10-30 21:41:41,175 - DEBUG - [_make_request] - https://catalog.api.2gis.com:443 "GET /3.0/items?key=50e21a4a-6241-4f9a-aff6-0b7a942be2b7&q=%D0%BA%D0%B0%D1%84%D0%B5&district_id=4504209512726539&type=branch&page=1&page_size=10&fields=items.point%2Citems.name%2Citems.address_name%2Citems.reviews HTTP/1.1" 200 None
2025-10-30 21:41:41,176 - DEBUG - [получить_кафе_в_районе] - Статус ответа: 200
2025-10-30 21:41:41,176 - INFO - [получить_кафе_в_районе] - Загружено 10 кафе со страницы 1
2025-10-30 21:41:41,677 - DEBUG - [получить_кафе_в_районе] - Запрос страницы 2 для района Пресненский
2025-10-30 21:41:41,678 - DEBUG - [_new_conn] - Starting new HTTPS connection (1): catalog.api.2gis.com:443
2025-10-30 21:41:42,082 - DEBUG - [_make_request] - https://catalog.api.2gis.com:443 "GET /3.0/items?key=50e21a4a-6241-4f9a-aff6-0b7a942be2b7&q=%D0%BA%D0%B0%D1%84%D0%B5&district_id=4504209512726539&type=branch&page=2&page_size=10&fields=items.point%2Citems.name%2Citems.address_name%2Citems.reviews HTTP/1.1" 200 None
2025-10-30 21:41:42,083 - DEBUG - [получить_кафе_в_районе] - Статус ответа: 200
2025-10-30 21:41:42,083 - INFO - [получить_кафе_в_районе] - Загружено 10 кафе со страницы 2
2025-10-30 21:41:42,584 - DEBUG - [получить_кафе_в_районе] - Запрос страницы 3 для района Пресненский
2025-10-30 21:41:42,586 - DEBUG - [_new_conn] - Starting new HTTPS connection (1): catalog.api.2gis.com:443
2025-10-30 21:41:43,115 - DEBUG - [_make_request] - https://catalog.api.2gis.com:443 "GET /3.0/items?key=50e21a4a-6241-4f9a-aff6-0b7a942be2b7&q=%D0%BA%D0%B0%D1%84%D0%B5&district_id=4504209512726539&type=branch&page=3&page_size=10&fields=items.point%2Citems.name%2Citems.address_name%2Citems.reviews HTTP/1.1" 200 None
2025-10-30 21:41:43,116 - DEBUG - [получить_кафе_в_районе] - Статус ответа: 200
2025-10-30 21:41:43,117 - INFO - [получить_кафе_в_районе] - Загружено 10 кафе со страницы 3
2025-10-30 21:41:43,618 - DEBUG - [получить_кафе_в_районе] - Запрос страницы 4 для района Пресненский
2025-10-30 21:41:43,619 - DEBUG - [_new_conn] - Starting new HTTPS connection (1): catalog.api.2gis.com:443
2025-10-30 21:41:44,038 - DEBUG - [_make_request] - https://catalog.api.2gis.com:443 "GET /3.0/items?key=50e21a4a-6241-4f9a-aff6-0b7a942be2b7&q=%D0%BA%D0%B0%D1%84%D0%B5&district_id=4504209512726539&type=branch&page=4&page_size=10&fields=items.point%2Citems.name%2Citems.address_name%2Citems.reviews HTTP/1.1" 200 None
2025-10-30 21:41:44,039 - DEBUG - [получить_кафе_в_районе] - Статус ответа: 200
2025-10-30 21:41:44,039 - INFO - [получить_кафе_в_районе] - Загружено 10 кафе со страницы 4
2025-10-30 21:41:44,540 - DEBUG - [получить_кафе_в_районе] - Запрос страницы 5 для района Пресненский
2025-10-30 21:41:44,541 - DEBUG - [_new_conn] - Starting new HTTPS connection (1): catalog.api.2gis.com:443
2025-10-30 21:41:44,947 - DEBUG - [_make_request] - https://catalog.api.2gis.com:443 "GET /3.0/items?key=50e21a4a-6241-4f9a-aff6-0b7a942be2b7&q=%D0%BA%D0%B0%D1%84%D0%B5&district_id=4504209512726539&type=branch&page=5&page_size=10&fields=items.point%2Citems.name%2Citems.address_name%2Citems.reviews HTTP/1.1" 200 None
2025-10-30 21:41:44,948 - DEBUG - [получить_кафе_в_районе] - Статус ответа: 200
2025-10-30 21:41:44,949 - INFO - [получить_кафе_в_районе] - Загружено 10 кафе со страницы 5
2025-10-30 21:41:44,949 - INFO - [получить_кафе_в_районе] - Завершение сбора для района Пресненский. Найдено кафе: 50
2025-10-30 21:41:44,952 - INFO - [<cell line: 0>] - Район 'Пресненский' завершен. Кафе: 50
2025-10-30 21:41:45,953 - INFO - [<cell line: 0>] - [86/132] Обработка района: Проспект Вернадского
2025-10-30 21:41:45,954 - INFO - [получить_кафе_в_районе] - Начало сбора кафе для района: Проспект Вернадского (ID: 4504209512726631)
2025-10-30 21:41:45,956 - DEBUG - [получить_кафе_в_районе] - Запрос страницы 1 для района Проспект Вернадского
2025-10-30 21:41:45,958 - DEBUG - [_new_conn] - Starting new HTTPS connection (1): catalog.api.2gis.com:443
2025-10-30 21:41:46,367 - DEBUG - [_make_request] - https://catalog.api.2gis.com:443 "GET /3.0/items?key=50e21a4a-6241-4f9a-aff6-0b7a942be2b7&q=%D0%BA%D0%B0%D1%84%D0%B5&district_id=4504209512726631&type=branch&page=1&page_size=10&fields=items.point%2Citems.name%2Citems.address_name%2Citems.reviews HTTP/1.1" 200 None
2025-10-30 21:41:46,368 - DEBUG - [получить_кафе_в_районе] - Статус ответа: 200
2025-10-30 21:41:46,368 - INFO - [получить_кафе_в_районе] - Загружено 10 кафе со страницы 1
2025-10-30 21:41:46,869 - DEBUG - [получить_кафе_в_районе] - Запрос страницы 2 для района Проспект Вернадского
2025-10-30 21:41:46,870 - DEBUG - [_new_conn] - Starting new HTTPS connection (1): catalog.api.2gis.com:443
2025-10-30 21:41:47,259 - DEBUG - [_make_request] - https://catalog.api.2gis.com:443 "GET /3.0/items?key=50e21a4a-6241-4f9a-aff6-0b7a942be2b7&q=%D0%BA%D0%B0%D1%84%D0%B5&district_id=4504209512726631&type=branch&page=2&page_size=10&fields=items.point%2Citems.name%2Citems.address_name%2Citems.reviews HTTP/1.1" 200 None
2025-10-30 21:41:47,260 - DEBUG - [получить_кафе_в_районе] - Статус ответа: 200
2025-10-30 21:41:47,260 - INFO - [получить_кафе_в_районе] - Загружено 10 кафе со страницы 2
2025-10-30 21:41:47,762 - DEBUG - [получить_кафе_в_районе] - Запрос страницы 3 для района Проспект Вернадского
2025-10-30 21:41:47,763 - DEBUG - [_new_conn] - Starting new HTTPS connection (1): catalog.api.2gis.com:443
2025-10-30 21:41:48,148 - DEBUG - [_make_request] - https://catalog.api.2gis.com:443 "GET /3.0/items?key=50e21a4a-6241-4f9a-aff6-0b7a942be2b7&q=%D0%BA%D0%B0%D1%84%D0%B5&district_id=4504209512726631&type=branch&page=3&page_size=10&fields=items.point%2Citems.name%2Citems.address_name%2Citems.reviews HTTP/1.1" 200 None
2025-10-30 21:41:48,149 - DEBUG - [получить_кафе_в_районе] - Статус ответа: 200
2025-10-30 21:41:48,149 - INFO - [получить_кафе_в_районе] - Загружено 2 кафе со страницы 3
2025-10-30 21:41:48,651 - DEBUG - [получить_кафе_в_районе] - Запрос страницы 4 для района Проспект Вернадского
2025-10-30 21:41:48,652 - DEBUG - [_new_conn] - Starting new HTTPS connection (1): catalog.api.2gis.com:443
2025-10-30 21:41:49,033 - DEBUG - [_make_request] - https://catalog.api.2gis.com:443 "GET /3.0/items?key=50e21a4a-6241-4f9a-aff6-0b7a942be2b7&q=%D0%BA%D0%B0%D1%84%D0%B5&district_id=4504209512726631&type=branch&page=4&page_size=10&fields=items.point%2Citems.name%2Citems.address_name%2Citems.reviews HTTP/1.1" 200 133
2025-10-30 21:41:49,035 - DEBUG - [получить_кафе_в_районе] - Статус ответа: 200
2025-10-30 21:41:49,035 - WARNING - [получить_кафе_в_районе] - На странице 4 нет данных в ожидаемом формате
2025-10-30 21:41:49,536 - DEBUG - [получить_кафе_в_районе] - Запрос страницы 5 для района Проспект Вернадского
2025-10-30 21:41:49,537 - DEBUG - [_new_conn] - Starting new HTTPS connection (1): catalog.api.2gis.com:443
2025-10-30 21:41:49,918 - DEBUG - [_make_request] - https://catalog.api.2gis.com:443 "GET /3.0/items?key=50e21a4a-6241-4f9a-aff6-0b7a942be2b7&q=%D0%BA%D0%B0%D1%84%D0%B5&district_id=4504209512726631&type=branch&page=5&page_size=10&fields=items.point%2Citems.name%2Citems.address_name%2Citems.reviews HTTP/1.1" 200 133
2025-10-30 21:41:49,919 - DEBUG - [получить_кафе_в_районе] - Статус ответа: 200
2025-10-30 21:41:49,919 - WARNING - [получить_кафе_в_районе] - На странице 5 нет данных в ожидаемом формате
2025-10-30 21:41:49,919 - INFO - [получить_кафе_в_районе] - Завершение сбора для района Проспект Вернадского. Найдено кафе: 22
2025-10-30 21:41:49,921 - INFO - [<cell line: 0>] - Район 'Проспект Вернадского' завершен. Кафе: 22
2025-10-30 21:41:50,922 - INFO - [<cell line: 0>] - [87/132] Обработка района: Раменки
2025-10-30 21:41:50,923 - INFO - [получить_кафе_в_районе] - Начало сбора кафе для района: Раменки (ID: 4504209512726639)
2025-10-30 21:41:50,924 - DEBUG - [получить_кафе_в_районе] - Запрос страницы 1 для района Раменки
2025-10-30 21:41:50,925 - DEBUG - [_new_conn] - Starting new HTTPS connection (1): catalog.api.2gis.com:443
2025-10-30 21:41:51,333 - DEBUG - [_make_request] - https://catalog.api.2gis.com:443 "GET /3.0/items?key=50e21a4a-6241-4f9a-aff6-0b7a942be2b7&q=%D0%BA%D0%B0%D1%84%D0%B5&district_id=4504209512726639&type=branch&page=1&page_size=10&fields=items.point%2Citems.name%2Citems.address_name%2Citems.reviews HTTP/1.1" 200 None
2025-10-30 21:41:51,334 - DEBUG - [получить_кафе_в_районе] - Статус ответа: 200
2025-10-30 21:41:51,335 - INFO - [получить_кафе_в_районе] - Загружено 10 кафе со страницы 1
2025-10-30 21:41:51,836 - DEBUG - [получить_кафе_в_районе] - Запрос страницы 2 для района Раменки
2025-10-30 21:41:51,837 - DEBUG - [_new_conn] - Starting new HTTPS connection (1): catalog.api.2gis.com:443
2025-10-30 21:41:52,234 - DEBUG - [_make_request] - https://catalog.api.2gis.com:443 "GET /3.0/items?key=50e21a4a-6241-4f9a-aff6-0b7a942be2b7&q=%D0%BA%D0%B0%D1%84%D0%B5&district_id=4504209512726639&type=branch&page=2&page_size=10&fields=items.point%2Citems.name%2Citems.address_name%2Citems.reviews HTTP/1.1" 200 None
2025-10-30 21:41:52,235 - DEBUG - [получить_кафе_в_районе] - Статус ответа: 200
2025-10-30 21:41:52,235 - INFO - [получить_кафе_в_районе] - Загружено 10 кафе со страницы 2
2025-10-30 21:41:52,736 - DEBUG - [получить_кафе_в_районе] - Запрос страницы 3 для района Раменки
2025-10-30 21:41:52,737 - DEBUG - [_new_conn] - Starting new HTTPS connection (1): catalog.api.2gis.com:443
2025-10-30 21:41:53,149 - DEBUG - [_make_request] - https://catalog.api.2gis.com:443 "GET /3.0/items?key=50e21a4a-6241-4f9a-aff6-0b7a942be2b7&q=%D0%BA%D0%B0%D1%84%D0%B5&district_id=4504209512726639&type=branch&page=3&page_size=10&fields=items.point%2Citems.name%2Citems.address_name%2Citems.reviews HTTP/1.1" 200 None
2025-10-30 21:41:53,150 - DEBUG - [получить_кафе_в_районе] - Статус ответа: 200
2025-10-30 21:41:53,150 - INFO - [получить_кафе_в_районе] - Загружено 10 кафе со страницы 3
2025-10-30 21:41:53,651 - DEBUG - [получить_кафе_в_районе] - Запрос страницы 4 для района Раменки
2025-10-30 21:41:53,652 - DEBUG - [_new_conn] - Starting new HTTPS connection (1): catalog.api.2gis.com:443
2025-10-30 21:41:54,038 - DEBUG - [_make_request] - https://catalog.api.2gis.com:443 "GET /3.0/items?key=50e21a4a-6241-4f9a-aff6-0b7a942be2b7&q=%D0%BA%D0%B0%D1%84%D0%B5&district_id=4504209512726639&type=branch&page=4&page_size=10&fields=items.point%2Citems.name%2Citems.address_name%2Citems.reviews HTTP/1.1" 200 None
2025-10-30 21:41:54,039 - DEBUG - [получить_кафе_в_районе] - Статус ответа: 200
2025-10-30 21:41:54,039 - INFO - [получить_кафе_в_районе] - Загружено 10 кафе со страницы 4
2025-10-30 21:41:54,540 - DEBUG - [получить_кафе_в_районе] - Запрос страницы 5 для района Раменки
2025-10-30 21:41:54,541 - DEBUG - [_new_conn] - Starting new HTTPS connection (1): catalog.api.2gis.com:443
2025-10-30 21:41:54,924 - DEBUG - [_make_request] - https://catalog.api.2gis.com:443 "GET /3.0/items?key=50e21a4a-6241-4f9a-aff6-0b7a942be2b7&q=%D0%BA%D0%B0%D1%84%D0%B5&district_id=4504209512726639&type=branch&page=5&page_size=10&fields=items.point%2Citems.name%2Citems.address_name%2Citems.reviews HTTP/1.1" 200 None
2025-10-30 21:41:54,925 - DEBUG - [получить_кафе_в_районе] - Статус ответа: 200
2025-10-30 21:41:54,925 - INFO - [получить_кафе_в_районе] - Загружено 10 кафе со страницы 5
2025-10-30 21:41:54,926 - INFO - [получить_кафе_в_районе] - Завершение сбора для района Раменки. Найдено кафе: 50
2025-10-30 21:41:54,927 - INFO - [<cell line: 0>] - Район 'Раменки' завершен. Кафе: 50
2025-10-30 21:41:55,928 - INFO - [<cell line: 0>] - [88/132] Обработка района: Ростокино
2025-10-30 21:41:55,929 - INFO - [получить_кафе_в_районе] - Начало сбора кафе для района: Ростокино (ID: 4504209512726558)
2025-10-30 21:41:55,930 - DEBUG - [получить_кафе_в_районе] - Запрос страницы 1 для района Ростокино
2025-10-30 21:41:55,932 - DEBUG - [_new_conn] - Starting new HTTPS connection (1): catalog.api.2gis.com:443
2025-10-30 21:41:56,328 - DEBUG - [_make_request] - https://catalog.api.2gis.com:443 "GET /3.0/items?key=50e21a4a-6241-4f9a-aff6-0b7a942be2b7&q=%D0%BA%D0%B0%D1%84%D0%B5&district_id=4504209512726558&type=branch&page=1&page_size=10&fields=items.point%2Citems.name%2Citems.address_name%2Citems.reviews HTTP/1.1" 200 None
2025-10-30 21:41:56,329 - DEBUG - [получить_кафе_в_районе] - Статус ответа: 200
2025-10-30 21:41:56,329 - INFO - [получить_кафе_в_районе] - Загружено 10 кафе со страницы 1
2025-10-30 21:41:56,830 - DEBUG - [получить_кафе_в_районе] - Запрос страницы 2 для района Ростокино
2025-10-30 21:41:56,831 - DEBUG - [_new_conn] - Starting new HTTPS connection (1): catalog.api.2gis.com:443
2025-10-30 21:41:57,213 - DEBUG - [_make_request] - https://catalog.api.2gis.com:443 "GET /3.0/items?key=50e21a4a-6241-4f9a-aff6-0b7a942be2b7&q=%D0%BA%D0%B0%D1%84%D0%B5&district_id=4504209512726558&type=branch&page=2&page_size=10&fields=items.point%2Citems.name%2Citems.address_name%2Citems.reviews HTTP/1.1" 200 None
2025-10-30 21:41:57,214 - DEBUG - [получить_кафе_в_районе] - Статус ответа: 200
2025-10-30 21:41:57,215 - INFO - [получить_кафе_в_районе] - Загружено 3 кафе со страницы 2
2025-10-30 21:41:57,716 - DEBUG - [получить_кафе_в_районе] - Запрос страницы 3 для района Ростокино
2025-10-30 21:41:57,717 - DEBUG - [_new_conn] - Starting new HTTPS connection (1): catalog.api.2gis.com:443
2025-10-30 21:41:58,108 - DEBUG - [_make_request] - https://catalog.api.2gis.com:443 "GET /3.0/items?key=50e21a4a-6241-4f9a-aff6-0b7a942be2b7&q=%D0%BA%D0%B0%D1%84%D0%B5&district_id=4504209512726558&type=branch&page=3&page_size=10&fields=items.point%2Citems.name%2Citems.address_name%2Citems.reviews HTTP/1.1" 200 133
2025-10-30 21:41:58,109 - DEBUG - [получить_кафе_в_районе] - Статус ответа: 200
2025-10-30 21:41:58,110 - WARNING - [получить_кафе_в_районе] - На странице 3 нет данных в ожидаемом формате
2025-10-30 21:41:58,611 - DEBUG - [получить_кафе_в_районе] - Запрос страницы 4 для района Ростокино
2025-10-30 21:41:58,612 - DEBUG - [_new_conn] - Starting new HTTPS connection (1): catalog.api.2gis.com:443
2025-10-30 21:41:58,991 - DEBUG - [_make_request] - https://catalog.api.2gis.com:443 "GET /3.0/items?key=50e21a4a-6241-4f9a-aff6-0b7a942be2b7&q=%D0%BA%D0%B0%D1%84%D0%B5&district_id=4504209512726558&type=branch&page=4&page_size=10&fields=items.point%2Citems.name%2Citems.address_name%2Citems.reviews HTTP/1.1" 200 133
2025-10-30 21:41:58,992 - DEBUG - [получить_кафе_в_районе] - Статус ответа: 200
2025-10-30 21:41:58,992 - WARNING - [получить_кафе_в_районе] - На странице 4 нет данных в ожидаемом формате
2025-10-30 21:41:59,492 - DEBUG - [получить_кафе_в_районе] - Запрос страницы 5 для района Ростокино
2025-10-30 21:41:59,494 - DEBUG - [_new_conn] - Starting new HTTPS connection (1): catalog.api.2gis.com:443
2025-10-30 21:41:59,873 - DEBUG - [_make_request] - https://catalog.api.2gis.com:443 "GET /3.0/items?key=50e21a4a-6241-4f9a-aff6-0b7a942be2b7&q=%D0%BA%D0%B0%D1%84%D0%B5&district_id=4504209512726558&type=branch&page=5&page_size=10&fields=items.point%2Citems.name%2Citems.address_name%2Citems.reviews HTTP/1.1" 200 133
2025-10-30 21:41:59,874 - DEBUG - [получить_кафе_в_районе] - Статус ответа: 200
2025-10-30 21:41:59,874 - WARNING - [получить_кафе_в_районе] - На странице 5 нет данных в ожидаемом формате
2025-10-30 21:41:59,875 - INFO - [получить_кафе_в_районе] - Завершение сбора для района Ростокино. Найдено кафе: 13
2025-10-30 21:41:59,876 - INFO - [<cell line: 0>] - Район 'Ростокино' завершен. Кафе: 13
2025-10-30 21:42:00,877 - INFO - [<cell line: 0>] - [89/132] Обработка района: Рязанский
2025-10-30 21:42:00,878 - INFO - [получить_кафе_в_районе] - Начало сбора кафе для района: Рязанский (ID: 4504209512726595)
2025-10-30 21:42:00,879 - DEBUG - [получить_кафе_в_районе] - Запрос страницы 1 для района Рязанский
2025-10-30 21:42:00,880 - DEBUG - [_new_conn] - Starting new HTTPS connection (1): catalog.api.2gis.com:443
2025-10-30 21:42:01,271 - DEBUG - [_make_request] - https://catalog.api.2gis.com:443 "GET /3.0/items?key=50e21a4a-6241-4f9a-aff6-0b7a942be2b7&q=%D0%BA%D0%B0%D1%84%D0%B5&district_id=4504209512726595&type=branch&page=1&page_size=10&fields=items.point%2Citems.name%2Citems.address_name%2Citems.reviews HTTP/1.1" 200 None
2025-10-30 21:42:01,272 - DEBUG - [получить_кафе_в_районе] - Статус ответа: 200
2025-10-30 21:42:01,272 - INFO - [получить_кафе_в_районе] - Загружено 10 кафе со страницы 1
2025-10-30 21:42:01,773 - DEBUG - [получить_кафе_в_районе] - Запрос страницы 2 для района Рязанский
2025-10-30 21:42:01,774 - DEBUG - [_new_conn] - Starting new HTTPS connection (1): catalog.api.2gis.com:443
2025-10-30 21:42:02,165 - DEBUG - [_make_request] - https://catalog.api.2gis.com:443 "GET /3.0/items?key=50e21a4a-6241-4f9a-aff6-0b7a942be2b7&q=%D0%BA%D0%B0%D1%84%D0%B5&district_id=4504209512726595&type=branch&page=2&page_size=10&fields=items.point%2Citems.name%2Citems.address_name%2Citems.reviews HTTP/1.1" 200 None
2025-10-30 21:42:02,167 - DEBUG - [получить_кафе_в_районе] - Статус ответа: 200
2025-10-30 21:42:02,167 - INFO - [получить_кафе_в_районе] - Загружено 10 кафе со страницы 2
2025-10-30 21:42:02,668 - DEBUG - [получить_кафе_в_районе] - Запрос страницы 3 для района Рязанский
2025-10-30 21:42:02,669 - DEBUG - [_new_conn] - Starting new HTTPS connection (1): catalog.api.2gis.com:443
2025-10-30 21:42:03,072 - DEBUG - [_make_request] - https://catalog.api.2gis.com:443 "GET /3.0/items?key=50e21a4a-6241-4f9a-aff6-0b7a942be2b7&q=%D0%BA%D0%B0%D1%84%D0%B5&district_id=4504209512726595&type=branch&page=3&page_size=10&fields=items.point%2Citems.name%2Citems.address_name%2Citems.reviews HTTP/1.1" 200 None
2025-10-30 21:42:03,073 - DEBUG - [получить_кафе_в_районе] - Статус ответа: 200
2025-10-30 21:42:03,073 - INFO - [получить_кафе_в_районе] - Загружено 10 кафе со страницы 3
2025-10-30 21:42:03,574 - DEBUG - [получить_кафе_в_районе] - Запрос страницы 4 для района Рязанский
2025-10-30 21:42:03,576 - DEBUG - [_new_conn] - Starting new HTTPS connection (1): catalog.api.2gis.com:443
2025-10-30 21:42:03,958 - DEBUG - [_make_request] - https://catalog.api.2gis.com:443 "GET /3.0/items?key=50e21a4a-6241-4f9a-aff6-0b7a942be2b7&q=%D0%BA%D0%B0%D1%84%D0%B5&district_id=4504209512726595&type=branch&page=4&page_size=10&fields=items.point%2Citems.name%2Citems.address_name%2Citems.reviews HTTP/1.1" 200 None
2025-10-30 21:42:03,959 - DEBUG - [получить_кафе_в_районе] - Статус ответа: 200
2025-10-30 21:42:03,959 - INFO - [получить_кафе_в_районе] - Загружено 4 кафе со страницы 4
2025-10-30 21:42:04,460 - DEBUG - [получить_кафе_в_районе] - Запрос страницы 5 для района Рязанский
2025-10-30 21:42:04,461 - DEBUG - [_new_conn] - Starting new HTTPS connection (1): catalog.api.2gis.com:443
2025-10-30 21:42:04,856 - DEBUG - [_make_request] - https://catalog.api.2gis.com:443 "GET /3.0/items?key=50e21a4a-6241-4f9a-aff6-0b7a942be2b7&q=%D0%BA%D0%B0%D1%84%D0%B5&district_id=4504209512726595&type=branch&page=5&page_size=10&fields=items.point%2Citems.name%2Citems.address_name%2Citems.reviews HTTP/1.1" 200 133
2025-10-30 21:42:04,857 - DEBUG - [получить_кафе_в_районе] - Статус ответа: 200
2025-10-30 21:42:04,857 - WARNING - [получить_кафе_в_районе] - На странице 5 нет данных в ожидаемом формате
2025-10-30 21:42:04,857 - INFO - [получить_кафе_в_районе] - Завершение сбора для района Рязанский. Найдено кафе: 34
2025-10-30 21:42:04,859 - INFO - [<cell line: 0>] - Район 'Рязанский' завершен. Кафе: 34
2025-10-30 21:42:05,860 - INFO - [<cell line: 0>] - [90/132] Обработка района: Савёлки
2025-10-30 21:42:05,861 - INFO - [получить_кафе_в_районе] - Начало сбора кафе для района: Савёлки (ID: 4504209512726658)
2025-10-30 21:42:05,862 - DEBUG - [получить_кафе_в_районе] - Запрос страницы 1 для района Савёлки
2025-10-30 21:42:05,864 - DEBUG - [_new_conn] - Starting new HTTPS connection (1): catalog.api.2gis.com:443
2025-10-30 21:42:06,248 - DEBUG - [_make_request] - https://catalog.api.2gis.com:443 "GET /3.0/items?key=50e21a4a-6241-4f9a-aff6-0b7a942be2b7&q=%D0%BA%D0%B0%D1%84%D0%B5&district_id=4504209512726658&type=branch&page=1&page_size=10&fields=items.point%2Citems.name%2Citems.address_name%2Citems.reviews HTTP/1.1" 200 None
2025-10-30 21:42:06,249 - DEBUG - [получить_кафе_в_районе] - Статус ответа: 200
2025-10-30 21:42:06,249 - INFO - [получить_кафе_в_районе] - Загружено 10 кафе со страницы 1
2025-10-30 21:42:06,750 - DEBUG - [получить_кафе_в_районе] - Запрос страницы 2 для района Савёлки
2025-10-30 21:42:06,751 - DEBUG - [_new_conn] - Starting new HTTPS connection (1): catalog.api.2gis.com:443
2025-10-30 21:42:07,159 - DEBUG - [_make_request] - https://catalog.api.2gis.com:443 "GET /3.0/items?key=50e21a4a-6241-4f9a-aff6-0b7a942be2b7&q=%D0%BA%D0%B0%D1%84%D0%B5&district_id=4504209512726658&type=branch&page=2&page_size=10&fields=items.point%2Citems.name%2Citems.address_name%2Citems.reviews HTTP/1.1" 200 None
2025-10-30 21:42:07,160 - DEBUG - [получить_кафе_в_районе] - Статус ответа: 200
2025-10-30 21:42:07,161 - INFO - [получить_кафе_в_районе] - Загружено 9 кафе со страницы 2
2025-10-30 21:42:07,662 - DEBUG - [получить_кафе_в_районе] - Запрос страницы 3 для района Савёлки
2025-10-30 21:42:07,663 - DEBUG - [_new_conn] - Starting new HTTPS connection (1): catalog.api.2gis.com:443
2025-10-30 21:42:08,048 - DEBUG - [_make_request] - https://catalog.api.2gis.com:443 "GET /3.0/items?key=50e21a4a-6241-4f9a-aff6-0b7a942be2b7&q=%D0%BA%D0%B0%D1%84%D0%B5&district_id=4504209512726658&type=branch&page=3&page_size=10&fields=items.point%2Citems.name%2Citems.address_name%2Citems.reviews HTTP/1.1" 200 133
2025-10-30 21:42:08,049 - DEBUG - [получить_кафе_в_районе] - Статус ответа: 200
2025-10-30 21:42:08,049 - WARNING - [получить_кафе_в_районе] - На странице 3 нет данных в ожидаемом формате
2025-10-30 21:42:08,550 - DEBUG - [получить_кафе_в_районе] - Запрос страницы 4 для района Савёлки
2025-10-30 21:42:08,551 - DEBUG - [_new_conn] - Starting new HTTPS connection (1): catalog.api.2gis.com:443
2025-10-30 21:42:08,934 - DEBUG - [_make_request] - https://catalog.api.2gis.com:443 "GET /3.0/items?key=50e21a4a-6241-4f9a-aff6-0b7a942be2b7&q=%D0%BA%D0%B0%D1%84%D0%B5&district_id=4504209512726658&type=branch&page=4&page_size=10&fields=items.point%2Citems.name%2Citems.address_name%2Citems.reviews HTTP/1.1" 200 133
2025-10-30 21:42:08,935 - DEBUG - [получить_кафе_в_районе] - Статус ответа: 200
2025-10-30 21:42:08,936 - WARNING - [получить_кафе_в_районе] - На странице 4 нет данных в ожидаемом формате
2025-10-30 21:42:09,437 - DEBUG - [получить_кафе_в_районе] - Запрос страницы 5 для района Савёлки
2025-10-30 21:42:09,438 - DEBUG - [_new_conn] - Starting new HTTPS connection (1): catalog.api.2gis.com:443
2025-10-30 21:42:09,820 - DEBUG - [_make_request] - https://catalog.api.2gis.com:443 "GET /3.0/items?key=50e21a4a-6241-4f9a-aff6-0b7a942be2b7&q=%D0%BA%D0%B0%D1%84%D0%B5&district_id=4504209512726658&type=branch&page=5&page_size=10&fields=items.point%2Citems.name%2Citems.address_name%2Citems.reviews HTTP/1.1" 200 133
2025-10-30 21:42:09,820 - DEBUG - [получить_кафе_в_районе] - Статус ответа: 200
2025-10-30 21:42:09,821 - WARNING - [получить_кафе_в_районе] - На странице 5 нет данных в ожидаемом формате
2025-10-30 21:42:09,821 - INFO - [получить_кафе_в_районе] - Завершение сбора для района Савёлки. Найдено кафе: 19
2025-10-30 21:42:09,824 - INFO - [<cell line: 0>] - Район 'Савёлки' завершен. Кафе: 19
2025-10-30 21:42:10,825 - INFO - [<cell line: 0>] - [91/132] Обработка района: Савёловский
2025-10-30 21:42:10,826 - INFO - [получить_кафе_в_районе] - Начало сбора кафе для района: Савёловский (ID: 4504209512726548)
2025-10-30 21:42:10,827 - DEBUG - [получить_кафе_в_районе] - Запрос страницы 1 для района Савёловский
2025-10-30 21:42:10,829 - DEBUG - [_new_conn] - Starting new HTTPS connection (1): catalog.api.2gis.com:443
2025-10-30 21:42:11,342 - DEBUG - [_make_request] - https://catalog.api.2gis.com:443 "GET /3.0/items?key=50e21a4a-6241-4f9a-aff6-0b7a942be2b7&q=%D0%BA%D0%B0%D1%84%D0%B5&district_id=4504209512726548&type=branch&page=1&page_size=10&fields=items.point%2Citems.name%2Citems.address_name%2Citems.reviews HTTP/1.1" 200 None
2025-10-30 21:42:11,343 - DEBUG - [получить_кафе_в_районе] - Статус ответа: 200
2025-10-30 21:42:11,344 - INFO - [получить_кафе_в_районе] - Загружено 10 кафе со страницы 1
2025-10-30 21:42:11,845 - DEBUG - [получить_кафе_в_районе] - Запрос страницы 2 для района Савёловский
2025-10-30 21:42:11,846 - DEBUG - [_new_conn] - Starting new HTTPS connection (1): catalog.api.2gis.com:443
2025-10-30 21:42:12,252 - DEBUG - [_make_request] - https://catalog.api.2gis.com:443 "GET /3.0/items?key=50e21a4a-6241-4f9a-aff6-0b7a942be2b7&q=%D0%BA%D0%B0%D1%84%D0%B5&district_id=4504209512726548&type=branch&page=2&page_size=10&fields=items.point%2Citems.name%2Citems.address_name%2Citems.reviews HTTP/1.1" 200 None
2025-10-30 21:42:12,254 - DEBUG - [получить_кафе_в_районе] - Статус ответа: 200
2025-10-30 21:42:12,254 - INFO - [получить_кафе_в_районе] - Загружено 10 кафе со страницы 2
2025-10-30 21:42:12,755 - DEBUG - [получить_кафе_в_районе] - Запрос страницы 3 для района Савёловский
2025-10-30 21:42:12,757 - DEBUG - [_new_conn] - Starting new HTTPS connection (1): catalog.api.2gis.com:443
2025-10-30 21:42:13,273 - DEBUG - [_make_request] - https://catalog.api.2gis.com:443 "GET /3.0/items?key=50e21a4a-6241-4f9a-aff6-0b7a942be2b7&q=%D0%BA%D0%B0%D1%84%D0%B5&district_id=4504209512726548&type=branch&page=3&page_size=10&fields=items.point%2Citems.name%2Citems.address_name%2Citems.reviews HTTP/1.1" 200 None
2025-10-30 21:42:13,273 - DEBUG - [получить_кафе_в_районе] - Статус ответа: 200
2025-10-30 21:42:13,274 - INFO - [получить_кафе_в_районе] - Загружено 9 кафе со страницы 3
2025-10-30 21:42:13,775 - DEBUG - [получить_кафе_в_районе] - Запрос страницы 4 для района Савёловский
2025-10-30 21:42:13,776 - DEBUG - [_new_conn] - Starting new HTTPS connection (1): catalog.api.2gis.com:443
2025-10-30 21:42:14,161 - DEBUG - [_make_request] - https://catalog.api.2gis.com:443 "GET /3.0/items?key=50e21a4a-6241-4f9a-aff6-0b7a942be2b7&q=%D0%BA%D0%B0%D1%84%D0%B5&district_id=4504209512726548&type=branch&page=4&page_size=10&fields=items.point%2Citems.name%2Citems.address_name%2Citems.reviews HTTP/1.1" 200 133
2025-10-30 21:42:14,162 - DEBUG - [получить_кафе_в_районе] - Статус ответа: 200
2025-10-30 21:42:14,162 - WARNING - [получить_кафе_в_районе] - На странице 4 нет данных в ожидаемом формате
2025-10-30 21:42:14,663 - DEBUG - [получить_кафе_в_районе] - Запрос страницы 5 для района Савёловский
2025-10-30 21:42:14,664 - DEBUG - [_new_conn] - Starting new HTTPS connection (1): catalog.api.2gis.com:443
2025-10-30 21:42:15,048 - DEBUG - [_make_request] - https://catalog.api.2gis.com:443 "GET /3.0/items?key=50e21a4a-6241-4f9a-aff6-0b7a942be2b7&q=%D0%BA%D0%B0%D1%84%D0%B5&district_id=4504209512726548&type=branch&page=5&page_size=10&fields=items.point%2Citems.name%2Citems.address_name%2Citems.reviews HTTP/1.1" 200 133
2025-10-30 21:42:15,049 - DEBUG - [получить_кафе_в_районе] - Статус ответа: 200
2025-10-30 21:42:15,049 - WARNING - [получить_кафе_в_районе] - На странице 5 нет данных в ожидаемом формате
2025-10-30 21:42:15,050 - INFO - [получить_кафе_в_районе] - Завершение сбора для района Савёловский. Найдено кафе: 29
2025-10-30 21:42:15,051 - INFO - [<cell line: 0>] - Район 'Савёловский' завершен. Кафе: 29
2025-10-30 21:42:16,053 - INFO - [<cell line: 0>] - [92/132] Обработка района: Свиблово
2025-10-30 21:42:16,054 - INFO - [получить_кафе_в_районе] - Начало сбора кафе для района: Свиблово (ID: 4504209512726563)
2025-10-30 21:42:16,056 - DEBUG - [получить_кафе_в_районе] - Запрос страницы 1 для района Свиблово
2025-10-30 21:42:16,058 - DEBUG - [_new_conn] - Starting new HTTPS connection (1): catalog.api.2gis.com:443
2025-10-30 21:42:16,463 - DEBUG - [_make_request] - https://catalog.api.2gis.com:443 "GET /3.0/items?key=50e21a4a-6241-4f9a-aff6-0b7a942be2b7&q=%D0%BA%D0%B0%D1%84%D0%B5&district_id=4504209512726563&type=branch&page=1&page_size=10&fields=items.point%2Citems.name%2Citems.address_name%2Citems.reviews HTTP/1.1" 200 None
2025-10-30 21:42:16,464 - DEBUG - [получить_кафе_в_районе] - Статус ответа: 200
2025-10-30 21:42:16,464 - INFO - [получить_кафе_в_районе] - Загружено 10 кафе со страницы 1
2025-10-30 21:42:16,965 - DEBUG - [получить_кафе_в_районе] - Запрос страницы 2 для района Свиблово
2025-10-30 21:42:16,967 - DEBUG - [_new_conn] - Starting new HTTPS connection (1): catalog.api.2gis.com:443
2025-10-30 21:42:17,363 - DEBUG - [_make_request] - https://catalog.api.2gis.com:443 "GET /3.0/items?key=50e21a4a-6241-4f9a-aff6-0b7a942be2b7&q=%D0%BA%D0%B0%D1%84%D0%B5&district_id=4504209512726563&type=branch&page=2&page_size=10&fields=items.point%2Citems.name%2Citems.address_name%2Citems.reviews HTTP/1.1" 200 None
2025-10-30 21:42:17,364 - DEBUG - [получить_кафе_в_районе] - Статус ответа: 200
2025-10-30 21:42:17,364 - INFO - [получить_кафе_в_районе] - Загружено 10 кафе со страницы 2
2025-10-30 21:42:17,865 - DEBUG - [получить_кафе_в_районе] - Запрос страницы 3 для района Свиблово
2025-10-30 21:42:17,866 - DEBUG - [_new_conn] - Starting new HTTPS connection (1): catalog.api.2gis.com:443
2025-10-30 21:42:18,252 - DEBUG - [_make_request] - https://catalog.api.2gis.com:443 "GET /3.0/items?key=50e21a4a-6241-4f9a-aff6-0b7a942be2b7&q=%D0%BA%D0%B0%D1%84%D0%B5&district_id=4504209512726563&type=branch&page=3&page_size=10&fields=items.point%2Citems.name%2Citems.address_name%2Citems.reviews HTTP/1.1" 200 None
2025-10-30 21:42:18,253 - DEBUG - [получить_кафе_в_районе] - Статус ответа: 200
2025-10-30 21:42:18,253 - INFO - [получить_кафе_в_районе] - Загружено 6 кафе со страницы 3
2025-10-30 21:42:18,754 - DEBUG - [получить_кафе_в_районе] - Запрос страницы 4 для района Свиблово
2025-10-30 21:42:18,755 - DEBUG - [_new_conn] - Starting new HTTPS connection (1): catalog.api.2gis.com:443
2025-10-30 21:42:19,135 - DEBUG - [_make_request] - https://catalog.api.2gis.com:443 "GET /3.0/items?key=50e21a4a-6241-4f9a-aff6-0b7a942be2b7&q=%D0%BA%D0%B0%D1%84%D0%B5&district_id=4504209512726563&type=branch&page=4&page_size=10&fields=items.point%2Citems.name%2Citems.address_name%2Citems.reviews HTTP/1.1" 200 133
2025-10-30 21:42:19,136 - DEBUG - [получить_кафе_в_районе] - Статус ответа: 200
2025-10-30 21:42:19,136 - WARNING - [получить_кафе_в_районе] - На странице 4 нет данных в ожидаемом формате
2025-10-30 21:42:19,637 - DEBUG - [получить_кафе_в_районе] - Запрос страницы 5 для района Свиблово
2025-10-30 21:42:19,638 - DEBUG - [_new_conn] - Starting new HTTPS connection (1): catalog.api.2gis.com:443
2025-10-30 21:42:20,020 - DEBUG - [_make_request] - https://catalog.api.2gis.com:443 "GET /3.0/items?key=50e21a4a-6241-4f9a-aff6-0b7a942be2b7&q=%D0%BA%D0%B0%D1%84%D0%B5&district_id=4504209512726563&type=branch&page=5&page_size=10&fields=items.point%2Citems.name%2Citems.address_name%2Citems.reviews HTTP/1.1" 200 133
2025-10-30 21:42:20,021 - DEBUG - [получить_кафе_в_районе] - Статус ответа: 200
2025-10-30 21:42:20,021 - WARNING - [получить_кафе_в_районе] - На странице 5 нет данных в ожидаемом формате
2025-10-30 21:42:20,022 - INFO - [получить_кафе_в_районе] - Завершение сбора для района Свиблово. Найдено кафе: 26
2025-10-30 21:42:20,024 - INFO - [<cell line: 0>] - Район 'Свиблово' завершен. Кафе: 26
2025-10-30 21:42:21,025 - INFO - [<cell line: 0>] - [93/132] Обработка района: Северное Бутово
2025-10-30 21:42:21,026 - INFO - [получить_кафе_в_районе] - Начало сбора кафе для района: Северное Бутово (ID: 4504209512726618)
2025-10-30 21:42:21,027 - DEBUG - [получить_кафе_в_районе] - Запрос страницы 1 для района Северное Бутово
2025-10-30 21:42:21,029 - DEBUG - [_new_conn] - Starting new HTTPS connection (1): catalog.api.2gis.com:443
2025-10-30 21:42:21,433 - DEBUG - [_make_request] - https://catalog.api.2gis.com:443 "GET /3.0/items?key=50e21a4a-6241-4f9a-aff6-0b7a942be2b7&q=%D0%BA%D0%B0%D1%84%D0%B5&district_id=4504209512726618&type=branch&page=1&page_size=10&fields=items.point%2Citems.name%2Citems.address_name%2Citems.reviews HTTP/1.1" 200 None
2025-10-30 21:42:21,433 - DEBUG - [получить_кафе_в_районе] - Статус ответа: 200
2025-10-30 21:42:21,434 - INFO - [получить_кафе_в_районе] - Загружено 10 кафе со страницы 1
2025-10-30 21:42:21,935 - DEBUG - [получить_кафе_в_районе] - Запрос страницы 2 для района Северное Бутово
2025-10-30 21:42:21,936 - DEBUG - [_new_conn] - Starting new HTTPS connection (1): catalog.api.2gis.com:443
2025-10-30 21:42:22,339 - DEBUG - [_make_request] - https://catalog.api.2gis.com:443 "GET /3.0/items?key=50e21a4a-6241-4f9a-aff6-0b7a942be2b7&q=%D0%BA%D0%B0%D1%84%D0%B5&district_id=4504209512726618&type=branch&page=2&page_size=10&fields=items.point%2Citems.name%2Citems.address_name%2Citems.reviews HTTP/1.1" 200 None
2025-10-30 21:42:22,340 - DEBUG - [получить_кафе_в_районе] - Статус ответа: 200
2025-10-30 21:42:22,340 - INFO - [получить_кафе_в_районе] - Загружено 10 кафе со страницы 2
2025-10-30 21:42:22,842 - DEBUG - [получить_кафе_в_районе] - Запрос страницы 3 для района Северное Бутово
2025-10-30 21:42:22,843 - DEBUG - [_new_conn] - Starting new HTTPS connection (1): catalog.api.2gis.com:443
2025-10-30 21:42:23,234 - DEBUG - [_make_request] - https://catalog.api.2gis.com:443 "GET /3.0/items?key=50e21a4a-6241-4f9a-aff6-0b7a942be2b7&q=%D0%BA%D0%B0%D1%84%D0%B5&district_id=4504209512726618&type=branch&page=3&page_size=10&fields=items.point%2Citems.name%2Citems.address_name%2Citems.reviews HTTP/1.1" 200 None
2025-10-30 21:42:23,235 - DEBUG - [получить_кафе_в_районе] - Статус ответа: 200
2025-10-30 21:42:23,236 - INFO - [получить_кафе_в_районе] - Загружено 1 кафе со страницы 3
2025-10-30 21:42:23,737 - DEBUG - [получить_кафе_в_районе] - Запрос страницы 4 для района Северное Бутово
2025-10-30 21:42:23,738 - DEBUG - [_new_conn] - Starting new HTTPS connection (1): catalog.api.2gis.com:443
2025-10-30 21:42:24,113 - DEBUG - [_make_request] - https://catalog.api.2gis.com:443 "GET /3.0/items?key=50e21a4a-6241-4f9a-aff6-0b7a942be2b7&q=%D0%BA%D0%B0%D1%84%D0%B5&district_id=4504209512726618&type=branch&page=4&page_size=10&fields=items.point%2Citems.name%2Citems.address_name%2Citems.reviews HTTP/1.1" 200 133
2025-10-30 21:42:24,114 - DEBUG - [получить_кафе_в_районе] - Статус ответа: 200
2025-10-30 21:42:24,114 - WARNING - [получить_кафе_в_районе] - На странице 4 нет данных в ожидаемом формате
2025-10-30 21:42:24,619 - DEBUG - [получить_кафе_в_районе] - Запрос страницы 5 для района Северное Бутово
2025-10-30 21:42:24,620 - DEBUG - [_new_conn] - Starting new HTTPS connection (1): catalog.api.2gis.com:443
2025-10-30 21:42:25,017 - DEBUG - [_make_request] - https://catalog.api.2gis.com:443 "GET /3.0/items?key=50e21a4a-6241-4f9a-aff6-0b7a942be2b7&q=%D0%BA%D0%B0%D1%84%D0%B5&district_id=4504209512726618&type=branch&page=5&page_size=10&fields=items.point%2Citems.name%2Citems.address_name%2Citems.reviews HTTP/1.1" 200 133
2025-10-30 21:42:25,018 - DEBUG - [получить_кафе_в_районе] - Статус ответа: 200
2025-10-30 21:42:25,018 - WARNING - [получить_кафе_в_районе] - На странице 5 нет данных в ожидаемом формате
2025-10-30 21:42:25,018 - INFO - [получить_кафе_в_районе] - Завершение сбора для района Северное Бутово. Найдено кафе: 21
2025-10-30 21:42:25,020 - INFO - [<cell line: 0>] - Район 'Северное Бутово' завершен. Кафе: 21
2025-10-30 21:42:26,021 - INFO - [<cell line: 0>] - [94/132] Обработка района: Северное Измайлово
2025-10-30 21:42:26,022 - INFO - [получить_кафе_в_районе] - Начало сбора кафе для района: Северное Измайлово (ID: 4504209512726583)
2025-10-30 21:42:26,023 - DEBUG - [получить_кафе_в_районе] - Запрос страницы 1 для района Северное Измайлово
2025-10-30 21:42:26,026 - DEBUG - [_new_conn] - Starting new HTTPS connection (1): catalog.api.2gis.com:443
2025-10-30 21:42:26,416 - DEBUG - [_make_request] - https://catalog.api.2gis.com:443 "GET /3.0/items?key=50e21a4a-6241-4f9a-aff6-0b7a942be2b7&q=%D0%BA%D0%B0%D1%84%D0%B5&district_id=4504209512726583&type=branch&page=1&page_size=10&fields=items.point%2Citems.name%2Citems.address_name%2Citems.reviews HTTP/1.1" 200 None
2025-10-30 21:42:26,416 - DEBUG - [получить_кафе_в_районе] - Статус ответа: 200
2025-10-30 21:42:26,417 - INFO - [получить_кафе_в_районе] - Загружено 10 кафе со страницы 1
2025-10-30 21:42:26,918 - DEBUG - [получить_кафе_в_районе] - Запрос страницы 2 для района Северное Измайлово
2025-10-30 21:42:26,919 - DEBUG - [_new_conn] - Starting new HTTPS connection (1): catalog.api.2gis.com:443
2025-10-30 21:42:27,385 - DEBUG - [_make_request] - https://catalog.api.2gis.com:443 "GET /3.0/items?key=50e21a4a-6241-4f9a-aff6-0b7a942be2b7&q=%D0%BA%D0%B0%D1%84%D0%B5&district_id=4504209512726583&type=branch&page=2&page_size=10&fields=items.point%2Citems.name%2Citems.address_name%2Citems.reviews HTTP/1.1" 200 None
2025-10-30 21:42:27,386 - DEBUG - [получить_кафе_в_районе] - Статус ответа: 200
2025-10-30 21:42:27,386 - INFO - [получить_кафе_в_районе] - Загружено 10 кафе со страницы 2
2025-10-30 21:42:27,887 - DEBUG - [получить_кафе_в_районе] - Запрос страницы 3 для района Северное Измайлово
2025-10-30 21:42:27,888 - DEBUG - [_new_conn] - Starting new HTTPS connection (1): catalog.api.2gis.com:443
2025-10-30 21:42:28,272 - DEBUG - [_make_request] - https://catalog.api.2gis.com:443 "GET /3.0/items?key=50e21a4a-6241-4f9a-aff6-0b7a942be2b7&q=%D0%BA%D0%B0%D1%84%D0%B5&district_id=4504209512726583&type=branch&page=3&page_size=10&fields=items.point%2Citems.name%2Citems.address_name%2Citems.reviews HTTP/1.1" 200 None
2025-10-30 21:42:28,273 - DEBUG - [получить_кафе_в_районе] - Статус ответа: 200
2025-10-30 21:42:28,273 - INFO - [получить_кафе_в_районе] - Загружено 5 кафе со страницы 3
2025-10-30 21:42:28,774 - DEBUG - [получить_кафе_в_районе] - Запрос страницы 4 для района Северное Измайлово
2025-10-30 21:42:28,775 - DEBUG - [_new_conn] - Starting new HTTPS connection (1): catalog.api.2gis.com:443
2025-10-30 21:42:29,155 - DEBUG - [_make_request] - https://catalog.api.2gis.com:443 "GET /3.0/items?key=50e21a4a-6241-4f9a-aff6-0b7a942be2b7&q=%D0%BA%D0%B0%D1%84%D0%B5&district_id=4504209512726583&type=branch&page=4&page_size=10&fields=items.point%2Citems.name%2Citems.address_name%2Citems.reviews HTTP/1.1" 200 133
2025-10-30 21:42:29,156 - DEBUG - [получить_кафе_в_районе] - Статус ответа: 200
2025-10-30 21:42:29,156 - WARNING - [получить_кафе_в_районе] - На странице 4 нет данных в ожидаемом формате
2025-10-30 21:42:29,657 - DEBUG - [получить_кафе_в_районе] - Запрос страницы 5 для района Северное Измайлово
2025-10-30 21:42:29,659 - DEBUG - [_new_conn] - Starting new HTTPS connection (1): catalog.api.2gis.com:443
2025-10-30 21:42:30,035 - DEBUG - [_make_request] - https://catalog.api.2gis.com:443 "GET /3.0/items?key=50e21a4a-6241-4f9a-aff6-0b7a942be2b7&q=%D0%BA%D0%B0%D1%84%D0%B5&district_id=4504209512726583&type=branch&page=5&page_size=10&fields=items.point%2Citems.name%2Citems.address_name%2Citems.reviews HTTP/1.1" 200 133
2025-10-30 21:42:30,036 - DEBUG - [получить_кафе_в_районе] - Статус ответа: 200
2025-10-30 21:42:30,036 - WARNING - [получить_кафе_в_районе] - На странице 5 нет данных в ожидаемом формате
2025-10-30 21:42:30,037 - INFO - [получить_кафе_в_районе] - Завершение сбора для района Северное Измайлово. Найдено кафе: 25
2025-10-30 21:42:30,039 - INFO - [<cell line: 0>] - Район 'Северное Измайлово' завершен. Кафе: 25
2025-10-30 21:42:31,041 - INFO - [<cell line: 0>] - [95/132] Обработка района: Северное Медведково
2025-10-30 21:42:31,042 - INFO - [получить_кафе_в_районе] - Начало сбора кафе для района: Северное Медведково (ID: 4504209512726566)
2025-10-30 21:42:31,043 - DEBUG - [получить_кафе_в_районе] - Запрос страницы 1 для района Северное Медведково
2025-10-30 21:42:31,045 - DEBUG - [_new_conn] - Starting new HTTPS connection (1): catalog.api.2gis.com:443
2025-10-30 21:42:31,430 - DEBUG - [_make_request] - https://catalog.api.2gis.com:443 "GET /3.0/items?key=50e21a4a-6241-4f9a-aff6-0b7a942be2b7&q=%D0%BA%D0%B0%D1%84%D0%B5&district_id=4504209512726566&type=branch&page=1&page_size=10&fields=items.point%2Citems.name%2Citems.address_name%2Citems.reviews HTTP/1.1" 200 None
2025-10-30 21:42:31,431 - DEBUG - [получить_кафе_в_районе] - Статус ответа: 200
2025-10-30 21:42:31,431 - INFO - [получить_кафе_в_районе] - Загружено 9 кафе со страницы 1
2025-10-30 21:42:31,933 - DEBUG - [получить_кафе_в_районе] - Запрос страницы 2 для района Северное Медведково
2025-10-30 21:42:31,934 - DEBUG - [_new_conn] - Starting new HTTPS connection (1): catalog.api.2gis.com:443
2025-10-30 21:42:32,320 - DEBUG - [_make_request] - https://catalog.api.2gis.com:443 "GET /3.0/items?key=50e21a4a-6241-4f9a-aff6-0b7a942be2b7&q=%D0%BA%D0%B0%D1%84%D0%B5&district_id=4504209512726566&type=branch&page=2&page_size=10&fields=items.point%2Citems.name%2Citems.address_name%2Citems.reviews HTTP/1.1" 200 133
2025-10-30 21:42:32,322 - DEBUG - [получить_кафе_в_районе] - Статус ответа: 200
2025-10-30 21:42:32,322 - WARNING - [получить_кафе_в_районе] - На странице 2 нет данных в ожидаемом формате
2025-10-30 21:42:32,823 - DEBUG - [получить_кафе_в_районе] - Запрос страницы 3 для района Северное Медведково
2025-10-30 21:42:32,824 - DEBUG - [_new_conn] - Starting new HTTPS connection (1): catalog.api.2gis.com:443
2025-10-30 21:42:33,206 - DEBUG - [_make_request] - https://catalog.api.2gis.com:443 "GET /3.0/items?key=50e21a4a-6241-4f9a-aff6-0b7a942be2b7&q=%D0%BA%D0%B0%D1%84%D0%B5&district_id=4504209512726566&type=branch&page=3&page_size=10&fields=items.point%2Citems.name%2Citems.address_name%2Citems.reviews HTTP/1.1" 200 133
2025-10-30 21:42:33,207 - DEBUG - [получить_кафе_в_районе] - Статус ответа: 200
2025-10-30 21:42:33,207 - WARNING - [получить_кафе_в_районе] - На странице 3 нет данных в ожидаемом формате
2025-10-30 21:42:33,708 - DEBUG - [получить_кафе_в_районе] - Запрос страницы 4 для района Северное Медведково
2025-10-30 21:42:33,709 - DEBUG - [_new_conn] - Starting new HTTPS connection (1): catalog.api.2gis.com:443
2025-10-30 21:42:34,082 - DEBUG - [_make_request] - https://catalog.api.2gis.com:443 "GET /3.0/items?key=50e21a4a-6241-4f9a-aff6-0b7a942be2b7&q=%D0%BA%D0%B0%D1%84%D0%B5&district_id=4504209512726566&type=branch&page=4&page_size=10&fields=items.point%2Citems.name%2Citems.address_name%2Citems.reviews HTTP/1.1" 200 133
2025-10-30 21:42:34,083 - DEBUG - [получить_кафе_в_районе] - Статус ответа: 200
2025-10-30 21:42:34,083 - WARNING - [получить_кафе_в_районе] - На странице 4 нет данных в ожидаемом формате
2025-10-30 21:42:34,584 - DEBUG - [получить_кафе_в_районе] - Запрос страницы 5 для района Северное Медведково
2025-10-30 21:42:34,585 - DEBUG - [_new_conn] - Starting new HTTPS connection (1): catalog.api.2gis.com:443
2025-10-30 21:42:34,978 - DEBUG - [_make_request] - https://catalog.api.2gis.com:443 "GET /3.0/items?key=50e21a4a-6241-4f9a-aff6-0b7a942be2b7&q=%D0%BA%D0%B0%D1%84%D0%B5&district_id=4504209512726566&type=branch&page=5&page_size=10&fields=items.point%2Citems.name%2Citems.address_name%2Citems.reviews HTTP/1.1" 200 133
2025-10-30 21:42:34,979 - DEBUG - [получить_кафе_в_районе] - Статус ответа: 200
2025-10-30 21:42:34,980 - WARNING - [получить_кафе_в_районе] - На странице 5 нет данных в ожидаемом формате
2025-10-30 21:42:34,981 - INFO - [получить_кафе_в_районе] - Завершение сбора для района Северное Медведково. Найдено кафе: 9
2025-10-30 21:42:34,983 - INFO - [<cell line: 0>] - Район 'Северное Медведково' завершен. Кафе: 9
2025-10-30 21:42:35,985 - INFO - [<cell line: 0>] - [96/132] Обработка района: Северное Тушино
2025-10-30 21:42:35,986 - INFO - [получить_кафе_в_районе] - Начало сбора кафе для района: Северное Тушино (ID: 4504209512726646)
2025-10-30 21:42:35,987 - DEBUG - [получить_кафе_в_районе] - Запрос страницы 1 для района Северное Тушино
2025-10-30 21:42:35,988 - DEBUG - [_new_conn] - Starting new HTTPS connection (1): catalog.api.2gis.com:443
2025-10-30 21:42:36,380 - DEBUG - [_make_request] - https://catalog.api.2gis.com:443 "GET /3.0/items?key=50e21a4a-6241-4f9a-aff6-0b7a942be2b7&q=%D0%BA%D0%B0%D1%84%D0%B5&district_id=4504209512726646&type=branch&page=1&page_size=10&fields=items.point%2Citems.name%2Citems.address_name%2Citems.reviews HTTP/1.1" 200 None
2025-10-30 21:42:36,381 - DEBUG - [получить_кафе_в_районе] - Статус ответа: 200
2025-10-30 21:42:36,382 - INFO - [получить_кафе_в_районе] - Загружено 10 кафе со страницы 1
2025-10-30 21:42:36,883 - DEBUG - [получить_кафе_в_районе] - Запрос страницы 2 для района Северное Тушино
2025-10-30 21:42:36,884 - DEBUG - [_new_conn] - Starting new HTTPS connection (1): catalog.api.2gis.com:443
2025-10-30 21:42:37,271 - DEBUG - [_make_request] - https://catalog.api.2gis.com:443 "GET /3.0/items?key=50e21a4a-6241-4f9a-aff6-0b7a942be2b7&q=%D0%BA%D0%B0%D1%84%D0%B5&district_id=4504209512726646&type=branch&page=2&page_size=10&fields=items.point%2Citems.name%2Citems.address_name%2Citems.reviews HTTP/1.1" 200 None
2025-10-30 21:42:37,273 - DEBUG - [получить_кафе_в_районе] - Статус ответа: 200
2025-10-30 21:42:37,273 - INFO - [получить_кафе_в_районе] - Загружено 8 кафе со страницы 2
2025-10-30 21:42:37,774 - DEBUG - [получить_кафе_в_районе] - Запрос страницы 3 для района Северное Тушино
2025-10-30 21:42:37,775 - DEBUG - [_new_conn] - Starting new HTTPS connection (1): catalog.api.2gis.com:443
2025-10-30 21:42:38,148 - DEBUG - [_make_request] - https://catalog.api.2gis.com:443 "GET /3.0/items?key=50e21a4a-6241-4f9a-aff6-0b7a942be2b7&q=%D0%BA%D0%B0%D1%84%D0%B5&district_id=4504209512726646&type=branch&page=3&page_size=10&fields=items.point%2Citems.name%2Citems.address_name%2Citems.reviews HTTP/1.1" 200 133
2025-10-30 21:42:38,149 - DEBUG - [получить_кафе_в_районе] - Статус ответа: 200
2025-10-30 21:42:38,149 - WARNING - [получить_кафе_в_районе] - На странице 3 нет данных в ожидаемом формате
2025-10-30 21:42:38,650 - DEBUG - [получить_кафе_в_районе] - Запрос страницы 4 для района Северное Тушино
2025-10-30 21:42:38,651 - DEBUG - [_new_conn] - Starting new HTTPS connection (1): catalog.api.2gis.com:443
2025-10-30 21:42:39,038 - DEBUG - [_make_request] - https://catalog.api.2gis.com:443 "GET /3.0/items?key=50e21a4a-6241-4f9a-aff6-0b7a942be2b7&q=%D0%BA%D0%B0%D1%84%D0%B5&district_id=4504209512726646&type=branch&page=4&page_size=10&fields=items.point%2Citems.name%2Citems.address_name%2Citems.reviews HTTP/1.1" 200 133
2025-10-30 21:42:39,039 - DEBUG - [получить_кафе_в_районе] - Статус ответа: 200
2025-10-30 21:42:39,039 - WARNING - [получить_кафе_в_районе] - На странице 4 нет данных в ожидаемом формате
2025-10-30 21:42:39,540 - DEBUG - [получить_кафе_в_районе] - Запрос страницы 5 для района Северное Тушино
2025-10-30 21:42:39,541 - DEBUG - [_new_conn] - Starting new HTTPS connection (1): catalog.api.2gis.com:443
2025-10-30 21:42:39,937 - DEBUG - [_make_request] - https://catalog.api.2gis.com:443 "GET /3.0/items?key=50e21a4a-6241-4f9a-aff6-0b7a942be2b7&q=%D0%BA%D0%B0%D1%84%D0%B5&district_id=4504209512726646&type=branch&page=5&page_size=10&fields=items.point%2Citems.name%2Citems.address_name%2Citems.reviews HTTP/1.1" 200 133
2025-10-30 21:42:39,937 - DEBUG - [получить_кафе_в_районе] - Статус ответа: 200
2025-10-30 21:42:39,938 - WARNING - [получить_кафе_в_районе] - На странице 5 нет данных в ожидаемом формате
2025-10-30 21:42:39,938 - INFO - [получить_кафе_в_районе] - Завершение сбора для района Северное Тушино. Найдено кафе: 18
2025-10-30 21:42:39,940 - INFO - [<cell line: 0>] - Район 'Северное Тушино' завершен. Кафе: 18
2025-10-30 21:42:40,942 - INFO - [<cell line: 0>] - [97/132] Обработка района: Северный
2025-10-30 21:42:40,943 - INFO - [получить_кафе_в_районе] - Начало сбора кафе для района: Северный (ID: 4504209512726573)
2025-10-30 21:42:40,944 - DEBUG - [получить_кафе_в_районе] - Запрос страницы 1 для района Северный
2025-10-30 21:42:40,945 - DEBUG - [_new_conn] - Starting new HTTPS connection (1): catalog.api.2gis.com:443
2025-10-30 21:42:41,434 - DEBUG - [_make_request] - https://catalog.api.2gis.com:443 "GET /3.0/items?key=50e21a4a-6241-4f9a-aff6-0b7a942be2b7&q=%D0%BA%D0%B0%D1%84%D0%B5&district_id=4504209512726573&type=branch&page=1&page_size=10&fields=items.point%2Citems.name%2Citems.address_name%2Citems.reviews HTTP/1.1" 200 None
2025-10-30 21:42:41,435 - DEBUG - [получить_кафе_в_районе] - Статус ответа: 200
2025-10-30 21:42:41,435 - INFO - [получить_кафе_в_районе] - Загружено 10 кафе со страницы 1
2025-10-30 21:42:41,936 - DEBUG - [получить_кафе_в_районе] - Запрос страницы 2 для района Северный
2025-10-30 21:42:41,937 - DEBUG - [_new_conn] - Starting new HTTPS connection (1): catalog.api.2gis.com:443
2025-10-30 21:42:42,328 - DEBUG - [_make_request] - https://catalog.api.2gis.com:443 "GET /3.0/items?key=50e21a4a-6241-4f9a-aff6-0b7a942be2b7&q=%D0%BA%D0%B0%D1%84%D0%B5&district_id=4504209512726573&type=branch&page=2&page_size=10&fields=items.point%2Citems.name%2Citems.address_name%2Citems.reviews HTTP/1.1" 200 None
2025-10-30 21:42:42,329 - DEBUG - [получить_кафе_в_районе] - Статус ответа: 200
2025-10-30 21:42:42,330 - INFO - [получить_кафе_в_районе] - Загружено 10 кафе со страницы 2
2025-10-30 21:42:42,831 - DEBUG - [получить_кафе_в_районе] - Запрос страницы 3 для района Северный
2025-10-30 21:42:42,832 - DEBUG - [_new_conn] - Starting new HTTPS connection (1): catalog.api.2gis.com:443
2025-10-30 21:42:43,334 - DEBUG - [_make_request] - https://catalog.api.2gis.com:443 "GET /3.0/items?key=50e21a4a-6241-4f9a-aff6-0b7a942be2b7&q=%D0%BA%D0%B0%D1%84%D0%B5&district_id=4504209512726573&type=branch&page=3&page_size=10&fields=items.point%2Citems.name%2Citems.address_name%2Citems.reviews HTTP/1.1" 200 None
2025-10-30 21:42:43,335 - DEBUG - [получить_кафе_в_районе] - Статус ответа: 200
2025-10-30 21:42:43,335 - INFO - [получить_кафе_в_районе] - Загружено 8 кафе со страницы 3
2025-10-30 21:42:43,836 - DEBUG - [получить_кафе_в_районе] - Запрос страницы 4 для района Северный
2025-10-30 21:42:43,837 - DEBUG - [_new_conn] - Starting new HTTPS connection (1): catalog.api.2gis.com:443
2025-10-30 21:42:44,235 - DEBUG - [_make_request] - https://catalog.api.2gis.com:443 "GET /3.0/items?key=50e21a4a-6241-4f9a-aff6-0b7a942be2b7&q=%D0%BA%D0%B0%D1%84%D0%B5&district_id=4504209512726573&type=branch&page=4&page_size=10&fields=items.point%2Citems.name%2Citems.address_name%2Citems.reviews HTTP/1.1" 200 133
2025-10-30 21:42:44,236 - DEBUG - [получить_кафе_в_районе] - Статус ответа: 200
2025-10-30 21:42:44,237 - WARNING - [получить_кафе_в_районе] - На странице 4 нет данных в ожидаемом формате
2025-10-30 21:42:44,738 - DEBUG - [получить_кафе_в_районе] - Запрос страницы 5 для района Северный
2025-10-30 21:42:44,739 - DEBUG - [_new_conn] - Starting new HTTPS connection (1): catalog.api.2gis.com:443
2025-10-30 21:42:45,140 - DEBUG - [_make_request] - https://catalog.api.2gis.com:443 "GET /3.0/items?key=50e21a4a-6241-4f9a-aff6-0b7a942be2b7&q=%D0%BA%D0%B0%D1%84%D0%B5&district_id=4504209512726573&type=branch&page=5&page_size=10&fields=items.point%2Citems.name%2Citems.address_name%2Citems.reviews HTTP/1.1" 200 133
2025-10-30 21:42:45,141 - DEBUG - [получить_кафе_в_районе] - Статус ответа: 200
2025-10-30 21:42:45,141 - WARNING - [получить_кафе_в_районе] - На странице 5 нет данных в ожидаемом формате
2025-10-30 21:42:45,142 - INFO - [получить_кафе_в_районе] - Завершение сбора для района Северный. Найдено кафе: 28
2025-10-30 21:42:45,145 - INFO - [<cell line: 0>] - Район 'Северный' завершен. Кафе: 28
2025-10-30 21:42:46,146 - INFO - [<cell line: 0>] - [98/132] Обработка района: Силино
2025-10-30 21:42:46,147 - INFO - [получить_кафе_в_районе] - Начало сбора кафе для района: Силино (ID: 4504209512726656)
2025-10-30 21:42:46,149 - DEBUG - [получить_кафе_в_районе] - Запрос страницы 1 для района Силино
2025-10-30 21:42:46,150 - DEBUG - [_new_conn] - Starting new HTTPS connection (1): catalog.api.2gis.com:443
2025-10-30 21:42:46,540 - DEBUG - [_make_request] - https://catalog.api.2gis.com:443 "GET /3.0/items?key=50e21a4a-6241-4f9a-aff6-0b7a942be2b7&q=%D0%BA%D0%B0%D1%84%D0%B5&district_id=4504209512726656&type=branch&page=1&page_size=10&fields=items.point%2Citems.name%2Citems.address_name%2Citems.reviews HTTP/1.1" 200 None
2025-10-30 21:42:46,541 - DEBUG - [получить_кафе_в_районе] - Статус ответа: 200
2025-10-30 21:42:46,541 - INFO - [получить_кафе_в_районе] - Загружено 10 кафе со страницы 1
2025-10-30 21:42:47,042 - DEBUG - [получить_кафе_в_районе] - Запрос страницы 2 для района Силино
2025-10-30 21:42:47,043 - DEBUG - [_new_conn] - Starting new HTTPS connection (1): catalog.api.2gis.com:443
2025-10-30 21:42:47,433 - DEBUG - [_make_request] - https://catalog.api.2gis.com:443 "GET /3.0/items?key=50e21a4a-6241-4f9a-aff6-0b7a942be2b7&q=%D0%BA%D0%B0%D1%84%D0%B5&district_id=4504209512726656&type=branch&page=2&page_size=10&fields=items.point%2Citems.name%2Citems.address_name%2Citems.reviews HTTP/1.1" 200 133
2025-10-30 21:42:47,434 - DEBUG - [получить_кафе_в_районе] - Статус ответа: 200
2025-10-30 21:42:47,435 - WARNING - [получить_кафе_в_районе] - На странице 2 нет данных в ожидаемом формате
2025-10-30 21:42:47,936 - DEBUG - [получить_кафе_в_районе] - Запрос страницы 3 для района Силино
2025-10-30 21:42:47,938 - DEBUG - [_new_conn] - Starting new HTTPS connection (1): catalog.api.2gis.com:443
2025-10-30 21:42:48,311 - DEBUG - [_make_request] - https://catalog.api.2gis.com:443 "GET /3.0/items?key=50e21a4a-6241-4f9a-aff6-0b7a942be2b7&q=%D0%BA%D0%B0%D1%84%D0%B5&district_id=4504209512726656&type=branch&page=3&page_size=10&fields=items.point%2Citems.name%2Citems.address_name%2Citems.reviews HTTP/1.1" 200 133
2025-10-30 21:42:48,312 - DEBUG - [получить_кафе_в_районе] - Статус ответа: 200
2025-10-30 21:42:48,312 - WARNING - [получить_кафе_в_районе] - На странице 3 нет данных в ожидаемом формате
2025-10-30 21:42:48,813 - DEBUG - [получить_кафе_в_районе] - Запрос страницы 4 для района Силино
2025-10-30 21:42:48,815 - DEBUG - [_new_conn] - Starting new HTTPS connection (1): catalog.api.2gis.com:443
2025-10-30 21:42:49,194 - DEBUG - [_make_request] - https://catalog.api.2gis.com:443 "GET /3.0/items?key=50e21a4a-6241-4f9a-aff6-0b7a942be2b7&q=%D0%BA%D0%B0%D1%84%D0%B5&district_id=4504209512726656&type=branch&page=4&page_size=10&fields=items.point%2Citems.name%2Citems.address_name%2Citems.reviews HTTP/1.1" 200 133
2025-10-30 21:42:49,195 - DEBUG - [получить_кафе_в_районе] - Статус ответа: 200
2025-10-30 21:42:49,195 - WARNING - [получить_кафе_в_районе] - На странице 4 нет данных в ожидаемом формате
2025-10-30 21:42:49,696 - DEBUG - [получить_кафе_в_районе] - Запрос страницы 5 для района Силино
2025-10-30 21:42:49,698 - DEBUG - [_new_conn] - Starting new HTTPS connection (1): catalog.api.2gis.com:443
2025-10-30 21:42:50,082 - DEBUG - [_make_request] - https://catalog.api.2gis.com:443 "GET /3.0/items?key=50e21a4a-6241-4f9a-aff6-0b7a942be2b7&q=%D0%BA%D0%B0%D1%84%D0%B5&district_id=4504209512726656&type=branch&page=5&page_size=10&fields=items.point%2Citems.name%2Citems.address_name%2Citems.reviews HTTP/1.1" 200 133
2025-10-30 21:42:50,083 - DEBUG - [получить_кафе_в_районе] - Статус ответа: 200
2025-10-30 21:42:50,083 - WARNING - [получить_кафе_в_районе] - На странице 5 нет данных в ожидаемом формате
2025-10-30 21:42:50,084 - INFO - [получить_кафе_в_районе] - Завершение сбора для района Силино. Найдено кафе: 10
2025-10-30 21:42:50,085 - INFO - [<cell line: 0>] - Район 'Силино' завершен. Кафе: 10
2025-10-30 21:42:51,086 - INFO - [<cell line: 0>] - [99/132] Обработка района: Сокол
2025-10-30 21:42:51,087 - INFO - [получить_кафе_в_районе] - Начало сбора кафе для района: Сокол (ID: 4504209512726552)
2025-10-30 21:42:51,088 - DEBUG - [получить_кафе_в_районе] - Запрос страницы 1 для района Сокол
2025-10-30 21:42:51,090 - DEBUG - [_new_conn] - Starting new HTTPS connection (1): catalog.api.2gis.com:443
2025-10-30 21:42:51,489 - DEBUG - [_make_request] - https://catalog.api.2gis.com:443 "GET /3.0/items?key=50e21a4a-6241-4f9a-aff6-0b7a942be2b7&q=%D0%BA%D0%B0%D1%84%D0%B5&district_id=4504209512726552&type=branch&page=1&page_size=10&fields=items.point%2Citems.name%2Citems.address_name%2Citems.reviews HTTP/1.1" 200 None
2025-10-30 21:42:51,490 - DEBUG - [получить_кафе_в_районе] - Статус ответа: 200
2025-10-30 21:42:51,490 - INFO - [получить_кафе_в_районе] - Загружено 10 кафе со страницы 1
2025-10-30 21:42:51,991 - DEBUG - [получить_кафе_в_районе] - Запрос страницы 2 для района Сокол
2025-10-30 21:42:51,992 - DEBUG - [_new_conn] - Starting new HTTPS connection (1): catalog.api.2gis.com:443
2025-10-30 21:42:52,382 - DEBUG - [_make_request] - https://catalog.api.2gis.com:443 "GET /3.0/items?key=50e21a4a-6241-4f9a-aff6-0b7a942be2b7&q=%D0%BA%D0%B0%D1%84%D0%B5&district_id=4504209512726552&type=branch&page=2&page_size=10&fields=items.point%2Citems.name%2Citems.address_name%2Citems.reviews HTTP/1.1" 200 None
2025-10-30 21:42:52,383 - DEBUG - [получить_кафе_в_районе] - Статус ответа: 200
2025-10-30 21:42:52,383 - INFO - [получить_кафе_в_районе] - Загружено 10 кафе со страницы 2
2025-10-30 21:42:52,884 - DEBUG - [получить_кафе_в_районе] - Запрос страницы 3 для района Сокол
2025-10-30 21:42:52,886 - DEBUG - [_new_conn] - Starting new HTTPS connection (1): catalog.api.2gis.com:443
2025-10-30 21:42:53,280 - DEBUG - [_make_request] - https://catalog.api.2gis.com:443 "GET /3.0/items?key=50e21a4a-6241-4f9a-aff6-0b7a942be2b7&q=%D0%BA%D0%B0%D1%84%D0%B5&district_id=4504209512726552&type=branch&page=3&page_size=10&fields=items.point%2Citems.name%2Citems.address_name%2Citems.reviews HTTP/1.1" 200 None
2025-10-30 21:42:53,281 - DEBUG - [получить_кафе_в_районе] - Статус ответа: 200
2025-10-30 21:42:53,281 - INFO - [получить_кафе_в_районе] - Загружено 6 кафе со страницы 3
2025-10-30 21:42:53,782 - DEBUG - [получить_кафе_в_районе] - Запрос страницы 4 для района Сокол
2025-10-30 21:42:53,783 - DEBUG - [_new_conn] - Starting new HTTPS connection (1): catalog.api.2gis.com:443
2025-10-30 21:42:54,167 - DEBUG - [_make_request] - https://catalog.api.2gis.com:443 "GET /3.0/items?key=50e21a4a-6241-4f9a-aff6-0b7a942be2b7&q=%D0%BA%D0%B0%D1%84%D0%B5&district_id=4504209512726552&type=branch&page=4&page_size=10&fields=items.point%2Citems.name%2Citems.address_name%2Citems.reviews HTTP/1.1" 200 133
2025-10-30 21:42:54,168 - DEBUG - [получить_кафе_в_районе] - Статус ответа: 200
2025-10-30 21:42:54,168 - WARNING - [получить_кафе_в_районе] - На странице 4 нет данных в ожидаемом формате
2025-10-30 21:42:54,669 - DEBUG - [получить_кафе_в_районе] - Запрос страницы 5 для района Сокол
2025-10-30 21:42:54,670 - DEBUG - [_new_conn] - Starting new HTTPS connection (1): catalog.api.2gis.com:443
2025-10-30 21:42:55,047 - DEBUG - [_make_request] - https://catalog.api.2gis.com:443 "GET /3.0/items?key=50e21a4a-6241-4f9a-aff6-0b7a942be2b7&q=%D0%BA%D0%B0%D1%84%D0%B5&district_id=4504209512726552&type=branch&page=5&page_size=10&fields=items.point%2Citems.name%2Citems.address_name%2Citems.reviews HTTP/1.1" 200 133
2025-10-30 21:42:55,048 - DEBUG - [получить_кафе_в_районе] - Статус ответа: 200
2025-10-30 21:42:55,048 - WARNING - [получить_кафе_в_районе] - На странице 5 нет данных в ожидаемом формате
2025-10-30 21:42:55,049 - INFO - [получить_кафе_в_районе] - Завершение сбора для района Сокол. Найдено кафе: 26
2025-10-30 21:42:55,050 - INFO - [<cell line: 0>] - Район 'Сокол' завершен. Кафе: 26
2025-10-30 21:42:56,052 - INFO - [<cell line: 0>] - [100/132] Обработка района: Соколиная Гора
2025-10-30 21:42:56,053 - INFO - [получить_кафе_в_районе] - Начало сбора кафе для района: Соколиная Гора (ID: 4504209512726585)
2025-10-30 21:42:56,054 - DEBUG - [получить_кафе_в_районе] - Запрос страницы 1 для района Соколиная Гора
2025-10-30 21:42:56,057 - DEBUG - [_new_conn] - Starting new HTTPS connection (1): catalog.api.2gis.com:443
2025-10-30 21:42:56,466 - DEBUG - [_make_request] - https://catalog.api.2gis.com:443 "GET /3.0/items?key=50e21a4a-6241-4f9a-aff6-0b7a942be2b7&q=%D0%BA%D0%B0%D1%84%D0%B5&district_id=4504209512726585&type=branch&page=1&page_size=10&fields=items.point%2Citems.name%2Citems.address_name%2Citems.reviews HTTP/1.1" 200 None
2025-10-30 21:42:56,467 - DEBUG - [получить_кафе_в_районе] - Статус ответа: 200
2025-10-30 21:42:56,467 - INFO - [получить_кафе_в_районе] - Загружено 10 кафе со страницы 1
2025-10-30 21:42:56,968 - DEBUG - [получить_кафе_в_районе] - Запрос страницы 2 для района Соколиная Гора
2025-10-30 21:42:56,969 - DEBUG - [_new_conn] - Starting new HTTPS connection (1): catalog.api.2gis.com:443
2025-10-30 21:42:57,367 - DEBUG - [_make_request] - https://catalog.api.2gis.com:443 "GET /3.0/items?key=50e21a4a-6241-4f9a-aff6-0b7a942be2b7&q=%D0%BA%D0%B0%D1%84%D0%B5&district_id=4504209512726585&type=branch&page=2&page_size=10&fields=items.point%2Citems.name%2Citems.address_name%2Citems.reviews HTTP/1.1" 200 None
2025-10-30 21:42:57,368 - DEBUG - [получить_кафе_в_районе] - Статус ответа: 200
2025-10-30 21:42:57,368 - INFO - [получить_кафе_в_районе] - Загружено 10 кафе со страницы 2
2025-10-30 21:42:57,869 - DEBUG - [получить_кафе_в_районе] - Запрос страницы 3 для района Соколиная Гора
2025-10-30 21:42:57,871 - DEBUG - [_new_conn] - Starting new HTTPS connection (1): catalog.api.2gis.com:443
2025-10-30 21:42:58,291 - DEBUG - [_make_request] - https://catalog.api.2gis.com:443 "GET /3.0/items?key=50e21a4a-6241-4f9a-aff6-0b7a942be2b7&q=%D0%BA%D0%B0%D1%84%D0%B5&district_id=4504209512726585&type=branch&page=3&page_size=10&fields=items.point%2Citems.name%2Citems.address_name%2Citems.reviews HTTP/1.1" 200 None
2025-10-30 21:42:58,292 - DEBUG - [получить_кафе_в_районе] - Статус ответа: 200
2025-10-30 21:42:58,292 - INFO - [получить_кафе_в_районе] - Загружено 10 кафе со страницы 3
2025-10-30 21:42:58,793 - DEBUG - [получить_кафе_в_районе] - Запрос страницы 4 для района Соколиная Гора
2025-10-30 21:42:58,794 - DEBUG - [_new_conn] - Starting new HTTPS connection (1): catalog.api.2gis.com:443
2025-10-30 21:42:59,202 - DEBUG - [_make_request] - https://catalog.api.2gis.com:443 "GET /3.0/items?key=50e21a4a-6241-4f9a-aff6-0b7a942be2b7&q=%D0%BA%D0%B0%D1%84%D0%B5&district_id=4504209512726585&type=branch&page=4&page_size=10&fields=items.point%2Citems.name%2Citems.address_name%2Citems.reviews HTTP/1.1" 200 None
2025-10-30 21:42:59,203 - DEBUG - [получить_кафе_в_районе] - Статус ответа: 200
2025-10-30 21:42:59,204 - INFO - [получить_кафе_в_районе] - Загружено 10 кафе со страницы 4
2025-10-30 21:42:59,705 - DEBUG - [получить_кафе_в_районе] - Запрос страницы 5 для района Соколиная Гора
2025-10-30 21:42:59,707 - DEBUG - [_new_conn] - Starting new HTTPS connection (1): catalog.api.2gis.com:443
2025-10-30 21:43:00,098 - DEBUG - [_make_request] - https://catalog.api.2gis.com:443 "GET /3.0/items?key=50e21a4a-6241-4f9a-aff6-0b7a942be2b7&q=%D0%BA%D0%B0%D1%84%D0%B5&district_id=4504209512726585&type=branch&page=5&page_size=10&fields=items.point%2Citems.name%2Citems.address_name%2Citems.reviews HTTP/1.1" 200 None
2025-10-30 21:43:00,099 - DEBUG - [получить_кафе_в_районе] - Статус ответа: 200
2025-10-30 21:43:00,100 - INFO - [получить_кафе_в_районе] - Загружено 9 кафе со страницы 5
2025-10-30 21:43:00,100 - INFO - [получить_кафе_в_районе] - Завершение сбора для района Соколиная Гора. Найдено кафе: 49
2025-10-30 21:43:00,101 - INFO - [<cell line: 0>] - Район 'Соколиная Гора' завершен. Кафе: 49
2025-10-30 21:43:01,104 - INFO - [<cell line: 0>] - [101/132] Обработка района: Сокольники
2025-10-30 21:43:01,105 - INFO - [получить_кафе_в_районе] - Начало сбора кафе для района: Сокольники (ID: 4504209512726582)
2025-10-30 21:43:01,106 - DEBUG - [получить_кафе_в_районе] - Запрос страницы 1 для района Сокольники
2025-10-30 21:43:01,109 - DEBUG - [_new_conn] - Starting new HTTPS connection (1): catalog.api.2gis.com:443
2025-10-30 21:43:01,491 - DEBUG - [_make_request] - https://catalog.api.2gis.com:443 "GET /3.0/items?key=50e21a4a-6241-4f9a-aff6-0b7a942be2b7&q=%D0%BA%D0%B0%D1%84%D0%B5&district_id=4504209512726582&type=branch&page=1&page_size=10&fields=items.point%2Citems.name%2Citems.address_name%2Citems.reviews HTTP/1.1" 200 None
2025-10-30 21:43:01,492 - DEBUG - [получить_кафе_в_районе] - Статус ответа: 200
2025-10-30 21:43:01,492 - INFO - [получить_кафе_в_районе] - Загружено 10 кафе со страницы 1
2025-10-30 21:43:01,993 - DEBUG - [получить_кафе_в_районе] - Запрос страницы 2 для района Сокольники
2025-10-30 21:43:01,994 - DEBUG - [_new_conn] - Starting new HTTPS connection (1): catalog.api.2gis.com:443
2025-10-30 21:43:02,401 - DEBUG - [_make_request] - https://catalog.api.2gis.com:443 "GET /3.0/items?key=50e21a4a-6241-4f9a-aff6-0b7a942be2b7&q=%D0%BA%D0%B0%D1%84%D0%B5&district_id=4504209512726582&type=branch&page=2&page_size=10&fields=items.point%2Citems.name%2Citems.address_name%2Citems.reviews HTTP/1.1" 200 None
2025-10-30 21:43:02,402 - DEBUG - [получить_кафе_в_районе] - Статус ответа: 200
2025-10-30 21:43:02,403 - INFO - [получить_кафе_в_районе] - Загружено 10 кафе со страницы 2
2025-10-30 21:43:02,904 - DEBUG - [получить_кафе_в_районе] - Запрос страницы 3 для района Сокольники
2025-10-30 21:43:02,905 - DEBUG - [_new_conn] - Starting new HTTPS connection (1): catalog.api.2gis.com:443
2025-10-30 21:43:03,299 - DEBUG - [_make_request] - https://catalog.api.2gis.com:443 "GET /3.0/items?key=50e21a4a-6241-4f9a-aff6-0b7a942be2b7&q=%D0%BA%D0%B0%D1%84%D0%B5&district_id=4504209512726582&type=branch&page=3&page_size=10&fields=items.point%2Citems.name%2Citems.address_name%2Citems.reviews HTTP/1.1" 200 None
2025-10-30 21:43:03,300 - DEBUG - [получить_кафе_в_районе] - Статус ответа: 200
2025-10-30 21:43:03,301 - INFO - [получить_кафе_в_районе] - Загружено 10 кафе со страницы 3
2025-10-30 21:43:03,802 - DEBUG - [получить_кафе_в_районе] - Запрос страницы 4 для района Сокольники
2025-10-30 21:43:03,803 - DEBUG - [_new_conn] - Starting new HTTPS connection (1): catalog.api.2gis.com:443
2025-10-30 21:43:04,190 - DEBUG - [_make_request] - https://catalog.api.2gis.com:443 "GET /3.0/items?key=50e21a4a-6241-4f9a-aff6-0b7a942be2b7&q=%D0%BA%D0%B0%D1%84%D0%B5&district_id=4504209512726582&type=branch&page=4&page_size=10&fields=items.point%2Citems.name%2Citems.address_name%2Citems.reviews HTTP/1.1" 200 None
2025-10-30 21:43:04,191 - DEBUG - [получить_кафе_в_районе] - Статус ответа: 200
2025-10-30 21:43:04,191 - INFO - [получить_кафе_в_районе] - Загружено 10 кафе со страницы 4
2025-10-30 21:43:04,692 - DEBUG - [получить_кафе_в_районе] - Запрос страницы 5 для района Сокольники
2025-10-30 21:43:04,693 - DEBUG - [_new_conn] - Starting new HTTPS connection (1): catalog.api.2gis.com:443
2025-10-30 21:43:05,094 - DEBUG - [_make_request] - https://catalog.api.2gis.com:443 "GET /3.0/items?key=50e21a4a-6241-4f9a-aff6-0b7a942be2b7&q=%D0%BA%D0%B0%D1%84%D0%B5&district_id=4504209512726582&type=branch&page=5&page_size=10&fields=items.point%2Citems.name%2Citems.address_name%2Citems.reviews HTTP/1.1" 200 None
2025-10-30 21:43:05,095 - DEBUG - [получить_кафе_в_районе] - Статус ответа: 200
2025-10-30 21:43:05,095 - INFO - [получить_кафе_в_районе] - Загружено 4 кафе со страницы 5
2025-10-30 21:43:05,096 - INFO - [получить_кафе_в_районе] - Завершение сбора для района Сокольники. Найдено кафе: 44
2025-10-30 21:43:05,098 - INFO - [<cell line: 0>] - Район 'Сокольники' завершен. Кафе: 44
2025-10-30 21:43:06,099 - INFO - [<cell line: 0>] - [102/132] Обработка района: Солнцево
2025-10-30 21:43:06,100 - INFO - [получить_кафе_в_районе] - Начало сбора кафе для района: Солнцево (ID: 4504209512726640)
2025-10-30 21:43:06,102 - DEBUG - [получить_кафе_в_районе] - Запрос страницы 1 для района Солнцево
2025-10-30 21:43:06,103 - DEBUG - [_new_conn] - Starting new HTTPS connection (1): catalog.api.2gis.com:443
2025-10-30 21:43:06,510 - DEBUG - [_make_request] - https://catalog.api.2gis.com:443 "GET /3.0/items?key=50e21a4a-6241-4f9a-aff6-0b7a942be2b7&q=%D0%BA%D0%B0%D1%84%D0%B5&district_id=4504209512726640&type=branch&page=1&page_size=10&fields=items.point%2Citems.name%2Citems.address_name%2Citems.reviews HTTP/1.1" 200 None
2025-10-30 21:43:06,510 - DEBUG - [получить_кафе_в_районе] - Статус ответа: 200
2025-10-30 21:43:06,511 - INFO - [получить_кафе_в_районе] - Загружено 10 кафе со страницы 1
2025-10-30 21:43:07,012 - DEBUG - [получить_кафе_в_районе] - Запрос страницы 2 для района Солнцево
2025-10-30 21:43:07,013 - DEBUG - [_new_conn] - Starting new HTTPS connection (1): catalog.api.2gis.com:443
2025-10-30 21:43:07,398 - DEBUG - [_make_request] - https://catalog.api.2gis.com:443 "GET /3.0/items?key=50e21a4a-6241-4f9a-aff6-0b7a942be2b7&q=%D0%BA%D0%B0%D1%84%D0%B5&district_id=4504209512726640&type=branch&page=2&page_size=10&fields=items.point%2Citems.name%2Citems.address_name%2Citems.reviews HTTP/1.1" 200 None
2025-10-30 21:43:07,399 - DEBUG - [получить_кафе_в_районе] - Статус ответа: 200
2025-10-30 21:43:07,399 - INFO - [получить_кафе_в_районе] - Загружено 10 кафе со страницы 2
2025-10-30 21:43:07,900 - DEBUG - [получить_кафе_в_районе] - Запрос страницы 3 для района Солнцево
2025-10-30 21:43:07,902 - DEBUG - [_new_conn] - Starting new HTTPS connection (1): catalog.api.2gis.com:443
2025-10-30 21:43:08,299 - DEBUG - [_make_request] - https://catalog.api.2gis.com:443 "GET /3.0/items?key=50e21a4a-6241-4f9a-aff6-0b7a942be2b7&q=%D0%BA%D0%B0%D1%84%D0%B5&district_id=4504209512726640&type=branch&page=3&page_size=10&fields=items.point%2Citems.name%2Citems.address_name%2Citems.reviews HTTP/1.1" 200 None
2025-10-30 21:43:08,300 - DEBUG - [получить_кафе_в_районе] - Статус ответа: 200
2025-10-30 21:43:08,301 - INFO - [получить_кафе_в_районе] - Загружено 10 кафе со страницы 3
2025-10-30 21:43:08,802 - DEBUG - [получить_кафе_в_районе] - Запрос страницы 4 для района Солнцево
2025-10-30 21:43:08,803 - DEBUG - [_new_conn] - Starting new HTTPS connection (1): catalog.api.2gis.com:443
2025-10-30 21:43:09,197 - DEBUG - [_make_request] - https://catalog.api.2gis.com:443 "GET /3.0/items?key=50e21a4a-6241-4f9a-aff6-0b7a942be2b7&q=%D0%BA%D0%B0%D1%84%D0%B5&district_id=4504209512726640&type=branch&page=4&page_size=10&fields=items.point%2Citems.name%2Citems.address_name%2Citems.reviews HTTP/1.1" 200 None
2025-10-30 21:43:09,198 - DEBUG - [получить_кафе_в_районе] - Статус ответа: 200
2025-10-30 21:43:09,199 - INFO - [получить_кафе_в_районе] - Загружено 10 кафе со страницы 4
2025-10-30 21:43:09,701 - DEBUG - [получить_кафе_в_районе] - Запрос страницы 5 для района Солнцево
2025-10-30 21:43:09,702 - DEBUG - [_new_conn] - Starting new HTTPS connection (1): catalog.api.2gis.com:443
2025-10-30 21:43:10,104 - DEBUG - [_make_request] - https://catalog.api.2gis.com:443 "GET /3.0/items?key=50e21a4a-6241-4f9a-aff6-0b7a942be2b7&q=%D0%BA%D0%B0%D1%84%D0%B5&district_id=4504209512726640&type=branch&page=5&page_size=10&fields=items.point%2Citems.name%2Citems.address_name%2Citems.reviews HTTP/1.1" 200 None
2025-10-30 21:43:10,105 - DEBUG - [получить_кафе_в_районе] - Статус ответа: 200
2025-10-30 21:43:10,105 - INFO - [получить_кафе_в_районе] - Загружено 10 кафе со страницы 5
2025-10-30 21:43:10,106 - INFO - [получить_кафе_в_районе] - Завершение сбора для района Солнцево. Найдено кафе: 50
2025-10-30 21:43:10,108 - INFO - [<cell line: 0>] - Район 'Солнцево' завершен. Кафе: 50
2025-10-30 21:43:11,110 - INFO - [<cell line: 0>] - [103/132] Обработка района: Старое Крюково
2025-10-30 21:43:11,112 - INFO - [получить_кафе_в_районе] - Начало сбора кафе для района: Старое Крюково (ID: 4504209512726655)
2025-10-30 21:43:11,113 - DEBUG - [получить_кафе_в_районе] - Запрос страницы 1 для района Старое Крюково
2025-10-30 21:43:11,115 - DEBUG - [_new_conn] - Starting new HTTPS connection (1): catalog.api.2gis.com:443
2025-10-30 21:43:11,626 - DEBUG - [_make_request] - https://catalog.api.2gis.com:443 "GET /3.0/items?key=50e21a4a-6241-4f9a-aff6-0b7a942be2b7&q=%D0%BA%D0%B0%D1%84%D0%B5&district_id=4504209512726655&type=branch&page=1&page_size=10&fields=items.point%2Citems.name%2Citems.address_name%2Citems.reviews HTTP/1.1" 200 None
2025-10-30 21:43:11,627 - DEBUG - [получить_кафе_в_районе] - Статус ответа: 200
2025-10-30 21:43:11,627 - INFO - [получить_кафе_в_районе] - Загружено 3 кафе со страницы 1
2025-10-30 21:43:12,128 - DEBUG - [получить_кафе_в_районе] - Запрос страницы 2 для района Старое Крюково
2025-10-30 21:43:12,129 - DEBUG - [_new_conn] - Starting new HTTPS connection (1): catalog.api.2gis.com:443
2025-10-30 21:43:12,695 - DEBUG - [_make_request] - https://catalog.api.2gis.com:443 "GET /3.0/items?key=50e21a4a-6241-4f9a-aff6-0b7a942be2b7&q=%D0%BA%D0%B0%D1%84%D0%B5&district_id=4504209512726655&type=branch&page=2&page_size=10&fields=items.point%2Citems.name%2Citems.address_name%2Citems.reviews HTTP/1.1" 200 133
2025-10-30 21:43:12,696 - DEBUG - [получить_кафе_в_районе] - Статус ответа: 200
2025-10-30 21:43:12,696 - WARNING - [получить_кафе_в_районе] - На странице 2 нет данных в ожидаемом формате
2025-10-30 21:43:13,197 - DEBUG - [получить_кафе_в_районе] - Запрос страницы 3 для района Старое Крюково
2025-10-30 21:43:13,198 - DEBUG - [_new_conn] - Starting new HTTPS connection (1): catalog.api.2gis.com:443
2025-10-30 21:43:13,576 - DEBUG - [_make_request] - https://catalog.api.2gis.com:443 "GET /3.0/items?key=50e21a4a-6241-4f9a-aff6-0b7a942be2b7&q=%D0%BA%D0%B0%D1%84%D0%B5&district_id=4504209512726655&type=branch&page=3&page_size=10&fields=items.point%2Citems.name%2Citems.address_name%2Citems.reviews HTTP/1.1" 200 133
2025-10-30 21:43:13,577 - DEBUG - [получить_кафе_в_районе] - Статус ответа: 200
2025-10-30 21:43:13,577 - WARNING - [получить_кафе_в_районе] - На странице 3 нет данных в ожидаемом формате
2025-10-30 21:43:14,078 - DEBUG - [получить_кафе_в_районе] - Запрос страницы 4 для района Старое Крюково
2025-10-30 21:43:14,079 - DEBUG - [_new_conn] - Starting new HTTPS connection (1): catalog.api.2gis.com:443
2025-10-30 21:43:14,456 - DEBUG - [_make_request] - https://catalog.api.2gis.com:443 "GET /3.0/items?key=50e21a4a-6241-4f9a-aff6-0b7a942be2b7&q=%D0%BA%D0%B0%D1%84%D0%B5&district_id=4504209512726655&type=branch&page=4&page_size=10&fields=items.point%2Citems.name%2Citems.address_name%2Citems.reviews HTTP/1.1" 200 133
2025-10-30 21:43:14,457 - DEBUG - [получить_кафе_в_районе] - Статус ответа: 200
2025-10-30 21:43:14,457 - WARNING - [получить_кафе_в_районе] - На странице 4 нет данных в ожидаемом формате
2025-10-30 21:43:14,958 - DEBUG - [получить_кафе_в_районе] - Запрос страницы 5 для района Старое Крюково
2025-10-30 21:43:14,959 - DEBUG - [_new_conn] - Starting new HTTPS connection (1): catalog.api.2gis.com:443
2025-10-30 21:43:15,343 - DEBUG - [_make_request] - https://catalog.api.2gis.com:443 "GET /3.0/items?key=50e21a4a-6241-4f9a-aff6-0b7a942be2b7&q=%D0%BA%D0%B0%D1%84%D0%B5&district_id=4504209512726655&type=branch&page=5&page_size=10&fields=items.point%2Citems.name%2Citems.address_name%2Citems.reviews HTTP/1.1" 200 133
2025-10-30 21:43:15,344 - DEBUG - [получить_кафе_в_районе] - Статус ответа: 200
2025-10-30 21:43:15,344 - WARNING - [получить_кафе_в_районе] - На странице 5 нет данных в ожидаемом формате
2025-10-30 21:43:15,345 - INFO - [получить_кафе_в_районе] - Завершение сбора для района Старое Крюково. Найдено кафе: 3
2025-10-30 21:43:15,346 - INFO - [<cell line: 0>] - Район 'Старое Крюково' завершен. Кафе: 3
2025-10-30 21:43:16,348 - INFO - [<cell line: 0>] - [104/132] Обработка района: Строгино
2025-10-30 21:43:16,349 - INFO - [получить_кафе_в_районе] - Начало сбора кафе для района: Строгино (ID: 4504209512726644)
2025-10-30 21:43:16,351 - DEBUG - [получить_кафе_в_районе] - Запрос страницы 1 для района Строгино
2025-10-30 21:43:16,352 - DEBUG - [_new_conn] - Starting new HTTPS connection (1): catalog.api.2gis.com:443
2025-10-30 21:43:16,760 - DEBUG - [_make_request] - https://catalog.api.2gis.com:443 "GET /3.0/items?key=50e21a4a-6241-4f9a-aff6-0b7a942be2b7&q=%D0%BA%D0%B0%D1%84%D0%B5&district_id=4504209512726644&type=branch&page=1&page_size=10&fields=items.point%2Citems.name%2Citems.address_name%2Citems.reviews HTTP/1.1" 200 None
2025-10-30 21:43:16,761 - DEBUG - [получить_кафе_в_районе] - Статус ответа: 200
2025-10-30 21:43:16,761 - INFO - [получить_кафе_в_районе] - Загружено 10 кафе со страницы 1
2025-10-30 21:43:17,262 - DEBUG - [получить_кафе_в_районе] - Запрос страницы 2 для района Строгино
2025-10-30 21:43:17,264 - DEBUG - [_new_conn] - Starting new HTTPS connection (1): catalog.api.2gis.com:443
2025-10-30 21:43:17,665 - DEBUG - [_make_request] - https://catalog.api.2gis.com:443 "GET /3.0/items?key=50e21a4a-6241-4f9a-aff6-0b7a942be2b7&q=%D0%BA%D0%B0%D1%84%D0%B5&district_id=4504209512726644&type=branch&page=2&page_size=10&fields=items.point%2Citems.name%2Citems.address_name%2Citems.reviews HTTP/1.1" 200 None
2025-10-30 21:43:17,666 - DEBUG - [получить_кафе_в_районе] - Статус ответа: 200
2025-10-30 21:43:17,667 - INFO - [получить_кафе_в_районе] - Загружено 5 кафе со страницы 2
2025-10-30 21:43:18,168 - DEBUG - [получить_кафе_в_районе] - Запрос страницы 3 для района Строгино
2025-10-30 21:43:18,169 - DEBUG - [_new_conn] - Starting new HTTPS connection (1): catalog.api.2gis.com:443
2025-10-30 21:43:18,546 - DEBUG - [_make_request] - https://catalog.api.2gis.com:443 "GET /3.0/items?key=50e21a4a-6241-4f9a-aff6-0b7a942be2b7&q=%D0%BA%D0%B0%D1%84%D0%B5&district_id=4504209512726644&type=branch&page=3&page_size=10&fields=items.point%2Citems.name%2Citems.address_name%2Citems.reviews HTTP/1.1" 200 133
2025-10-30 21:43:18,547 - DEBUG - [получить_кафе_в_районе] - Статус ответа: 200
2025-10-30 21:43:18,547 - WARNING - [получить_кафе_в_районе] - На странице 3 нет данных в ожидаемом формате
2025-10-30 21:43:19,048 - DEBUG - [получить_кафе_в_районе] - Запрос страницы 4 для района Строгино
2025-10-30 21:43:19,049 - DEBUG - [_new_conn] - Starting new HTTPS connection (1): catalog.api.2gis.com:443
2025-10-30 21:43:19,431 - DEBUG - [_make_request] - https://catalog.api.2gis.com:443 "GET /3.0/items?key=50e21a4a-6241-4f9a-aff6-0b7a942be2b7&q=%D0%BA%D0%B0%D1%84%D0%B5&district_id=4504209512726644&type=branch&page=4&page_size=10&fields=items.point%2Citems.name%2Citems.address_name%2Citems.reviews HTTP/1.1" 200 133
2025-10-30 21:43:19,432 - DEBUG - [получить_кафе_в_районе] - Статус ответа: 200
2025-10-30 21:43:19,432 - WARNING - [получить_кафе_в_районе] - На странице 4 нет данных в ожидаемом формате
2025-10-30 21:43:19,933 - DEBUG - [получить_кафе_в_районе] - Запрос страницы 5 для района Строгино
2025-10-30 21:43:19,934 - DEBUG - [_new_conn] - Starting new HTTPS connection (1): catalog.api.2gis.com:443
2025-10-30 21:43:20,320 - DEBUG - [_make_request] - https://catalog.api.2gis.com:443 "GET /3.0/items?key=50e21a4a-6241-4f9a-aff6-0b7a942be2b7&q=%D0%BA%D0%B0%D1%84%D0%B5&district_id=4504209512726644&type=branch&page=5&page_size=10&fields=items.point%2Citems.name%2Citems.address_name%2Citems.reviews HTTP/1.1" 200 133
2025-10-30 21:43:20,321 - DEBUG - [получить_кафе_в_районе] - Статус ответа: 200
2025-10-30 21:43:20,321 - WARNING - [получить_кафе_в_районе] - На странице 5 нет данных в ожидаемом формате
2025-10-30 21:43:20,322 - INFO - [получить_кафе_в_районе] - Завершение сбора для района Строгино. Найдено кафе: 15
2025-10-30 21:43:20,324 - INFO - [<cell line: 0>] - Район 'Строгино' завершен. Кафе: 15
2025-10-30 21:43:21,325 - INFO - [<cell line: 0>] - [105/132] Обработка района: Таганский
2025-10-30 21:43:21,326 - INFO - [получить_кафе_в_районе] - Начало сбора кафе для района: Таганский (ID: 4504209512726538)
2025-10-30 21:43:21,327 - DEBUG - [получить_кафе_в_районе] - Запрос страницы 1 для района Таганский
2025-10-30 21:43:21,329 - DEBUG - [_new_conn] - Starting new HTTPS connection (1): catalog.api.2gis.com:443
2025-10-30 21:43:21,736 - DEBUG - [_make_request] - https://catalog.api.2gis.com:443 "GET /3.0/items?key=50e21a4a-6241-4f9a-aff6-0b7a942be2b7&q=%D0%BA%D0%B0%D1%84%D0%B5&district_id=4504209512726538&type=branch&page=1&page_size=10&fields=items.point%2Citems.name%2Citems.address_name%2Citems.reviews HTTP/1.1" 200 None
2025-10-30 21:43:21,737 - DEBUG - [получить_кафе_в_районе] - Статус ответа: 200
2025-10-30 21:43:21,737 - INFO - [получить_кафе_в_районе] - Загружено 10 кафе со страницы 1
2025-10-30 21:43:22,238 - DEBUG - [получить_кафе_в_районе] - Запрос страницы 2 для района Таганский
2025-10-30 21:43:22,239 - DEBUG - [_new_conn] - Starting new HTTPS connection (1): catalog.api.2gis.com:443
2025-10-30 21:43:22,685 - DEBUG - [_make_request] - https://catalog.api.2gis.com:443 "GET /3.0/items?key=50e21a4a-6241-4f9a-aff6-0b7a942be2b7&q=%D0%BA%D0%B0%D1%84%D0%B5&district_id=4504209512726538&type=branch&page=2&page_size=10&fields=items.point%2Citems.name%2Citems.address_name%2Citems.reviews HTTP/1.1" 200 None
2025-10-30 21:43:22,686 - DEBUG - [получить_кафе_в_районе] - Статус ответа: 200
2025-10-30 21:43:22,687 - INFO - [получить_кафе_в_районе] - Загружено 10 кафе со страницы 2
2025-10-30 21:43:23,188 - DEBUG - [получить_кафе_в_районе] - Запрос страницы 3 для района Таганский
2025-10-30 21:43:23,189 - DEBUG - [_new_conn] - Starting new HTTPS connection (1): catalog.api.2gis.com:443
2025-10-30 21:43:23,589 - DEBUG - [_make_request] - https://catalog.api.2gis.com:443 "GET /3.0/items?key=50e21a4a-6241-4f9a-aff6-0b7a942be2b7&q=%D0%BA%D0%B0%D1%84%D0%B5&district_id=4504209512726538&type=branch&page=3&page_size=10&fields=items.point%2Citems.name%2Citems.address_name%2Citems.reviews HTTP/1.1" 200 None
2025-10-30 21:43:23,591 - DEBUG - [получить_кафе_в_районе] - Статус ответа: 200
2025-10-30 21:43:23,591 - INFO - [получить_кафе_в_районе] - Загружено 10 кафе со страницы 3
2025-10-30 21:43:24,092 - DEBUG - [получить_кафе_в_районе] - Запрос страницы 4 для района Таганский
2025-10-30 21:43:24,094 - DEBUG - [_new_conn] - Starting new HTTPS connection (1): catalog.api.2gis.com:443
2025-10-30 21:43:24,502 - DEBUG - [_make_request] - https://catalog.api.2gis.com:443 "GET /3.0/items?key=50e21a4a-6241-4f9a-aff6-0b7a942be2b7&q=%D0%BA%D0%B0%D1%84%D0%B5&district_id=4504209512726538&type=branch&page=4&page_size=10&fields=items.point%2Citems.name%2Citems.address_name%2Citems.reviews HTTP/1.1" 200 None
2025-10-30 21:43:24,503 - DEBUG - [получить_кафе_в_районе] - Статус ответа: 200
2025-10-30 21:43:24,503 - INFO - [получить_кафе_в_районе] - Загружено 10 кафе со страницы 4
2025-10-30 21:43:25,004 - DEBUG - [получить_кафе_в_районе] - Запрос страницы 5 для района Таганский
2025-10-30 21:43:25,005 - DEBUG - [_new_conn] - Starting new HTTPS connection (1): catalog.api.2gis.com:443
2025-10-30 21:43:25,434 - DEBUG - [_make_request] - https://catalog.api.2gis.com:443 "GET /3.0/items?key=50e21a4a-6241-4f9a-aff6-0b7a942be2b7&q=%D0%BA%D0%B0%D1%84%D0%B5&district_id=4504209512726538&type=branch&page=5&page_size=10&fields=items.point%2Citems.name%2Citems.address_name%2Citems.reviews HTTP/1.1" 200 None
2025-10-30 21:43:25,435 - DEBUG - [получить_кафе_в_районе] - Статус ответа: 200
2025-10-30 21:43:25,435 - INFO - [получить_кафе_в_районе] - Загружено 10 кафе со страницы 5
2025-10-30 21:43:25,436 - INFO - [получить_кафе_в_районе] - Завершение сбора для района Таганский. Найдено кафе: 50
2025-10-30 21:43:25,438 - INFO - [<cell line: 0>] - Район 'Таганский' завершен. Кафе: 50
2025-10-30 21:43:26,440 - INFO - [<cell line: 0>] - [106/132] Обработка района: Тверской
2025-10-30 21:43:26,441 - INFO - [получить_кафе_в_районе] - Начало сбора кафе для района: Тверской (ID: 4504209512726536)
2025-10-30 21:43:26,442 - DEBUG - [получить_кафе_в_районе] - Запрос страницы 1 для района Тверской
2025-10-30 21:43:26,444 - DEBUG - [_new_conn] - Starting new HTTPS connection (1): catalog.api.2gis.com:443
2025-10-30 21:43:26,842 - DEBUG - [_make_request] - https://catalog.api.2gis.com:443 "GET /3.0/items?key=50e21a4a-6241-4f9a-aff6-0b7a942be2b7&q=%D0%BA%D0%B0%D1%84%D0%B5&district_id=4504209512726536&type=branch&page=1&page_size=10&fields=items.point%2Citems.name%2Citems.address_name%2Citems.reviews HTTP/1.1" 200 None
2025-10-30 21:43:26,843 - DEBUG - [получить_кафе_в_районе] - Статус ответа: 200
2025-10-30 21:43:26,843 - INFO - [получить_кафе_в_районе] - Загружено 10 кафе со страницы 1
2025-10-30 21:43:27,344 - DEBUG - [получить_кафе_в_районе] - Запрос страницы 2 для района Тверской
2025-10-30 21:43:27,346 - DEBUG - [_new_conn] - Starting new HTTPS connection (1): catalog.api.2gis.com:443
2025-10-30 21:43:27,749 - DEBUG - [_make_request] - https://catalog.api.2gis.com:443 "GET /3.0/items?key=50e21a4a-6241-4f9a-aff6-0b7a942be2b7&q=%D0%BA%D0%B0%D1%84%D0%B5&district_id=4504209512726536&type=branch&page=2&page_size=10&fields=items.point%2Citems.name%2Citems.address_name%2Citems.reviews HTTP/1.1" 200 None
2025-10-30 21:43:27,750 - DEBUG - [получить_кафе_в_районе] - Статус ответа: 200
2025-10-30 21:43:27,751 - INFO - [получить_кафе_в_районе] - Загружено 10 кафе со страницы 2
2025-10-30 21:43:28,251 - DEBUG - [получить_кафе_в_районе] - Запрос страницы 3 для района Тверской
2025-10-30 21:43:28,253 - DEBUG - [_new_conn] - Starting new HTTPS connection (1): catalog.api.2gis.com:443
2025-10-30 21:43:28,700 - DEBUG - [_make_request] - https://catalog.api.2gis.com:443 "GET /3.0/items?key=50e21a4a-6241-4f9a-aff6-0b7a942be2b7&q=%D0%BA%D0%B0%D1%84%D0%B5&district_id=4504209512726536&type=branch&page=3&page_size=10&fields=items.point%2Citems.name%2Citems.address_name%2Citems.reviews HTTP/1.1" 200 None
2025-10-30 21:43:28,701 - DEBUG - [получить_кафе_в_районе] - Статус ответа: 200
2025-10-30 21:43:28,701 - INFO - [получить_кафе_в_районе] - Загружено 10 кафе со страницы 3
2025-10-30 21:43:29,203 - DEBUG - [получить_кафе_в_районе] - Запрос страницы 4 для района Тверской
2025-10-30 21:43:29,204 - DEBUG - [_new_conn] - Starting new HTTPS connection (1): catalog.api.2gis.com:443
2025-10-30 21:43:29,665 - DEBUG - [_make_request] - https://catalog.api.2gis.com:443 "GET /3.0/items?key=50e21a4a-6241-4f9a-aff6-0b7a942be2b7&q=%D0%BA%D0%B0%D1%84%D0%B5&district_id=4504209512726536&type=branch&page=4&page_size=10&fields=items.point%2Citems.name%2Citems.address_name%2Citems.reviews HTTP/1.1" 200 None
2025-10-30 21:43:29,666 - DEBUG - [получить_кафе_в_районе] - Статус ответа: 200
2025-10-30 21:43:29,666 - INFO - [получить_кафе_в_районе] - Загружено 10 кафе со страницы 4
2025-10-30 21:43:30,167 - DEBUG - [получить_кафе_в_районе] - Запрос страницы 5 для района Тверской
2025-10-30 21:43:30,168 - DEBUG - [_new_conn] - Starting new HTTPS connection (1): catalog.api.2gis.com:443
2025-10-30 21:43:30,601 - DEBUG - [_make_request] - https://catalog.api.2gis.com:443 "GET /3.0/items?key=50e21a4a-6241-4f9a-aff6-0b7a942be2b7&q=%D0%BA%D0%B0%D1%84%D0%B5&district_id=4504209512726536&type=branch&page=5&page_size=10&fields=items.point%2Citems.name%2Citems.address_name%2Citems.reviews HTTP/1.1" 200 None
2025-10-30 21:43:30,602 - DEBUG - [получить_кафе_в_районе] - Статус ответа: 200
2025-10-30 21:43:30,602 - INFO - [получить_кафе_в_районе] - Загружено 10 кафе со страницы 5
2025-10-30 21:43:30,603 - INFO - [получить_кафе_в_районе] - Завершение сбора для района Тверской. Найдено кафе: 50
2025-10-30 21:43:30,604 - INFO - [<cell line: 0>] - Район 'Тверской' завершен. Кафе: 50
2025-10-30 21:43:31,606 - INFO - [<cell line: 0>] - [107/132] Обработка района: Текстильщики
2025-10-30 21:43:31,607 - INFO - [получить_кафе_в_районе] - Начало сбора кафе для района: Текстильщики (ID: 4504209512726594)
2025-10-30 21:43:31,608 - DEBUG - [получить_кафе_в_районе] - Запрос страницы 1 для района Текстильщики
2025-10-30 21:43:31,610 - DEBUG - [_new_conn] - Starting new HTTPS connection (1): catalog.api.2gis.com:443
2025-10-30 21:43:31,999 - DEBUG - [_make_request] - https://catalog.api.2gis.com:443 "GET /3.0/items?key=50e21a4a-6241-4f9a-aff6-0b7a942be2b7&q=%D0%BA%D0%B0%D1%84%D0%B5&district_id=4504209512726594&type=branch&page=1&page_size=10&fields=items.point%2Citems.name%2Citems.address_name%2Citems.reviews HTTP/1.1" 200 None
2025-10-30 21:43:31,999 - DEBUG - [получить_кафе_в_районе] - Статус ответа: 200
2025-10-30 21:43:32,000 - INFO - [получить_кафе_в_районе] - Загружено 10 кафе со страницы 1
2025-10-30 21:43:32,501 - DEBUG - [получить_кафе_в_районе] - Запрос страницы 2 для района Текстильщики
2025-10-30 21:43:32,502 - DEBUG - [_new_conn] - Starting new HTTPS connection (1): catalog.api.2gis.com:443
2025-10-30 21:43:32,917 - DEBUG - [_make_request] - https://catalog.api.2gis.com:443 "GET /3.0/items?key=50e21a4a-6241-4f9a-aff6-0b7a942be2b7&q=%D0%BA%D0%B0%D1%84%D0%B5&district_id=4504209512726594&type=branch&page=2&page_size=10&fields=items.point%2Citems.name%2Citems.address_name%2Citems.reviews HTTP/1.1" 200 None
2025-10-30 21:43:32,918 - DEBUG - [получить_кафе_в_районе] - Статус ответа: 200
2025-10-30 21:43:32,918 - INFO - [получить_кафе_в_районе] - Загружено 10 кафе со страницы 2
2025-10-30 21:43:33,419 - DEBUG - [получить_кафе_в_районе] - Запрос страницы 3 для района Текстильщики
2025-10-30 21:43:33,420 - DEBUG - [_new_conn] - Starting new HTTPS connection (1): catalog.api.2gis.com:443
2025-10-30 21:43:33,827 - DEBUG - [_make_request] - https://catalog.api.2gis.com:443 "GET /3.0/items?key=50e21a4a-6241-4f9a-aff6-0b7a942be2b7&q=%D0%BA%D0%B0%D1%84%D0%B5&district_id=4504209512726594&type=branch&page=3&page_size=10&fields=items.point%2Citems.name%2Citems.address_name%2Citems.reviews HTTP/1.1" 200 None
2025-10-30 21:43:33,828 - DEBUG - [получить_кафе_в_районе] - Статус ответа: 200
2025-10-30 21:43:33,828 - INFO - [получить_кафе_в_районе] - Загружено 5 кафе со страницы 3
2025-10-30 21:43:34,329 - DEBUG - [получить_кафе_в_районе] - Запрос страницы 4 для района Текстильщики
2025-10-30 21:43:34,331 - DEBUG - [_new_conn] - Starting new HTTPS connection (1): catalog.api.2gis.com:443
2025-10-30 21:43:34,708 - DEBUG - [_make_request] - https://catalog.api.2gis.com:443 "GET /3.0/items?key=50e21a4a-6241-4f9a-aff6-0b7a942be2b7&q=%D0%BA%D0%B0%D1%84%D0%B5&district_id=4504209512726594&type=branch&page=4&page_size=10&fields=items.point%2Citems.name%2Citems.address_name%2Citems.reviews HTTP/1.1" 200 133
2025-10-30 21:43:34,710 - DEBUG - [получить_кафе_в_районе] - Статус ответа: 200
2025-10-30 21:43:34,710 - WARNING - [получить_кафе_в_районе] - На странице 4 нет данных в ожидаемом формате
2025-10-30 21:43:35,212 - DEBUG - [получить_кафе_в_районе] - Запрос страницы 5 для района Текстильщики
2025-10-30 21:43:35,214 - DEBUG - [_new_conn] - Starting new HTTPS connection (1): catalog.api.2gis.com:443
2025-10-30 21:43:35,600 - DEBUG - [_make_request] - https://catalog.api.2gis.com:443 "GET /3.0/items?key=50e21a4a-6241-4f9a-aff6-0b7a942be2b7&q=%D0%BA%D0%B0%D1%84%D0%B5&district_id=4504209512726594&type=branch&page=5&page_size=10&fields=items.point%2Citems.name%2Citems.address_name%2Citems.reviews HTTP/1.1" 200 133
2025-10-30 21:43:35,601 - DEBUG - [получить_кафе_в_районе] - Статус ответа: 200
2025-10-30 21:43:35,601 - WARNING - [получить_кафе_в_районе] - На странице 5 нет данных в ожидаемом формате
2025-10-30 21:43:35,602 - INFO - [получить_кафе_в_районе] - Завершение сбора для района Текстильщики. Найдено кафе: 25
2025-10-30 21:43:35,604 - INFO - [<cell line: 0>] - Район 'Текстильщики' завершен. Кафе: 25
2025-10-30 21:43:36,606 - INFO - [<cell line: 0>] - [108/132] Обработка района: Тёплый Стан
2025-10-30 21:43:36,607 - INFO - [получить_кафе_в_районе] - Начало сбора кафе для района: Тёплый Стан (ID: 4504209512726621)
2025-10-30 21:43:36,608 - DEBUG - [получить_кафе_в_районе] - Запрос страницы 1 для района Тёплый Стан
2025-10-30 21:43:36,610 - DEBUG - [_new_conn] - Starting new HTTPS connection (1): catalog.api.2gis.com:443
2025-10-30 21:43:37,014 - DEBUG - [_make_request] - https://catalog.api.2gis.com:443 "GET /3.0/items?key=50e21a4a-6241-4f9a-aff6-0b7a942be2b7&q=%D0%BA%D0%B0%D1%84%D0%B5&district_id=4504209512726621&type=branch&page=1&page_size=10&fields=items.point%2Citems.name%2Citems.address_name%2Citems.reviews HTTP/1.1" 200 None
2025-10-30 21:43:37,015 - DEBUG - [получить_кафе_в_районе] - Статус ответа: 200
2025-10-30 21:43:37,015 - INFO - [получить_кафе_в_районе] - Загружено 10 кафе со страницы 1
2025-10-30 21:43:37,516 - DEBUG - [получить_кафе_в_районе] - Запрос страницы 2 для района Тёплый Стан
2025-10-30 21:43:37,518 - DEBUG - [_new_conn] - Starting new HTTPS connection (1): catalog.api.2gis.com:443
2025-10-30 21:43:37,908 - DEBUG - [_make_request] - https://catalog.api.2gis.com:443 "GET /3.0/items?key=50e21a4a-6241-4f9a-aff6-0b7a942be2b7&q=%D0%BA%D0%B0%D1%84%D0%B5&district_id=4504209512726621&type=branch&page=2&page_size=10&fields=items.point%2Citems.name%2Citems.address_name%2Citems.reviews HTTP/1.1" 200 None
2025-10-30 21:43:37,909 - DEBUG - [получить_кафе_в_районе] - Статус ответа: 200
2025-10-30 21:43:37,909 - INFO - [получить_кафе_в_районе] - Загружено 10 кафе со страницы 2
2025-10-30 21:43:38,410 - DEBUG - [получить_кафе_в_районе] - Запрос страницы 3 для района Тёплый Стан
2025-10-30 21:43:38,411 - DEBUG - [_new_conn] - Starting new HTTPS connection (1): catalog.api.2gis.com:443
2025-10-30 21:43:38,800 - DEBUG - [_make_request] - https://catalog.api.2gis.com:443 "GET /3.0/items?key=50e21a4a-6241-4f9a-aff6-0b7a942be2b7&q=%D0%BA%D0%B0%D1%84%D0%B5&district_id=4504209512726621&type=branch&page=3&page_size=10&fields=items.point%2Citems.name%2Citems.address_name%2Citems.reviews HTTP/1.1" 200 None
2025-10-30 21:43:38,801 - DEBUG - [получить_кафе_в_районе] - Статус ответа: 200
2025-10-30 21:43:38,801 - INFO - [получить_кафе_в_районе] - Загружено 9 кафе со страницы 3
2025-10-30 21:43:39,302 - DEBUG - [получить_кафе_в_районе] - Запрос страницы 4 для района Тёплый Стан
2025-10-30 21:43:39,303 - DEBUG - [_new_conn] - Starting new HTTPS connection (1): catalog.api.2gis.com:443
2025-10-30 21:43:39,689 - DEBUG - [_make_request] - https://catalog.api.2gis.com:443 "GET /3.0/items?key=50e21a4a-6241-4f9a-aff6-0b7a942be2b7&q=%D0%BA%D0%B0%D1%84%D0%B5&district_id=4504209512726621&type=branch&page=4&page_size=10&fields=items.point%2Citems.name%2Citems.address_name%2Citems.reviews HTTP/1.1" 200 133
2025-10-30 21:43:39,690 - DEBUG - [получить_кафе_в_районе] - Статус ответа: 200
2025-10-30 21:43:39,690 - WARNING - [получить_кафе_в_районе] - На странице 4 нет данных в ожидаемом формате
2025-10-30 21:43:40,191 - DEBUG - [получить_кафе_в_районе] - Запрос страницы 5 для района Тёплый Стан
2025-10-30 21:43:40,192 - DEBUG - [_new_conn] - Starting new HTTPS connection (1): catalog.api.2gis.com:443
2025-10-30 21:43:40,589 - DEBUG - [_make_request] - https://catalog.api.2gis.com:443 "GET /3.0/items?key=50e21a4a-6241-4f9a-aff6-0b7a942be2b7&q=%D0%BA%D0%B0%D1%84%D0%B5&district_id=4504209512726621&type=branch&page=5&page_size=10&fields=items.point%2Citems.name%2Citems.address_name%2Citems.reviews HTTP/1.1" 200 133
2025-10-30 21:43:40,590 - DEBUG - [получить_кафе_в_районе] - Статус ответа: 200
2025-10-30 21:43:40,591 - WARNING - [получить_кафе_в_районе] - На странице 5 нет данных в ожидаемом формате
2025-10-30 21:43:40,591 - INFO - [получить_кафе_в_районе] - Завершение сбора для района Тёплый Стан. Найдено кафе: 29
2025-10-30 21:43:40,594 - INFO - [<cell line: 0>] - Район 'Тёплый Стан' завершен. Кафе: 29
2025-10-30 21:43:41,595 - INFO - [<cell line: 0>] - [109/132] Обработка района: Тимирязевский
2025-10-30 21:43:41,596 - INFO - [получить_кафе_в_районе] - Начало сбора кафе для района: Тимирязевский (ID: 4504209512726547)
2025-10-30 21:43:41,597 - DEBUG - [получить_кафе_в_районе] - Запрос страницы 1 для района Тимирязевский
2025-10-30 21:43:41,599 - DEBUG - [_new_conn] - Starting new HTTPS connection (1): catalog.api.2gis.com:443
2025-10-30 21:43:42,131 - DEBUG - [_make_request] - https://catalog.api.2gis.com:443 "GET /3.0/items?key=50e21a4a-6241-4f9a-aff6-0b7a942be2b7&q=%D0%BA%D0%B0%D1%84%D0%B5&district_id=4504209512726547&type=branch&page=1&page_size=10&fields=items.point%2Citems.name%2Citems.address_name%2Citems.reviews HTTP/1.1" 200 None
2025-10-30 21:43:42,132 - DEBUG - [получить_кафе_в_районе] - Статус ответа: 200
2025-10-30 21:43:42,132 - INFO - [получить_кафе_в_районе] - Загружено 10 кафе со страницы 1
2025-10-30 21:43:42,633 - DEBUG - [получить_кафе_в_районе] - Запрос страницы 2 для района Тимирязевский
2025-10-30 21:43:42,634 - DEBUG - [_new_conn] - Starting new HTTPS connection (1): catalog.api.2gis.com:443
2025-10-30 21:43:43,159 - DEBUG - [_make_request] - https://catalog.api.2gis.com:443 "GET /3.0/items?key=50e21a4a-6241-4f9a-aff6-0b7a942be2b7&q=%D0%BA%D0%B0%D1%84%D0%B5&district_id=4504209512726547&type=branch&page=2&page_size=10&fields=items.point%2Citems.name%2Citems.address_name%2Citems.reviews HTTP/1.1" 200 None
2025-10-30 21:43:43,160 - DEBUG - [получить_кафе_в_районе] - Статус ответа: 200
2025-10-30 21:43:43,160 - INFO - [получить_кафе_в_районе] - Загружено 10 кафе со страницы 2
2025-10-30 21:43:43,661 - DEBUG - [получить_кафе_в_районе] - Запрос страницы 3 для района Тимирязевский
2025-10-30 21:43:43,662 - DEBUG - [_new_conn] - Starting new HTTPS connection (1): catalog.api.2gis.com:443
2025-10-30 21:43:44,045 - DEBUG - [_make_request] - https://catalog.api.2gis.com:443 "GET /3.0/items?key=50e21a4a-6241-4f9a-aff6-0b7a942be2b7&q=%D0%BA%D0%B0%D1%84%D0%B5&district_id=4504209512726547&type=branch&page=3&page_size=10&fields=items.point%2Citems.name%2Citems.address_name%2Citems.reviews HTTP/1.1" 200 None
2025-10-30 21:43:44,046 - DEBUG - [получить_кафе_в_районе] - Статус ответа: 200
2025-10-30 21:43:44,047 - INFO - [получить_кафе_в_районе] - Загружено 3 кафе со страницы 3
2025-10-30 21:43:44,547 - DEBUG - [получить_кафе_в_районе] - Запрос страницы 4 для района Тимирязевский
2025-10-30 21:43:44,549 - DEBUG - [_new_conn] - Starting new HTTPS connection (1): catalog.api.2gis.com:443
2025-10-30 21:43:44,925 - DEBUG - [_make_request] - https://catalog.api.2gis.com:443 "GET /3.0/items?key=50e21a4a-6241-4f9a-aff6-0b7a942be2b7&q=%D0%BA%D0%B0%D1%84%D0%B5&district_id=4504209512726547&type=branch&page=4&page_size=10&fields=items.point%2Citems.name%2Citems.address_name%2Citems.reviews HTTP/1.1" 200 133
2025-10-30 21:43:44,926 - DEBUG - [получить_кафе_в_районе] - Статус ответа: 200
2025-10-30 21:43:44,926 - WARNING - [получить_кафе_в_районе] - На странице 4 нет данных в ожидаемом формате
2025-10-30 21:43:45,427 - DEBUG - [получить_кафе_в_районе] - Запрос страницы 5 для района Тимирязевский
2025-10-30 21:43:45,428 - DEBUG - [_new_conn] - Starting new HTTPS connection (1): catalog.api.2gis.com:443
2025-10-30 21:43:45,807 - DEBUG - [_make_request] - https://catalog.api.2gis.com:443 "GET /3.0/items?key=50e21a4a-6241-4f9a-aff6-0b7a942be2b7&q=%D0%BA%D0%B0%D1%84%D0%B5&district_id=4504209512726547&type=branch&page=5&page_size=10&fields=items.point%2Citems.name%2Citems.address_name%2Citems.reviews HTTP/1.1" 200 133
2025-10-30 21:43:45,808 - DEBUG - [получить_кафе_в_районе] - Статус ответа: 200
2025-10-30 21:43:45,809 - WARNING - [получить_кафе_в_районе] - На странице 5 нет данных в ожидаемом формате
2025-10-30 21:43:45,809 - INFO - [получить_кафе_в_районе] - Завершение сбора для района Тимирязевский. Найдено кафе: 23
2025-10-30 21:43:45,811 - INFO - [<cell line: 0>] - Район 'Тимирязевский' завершен. Кафе: 23
2025-10-30 21:43:46,813 - INFO - [<cell line: 0>] - [110/132] Обработка района: Троицк
2025-10-30 21:43:46,814 - INFO - [получить_кафе_в_районе] - Начало сбора кафе для района: Троицк (ID: 4504209520933741)
2025-10-30 21:43:46,815 - DEBUG - [получить_кафе_в_районе] - Запрос страницы 1 для района Троицк
2025-10-30 21:43:46,817 - DEBUG - [_new_conn] - Starting new HTTPS connection (1): catalog.api.2gis.com:443
2025-10-30 21:43:47,207 - DEBUG - [_make_request] - https://catalog.api.2gis.com:443 "GET /3.0/items?key=50e21a4a-6241-4f9a-aff6-0b7a942be2b7&q=%D0%BA%D0%B0%D1%84%D0%B5&district_id=4504209520933741&type=branch&page=1&page_size=10&fields=items.point%2Citems.name%2Citems.address_name%2Citems.reviews HTTP/1.1" 200 None
2025-10-30 21:43:47,208 - DEBUG - [получить_кафе_в_районе] - Статус ответа: 200
2025-10-30 21:43:47,208 - INFO - [получить_кафе_в_районе] - Загружено 10 кафе со страницы 1
2025-10-30 21:43:47,709 - DEBUG - [получить_кафе_в_районе] - Запрос страницы 2 для района Троицк
2025-10-30 21:43:47,711 - DEBUG - [_new_conn] - Starting new HTTPS connection (1): catalog.api.2gis.com:443
2025-10-30 21:43:48,115 - DEBUG - [_make_request] - https://catalog.api.2gis.com:443 "GET /3.0/items?key=50e21a4a-6241-4f9a-aff6-0b7a942be2b7&q=%D0%BA%D0%B0%D1%84%D0%B5&district_id=4504209520933741&type=branch&page=2&page_size=10&fields=items.point%2Citems.name%2Citems.address_name%2Citems.reviews HTTP/1.1" 200 None
2025-10-30 21:43:48,116 - DEBUG - [получить_кафе_в_районе] - Статус ответа: 200
2025-10-30 21:43:48,116 - INFO - [получить_кафе_в_районе] - Загружено 10 кафе со страницы 2
2025-10-30 21:43:48,617 - DEBUG - [получить_кафе_в_районе] - Запрос страницы 3 для района Троицк
2025-10-30 21:43:48,618 - DEBUG - [_new_conn] - Starting new HTTPS connection (1): catalog.api.2gis.com:443
2025-10-30 21:43:49,028 - DEBUG - [_make_request] - https://catalog.api.2gis.com:443 "GET /3.0/items?key=50e21a4a-6241-4f9a-aff6-0b7a942be2b7&q=%D0%BA%D0%B0%D1%84%D0%B5&district_id=4504209520933741&type=branch&page=3&page_size=10&fields=items.point%2Citems.name%2Citems.address_name%2Citems.reviews HTTP/1.1" 200 None
2025-10-30 21:43:49,029 - DEBUG - [получить_кафе_в_районе] - Статус ответа: 200
2025-10-30 21:43:49,030 - INFO - [получить_кафе_в_районе] - Загружено 10 кафе со страницы 3
2025-10-30 21:43:49,530 - DEBUG - [получить_кафе_в_районе] - Запрос страницы 4 для района Троицк
2025-10-30 21:43:49,532 - DEBUG - [_new_conn] - Starting new HTTPS connection (1): catalog.api.2gis.com:443
2025-10-30 21:43:49,923 - DEBUG - [_make_request] - https://catalog.api.2gis.com:443 "GET /3.0/items?key=50e21a4a-6241-4f9a-aff6-0b7a942be2b7&q=%D0%BA%D0%B0%D1%84%D0%B5&district_id=4504209520933741&type=branch&page=4&page_size=10&fields=items.point%2Citems.name%2Citems.address_name%2Citems.reviews HTTP/1.1" 200 None
2025-10-30 21:43:49,924 - DEBUG - [получить_кафе_в_районе] - Статус ответа: 200
2025-10-30 21:43:49,924 - INFO - [получить_кафе_в_районе] - Загружено 10 кафе со страницы 4
2025-10-30 21:43:50,426 - DEBUG - [получить_кафе_в_районе] - Запрос страницы 5 для района Троицк
2025-10-30 21:43:50,427 - DEBUG - [_new_conn] - Starting new HTTPS connection (1): catalog.api.2gis.com:443
2025-10-30 21:43:50,828 - DEBUG - [_make_request] - https://catalog.api.2gis.com:443 "GET /3.0/items?key=50e21a4a-6241-4f9a-aff6-0b7a942be2b7&q=%D0%BA%D0%B0%D1%84%D0%B5&district_id=4504209520933741&type=branch&page=5&page_size=10&fields=items.point%2Citems.name%2Citems.address_name%2Citems.reviews HTTP/1.1" 200 None
2025-10-30 21:43:50,828 - DEBUG - [получить_кафе_в_районе] - Статус ответа: 200
2025-10-30 21:43:50,829 - INFO - [получить_кафе_в_районе] - Загружено 4 кафе со страницы 5
2025-10-30 21:43:50,830 - INFO - [получить_кафе_в_районе] - Завершение сбора для района Троицк. Найдено кафе: 44
2025-10-30 21:43:50,831 - INFO - [<cell line: 0>] - Район 'Троицк' завершен. Кафе: 44
2025-10-30 21:43:51,832 - INFO - [<cell line: 0>] - [111/132] Обработка района: Тропарёво-Никулино
2025-10-30 21:43:51,833 - INFO - [получить_кафе_в_районе] - Начало сбора кафе для района: Тропарёво-Никулино (ID: 4504209512726630)
2025-10-30 21:43:51,834 - DEBUG - [получить_кафе_в_районе] - Запрос страницы 1 для района Тропарёво-Никулино
2025-10-30 21:43:51,836 - DEBUG - [_new_conn] - Starting new HTTPS connection (1): catalog.api.2gis.com:443
2025-10-30 21:43:52,226 - DEBUG - [_make_request] - https://catalog.api.2gis.com:443 "GET /3.0/items?key=50e21a4a-6241-4f9a-aff6-0b7a942be2b7&q=%D0%BA%D0%B0%D1%84%D0%B5&district_id=4504209512726630&type=branch&page=1&page_size=10&fields=items.point%2Citems.name%2Citems.address_name%2Citems.reviews HTTP/1.1" 200 None
2025-10-30 21:43:52,226 - DEBUG - [получить_кафе_в_районе] - Статус ответа: 200
2025-10-30 21:43:52,227 - INFO - [получить_кафе_в_районе] - Загружено 10 кафе со страницы 1
2025-10-30 21:43:52,728 - DEBUG - [получить_кафе_в_районе] - Запрос страницы 2 для района Тропарёво-Никулино
2025-10-30 21:43:52,729 - DEBUG - [_new_conn] - Starting new HTTPS connection (1): catalog.api.2gis.com:443
2025-10-30 21:43:53,123 - DEBUG - [_make_request] - https://catalog.api.2gis.com:443 "GET /3.0/items?key=50e21a4a-6241-4f9a-aff6-0b7a942be2b7&q=%D0%BA%D0%B0%D1%84%D0%B5&district_id=4504209512726630&type=branch&page=2&page_size=10&fields=items.point%2Citems.name%2Citems.address_name%2Citems.reviews HTTP/1.1" 200 None
2025-10-30 21:43:53,124 - DEBUG - [получить_кафе_в_районе] - Статус ответа: 200
2025-10-30 21:43:53,124 - INFO - [получить_кафе_в_районе] - Загружено 10 кафе со страницы 2
2025-10-30 21:43:53,625 - DEBUG - [получить_кафе_в_районе] - Запрос страницы 3 для района Тропарёво-Никулино
2025-10-30 21:43:53,626 - DEBUG - [_new_conn] - Starting new HTTPS connection (1): catalog.api.2gis.com:443
2025-10-30 21:43:54,042 - DEBUG - [_make_request] - https://catalog.api.2gis.com:443 "GET /3.0/items?key=50e21a4a-6241-4f9a-aff6-0b7a942be2b7&q=%D0%BA%D0%B0%D1%84%D0%B5&district_id=4504209512726630&type=branch&page=3&page_size=10&fields=items.point%2Citems.name%2Citems.address_name%2Citems.reviews HTTP/1.1" 200 None
2025-10-30 21:43:54,043 - DEBUG - [получить_кафе_в_районе] - Статус ответа: 200
2025-10-30 21:43:54,043 - INFO - [получить_кафе_в_районе] - Загружено 10 кафе со страницы 3
2025-10-30 21:43:54,544 - DEBUG - [получить_кафе_в_районе] - Запрос страницы 4 для района Тропарёво-Никулино
2025-10-30 21:43:54,545 - DEBUG - [_new_conn] - Starting new HTTPS connection (1): catalog.api.2gis.com:443
2025-10-30 21:43:54,933 - DEBUG - [_make_request] - https://catalog.api.2gis.com:443 "GET /3.0/items?key=50e21a4a-6241-4f9a-aff6-0b7a942be2b7&q=%D0%BA%D0%B0%D1%84%D0%B5&district_id=4504209512726630&type=branch&page=4&page_size=10&fields=items.point%2Citems.name%2Citems.address_name%2Citems.reviews HTTP/1.1" 200 None
2025-10-30 21:43:54,934 - DEBUG - [получить_кафе_в_районе] - Статус ответа: 200
2025-10-30 21:43:54,934 - INFO - [получить_кафе_в_районе] - Загружено 10 кафе со страницы 4
2025-10-30 21:43:55,435 - DEBUG - [получить_кафе_в_районе] - Запрос страницы 5 для района Тропарёво-Никулино
2025-10-30 21:43:55,436 - DEBUG - [_new_conn] - Starting new HTTPS connection (1): catalog.api.2gis.com:443
2025-10-30 21:43:55,840 - DEBUG - [_make_request] - https://catalog.api.2gis.com:443 "GET /3.0/items?key=50e21a4a-6241-4f9a-aff6-0b7a942be2b7&q=%D0%BA%D0%B0%D1%84%D0%B5&district_id=4504209512726630&type=branch&page=5&page_size=10&fields=items.point%2Citems.name%2Citems.address_name%2Citems.reviews HTTP/1.1" 200 None
2025-10-30 21:43:55,841 - DEBUG - [получить_кафе_в_районе] - Статус ответа: 200
2025-10-30 21:43:55,841 - INFO - [получить_кафе_в_районе] - Загружено 10 кафе со страницы 5
2025-10-30 21:43:55,842 - INFO - [получить_кафе_в_районе] - Завершение сбора для района Тропарёво-Никулино. Найдено кафе: 50
2025-10-30 21:43:55,844 - INFO - [<cell line: 0>] - Район 'Тропарёво-Никулино' завершен. Кафе: 50
2025-10-30 21:43:56,845 - INFO - [<cell line: 0>] - [112/132] Обработка района: Филёвский Парк
2025-10-30 21:43:56,846 - INFO - [получить_кафе_в_районе] - Начало сбора кафе для района: Филёвский Парк (ID: 4504209512726636)
2025-10-30 21:43:56,848 - DEBUG - [получить_кафе_в_районе] - Запрос страницы 1 для района Филёвский Парк
2025-10-30 21:43:56,850 - DEBUG - [_new_conn] - Starting new HTTPS connection (1): catalog.api.2gis.com:443
2025-10-30 21:43:57,253 - DEBUG - [_make_request] - https://catalog.api.2gis.com:443 "GET /3.0/items?key=50e21a4a-6241-4f9a-aff6-0b7a942be2b7&q=%D0%BA%D0%B0%D1%84%D0%B5&district_id=4504209512726636&type=branch&page=1&page_size=10&fields=items.point%2Citems.name%2Citems.address_name%2Citems.reviews HTTP/1.1" 200 None
2025-10-30 21:43:57,254 - DEBUG - [получить_кафе_в_районе] - Статус ответа: 200
2025-10-30 21:43:57,254 - INFO - [получить_кафе_в_районе] - Загружено 10 кафе со страницы 1
2025-10-30 21:43:57,755 - DEBUG - [получить_кафе_в_районе] - Запрос страницы 2 для района Филёвский Парк
2025-10-30 21:43:57,756 - DEBUG - [_new_conn] - Starting new HTTPS connection (1): catalog.api.2gis.com:443
2025-10-30 21:43:58,158 - DEBUG - [_make_request] - https://catalog.api.2gis.com:443 "GET /3.0/items?key=50e21a4a-6241-4f9a-aff6-0b7a942be2b7&q=%D0%BA%D0%B0%D1%84%D0%B5&district_id=4504209512726636&type=branch&page=2&page_size=10&fields=items.point%2Citems.name%2Citems.address_name%2Citems.reviews HTTP/1.1" 200 None
2025-10-30 21:43:58,159 - DEBUG - [получить_кафе_в_районе] - Статус ответа: 200
2025-10-30 21:43:58,159 - INFO - [получить_кафе_в_районе] - Загружено 10 кафе со страницы 2
2025-10-30 21:43:58,660 - DEBUG - [получить_кафе_в_районе] - Запрос страницы 3 для района Филёвский Парк
2025-10-30 21:43:58,662 - DEBUG - [_new_conn] - Starting new HTTPS connection (1): catalog.api.2gis.com:443
2025-10-30 21:43:59,060 - DEBUG - [_make_request] - https://catalog.api.2gis.com:443 "GET /3.0/items?key=50e21a4a-6241-4f9a-aff6-0b7a942be2b7&q=%D0%BA%D0%B0%D1%84%D0%B5&district_id=4504209512726636&type=branch&page=3&page_size=10&fields=items.point%2Citems.name%2Citems.address_name%2Citems.reviews HTTP/1.1" 200 None
2025-10-30 21:43:59,062 - DEBUG - [получить_кафе_в_районе] - Статус ответа: 200
2025-10-30 21:43:59,062 - INFO - [получить_кафе_в_районе] - Загружено 10 кафе со страницы 3
2025-10-30 21:43:59,563 - DEBUG - [получить_кафе_в_районе] - Запрос страницы 4 для района Филёвский Парк
2025-10-30 21:43:59,565 - DEBUG - [_new_conn] - Starting new HTTPS connection (1): catalog.api.2gis.com:443
2025-10-30 21:43:59,963 - DEBUG - [_make_request] - https://catalog.api.2gis.com:443 "GET /3.0/items?key=50e21a4a-6241-4f9a-aff6-0b7a942be2b7&q=%D0%BA%D0%B0%D1%84%D0%B5&district_id=4504209512726636&type=branch&page=4&page_size=10&fields=items.point%2Citems.name%2Citems.address_name%2Citems.reviews HTTP/1.1" 200 None
2025-10-30 21:43:59,964 - DEBUG - [получить_кафе_в_районе] - Статус ответа: 200
2025-10-30 21:43:59,964 - INFO - [получить_кафе_в_районе] - Загружено 10 кафе со страницы 4
2025-10-30 21:44:00,465 - DEBUG - [получить_кафе_в_районе] - Запрос страницы 5 для района Филёвский Парк
2025-10-30 21:44:00,467 - DEBUG - [_new_conn] - Starting new HTTPS connection (1): catalog.api.2gis.com:443
2025-10-30 21:44:00,867 - DEBUG - [_make_request] - https://catalog.api.2gis.com:443 "GET /3.0/items?key=50e21a4a-6241-4f9a-aff6-0b7a942be2b7&q=%D0%BA%D0%B0%D1%84%D0%B5&district_id=4504209512726636&type=branch&page=5&page_size=10&fields=items.point%2Citems.name%2Citems.address_name%2Citems.reviews HTTP/1.1" 200 None
2025-10-30 21:44:00,868 - DEBUG - [получить_кафе_в_районе] - Статус ответа: 200
2025-10-30 21:44:00,868 - INFO - [получить_кафе_в_районе] - Загружено 10 кафе со страницы 5
2025-10-30 21:44:00,869 - INFO - [получить_кафе_в_районе] - Завершение сбора для района Филёвский Парк. Найдено кафе: 50
2025-10-30 21:44:00,871 - INFO - [<cell line: 0>] - Район 'Филёвский Парк' завершен. Кафе: 50
2025-10-30 21:44:01,872 - INFO - [<cell line: 0>] - [113/132] Обработка района: Фили-Давыдково
2025-10-30 21:44:01,873 - INFO - [получить_кафе_в_районе] - Начало сбора кафе для района: Фили-Давыдково (ID: 4504209512726638)
2025-10-30 21:44:01,874 - DEBUG - [получить_кафе_в_районе] - Запрос страницы 1 для района Фили-Давыдково
2025-10-30 21:44:01,877 - DEBUG - [_new_conn] - Starting new HTTPS connection (1): catalog.api.2gis.com:443
2025-10-30 21:44:02,269 - DEBUG - [_make_request] - https://catalog.api.2gis.com:443 "GET /3.0/items?key=50e21a4a-6241-4f9a-aff6-0b7a942be2b7&q=%D0%BA%D0%B0%D1%84%D0%B5&district_id=4504209512726638&type=branch&page=1&page_size=10&fields=items.point%2Citems.name%2Citems.address_name%2Citems.reviews HTTP/1.1" 200 None
2025-10-30 21:44:02,270 - DEBUG - [получить_кафе_в_районе] - Статус ответа: 200
2025-10-30 21:44:02,270 - INFO - [получить_кафе_в_районе] - Загружено 10 кафе со страницы 1
2025-10-30 21:44:02,771 - DEBUG - [получить_кафе_в_районе] - Запрос страницы 2 для района Фили-Давыдково
2025-10-30 21:44:02,772 - DEBUG - [_new_conn] - Starting new HTTPS connection (1): catalog.api.2gis.com:443
2025-10-30 21:44:03,151 - DEBUG - [_make_request] - https://catalog.api.2gis.com:443 "GET /3.0/items?key=50e21a4a-6241-4f9a-aff6-0b7a942be2b7&q=%D0%BA%D0%B0%D1%84%D0%B5&district_id=4504209512726638&type=branch&page=2&page_size=10&fields=items.point%2Citems.name%2Citems.address_name%2Citems.reviews HTTP/1.1" 200 None
2025-10-30 21:44:03,152 - DEBUG - [получить_кафе_в_районе] - Статус ответа: 200
2025-10-30 21:44:03,152 - INFO - [получить_кафе_в_районе] - Загружено 9 кафе со страницы 2
2025-10-30 21:44:03,653 - DEBUG - [получить_кафе_в_районе] - Запрос страницы 3 для района Фили-Давыдково
2025-10-30 21:44:03,654 - DEBUG - [_new_conn] - Starting new HTTPS connection (1): catalog.api.2gis.com:443
2025-10-30 21:44:04,060 - DEBUG - [_make_request] - https://catalog.api.2gis.com:443 "GET /3.0/items?key=50e21a4a-6241-4f9a-aff6-0b7a942be2b7&q=%D0%BA%D0%B0%D1%84%D0%B5&district_id=4504209512726638&type=branch&page=3&page_size=10&fields=items.point%2Citems.name%2Citems.address_name%2Citems.reviews HTTP/1.1" 200 133
2025-10-30 21:44:04,061 - DEBUG - [получить_кафе_в_районе] - Статус ответа: 200
2025-10-30 21:44:04,061 - WARNING - [получить_кафе_в_районе] - На странице 3 нет данных в ожидаемом формате
2025-10-30 21:44:04,562 - DEBUG - [получить_кафе_в_районе] - Запрос страницы 4 для района Фили-Давыдково
2025-10-30 21:44:04,564 - DEBUG - [_new_conn] - Starting new HTTPS connection (1): catalog.api.2gis.com:443
2025-10-30 21:44:04,949 - DEBUG - [_make_request] - https://catalog.api.2gis.com:443 "GET /3.0/items?key=50e21a4a-6241-4f9a-aff6-0b7a942be2b7&q=%D0%BA%D0%B0%D1%84%D0%B5&district_id=4504209512726638&type=branch&page=4&page_size=10&fields=items.point%2Citems.name%2Citems.address_name%2Citems.reviews HTTP/1.1" 200 133
2025-10-30 21:44:04,950 - DEBUG - [получить_кафе_в_районе] - Статус ответа: 200
2025-10-30 21:44:04,950 - WARNING - [получить_кафе_в_районе] - На странице 4 нет данных в ожидаемом формате
2025-10-30 21:44:05,452 - DEBUG - [получить_кафе_в_районе] - Запрос страницы 5 для района Фили-Давыдково
2025-10-30 21:44:05,453 - DEBUG - [_new_conn] - Starting new HTTPS connection (1): catalog.api.2gis.com:443
2025-10-30 21:44:05,845 - DEBUG - [_make_request] - https://catalog.api.2gis.com:443 "GET /3.0/items?key=50e21a4a-6241-4f9a-aff6-0b7a942be2b7&q=%D0%BA%D0%B0%D1%84%D0%B5&district_id=4504209512726638&type=branch&page=5&page_size=10&fields=items.point%2Citems.name%2Citems.address_name%2Citems.reviews HTTP/1.1" 200 133
2025-10-30 21:44:05,846 - DEBUG - [получить_кафе_в_районе] - Статус ответа: 200
2025-10-30 21:44:05,846 - WARNING - [получить_кафе_в_районе] - На странице 5 нет данных в ожидаемом формате
2025-10-30 21:44:05,847 - INFO - [получить_кафе_в_районе] - Завершение сбора для района Фили-Давыдково. Найдено кафе: 19
2025-10-30 21:44:05,848 - INFO - [<cell line: 0>] - Район 'Фили-Давыдково' завершен. Кафе: 19
2025-10-30 21:44:06,849 - INFO - [<cell line: 0>] - [114/132] Обработка района: Филимонковский
2025-10-30 21:44:06,850 - INFO - [получить_кафе_в_районе] - Начало сбора кафе для района: Филимонковский (ID: 4504209520929329)
2025-10-30 21:44:06,851 - DEBUG - [получить_кафе_в_районе] - Запрос страницы 1 для района Филимонковский
2025-10-30 21:44:06,853 - DEBUG - [_new_conn] - Starting new HTTPS connection (1): catalog.api.2gis.com:443
2025-10-30 21:44:07,247 - DEBUG - [_make_request] - https://catalog.api.2gis.com:443 "GET /3.0/items?key=50e21a4a-6241-4f9a-aff6-0b7a942be2b7&q=%D0%BA%D0%B0%D1%84%D0%B5&district_id=4504209520929329&type=branch&page=1&page_size=10&fields=items.point%2Citems.name%2Citems.address_name%2Citems.reviews HTTP/1.1" 200 None
2025-10-30 21:44:07,248 - DEBUG - [получить_кафе_в_районе] - Статус ответа: 200
2025-10-30 21:44:07,248 - INFO - [получить_кафе_в_районе] - Загружено 10 кафе со страницы 1
2025-10-30 21:44:07,749 - DEBUG - [получить_кафе_в_районе] - Запрос страницы 2 для района Филимонковский
2025-10-30 21:44:07,750 - DEBUG - [_new_conn] - Starting new HTTPS connection (1): catalog.api.2gis.com:443
2025-10-30 21:44:08,136 - DEBUG - [_make_request] - https://catalog.api.2gis.com:443 "GET /3.0/items?key=50e21a4a-6241-4f9a-aff6-0b7a942be2b7&q=%D0%BA%D0%B0%D1%84%D0%B5&district_id=4504209520929329&type=branch&page=2&page_size=10&fields=items.point%2Citems.name%2Citems.address_name%2Citems.reviews HTTP/1.1" 200 None
2025-10-30 21:44:08,137 - DEBUG - [получить_кафе_в_районе] - Статус ответа: 200
2025-10-30 21:44:08,137 - INFO - [получить_кафе_в_районе] - Загружено 10 кафе со страницы 2
2025-10-30 21:44:08,638 - DEBUG - [получить_кафе_в_районе] - Запрос страницы 3 для района Филимонковский
2025-10-30 21:44:08,639 - DEBUG - [_new_conn] - Starting new HTTPS connection (1): catalog.api.2gis.com:443
2025-10-30 21:44:09,084 - DEBUG - [_make_request] - https://catalog.api.2gis.com:443 "GET /3.0/items?key=50e21a4a-6241-4f9a-aff6-0b7a942be2b7&q=%D0%BA%D0%B0%D1%84%D0%B5&district_id=4504209520929329&type=branch&page=3&page_size=10&fields=items.point%2Citems.name%2Citems.address_name%2Citems.reviews HTTP/1.1" 200 None
2025-10-30 21:44:09,085 - DEBUG - [получить_кафе_в_районе] - Статус ответа: 200
2025-10-30 21:44:09,085 - INFO - [получить_кафе_в_районе] - Загружено 10 кафе со страницы 3
2025-10-30 21:44:09,586 - DEBUG - [получить_кафе_в_районе] - Запрос страницы 4 для района Филимонковский
2025-10-30 21:44:09,587 - DEBUG - [_new_conn] - Starting new HTTPS connection (1): catalog.api.2gis.com:443
2025-10-30 21:44:09,965 - DEBUG - [_make_request] - https://catalog.api.2gis.com:443 "GET /3.0/items?key=50e21a4a-6241-4f9a-aff6-0b7a942be2b7&q=%D0%BA%D0%B0%D1%84%D0%B5&district_id=4504209520929329&type=branch&page=4&page_size=10&fields=items.point%2Citems.name%2Citems.address_name%2Citems.reviews HTTP/1.1" 200 None
2025-10-30 21:44:09,966 - DEBUG - [получить_кафе_в_районе] - Статус ответа: 200
2025-10-30 21:44:09,966 - INFO - [получить_кафе_в_районе] - Загружено 5 кафе со страницы 4
2025-10-30 21:44:10,467 - DEBUG - [получить_кафе_в_районе] - Запрос страницы 5 для района Филимонковский
2025-10-30 21:44:10,469 - DEBUG - [_new_conn] - Starting new HTTPS connection (1): catalog.api.2gis.com:443
2025-10-30 21:44:10,869 - DEBUG - [_make_request] - https://catalog.api.2gis.com:443 "GET /3.0/items?key=50e21a4a-6241-4f9a-aff6-0b7a942be2b7&q=%D0%BA%D0%B0%D1%84%D0%B5&district_id=4504209520929329&type=branch&page=5&page_size=10&fields=items.point%2Citems.name%2Citems.address_name%2Citems.reviews HTTP/1.1" 200 133
2025-10-30 21:44:10,870 - DEBUG - [получить_кафе_в_районе] - Статус ответа: 200
2025-10-30 21:44:10,870 - WARNING - [получить_кафе_в_районе] - На странице 5 нет данных в ожидаемом формате
2025-10-30 21:44:10,871 - INFO - [получить_кафе_в_районе] - Завершение сбора для района Филимонковский. Найдено кафе: 35
2025-10-30 21:44:10,872 - INFO - [<cell line: 0>] - Район 'Филимонковский' завершен. Кафе: 35
2025-10-30 21:44:11,873 - INFO - [<cell line: 0>] - [115/132] Обработка района: Хамовники
2025-10-30 21:44:11,874 - INFO - [получить_кафе_в_районе] - Начало сбора кафе для района: Хамовники (ID: 4504209512726533)
2025-10-30 21:44:11,875 - DEBUG - [получить_кафе_в_районе] - Запрос страницы 1 для района Хамовники
2025-10-30 21:44:11,877 - DEBUG - [_new_conn] - Starting new HTTPS connection (1): catalog.api.2gis.com:443
2025-10-30 21:44:12,510 - DEBUG - [_make_request] - https://catalog.api.2gis.com:443 "GET /3.0/items?key=50e21a4a-6241-4f9a-aff6-0b7a942be2b7&q=%D0%BA%D0%B0%D1%84%D0%B5&district_id=4504209512726533&type=branch&page=1&page_size=10&fields=items.point%2Citems.name%2Citems.address_name%2Citems.reviews HTTP/1.1" 200 None
2025-10-30 21:44:12,511 - DEBUG - [получить_кафе_в_районе] - Статус ответа: 200
2025-10-30 21:44:12,511 - INFO - [получить_кафе_в_районе] - Загружено 10 кафе со страницы 1
2025-10-30 21:44:13,012 - DEBUG - [получить_кафе_в_районе] - Запрос страницы 2 для района Хамовники
2025-10-30 21:44:13,013 - DEBUG - [_new_conn] - Starting new HTTPS connection (1): catalog.api.2gis.com:443
2025-10-30 21:44:13,410 - DEBUG - [_make_request] - https://catalog.api.2gis.com:443 "GET /3.0/items?key=50e21a4a-6241-4f9a-aff6-0b7a942be2b7&q=%D0%BA%D0%B0%D1%84%D0%B5&district_id=4504209512726533&type=branch&page=2&page_size=10&fields=items.point%2Citems.name%2Citems.address_name%2Citems.reviews HTTP/1.1" 200 None
2025-10-30 21:44:13,411 - DEBUG - [получить_кафе_в_районе] - Статус ответа: 200
2025-10-30 21:44:13,411 - INFO - [получить_кафе_в_районе] - Загружено 10 кафе со страницы 2
2025-10-30 21:44:13,912 - DEBUG - [получить_кафе_в_районе] - Запрос страницы 3 для района Хамовники
2025-10-30 21:44:13,913 - DEBUG - [_new_conn] - Starting new HTTPS connection (1): catalog.api.2gis.com:443
2025-10-30 21:44:14,428 - DEBUG - [_make_request] - https://catalog.api.2gis.com:443 "GET /3.0/items?key=50e21a4a-6241-4f9a-aff6-0b7a942be2b7&q=%D0%BA%D0%B0%D1%84%D0%B5&district_id=4504209512726533&type=branch&page=3&page_size=10&fields=items.point%2Citems.name%2Citems.address_name%2Citems.reviews HTTP/1.1" 200 None
2025-10-30 21:44:14,429 - DEBUG - [получить_кафе_в_районе] - Статус ответа: 200
2025-10-30 21:44:14,429 - INFO - [получить_кафе_в_районе] - Загружено 10 кафе со страницы 3
2025-10-30 21:44:14,930 - DEBUG - [получить_кафе_в_районе] - Запрос страницы 4 для района Хамовники
2025-10-30 21:44:14,932 - DEBUG - [_new_conn] - Starting new HTTPS connection (1): catalog.api.2gis.com:443
2025-10-30 21:44:15,326 - DEBUG - [_make_request] - https://catalog.api.2gis.com:443 "GET /3.0/items?key=50e21a4a-6241-4f9a-aff6-0b7a942be2b7&q=%D0%BA%D0%B0%D1%84%D0%B5&district_id=4504209512726533&type=branch&page=4&page_size=10&fields=items.point%2Citems.name%2Citems.address_name%2Citems.reviews HTTP/1.1" 200 None
2025-10-30 21:44:15,327 - DEBUG - [получить_кафе_в_районе] - Статус ответа: 200
2025-10-30 21:44:15,327 - INFO - [получить_кафе_в_районе] - Загружено 10 кафе со страницы 4
2025-10-30 21:44:15,828 - DEBUG - [получить_кафе_в_районе] - Запрос страницы 5 для района Хамовники
2025-10-30 21:44:15,829 - DEBUG - [_new_conn] - Starting new HTTPS connection (1): catalog.api.2gis.com:443
2025-10-30 21:44:16,252 - DEBUG - [_make_request] - https://catalog.api.2gis.com:443 "GET /3.0/items?key=50e21a4a-6241-4f9a-aff6-0b7a942be2b7&q=%D0%BA%D0%B0%D1%84%D0%B5&district_id=4504209512726533&type=branch&page=5&page_size=10&fields=items.point%2Citems.name%2Citems.address_name%2Citems.reviews HTTP/1.1" 200 None
2025-10-30 21:44:16,253 - DEBUG - [получить_кафе_в_районе] - Статус ответа: 200
2025-10-30 21:44:16,253 - INFO - [получить_кафе_в_районе] - Загружено 10 кафе со страницы 5
2025-10-30 21:44:16,254 - INFO - [получить_кафе_в_районе] - Завершение сбора для района Хамовники. Найдено кафе: 50
2025-10-30 21:44:16,256 - INFO - [<cell line: 0>] - Район 'Хамовники' завершен. Кафе: 50
2025-10-30 21:44:17,257 - INFO - [<cell line: 0>] - [116/132] Обработка района: Ховрино
2025-10-30 21:44:17,258 - INFO - [получить_кафе_в_районе] - Начало сбора кафе для района: Ховрино (ID: 4504209512726555)
2025-10-30 21:44:17,259 - DEBUG - [получить_кафе_в_районе] - Запрос страницы 1 для района Ховрино
2025-10-30 21:44:17,261 - DEBUG - [_new_conn] - Starting new HTTPS connection (1): catalog.api.2gis.com:443
2025-10-30 21:44:17,647 - DEBUG - [_make_request] - https://catalog.api.2gis.com:443 "GET /3.0/items?key=50e21a4a-6241-4f9a-aff6-0b7a942be2b7&q=%D0%BA%D0%B0%D1%84%D0%B5&district_id=4504209512726555&type=branch&page=1&page_size=10&fields=items.point%2Citems.name%2Citems.address_name%2Citems.reviews HTTP/1.1" 200 None
2025-10-30 21:44:17,647 - DEBUG - [получить_кафе_в_районе] - Статус ответа: 200
2025-10-30 21:44:17,648 - INFO - [получить_кафе_в_районе] - Загружено 10 кафе со страницы 1
2025-10-30 21:44:18,149 - DEBUG - [получить_кафе_в_районе] - Запрос страницы 2 для района Ховрино
2025-10-30 21:44:18,150 - DEBUG - [_new_conn] - Starting new HTTPS connection (1): catalog.api.2gis.com:443
2025-10-30 21:44:18,545 - DEBUG - [_make_request] - https://catalog.api.2gis.com:443 "GET /3.0/items?key=50e21a4a-6241-4f9a-aff6-0b7a942be2b7&q=%D0%BA%D0%B0%D1%84%D0%B5&district_id=4504209512726555&type=branch&page=2&page_size=10&fields=items.point%2Citems.name%2Citems.address_name%2Citems.reviews HTTP/1.1" 200 None
2025-10-30 21:44:18,546 - DEBUG - [получить_кафе_в_районе] - Статус ответа: 200
2025-10-30 21:44:18,546 - INFO - [получить_кафе_в_районе] - Загружено 10 кафе со страницы 2
2025-10-30 21:44:19,047 - DEBUG - [получить_кафе_в_районе] - Запрос страницы 3 для района Ховрино
2025-10-30 21:44:19,048 - DEBUG - [_new_conn] - Starting new HTTPS connection (1): catalog.api.2gis.com:443
2025-10-30 21:44:19,430 - DEBUG - [_make_request] - https://catalog.api.2gis.com:443 "GET /3.0/items?key=50e21a4a-6241-4f9a-aff6-0b7a942be2b7&q=%D0%BA%D0%B0%D1%84%D0%B5&district_id=4504209512726555&type=branch&page=3&page_size=10&fields=items.point%2Citems.name%2Citems.address_name%2Citems.reviews HTTP/1.1" 200 None
2025-10-30 21:44:19,431 - DEBUG - [получить_кафе_в_районе] - Статус ответа: 200
2025-10-30 21:44:19,432 - INFO - [получить_кафе_в_районе] - Загружено 7 кафе со страницы 3
2025-10-30 21:44:19,933 - DEBUG - [получить_кафе_в_районе] - Запрос страницы 4 для района Ховрино
2025-10-30 21:44:19,934 - DEBUG - [_new_conn] - Starting new HTTPS connection (1): catalog.api.2gis.com:443
2025-10-30 21:44:20,314 - DEBUG - [_make_request] - https://catalog.api.2gis.com:443 "GET /3.0/items?key=50e21a4a-6241-4f9a-aff6-0b7a942be2b7&q=%D0%BA%D0%B0%D1%84%D0%B5&district_id=4504209512726555&type=branch&page=4&page_size=10&fields=items.point%2Citems.name%2Citems.address_name%2Citems.reviews HTTP/1.1" 200 133
2025-10-30 21:44:20,315 - DEBUG - [получить_кафе_в_районе] - Статус ответа: 200
2025-10-30 21:44:20,315 - WARNING - [получить_кафе_в_районе] - На странице 4 нет данных в ожидаемом формате
2025-10-30 21:44:20,816 - DEBUG - [получить_кафе_в_районе] - Запрос страницы 5 для района Ховрино
2025-10-30 21:44:20,817 - DEBUG - [_new_conn] - Starting new HTTPS connection (1): catalog.api.2gis.com:443
2025-10-30 21:44:21,199 - DEBUG - [_make_request] - https://catalog.api.2gis.com:443 "GET /3.0/items?key=50e21a4a-6241-4f9a-aff6-0b7a942be2b7&q=%D0%BA%D0%B0%D1%84%D0%B5&district_id=4504209512726555&type=branch&page=5&page_size=10&fields=items.point%2Citems.name%2Citems.address_name%2Citems.reviews HTTP/1.1" 200 133
2025-10-30 21:44:21,200 - DEBUG - [получить_кафе_в_районе] - Статус ответа: 200
2025-10-30 21:44:21,200 - WARNING - [получить_кафе_в_районе] - На странице 5 нет данных в ожидаемом формате
2025-10-30 21:44:21,201 - INFO - [получить_кафе_в_районе] - Завершение сбора для района Ховрино. Найдено кафе: 27
2025-10-30 21:44:21,203 - INFO - [<cell line: 0>] - Район 'Ховрино' завершен. Кафе: 27
2025-10-30 21:44:22,205 - INFO - [<cell line: 0>] - [117/132] Обработка района: Хорошёво-Мнёвники
2025-10-30 21:44:22,206 - INFO - [получить_кафе_в_районе] - Начало сбора кафе для района: Хорошёво-Мнёвники (ID: 4504209512726647)
2025-10-30 21:44:22,207 - DEBUG - [получить_кафе_в_районе] - Запрос страницы 1 для района Хорошёво-Мнёвники
2025-10-30 21:44:22,209 - DEBUG - [_new_conn] - Starting new HTTPS connection (1): catalog.api.2gis.com:443
2025-10-30 21:44:22,608 - DEBUG - [_make_request] - https://catalog.api.2gis.com:443 "GET /3.0/items?key=50e21a4a-6241-4f9a-aff6-0b7a942be2b7&q=%D0%BA%D0%B0%D1%84%D0%B5&district_id=4504209512726647&type=branch&page=1&page_size=10&fields=items.point%2Citems.name%2Citems.address_name%2Citems.reviews HTTP/1.1" 200 None
2025-10-30 21:44:22,609 - DEBUG - [получить_кафе_в_районе] - Статус ответа: 200
2025-10-30 21:44:22,609 - INFO - [получить_кафе_в_районе] - Загружено 10 кафе со страницы 1
2025-10-30 21:44:23,111 - DEBUG - [получить_кафе_в_районе] - Запрос страницы 2 для района Хорошёво-Мнёвники
2025-10-30 21:44:23,112 - DEBUG - [_new_conn] - Starting new HTTPS connection (1): catalog.api.2gis.com:443
2025-10-30 21:44:23,525 - DEBUG - [_make_request] - https://catalog.api.2gis.com:443 "GET /3.0/items?key=50e21a4a-6241-4f9a-aff6-0b7a942be2b7&q=%D0%BA%D0%B0%D1%84%D0%B5&district_id=4504209512726647&type=branch&page=2&page_size=10&fields=items.point%2Citems.name%2Citems.address_name%2Citems.reviews HTTP/1.1" 200 None
2025-10-30 21:44:23,526 - DEBUG - [получить_кафе_в_районе] - Статус ответа: 200
2025-10-30 21:44:23,526 - INFO - [получить_кафе_в_районе] - Загружено 10 кафе со страницы 2
2025-10-30 21:44:24,027 - DEBUG - [получить_кафе_в_районе] - Запрос страницы 3 для района Хорошёво-Мнёвники
2025-10-30 21:44:24,028 - DEBUG - [_new_conn] - Starting new HTTPS connection (1): catalog.api.2gis.com:443
2025-10-30 21:44:24,432 - DEBUG - [_make_request] - https://catalog.api.2gis.com:443 "GET /3.0/items?key=50e21a4a-6241-4f9a-aff6-0b7a942be2b7&q=%D0%BA%D0%B0%D1%84%D0%B5&district_id=4504209512726647&type=branch&page=3&page_size=10&fields=items.point%2Citems.name%2Citems.address_name%2Citems.reviews HTTP/1.1" 200 None
2025-10-30 21:44:24,433 - DEBUG - [получить_кафе_в_районе] - Статус ответа: 200
2025-10-30 21:44:24,433 - INFO - [получить_кафе_в_районе] - Загружено 10 кафе со страницы 3
2025-10-30 21:44:24,934 - DEBUG - [получить_кафе_в_районе] - Запрос страницы 4 для района Хорошёво-Мнёвники
2025-10-30 21:44:24,936 - DEBUG - [_new_conn] - Starting new HTTPS connection (1): catalog.api.2gis.com:443
2025-10-30 21:44:25,351 - DEBUG - [_make_request] - https://catalog.api.2gis.com:443 "GET /3.0/items?key=50e21a4a-6241-4f9a-aff6-0b7a942be2b7&q=%D0%BA%D0%B0%D1%84%D0%B5&district_id=4504209512726647&type=branch&page=4&page_size=10&fields=items.point%2Citems.name%2Citems.address_name%2Citems.reviews HTTP/1.1" 200 None
2025-10-30 21:44:25,352 - DEBUG - [получить_кафе_в_районе] - Статус ответа: 200
2025-10-30 21:44:25,353 - INFO - [получить_кафе_в_районе] - Загружено 10 кафе со страницы 4
2025-10-30 21:44:25,854 - DEBUG - [получить_кафе_в_районе] - Запрос страницы 5 для района Хорошёво-Мнёвники
2025-10-30 21:44:25,855 - DEBUG - [_new_conn] - Starting new HTTPS connection (1): catalog.api.2gis.com:443
2025-10-30 21:44:26,239 - DEBUG - [_make_request] - https://catalog.api.2gis.com:443 "GET /3.0/items?key=50e21a4a-6241-4f9a-aff6-0b7a942be2b7&q=%D0%BA%D0%B0%D1%84%D0%B5&district_id=4504209512726647&type=branch&page=5&page_size=10&fields=items.point%2Citems.name%2Citems.address_name%2Citems.reviews HTTP/1.1" 200 None
2025-10-30 21:44:26,240 - DEBUG - [получить_кафе_в_районе] - Статус ответа: 200
2025-10-30 21:44:26,240 - INFO - [получить_кафе_в_районе] - Загружено 10 кафе со страницы 5
2025-10-30 21:44:26,241 - INFO - [получить_кафе_в_районе] - Завершение сбора для района Хорошёво-Мнёвники. Найдено кафе: 50
2025-10-30 21:44:26,244 - INFO - [<cell line: 0>] - Район 'Хорошёво-Мнёвники' завершен. Кафе: 50
2025-10-30 21:44:27,245 - INFO - [<cell line: 0>] - [118/132] Обработка района: Хорошёвский
2025-10-30 21:44:27,246 - INFO - [получить_кафе_в_районе] - Начало сбора кафе для района: Хорошёвский (ID: 4504209512726553)
2025-10-30 21:44:27,247 - DEBUG - [получить_кафе_в_районе] - Запрос страницы 1 для района Хорошёвский
2025-10-30 21:44:27,248 - DEBUG - [_new_conn] - Starting new HTTPS connection (1): catalog.api.2gis.com:443
2025-10-30 21:44:27,664 - DEBUG - [_make_request] - https://catalog.api.2gis.com:443 "GET /3.0/items?key=50e21a4a-6241-4f9a-aff6-0b7a942be2b7&q=%D0%BA%D0%B0%D1%84%D0%B5&district_id=4504209512726553&type=branch&page=1&page_size=10&fields=items.point%2Citems.name%2Citems.address_name%2Citems.reviews HTTP/1.1" 200 None
2025-10-30 21:44:27,664 - DEBUG - [получить_кафе_в_районе] - Статус ответа: 200
2025-10-30 21:44:27,665 - INFO - [получить_кафе_в_районе] - Загружено 10 кафе со страницы 1
2025-10-30 21:44:28,165 - DEBUG - [получить_кафе_в_районе] - Запрос страницы 2 для района Хорошёвский
2025-10-30 21:44:28,167 - DEBUG - [_new_conn] - Starting new HTTPS connection (1): catalog.api.2gis.com:443
2025-10-30 21:44:28,564 - DEBUG - [_make_request] - https://catalog.api.2gis.com:443 "GET /3.0/items?key=50e21a4a-6241-4f9a-aff6-0b7a942be2b7&q=%D0%BA%D0%B0%D1%84%D0%B5&district_id=4504209512726553&type=branch&page=2&page_size=10&fields=items.point%2Citems.name%2Citems.address_name%2Citems.reviews HTTP/1.1" 200 None
2025-10-30 21:44:28,565 - DEBUG - [получить_кафе_в_районе] - Статус ответа: 200
2025-10-30 21:44:28,566 - INFO - [получить_кафе_в_районе] - Загружено 10 кафе со страницы 2
2025-10-30 21:44:29,067 - DEBUG - [получить_кафе_в_районе] - Запрос страницы 3 для района Хорошёвский
2025-10-30 21:44:29,068 - DEBUG - [_new_conn] - Starting new HTTPS connection (1): catalog.api.2gis.com:443
2025-10-30 21:44:29,463 - DEBUG - [_make_request] - https://catalog.api.2gis.com:443 "GET /3.0/items?key=50e21a4a-6241-4f9a-aff6-0b7a942be2b7&q=%D0%BA%D0%B0%D1%84%D0%B5&district_id=4504209512726553&type=branch&page=3&page_size=10&fields=items.point%2Citems.name%2Citems.address_name%2Citems.reviews HTTP/1.1" 200 None
2025-10-30 21:44:29,464 - DEBUG - [получить_кафе_в_районе] - Статус ответа: 200
2025-10-30 21:44:29,464 - INFO - [получить_кафе_в_районе] - Загружено 10 кафе со страницы 3
2025-10-30 21:44:29,965 - DEBUG - [получить_кафе_в_районе] - Запрос страницы 4 для района Хорошёвский
2025-10-30 21:44:29,966 - DEBUG - [_new_conn] - Starting new HTTPS connection (1): catalog.api.2gis.com:443
2025-10-30 21:44:30,363 - DEBUG - [_make_request] - https://catalog.api.2gis.com:443 "GET /3.0/items?key=50e21a4a-6241-4f9a-aff6-0b7a942be2b7&q=%D0%BA%D0%B0%D1%84%D0%B5&district_id=4504209512726553&type=branch&page=4&page_size=10&fields=items.point%2Citems.name%2Citems.address_name%2Citems.reviews HTTP/1.1" 200 None
2025-10-30 21:44:30,363 - DEBUG - [получить_кафе_в_районе] - Статус ответа: 200
2025-10-30 21:44:30,364 - INFO - [получить_кафе_в_районе] - Загружено 10 кафе со страницы 4
2025-10-30 21:44:30,865 - DEBUG - [получить_кафе_в_районе] - Запрос страницы 5 для района Хорошёвский
2025-10-30 21:44:30,866 - DEBUG - [_new_conn] - Starting new HTTPS connection (1): catalog.api.2gis.com:443
2025-10-30 21:44:31,246 - DEBUG - [_make_request] - https://catalog.api.2gis.com:443 "GET /3.0/items?key=50e21a4a-6241-4f9a-aff6-0b7a942be2b7&q=%D0%BA%D0%B0%D1%84%D0%B5&district_id=4504209512726553&type=branch&page=5&page_size=10&fields=items.point%2Citems.name%2Citems.address_name%2Citems.reviews HTTP/1.1" 200 None
2025-10-30 21:44:31,248 - DEBUG - [получить_кафе_в_районе] - Статус ответа: 200
2025-10-30 21:44:31,248 - INFO - [получить_кафе_в_районе] - Загружено 10 кафе со страницы 5
2025-10-30 21:44:31,249 - INFO - [получить_кафе_в_районе] - Завершение сбора для района Хорошёвский. Найдено кафе: 50
2025-10-30 21:44:31,250 - INFO - [<cell line: 0>] - Район 'Хорошёвский' завершен. Кафе: 50
2025-10-30 21:44:32,252 - INFO - [<cell line: 0>] - [119/132] Обработка района: Царицыно
2025-10-30 21:44:32,253 - INFO - [получить_кафе_в_районе] - Начало сбора кафе для района: Царицыно (ID: 4504209512726608)
2025-10-30 21:44:32,255 - DEBUG - [получить_кафе_в_районе] - Запрос страницы 1 для района Царицыно
2025-10-30 21:44:32,256 - DEBUG - [_new_conn] - Starting new HTTPS connection (1): catalog.api.2gis.com:443
2025-10-30 21:44:32,643 - DEBUG - [_make_request] - https://catalog.api.2gis.com:443 "GET /3.0/items?key=50e21a4a-6241-4f9a-aff6-0b7a942be2b7&q=%D0%BA%D0%B0%D1%84%D0%B5&district_id=4504209512726608&type=branch&page=1&page_size=10&fields=items.point%2Citems.name%2Citems.address_name%2Citems.reviews HTTP/1.1" 200 None
2025-10-30 21:44:32,644 - DEBUG - [получить_кафе_в_районе] - Статус ответа: 200
2025-10-30 21:44:32,644 - INFO - [получить_кафе_в_районе] - Загружено 10 кафе со страницы 1
2025-10-30 21:44:33,145 - DEBUG - [получить_кафе_в_районе] - Запрос страницы 2 для района Царицыно
2025-10-30 21:44:33,147 - DEBUG - [_new_conn] - Starting new HTTPS connection (1): catalog.api.2gis.com:443
2025-10-30 21:44:33,549 - DEBUG - [_make_request] - https://catalog.api.2gis.com:443 "GET /3.0/items?key=50e21a4a-6241-4f9a-aff6-0b7a942be2b7&q=%D0%BA%D0%B0%D1%84%D0%B5&district_id=4504209512726608&type=branch&page=2&page_size=10&fields=items.point%2Citems.name%2Citems.address_name%2Citems.reviews HTTP/1.1" 200 None
2025-10-30 21:44:33,550 - DEBUG - [получить_кафе_в_районе] - Статус ответа: 200
2025-10-30 21:44:33,551 - INFO - [получить_кафе_в_районе] - Загружено 6 кафе со страницы 2
2025-10-30 21:44:34,052 - DEBUG - [получить_кафе_в_районе] - Запрос страницы 3 для района Царицыно
2025-10-30 21:44:34,053 - DEBUG - [_new_conn] - Starting new HTTPS connection (1): catalog.api.2gis.com:443
2025-10-30 21:44:34,446 - DEBUG - [_make_request] - https://catalog.api.2gis.com:443 "GET /3.0/items?key=50e21a4a-6241-4f9a-aff6-0b7a942be2b7&q=%D0%BA%D0%B0%D1%84%D0%B5&district_id=4504209512726608&type=branch&page=3&page_size=10&fields=items.point%2Citems.name%2Citems.address_name%2Citems.reviews HTTP/1.1" 200 133
2025-10-30 21:44:34,447 - DEBUG - [получить_кафе_в_районе] - Статус ответа: 200
2025-10-30 21:44:34,447 - WARNING - [получить_кафе_в_районе] - На странице 3 нет данных в ожидаемом формате
2025-10-30 21:44:34,949 - DEBUG - [получить_кафе_в_районе] - Запрос страницы 4 для района Царицыно
2025-10-30 21:44:34,950 - DEBUG - [_new_conn] - Starting new HTTPS connection (1): catalog.api.2gis.com:443
2025-10-30 21:44:35,333 - DEBUG - [_make_request] - https://catalog.api.2gis.com:443 "GET /3.0/items?key=50e21a4a-6241-4f9a-aff6-0b7a942be2b7&q=%D0%BA%D0%B0%D1%84%D0%B5&district_id=4504209512726608&type=branch&page=4&page_size=10&fields=items.point%2Citems.name%2Citems.address_name%2Citems.reviews HTTP/1.1" 200 133
2025-10-30 21:44:35,334 - DEBUG - [получить_кафе_в_районе] - Статус ответа: 200
2025-10-30 21:44:35,334 - WARNING - [получить_кафе_в_районе] - На странице 4 нет данных в ожидаемом формате
2025-10-30 21:44:35,835 - DEBUG - [получить_кафе_в_районе] - Запрос страницы 5 для района Царицыно
2025-10-30 21:44:35,836 - DEBUG - [_new_conn] - Starting new HTTPS connection (1): catalog.api.2gis.com:443
2025-10-30 21:44:36,211 - DEBUG - [_make_request] - https://catalog.api.2gis.com:443 "GET /3.0/items?key=50e21a4a-6241-4f9a-aff6-0b7a942be2b7&q=%D0%BA%D0%B0%D1%84%D0%B5&district_id=4504209512726608&type=branch&page=5&page_size=10&fields=items.point%2Citems.name%2Citems.address_name%2Citems.reviews HTTP/1.1" 200 133
2025-10-30 21:44:36,212 - DEBUG - [получить_кафе_в_районе] - Статус ответа: 200
2025-10-30 21:44:36,212 - WARNING - [получить_кафе_в_районе] - На странице 5 нет данных в ожидаемом формате
2025-10-30 21:44:36,213 - INFO - [получить_кафе_в_районе] - Завершение сбора для района Царицыно. Найдено кафе: 16
2025-10-30 21:44:36,215 - INFO - [<cell line: 0>] - Район 'Царицыно' завершен. Кафе: 16
2025-10-30 21:44:37,216 - INFO - [<cell line: 0>] - [120/132] Обработка района: Черёмушки
2025-10-30 21:44:37,217 - INFO - [получить_кафе_в_районе] - Начало сбора кафе для района: Черёмушки (ID: 4504209512726627)
2025-10-30 21:44:37,219 - DEBUG - [получить_кафе_в_районе] - Запрос страницы 1 для района Черёмушки
2025-10-30 21:44:37,222 - DEBUG - [_new_conn] - Starting new HTTPS connection (1): catalog.api.2gis.com:443
2025-10-30 21:44:37,640 - DEBUG - [_make_request] - https://catalog.api.2gis.com:443 "GET /3.0/items?key=50e21a4a-6241-4f9a-aff6-0b7a942be2b7&q=%D0%BA%D0%B0%D1%84%D0%B5&district_id=4504209512726627&type=branch&page=1&page_size=10&fields=items.point%2Citems.name%2Citems.address_name%2Citems.reviews HTTP/1.1" 200 None
2025-10-30 21:44:37,641 - DEBUG - [получить_кафе_в_районе] - Статус ответа: 200
2025-10-30 21:44:37,641 - INFO - [получить_кафе_в_районе] - Загружено 10 кафе со страницы 1
2025-10-30 21:44:38,142 - DEBUG - [получить_кафе_в_районе] - Запрос страницы 2 для района Черёмушки
2025-10-30 21:44:38,143 - DEBUG - [_new_conn] - Starting new HTTPS connection (1): catalog.api.2gis.com:443
2025-10-30 21:44:38,542 - DEBUG - [_make_request] - https://catalog.api.2gis.com:443 "GET /3.0/items?key=50e21a4a-6241-4f9a-aff6-0b7a942be2b7&q=%D0%BA%D0%B0%D1%84%D0%B5&district_id=4504209512726627&type=branch&page=2&page_size=10&fields=items.point%2Citems.name%2Citems.address_name%2Citems.reviews HTTP/1.1" 200 None
2025-10-30 21:44:38,543 - DEBUG - [получить_кафе_в_районе] - Статус ответа: 200
2025-10-30 21:44:38,543 - INFO - [получить_кафе_в_районе] - Загружено 10 кафе со страницы 2
2025-10-30 21:44:39,044 - DEBUG - [получить_кафе_в_районе] - Запрос страницы 3 для района Черёмушки
2025-10-30 21:44:39,046 - DEBUG - [_new_conn] - Starting new HTTPS connection (1): catalog.api.2gis.com:443
2025-10-30 21:44:39,450 - DEBUG - [_make_request] - https://catalog.api.2gis.com:443 "GET /3.0/items?key=50e21a4a-6241-4f9a-aff6-0b7a942be2b7&q=%D0%BA%D0%B0%D1%84%D0%B5&district_id=4504209512726627&type=branch&page=3&page_size=10&fields=items.point%2Citems.name%2Citems.address_name%2Citems.reviews HTTP/1.1" 200 None
2025-10-30 21:44:39,451 - DEBUG - [получить_кафе_в_районе] - Статус ответа: 200
2025-10-30 21:44:39,451 - INFO - [получить_кафе_в_районе] - Загружено 10 кафе со страницы 3
2025-10-30 21:44:39,952 - DEBUG - [получить_кафе_в_районе] - Запрос страницы 4 для района Черёмушки
2025-10-30 21:44:39,953 - DEBUG - [_new_conn] - Starting new HTTPS connection (1): catalog.api.2gis.com:443
2025-10-30 21:44:40,340 - DEBUG - [_make_request] - https://catalog.api.2gis.com:443 "GET /3.0/items?key=50e21a4a-6241-4f9a-aff6-0b7a942be2b7&q=%D0%BA%D0%B0%D1%84%D0%B5&district_id=4504209512726627&type=branch&page=4&page_size=10&fields=items.point%2Citems.name%2Citems.address_name%2Citems.reviews HTTP/1.1" 200 None
2025-10-30 21:44:40,341 - DEBUG - [получить_кафе_в_районе] - Статус ответа: 200
2025-10-30 21:44:40,341 - INFO - [получить_кафе_в_районе] - Загружено 7 кафе со страницы 4
2025-10-30 21:44:40,842 - DEBUG - [получить_кафе_в_районе] - Запрос страницы 5 для района Черёмушки
2025-10-30 21:44:40,844 - DEBUG - [_new_conn] - Starting new HTTPS connection (1): catalog.api.2gis.com:443
2025-10-30 21:44:41,250 - DEBUG - [_make_request] - https://catalog.api.2gis.com:443 "GET /3.0/items?key=50e21a4a-6241-4f9a-aff6-0b7a942be2b7&q=%D0%BA%D0%B0%D1%84%D0%B5&district_id=4504209512726627&type=branch&page=5&page_size=10&fields=items.point%2Citems.name%2Citems.address_name%2Citems.reviews HTTP/1.1" 200 133
2025-10-30 21:44:41,251 - DEBUG - [получить_кафе_в_районе] - Статус ответа: 200
2025-10-30 21:44:41,251 - WARNING - [получить_кафе_в_районе] - На странице 5 нет данных в ожидаемом формате
2025-10-30 21:44:41,252 - INFO - [получить_кафе_в_районе] - Завершение сбора для района Черёмушки. Найдено кафе: 37
2025-10-30 21:44:41,254 - INFO - [<cell line: 0>] - Район 'Черёмушки' завершен. Кафе: 37
2025-10-30 21:44:42,256 - INFO - [<cell line: 0>] - [121/132] Обработка района: Чертаново Северное
2025-10-30 21:44:42,257 - INFO - [получить_кафе_в_районе] - Начало сбора кафе для района: Чертаново Северное (ID: 4504209512726615)
2025-10-30 21:44:42,258 - DEBUG - [получить_кафе_в_районе] - Запрос страницы 1 для района Чертаново Северное
2025-10-30 21:44:42,260 - DEBUG - [_new_conn] - Starting new HTTPS connection (1): catalog.api.2gis.com:443
2025-10-30 21:44:42,736 - DEBUG - [_make_request] - https://catalog.api.2gis.com:443 "GET /3.0/items?key=50e21a4a-6241-4f9a-aff6-0b7a942be2b7&q=%D0%BA%D0%B0%D1%84%D0%B5&district_id=4504209512726615&type=branch&page=1&page_size=10&fields=items.point%2Citems.name%2Citems.address_name%2Citems.reviews HTTP/1.1" 200 None
2025-10-30 21:44:42,736 - DEBUG - [получить_кафе_в_районе] - Статус ответа: 200
2025-10-30 21:44:42,737 - INFO - [получить_кафе_в_районе] - Загружено 10 кафе со страницы 1
2025-10-30 21:44:43,237 - DEBUG - [получить_кафе_в_районе] - Запрос страницы 2 для района Чертаново Северное
2025-10-30 21:44:43,239 - DEBUG - [_new_conn] - Starting new HTTPS connection (1): catalog.api.2gis.com:443
2025-10-30 21:44:43,628 - DEBUG - [_make_request] - https://catalog.api.2gis.com:443 "GET /3.0/items?key=50e21a4a-6241-4f9a-aff6-0b7a942be2b7&q=%D0%BA%D0%B0%D1%84%D0%B5&district_id=4504209512726615&type=branch&page=2&page_size=10&fields=items.point%2Citems.name%2Citems.address_name%2Citems.reviews HTTP/1.1" 200 None
2025-10-30 21:44:43,629 - DEBUG - [получить_кафе_в_районе] - Статус ответа: 200
2025-10-30 21:44:43,629 - INFO - [получить_кафе_в_районе] - Загружено 10 кафе со страницы 2
2025-10-30 21:44:44,130 - DEBUG - [получить_кафе_в_районе] - Запрос страницы 3 для района Чертаново Северное
2025-10-30 21:44:44,131 - DEBUG - [_new_conn] - Starting new HTTPS connection (1): catalog.api.2gis.com:443
2025-10-30 21:44:44,525 - DEBUG - [_make_request] - https://catalog.api.2gis.com:443 "GET /3.0/items?key=50e21a4a-6241-4f9a-aff6-0b7a942be2b7&q=%D0%BA%D0%B0%D1%84%D0%B5&district_id=4504209512726615&type=branch&page=3&page_size=10&fields=items.point%2Citems.name%2Citems.address_name%2Citems.reviews HTTP/1.1" 200 None
2025-10-30 21:44:44,526 - DEBUG - [получить_кафе_в_районе] - Статус ответа: 200
2025-10-30 21:44:44,527 - INFO - [получить_кафе_в_районе] - Загружено 8 кафе со страницы 3
2025-10-30 21:44:45,028 - DEBUG - [получить_кафе_в_районе] - Запрос страницы 4 для района Чертаново Северное
2025-10-30 21:44:45,029 - DEBUG - [_new_conn] - Starting new HTTPS connection (1): catalog.api.2gis.com:443
2025-10-30 21:44:45,559 - DEBUG - [_make_request] - https://catalog.api.2gis.com:443 "GET /3.0/items?key=50e21a4a-6241-4f9a-aff6-0b7a942be2b7&q=%D0%BA%D0%B0%D1%84%D0%B5&district_id=4504209512726615&type=branch&page=4&page_size=10&fields=items.point%2Citems.name%2Citems.address_name%2Citems.reviews HTTP/1.1" 200 133
2025-10-30 21:44:45,560 - DEBUG - [получить_кафе_в_районе] - Статус ответа: 200
2025-10-30 21:44:45,560 - WARNING - [получить_кафе_в_районе] - На странице 4 нет данных в ожидаемом формате
2025-10-30 21:44:46,063 - DEBUG - [получить_кафе_в_районе] - Запрос страницы 5 для района Чертаново Северное
2025-10-30 21:44:46,065 - DEBUG - [_new_conn] - Starting new HTTPS connection (1): catalog.api.2gis.com:443
2025-10-30 21:44:46,442 - DEBUG - [_make_request] - https://catalog.api.2gis.com:443 "GET /3.0/items?key=50e21a4a-6241-4f9a-aff6-0b7a942be2b7&q=%D0%BA%D0%B0%D1%84%D0%B5&district_id=4504209512726615&type=branch&page=5&page_size=10&fields=items.point%2Citems.name%2Citems.address_name%2Citems.reviews HTTP/1.1" 200 133
2025-10-30 21:44:46,443 - DEBUG - [получить_кафе_в_районе] - Статус ответа: 200
2025-10-30 21:44:46,443 - WARNING - [получить_кафе_в_районе] - На странице 5 нет данных в ожидаемом формате
2025-10-30 21:44:46,444 - INFO - [получить_кафе_в_районе] - Завершение сбора для района Чертаново Северное. Найдено кафе: 28
2025-10-30 21:44:46,446 - INFO - [<cell line: 0>] - Район 'Чертаново Северное' завершен. Кафе: 28
2025-10-30 21:44:47,448 - INFO - [<cell line: 0>] - [122/132] Обработка района: Чертаново Центральное
2025-10-30 21:44:47,449 - INFO - [получить_кафе_в_районе] - Начало сбора кафе для района: Чертаново Центральное (ID: 4504209512726614)
2025-10-30 21:44:47,451 - DEBUG - [получить_кафе_в_районе] - Запрос страницы 1 для района Чертаново Центральное
2025-10-30 21:44:47,452 - DEBUG - [_new_conn] - Starting new HTTPS connection (1): catalog.api.2gis.com:443
2025-10-30 21:44:47,858 - DEBUG - [_make_request] - https://catalog.api.2gis.com:443 "GET /3.0/items?key=50e21a4a-6241-4f9a-aff6-0b7a942be2b7&q=%D0%BA%D0%B0%D1%84%D0%B5&district_id=4504209512726614&type=branch&page=1&page_size=10&fields=items.point%2Citems.name%2Citems.address_name%2Citems.reviews HTTP/1.1" 200 None
2025-10-30 21:44:47,859 - DEBUG - [получить_кафе_в_районе] - Статус ответа: 200
2025-10-30 21:44:47,859 - INFO - [получить_кафе_в_районе] - Загружено 10 кафе со страницы 1
2025-10-30 21:44:48,360 - DEBUG - [получить_кафе_в_районе] - Запрос страницы 2 для района Чертаново Центральное
2025-10-30 21:44:48,362 - DEBUG - [_new_conn] - Starting new HTTPS connection (1): catalog.api.2gis.com:443
2025-10-30 21:44:48,752 - DEBUG - [_make_request] - https://catalog.api.2gis.com:443 "GET /3.0/items?key=50e21a4a-6241-4f9a-aff6-0b7a942be2b7&q=%D0%BA%D0%B0%D1%84%D0%B5&district_id=4504209512726614&type=branch&page=2&page_size=10&fields=items.point%2Citems.name%2Citems.address_name%2Citems.reviews HTTP/1.1" 200 None
2025-10-30 21:44:48,753 - DEBUG - [получить_кафе_в_районе] - Статус ответа: 200
2025-10-30 21:44:48,753 - INFO - [получить_кафе_в_районе] - Загружено 10 кафе со страницы 2
2025-10-30 21:44:49,254 - DEBUG - [получить_кафе_в_районе] - Запрос страницы 3 для района Чертаново Центральное
2025-10-30 21:44:49,255 - DEBUG - [_new_conn] - Starting new HTTPS connection (1): catalog.api.2gis.com:443
2025-10-30 21:44:49,634 - DEBUG - [_make_request] - https://catalog.api.2gis.com:443 "GET /3.0/items?key=50e21a4a-6241-4f9a-aff6-0b7a942be2b7&q=%D0%BA%D0%B0%D1%84%D0%B5&district_id=4504209512726614&type=branch&page=3&page_size=10&fields=items.point%2Citems.name%2Citems.address_name%2Citems.reviews HTTP/1.1" 200 None
2025-10-30 21:44:49,635 - DEBUG - [получить_кафе_в_районе] - Статус ответа: 200
2025-10-30 21:44:49,635 - INFO - [получить_кафе_в_районе] - Загружено 7 кафе со страницы 3
2025-10-30 21:44:50,137 - DEBUG - [получить_кафе_в_районе] - Запрос страницы 4 для района Чертаново Центральное
2025-10-30 21:44:50,138 - DEBUG - [_new_conn] - Starting new HTTPS connection (1): catalog.api.2gis.com:443
2025-10-30 21:44:50,527 - DEBUG - [_make_request] - https://catalog.api.2gis.com:443 "GET /3.0/items?key=50e21a4a-6241-4f9a-aff6-0b7a942be2b7&q=%D0%BA%D0%B0%D1%84%D0%B5&district_id=4504209512726614&type=branch&page=4&page_size=10&fields=items.point%2Citems.name%2Citems.address_name%2Citems.reviews HTTP/1.1" 200 133
2025-10-30 21:44:50,528 - DEBUG - [получить_кафе_в_районе] - Статус ответа: 200
2025-10-30 21:44:50,528 - WARNING - [получить_кафе_в_районе] - На странице 4 нет данных в ожидаемом формате
2025-10-30 21:44:51,029 - DEBUG - [получить_кафе_в_районе] - Запрос страницы 5 для района Чертаново Центральное
2025-10-30 21:44:51,031 - DEBUG - [_new_conn] - Starting new HTTPS connection (1): catalog.api.2gis.com:443
2025-10-30 21:44:51,444 - DEBUG - [_make_request] - https://catalog.api.2gis.com:443 "GET /3.0/items?key=50e21a4a-6241-4f9a-aff6-0b7a942be2b7&q=%D0%BA%D0%B0%D1%84%D0%B5&district_id=4504209512726614&type=branch&page=5&page_size=10&fields=items.point%2Citems.name%2Citems.address_name%2Citems.reviews HTTP/1.1" 200 133
2025-10-30 21:44:51,445 - DEBUG - [получить_кафе_в_районе] - Статус ответа: 200
2025-10-30 21:44:51,445 - WARNING - [получить_кафе_в_районе] - На странице 5 нет данных в ожидаемом формате
2025-10-30 21:44:51,446 - INFO - [получить_кафе_в_районе] - Завершение сбора для района Чертаново Центральное. Найдено кафе: 27
2025-10-30 21:44:51,448 - INFO - [<cell line: 0>] - Район 'Чертаново Центральное' завершен. Кафе: 27
2025-10-30 21:44:52,451 - INFO - [<cell line: 0>] - [123/132] Обработка района: Чертаново Южное
2025-10-30 21:44:52,452 - INFO - [получить_кафе_в_районе] - Начало сбора кафе для района: Чертаново Южное (ID: 4504209512726659)
2025-10-30 21:44:52,453 - DEBUG - [получить_кафе_в_районе] - Запрос страницы 1 для района Чертаново Южное
2025-10-30 21:44:52,455 - DEBUG - [_new_conn] - Starting new HTTPS connection (1): catalog.api.2gis.com:443
2025-10-30 21:44:52,854 - DEBUG - [_make_request] - https://catalog.api.2gis.com:443 "GET /3.0/items?key=50e21a4a-6241-4f9a-aff6-0b7a942be2b7&q=%D0%BA%D0%B0%D1%84%D0%B5&district_id=4504209512726659&type=branch&page=1&page_size=10&fields=items.point%2Citems.name%2Citems.address_name%2Citems.reviews HTTP/1.1" 200 None
2025-10-30 21:44:52,855 - DEBUG - [получить_кафе_в_районе] - Статус ответа: 200
2025-10-30 21:44:52,855 - INFO - [получить_кафе_в_районе] - Загружено 10 кафе со страницы 1
2025-10-30 21:44:53,356 - DEBUG - [получить_кафе_в_районе] - Запрос страницы 2 для района Чертаново Южное
2025-10-30 21:44:53,357 - DEBUG - [_new_conn] - Starting new HTTPS connection (1): catalog.api.2gis.com:443
2025-10-30 21:44:53,765 - DEBUG - [_make_request] - https://catalog.api.2gis.com:443 "GET /3.0/items?key=50e21a4a-6241-4f9a-aff6-0b7a942be2b7&q=%D0%BA%D0%B0%D1%84%D0%B5&district_id=4504209512726659&type=branch&page=2&page_size=10&fields=items.point%2Citems.name%2Citems.address_name%2Citems.reviews HTTP/1.1" 200 None
2025-10-30 21:44:53,766 - DEBUG - [получить_кафе_в_районе] - Статус ответа: 200
2025-10-30 21:44:53,766 - INFO - [получить_кафе_в_районе] - Загружено 10 кафе со страницы 2
2025-10-30 21:44:54,267 - DEBUG - [получить_кафе_в_районе] - Запрос страницы 3 для района Чертаново Южное
2025-10-30 21:44:54,268 - DEBUG - [_new_conn] - Starting new HTTPS connection (1): catalog.api.2gis.com:443
2025-10-30 21:44:54,672 - DEBUG - [_make_request] - https://catalog.api.2gis.com:443 "GET /3.0/items?key=50e21a4a-6241-4f9a-aff6-0b7a942be2b7&q=%D0%BA%D0%B0%D1%84%D0%B5&district_id=4504209512726659&type=branch&page=3&page_size=10&fields=items.point%2Citems.name%2Citems.address_name%2Citems.reviews HTTP/1.1" 200 None
2025-10-30 21:44:54,673 - DEBUG - [получить_кафе_в_районе] - Статус ответа: 200
2025-10-30 21:44:54,673 - INFO - [получить_кафе_в_районе] - Загружено 10 кафе со страницы 3
2025-10-30 21:44:55,174 - DEBUG - [получить_кафе_в_районе] - Запрос страницы 4 для района Чертаново Южное
2025-10-30 21:44:55,175 - DEBUG - [_new_conn] - Starting new HTTPS connection (1): catalog.api.2gis.com:443
2025-10-30 21:44:55,568 - DEBUG - [_make_request] - https://catalog.api.2gis.com:443 "GET /3.0/items?key=50e21a4a-6241-4f9a-aff6-0b7a942be2b7&q=%D0%BA%D0%B0%D1%84%D0%B5&district_id=4504209512726659&type=branch&page=4&page_size=10&fields=items.point%2Citems.name%2Citems.address_name%2Citems.reviews HTTP/1.1" 200 None
2025-10-30 21:44:55,569 - DEBUG - [получить_кафе_в_районе] - Статус ответа: 200
2025-10-30 21:44:55,569 - INFO - [получить_кафе_в_районе] - Загружено 2 кафе со страницы 4
2025-10-30 21:44:56,070 - DEBUG - [получить_кафе_в_районе] - Запрос страницы 5 для района Чертаново Южное
2025-10-30 21:44:56,071 - DEBUG - [_new_conn] - Starting new HTTPS connection (1): catalog.api.2gis.com:443
2025-10-30 21:44:56,454 - DEBUG - [_make_request] - https://catalog.api.2gis.com:443 "GET /3.0/items?key=50e21a4a-6241-4f9a-aff6-0b7a942be2b7&q=%D0%BA%D0%B0%D1%84%D0%B5&district_id=4504209512726659&type=branch&page=5&page_size=10&fields=items.point%2Citems.name%2Citems.address_name%2Citems.reviews HTTP/1.1" 200 133
2025-10-30 21:44:56,455 - DEBUG - [получить_кафе_в_районе] - Статус ответа: 200
2025-10-30 21:44:56,455 - WARNING - [получить_кафе_в_районе] - На странице 5 нет данных в ожидаемом формате
2025-10-30 21:44:56,456 - INFO - [получить_кафе_в_районе] - Завершение сбора для района Чертаново Южное. Найдено кафе: 32
2025-10-30 21:44:56,457 - INFO - [<cell line: 0>] - Район 'Чертаново Южное' завершен. Кафе: 32
2025-10-30 21:44:57,459 - INFO - [<cell line: 0>] - [124/132] Обработка района: Щербинка
2025-10-30 21:44:57,460 - INFO - [получить_кафе_в_районе] - Начало сбора кафе для района: Щербинка (ID: 4504209520928047)
2025-10-30 21:44:57,461 - DEBUG - [получить_кафе_в_районе] - Запрос страницы 1 для района Щербинка
2025-10-30 21:44:57,462 - DEBUG - [_new_conn] - Starting new HTTPS connection (1): catalog.api.2gis.com:443
2025-10-30 21:44:57,856 - DEBUG - [_make_request] - https://catalog.api.2gis.com:443 "GET /3.0/items?key=50e21a4a-6241-4f9a-aff6-0b7a942be2b7&q=%D0%BA%D0%B0%D1%84%D0%B5&district_id=4504209520928047&type=branch&page=1&page_size=10&fields=items.point%2Citems.name%2Citems.address_name%2Citems.reviews HTTP/1.1" 200 None
2025-10-30 21:44:57,857 - DEBUG - [получить_кафе_в_районе] - Статус ответа: 200
2025-10-30 21:44:57,857 - INFO - [получить_кафе_в_районе] - Загружено 10 кафе со страницы 1
2025-10-30 21:44:58,360 - DEBUG - [получить_кафе_в_районе] - Запрос страницы 2 для района Щербинка
2025-10-30 21:44:58,362 - DEBUG - [_new_conn] - Starting new HTTPS connection (1): catalog.api.2gis.com:443
2025-10-30 21:44:58,746 - DEBUG - [_make_request] - https://catalog.api.2gis.com:443 "GET /3.0/items?key=50e21a4a-6241-4f9a-aff6-0b7a942be2b7&q=%D0%BA%D0%B0%D1%84%D0%B5&district_id=4504209520928047&type=branch&page=2&page_size=10&fields=items.point%2Citems.name%2Citems.address_name%2Citems.reviews HTTP/1.1" 200 None
2025-10-30 21:44:58,747 - DEBUG - [получить_кафе_в_районе] - Статус ответа: 200
2025-10-30 21:44:58,747 - INFO - [получить_кафе_в_районе] - Загружено 10 кафе со страницы 2
2025-10-30 21:44:59,248 - DEBUG - [получить_кафе_в_районе] - Запрос страницы 3 для района Щербинка
2025-10-30 21:44:59,249 - DEBUG - [_new_conn] - Starting new HTTPS connection (1): catalog.api.2gis.com:443
2025-10-30 21:44:59,669 - DEBUG - [_make_request] - https://catalog.api.2gis.com:443 "GET /3.0/items?key=50e21a4a-6241-4f9a-aff6-0b7a942be2b7&q=%D0%BA%D0%B0%D1%84%D0%B5&district_id=4504209520928047&type=branch&page=3&page_size=10&fields=items.point%2Citems.name%2Citems.address_name%2Citems.reviews HTTP/1.1" 200 None
2025-10-30 21:44:59,670 - DEBUG - [получить_кафе_в_районе] - Статус ответа: 200
2025-10-30 21:44:59,670 - INFO - [получить_кафе_в_районе] - Загружено 10 кафе со страницы 3
2025-10-30 21:45:00,171 - DEBUG - [получить_кафе_в_районе] - Запрос страницы 4 для района Щербинка
2025-10-30 21:45:00,172 - DEBUG - [_new_conn] - Starting new HTTPS connection (1): catalog.api.2gis.com:443
2025-10-30 21:45:00,558 - DEBUG - [_make_request] - https://catalog.api.2gis.com:443 "GET /3.0/items?key=50e21a4a-6241-4f9a-aff6-0b7a942be2b7&q=%D0%BA%D0%B0%D1%84%D0%B5&district_id=4504209520928047&type=branch&page=4&page_size=10&fields=items.point%2Citems.name%2Citems.address_name%2Citems.reviews HTTP/1.1" 200 None
2025-10-30 21:45:00,559 - DEBUG - [получить_кафе_в_районе] - Статус ответа: 200
2025-10-30 21:45:00,559 - INFO - [получить_кафе_в_районе] - Загружено 10 кафе со страницы 4
2025-10-30 21:45:01,060 - DEBUG - [получить_кафе_в_районе] - Запрос страницы 5 для района Щербинка
2025-10-30 21:45:01,061 - DEBUG - [_new_conn] - Starting new HTTPS connection (1): catalog.api.2gis.com:443
2025-10-30 21:45:01,451 - DEBUG - [_make_request] - https://catalog.api.2gis.com:443 "GET /3.0/items?key=50e21a4a-6241-4f9a-aff6-0b7a942be2b7&q=%D0%BA%D0%B0%D1%84%D0%B5&district_id=4504209520928047&type=branch&page=5&page_size=10&fields=items.point%2Citems.name%2Citems.address_name%2Citems.reviews HTTP/1.1" 200 None
2025-10-30 21:45:01,452 - DEBUG - [получить_кафе_в_районе] - Статус ответа: 200
2025-10-30 21:45:01,452 - INFO - [получить_кафе_в_районе] - Загружено 4 кафе со страницы 5
2025-10-30 21:45:01,453 - INFO - [получить_кафе_в_районе] - Завершение сбора для района Щербинка. Найдено кафе: 44
2025-10-30 21:45:01,454 - INFO - [<cell line: 0>] - Район 'Щербинка' завершен. Кафе: 44
2025-10-30 21:45:02,455 - INFO - [<cell line: 0>] - [125/132] Обработка района: Щукино
2025-10-30 21:45:02,456 - INFO - [получить_кафе_в_районе] - Начало сбора кафе для района: Щукино (ID: 4504209512726648)
2025-10-30 21:45:02,459 - DEBUG - [получить_кафе_в_районе] - Запрос страницы 1 для района Щукино
2025-10-30 21:45:02,460 - DEBUG - [_new_conn] - Starting new HTTPS connection (1): catalog.api.2gis.com:443
2025-10-30 21:45:02,845 - DEBUG - [_make_request] - https://catalog.api.2gis.com:443 "GET /3.0/items?key=50e21a4a-6241-4f9a-aff6-0b7a942be2b7&q=%D0%BA%D0%B0%D1%84%D0%B5&district_id=4504209512726648&type=branch&page=1&page_size=10&fields=items.point%2Citems.name%2Citems.address_name%2Citems.reviews HTTP/1.1" 200 None
2025-10-30 21:45:02,846 - DEBUG - [получить_кафе_в_районе] - Статус ответа: 200
2025-10-30 21:45:02,846 - INFO - [получить_кафе_в_районе] - Загружено 10 кафе со страницы 1
2025-10-30 21:45:03,347 - DEBUG - [получить_кафе_в_районе] - Запрос страницы 2 для района Щукино
2025-10-30 21:45:03,348 - DEBUG - [_new_conn] - Starting new HTTPS connection (1): catalog.api.2gis.com:443
2025-10-30 21:45:03,747 - DEBUG - [_make_request] - https://catalog.api.2gis.com:443 "GET /3.0/items?key=50e21a4a-6241-4f9a-aff6-0b7a942be2b7&q=%D0%BA%D0%B0%D1%84%D0%B5&district_id=4504209512726648&type=branch&page=2&page_size=10&fields=items.point%2Citems.name%2Citems.address_name%2Citems.reviews HTTP/1.1" 200 None
2025-10-30 21:45:03,748 - DEBUG - [получить_кафе_в_районе] - Статус ответа: 200
2025-10-30 21:45:03,749 - INFO - [получить_кафе_в_районе] - Загружено 10 кафе со страницы 2
2025-10-30 21:45:04,250 - DEBUG - [получить_кафе_в_районе] - Запрос страницы 3 для района Щукино
2025-10-30 21:45:04,251 - DEBUG - [_new_conn] - Starting new HTTPS connection (1): catalog.api.2gis.com:443
2025-10-30 21:45:04,657 - DEBUG - [_make_request] - https://catalog.api.2gis.com:443 "GET /3.0/items?key=50e21a4a-6241-4f9a-aff6-0b7a942be2b7&q=%D0%BA%D0%B0%D1%84%D0%B5&district_id=4504209512726648&type=branch&page=3&page_size=10&fields=items.point%2Citems.name%2Citems.address_name%2Citems.reviews HTTP/1.1" 200 None
2025-10-30 21:45:04,658 - DEBUG - [получить_кафе_в_районе] - Статус ответа: 200
2025-10-30 21:45:04,658 - INFO - [получить_кафе_в_районе] - Загружено 10 кафе со страницы 3
2025-10-30 21:45:05,159 - DEBUG - [получить_кафе_в_районе] - Запрос страницы 4 для района Щукино
2025-10-30 21:45:05,161 - DEBUG - [_new_conn] - Starting new HTTPS connection (1): catalog.api.2gis.com:443
2025-10-30 21:45:05,567 - DEBUG - [_make_request] - https://catalog.api.2gis.com:443 "GET /3.0/items?key=50e21a4a-6241-4f9a-aff6-0b7a942be2b7&q=%D0%BA%D0%B0%D1%84%D0%B5&district_id=4504209512726648&type=branch&page=4&page_size=10&fields=items.point%2Citems.name%2Citems.address_name%2Citems.reviews HTTP/1.1" 200 None
2025-10-30 21:45:05,568 - DEBUG - [получить_кафе_в_районе] - Статус ответа: 200
2025-10-30 21:45:05,568 - INFO - [получить_кафе_в_районе] - Загружено 10 кафе со страницы 4
2025-10-30 21:45:06,070 - DEBUG - [получить_кафе_в_районе] - Запрос страницы 5 для района Щукино
2025-10-30 21:45:06,071 - DEBUG - [_new_conn] - Starting new HTTPS connection (1): catalog.api.2gis.com:443
2025-10-30 21:45:06,463 - DEBUG - [_make_request] - https://catalog.api.2gis.com:443 "GET /3.0/items?key=50e21a4a-6241-4f9a-aff6-0b7a942be2b7&q=%D0%BA%D0%B0%D1%84%D0%B5&district_id=4504209512726648&type=branch&page=5&page_size=10&fields=items.point%2Citems.name%2Citems.address_name%2Citems.reviews HTTP/1.1" 200 None
2025-10-30 21:45:06,464 - DEBUG - [получить_кафе_в_районе] - Статус ответа: 200
2025-10-30 21:45:06,464 - INFO - [получить_кафе_в_районе] - Загружено 3 кафе со страницы 5
2025-10-30 21:45:06,465 - INFO - [получить_кафе_в_районе] - Завершение сбора для района Щукино. Найдено кафе: 43
2025-10-30 21:45:06,467 - INFO - [<cell line: 0>] - Район 'Щукино' завершен. Кафе: 43
2025-10-30 21:45:07,469 - INFO - [<cell line: 0>] - [126/132] Обработка района: Южное Бутово
2025-10-30 21:45:07,470 - INFO - [получить_кафе_в_районе] - Начало сбора кафе для района: Южное Бутово (ID: 4504209512726619)
2025-10-30 21:45:07,471 - DEBUG - [получить_кафе_в_районе] - Запрос страницы 1 для района Южное Бутово
2025-10-30 21:45:07,472 - DEBUG - [_new_conn] - Starting new HTTPS connection (1): catalog.api.2gis.com:443
2025-10-30 21:45:07,866 - DEBUG - [_make_request] - https://catalog.api.2gis.com:443 "GET /3.0/items?key=50e21a4a-6241-4f9a-aff6-0b7a942be2b7&q=%D0%BA%D0%B0%D1%84%D0%B5&district_id=4504209512726619&type=branch&page=1&page_size=10&fields=items.point%2Citems.name%2Citems.address_name%2Citems.reviews HTTP/1.1" 200 None
2025-10-30 21:45:07,867 - DEBUG - [получить_кафе_в_районе] - Статус ответа: 200
2025-10-30 21:45:07,867 - INFO - [получить_кафе_в_районе] - Загружено 10 кафе со страницы 1
2025-10-30 21:45:08,368 - DEBUG - [получить_кафе_в_районе] - Запрос страницы 2 для района Южное Бутово
2025-10-30 21:45:08,369 - DEBUG - [_new_conn] - Starting new HTTPS connection (1): catalog.api.2gis.com:443
2025-10-30 21:45:08,760 - DEBUG - [_make_request] - https://catalog.api.2gis.com:443 "GET /3.0/items?key=50e21a4a-6241-4f9a-aff6-0b7a942be2b7&q=%D0%BA%D0%B0%D1%84%D0%B5&district_id=4504209512726619&type=branch&page=2&page_size=10&fields=items.point%2Citems.name%2Citems.address_name%2Citems.reviews HTTP/1.1" 200 None
2025-10-30 21:45:08,761 - DEBUG - [получить_кафе_в_районе] - Статус ответа: 200
2025-10-30 21:45:08,761 - INFO - [получить_кафе_в_районе] - Загружено 10 кафе со страницы 2
2025-10-30 21:45:09,262 - DEBUG - [получить_кафе_в_районе] - Запрос страницы 3 для района Южное Бутово
2025-10-30 21:45:09,264 - DEBUG - [_new_conn] - Starting new HTTPS connection (1): catalog.api.2gis.com:443
2025-10-30 21:45:09,661 - DEBUG - [_make_request] - https://catalog.api.2gis.com:443 "GET /3.0/items?key=50e21a4a-6241-4f9a-aff6-0b7a942be2b7&q=%D0%BA%D0%B0%D1%84%D0%B5&district_id=4504209512726619&type=branch&page=3&page_size=10&fields=items.point%2Citems.name%2Citems.address_name%2Citems.reviews HTTP/1.1" 200 None
2025-10-30 21:45:09,663 - DEBUG - [получить_кафе_в_районе] - Статус ответа: 200
2025-10-30 21:45:09,663 - INFO - [получить_кафе_в_районе] - Загружено 7 кафе со страницы 3
2025-10-30 21:45:10,164 - DEBUG - [получить_кафе_в_районе] - Запрос страницы 4 для района Южное Бутово
2025-10-30 21:45:10,166 - DEBUG - [_new_conn] - Starting new HTTPS connection (1): catalog.api.2gis.com:443
2025-10-30 21:45:10,546 - DEBUG - [_make_request] - https://catalog.api.2gis.com:443 "GET /3.0/items?key=50e21a4a-6241-4f9a-aff6-0b7a942be2b7&q=%D0%BA%D0%B0%D1%84%D0%B5&district_id=4504209512726619&type=branch&page=4&page_size=10&fields=items.point%2Citems.name%2Citems.address_name%2Citems.reviews HTTP/1.1" 200 133
2025-10-30 21:45:10,547 - DEBUG - [получить_кафе_в_районе] - Статус ответа: 200
2025-10-30 21:45:10,548 - WARNING - [получить_кафе_в_районе] - На странице 4 нет данных в ожидаемом формате
2025-10-30 21:45:11,049 - DEBUG - [получить_кафе_в_районе] - Запрос страницы 5 для района Южное Бутово
2025-10-30 21:45:11,050 - DEBUG - [_new_conn] - Starting new HTTPS connection (1): catalog.api.2gis.com:443
2025-10-30 21:45:11,444 - DEBUG - [_make_request] - https://catalog.api.2gis.com:443 "GET /3.0/items?key=50e21a4a-6241-4f9a-aff6-0b7a942be2b7&q=%D0%BA%D0%B0%D1%84%D0%B5&district_id=4504209512726619&type=branch&page=5&page_size=10&fields=items.point%2Citems.name%2Citems.address_name%2Citems.reviews HTTP/1.1" 200 133
2025-10-30 21:45:11,445 - DEBUG - [получить_кафе_в_районе] - Статус ответа: 200
2025-10-30 21:45:11,445 - WARNING - [получить_кафе_в_районе] - На странице 5 нет данных в ожидаемом формате
2025-10-30 21:45:11,445 - INFO - [получить_кафе_в_районе] - Завершение сбора для района Южное Бутово. Найдено кафе: 27
2025-10-30 21:45:11,447 - INFO - [<cell line: 0>] - Район 'Южное Бутово' завершен. Кафе: 27
2025-10-30 21:45:12,448 - INFO - [<cell line: 0>] - [127/132] Обработка района: Южное Медведково
2025-10-30 21:45:12,449 - INFO - [получить_кафе_в_районе] - Начало сбора кафе для района: Южное Медведково (ID: 4504209512726561)
2025-10-30 21:45:12,450 - DEBUG - [получить_кафе_в_районе] - Запрос страницы 1 для района Южное Медведково
2025-10-30 21:45:12,452 - DEBUG - [_new_conn] - Starting new HTTPS connection (1): catalog.api.2gis.com:443
2025-10-30 21:45:12,866 - DEBUG - [_make_request] - https://catalog.api.2gis.com:443 "GET /3.0/items?key=50e21a4a-6241-4f9a-aff6-0b7a942be2b7&q=%D0%BA%D0%B0%D1%84%D0%B5&district_id=4504209512726561&type=branch&page=1&page_size=10&fields=items.point%2Citems.name%2Citems.address_name%2Citems.reviews HTTP/1.1" 200 None
2025-10-30 21:45:12,867 - DEBUG - [получить_кафе_в_районе] - Статус ответа: 200
2025-10-30 21:45:12,867 - INFO - [получить_кафе_в_районе] - Загружено 10 кафе со страницы 1
2025-10-30 21:45:13,368 - DEBUG - [получить_кафе_в_районе] - Запрос страницы 2 для района Южное Медведково
2025-10-30 21:45:13,369 - DEBUG - [_new_conn] - Starting new HTTPS connection (1): catalog.api.2gis.com:443
2025-10-30 21:45:13,769 - DEBUG - [_make_request] - https://catalog.api.2gis.com:443 "GET /3.0/items?key=50e21a4a-6241-4f9a-aff6-0b7a942be2b7&q=%D0%BA%D0%B0%D1%84%D0%B5&district_id=4504209512726561&type=branch&page=2&page_size=10&fields=items.point%2Citems.name%2Citems.address_name%2Citems.reviews HTTP/1.1" 200 None
2025-10-30 21:45:13,770 - DEBUG - [получить_кафе_в_районе] - Статус ответа: 200
2025-10-30 21:45:13,770 - INFO - [получить_кафе_в_районе] - Загружено 4 кафе со страницы 2
2025-10-30 21:45:14,271 - DEBUG - [получить_кафе_в_районе] - Запрос страницы 3 для района Южное Медведково
2025-10-30 21:45:14,272 - DEBUG - [_new_conn] - Starting new HTTPS connection (1): catalog.api.2gis.com:443
2025-10-30 21:45:14,781 - DEBUG - [_make_request] - https://catalog.api.2gis.com:443 "GET /3.0/items?key=50e21a4a-6241-4f9a-aff6-0b7a942be2b7&q=%D0%BA%D0%B0%D1%84%D0%B5&district_id=4504209512726561&type=branch&page=3&page_size=10&fields=items.point%2Citems.name%2Citems.address_name%2Citems.reviews HTTP/1.1" 200 133
2025-10-30 21:45:14,782 - DEBUG - [получить_кафе_в_районе] - Статус ответа: 200
2025-10-30 21:45:14,783 - WARNING - [получить_кафе_в_районе] - На странице 3 нет данных в ожидаемом формате
2025-10-30 21:45:15,283 - DEBUG - [получить_кафе_в_районе] - Запрос страницы 4 для района Южное Медведково
2025-10-30 21:45:15,285 - DEBUG - [_new_conn] - Starting new HTTPS connection (1): catalog.api.2gis.com:443
2025-10-30 21:45:15,796 - DEBUG - [_make_request] - https://catalog.api.2gis.com:443 "GET /3.0/items?key=50e21a4a-6241-4f9a-aff6-0b7a942be2b7&q=%D0%BA%D0%B0%D1%84%D0%B5&district_id=4504209512726561&type=branch&page=4&page_size=10&fields=items.point%2Citems.name%2Citems.address_name%2Citems.reviews HTTP/1.1" 200 133
2025-10-30 21:45:15,797 - DEBUG - [получить_кафе_в_районе] - Статус ответа: 200
2025-10-30 21:45:15,797 - WARNING - [получить_кафе_в_районе] - На странице 4 нет данных в ожидаемом формате
2025-10-30 21:45:16,298 - DEBUG - [получить_кафе_в_районе] - Запрос страницы 5 для района Южное Медведково
2025-10-30 21:45:16,299 - DEBUG - [_new_conn] - Starting new HTTPS connection (1): catalog.api.2gis.com:443
2025-10-30 21:45:16,714 - DEBUG - [_make_request] - https://catalog.api.2gis.com:443 "GET /3.0/items?key=50e21a4a-6241-4f9a-aff6-0b7a942be2b7&q=%D0%BA%D0%B0%D1%84%D0%B5&district_id=4504209512726561&type=branch&page=5&page_size=10&fields=items.point%2Citems.name%2Citems.address_name%2Citems.reviews HTTP/1.1" 200 133
2025-10-30 21:45:16,715 - DEBUG - [получить_кафе_в_районе] - Статус ответа: 200
2025-10-30 21:45:16,715 - WARNING - [получить_кафе_в_районе] - На странице 5 нет данных в ожидаемом формате
2025-10-30 21:45:16,716 - INFO - [получить_кафе_в_районе] - Завершение сбора для района Южное Медведково. Найдено кафе: 14
2025-10-30 21:45:16,718 - INFO - [<cell line: 0>] - Район 'Южное Медведково' завершен. Кафе: 14
2025-10-30 21:45:17,719 - INFO - [<cell line: 0>] - [128/132] Обработка района: Южное Тушино
2025-10-30 21:45:17,720 - INFO - [получить_кафе_в_районе] - Начало сбора кафе для района: Южное Тушино (ID: 4504209512726649)
2025-10-30 21:45:17,721 - DEBUG - [получить_кафе_в_районе] - Запрос страницы 1 для района Южное Тушино
2025-10-30 21:45:17,722 - DEBUG - [_new_conn] - Starting new HTTPS connection (1): catalog.api.2gis.com:443
2025-10-30 21:45:18,129 - DEBUG - [_make_request] - https://catalog.api.2gis.com:443 "GET /3.0/items?key=50e21a4a-6241-4f9a-aff6-0b7a942be2b7&q=%D0%BA%D0%B0%D1%84%D0%B5&district_id=4504209512726649&type=branch&page=1&page_size=10&fields=items.point%2Citems.name%2Citems.address_name%2Citems.reviews HTTP/1.1" 200 None
2025-10-30 21:45:18,130 - DEBUG - [получить_кафе_в_районе] - Статус ответа: 200
2025-10-30 21:45:18,130 - INFO - [получить_кафе_в_районе] - Загружено 10 кафе со страницы 1
2025-10-30 21:45:18,631 - DEBUG - [получить_кафе_в_районе] - Запрос страницы 2 для района Южное Тушино
2025-10-30 21:45:18,632 - DEBUG - [_new_conn] - Starting new HTTPS connection (1): catalog.api.2gis.com:443
2025-10-30 21:45:19,049 - DEBUG - [_make_request] - https://catalog.api.2gis.com:443 "GET /3.0/items?key=50e21a4a-6241-4f9a-aff6-0b7a942be2b7&q=%D0%BA%D0%B0%D1%84%D0%B5&district_id=4504209512726649&type=branch&page=2&page_size=10&fields=items.point%2Citems.name%2Citems.address_name%2Citems.reviews HTTP/1.1" 200 None
2025-10-30 21:45:19,050 - DEBUG - [получить_кафе_в_районе] - Статус ответа: 200
2025-10-30 21:45:19,050 - INFO - [получить_кафе_в_районе] - Загружено 10 кафе со страницы 2
2025-10-30 21:45:19,551 - DEBUG - [получить_кафе_в_районе] - Запрос страницы 3 для района Южное Тушино
2025-10-30 21:45:19,552 - DEBUG - [_new_conn] - Starting new HTTPS connection (1): catalog.api.2gis.com:443
2025-10-30 21:45:19,930 - DEBUG - [_make_request] - https://catalog.api.2gis.com:443 "GET /3.0/items?key=50e21a4a-6241-4f9a-aff6-0b7a942be2b7&q=%D0%BA%D0%B0%D1%84%D0%B5&district_id=4504209512726649&type=branch&page=3&page_size=10&fields=items.point%2Citems.name%2Citems.address_name%2Citems.reviews HTTP/1.1" 200 None
2025-10-30 21:45:19,931 - DEBUG - [получить_кафе_в_районе] - Статус ответа: 200
2025-10-30 21:45:19,931 - INFO - [получить_кафе_в_районе] - Загружено 4 кафе со страницы 3
2025-10-30 21:45:20,432 - DEBUG - [получить_кафе_в_районе] - Запрос страницы 4 для района Южное Тушино
2025-10-30 21:45:20,433 - DEBUG - [_new_conn] - Starting new HTTPS connection (1): catalog.api.2gis.com:443
2025-10-30 21:45:20,816 - DEBUG - [_make_request] - https://catalog.api.2gis.com:443 "GET /3.0/items?key=50e21a4a-6241-4f9a-aff6-0b7a942be2b7&q=%D0%BA%D0%B0%D1%84%D0%B5&district_id=4504209512726649&type=branch&page=4&page_size=10&fields=items.point%2Citems.name%2Citems.address_name%2Citems.reviews HTTP/1.1" 200 133
2025-10-30 21:45:20,818 - DEBUG - [получить_кафе_в_районе] - Статус ответа: 200
2025-10-30 21:45:20,818 - WARNING - [получить_кафе_в_районе] - На странице 4 нет данных в ожидаемом формате
2025-10-30 21:45:21,319 - DEBUG - [получить_кафе_в_районе] - Запрос страницы 5 для района Южное Тушино
2025-10-30 21:45:21,321 - DEBUG - [_new_conn] - Starting new HTTPS connection (1): catalog.api.2gis.com:443
2025-10-30 21:45:21,708 - DEBUG - [_make_request] - https://catalog.api.2gis.com:443 "GET /3.0/items?key=50e21a4a-6241-4f9a-aff6-0b7a942be2b7&q=%D0%BA%D0%B0%D1%84%D0%B5&district_id=4504209512726649&type=branch&page=5&page_size=10&fields=items.point%2Citems.name%2Citems.address_name%2Citems.reviews HTTP/1.1" 200 133
2025-10-30 21:45:21,709 - DEBUG - [получить_кафе_в_районе] - Статус ответа: 200
2025-10-30 21:45:21,710 - WARNING - [получить_кафе_в_районе] - На странице 5 нет данных в ожидаемом формате
2025-10-30 21:45:21,711 - INFO - [получить_кафе_в_районе] - Завершение сбора для района Южное Тушино. Найдено кафе: 24
2025-10-30 21:45:21,711 - INFO - [<cell line: 0>] - Район 'Южное Тушино' завершен. Кафе: 24
2025-10-30 21:45:22,712 - INFO - [<cell line: 0>] - [129/132] Обработка района: Южнопортовый
2025-10-30 21:45:22,713 - INFO - [получить_кафе_в_районе] - Начало сбора кафе для района: Южнопортовый (ID: 70030076266239145)
2025-10-30 21:45:22,715 - DEBUG - [получить_кафе_в_районе] - Запрос страницы 1 для района Южнопортовый
2025-10-30 21:45:22,716 - DEBUG - [_new_conn] - Starting new HTTPS connection (1): catalog.api.2gis.com:443
2025-10-30 21:45:23,108 - DEBUG - [_make_request] - https://catalog.api.2gis.com:443 "GET /3.0/items?key=50e21a4a-6241-4f9a-aff6-0b7a942be2b7&q=%D0%BA%D0%B0%D1%84%D0%B5&district_id=70030076266239145&type=branch&page=1&page_size=10&fields=items.point%2Citems.name%2Citems.address_name%2Citems.reviews HTTP/1.1" 200 None
2025-10-30 21:45:23,108 - DEBUG - [получить_кафе_в_районе] - Статус ответа: 200
2025-10-30 21:45:23,109 - INFO - [получить_кафе_в_районе] - Загружено 10 кафе со страницы 1
2025-10-30 21:45:23,610 - DEBUG - [получить_кафе_в_районе] - Запрос страницы 2 для района Южнопортовый
2025-10-30 21:45:23,611 - DEBUG - [_new_conn] - Starting new HTTPS connection (1): catalog.api.2gis.com:443
2025-10-30 21:45:24,003 - DEBUG - [_make_request] - https://catalog.api.2gis.com:443 "GET /3.0/items?key=50e21a4a-6241-4f9a-aff6-0b7a942be2b7&q=%D0%BA%D0%B0%D1%84%D0%B5&district_id=70030076266239145&type=branch&page=2&page_size=10&fields=items.point%2Citems.name%2Citems.address_name%2Citems.reviews HTTP/1.1" 200 None
2025-10-30 21:45:24,004 - DEBUG - [получить_кафе_в_районе] - Статус ответа: 200
2025-10-30 21:45:24,004 - INFO - [получить_кафе_в_районе] - Загружено 10 кафе со страницы 2
2025-10-30 21:45:24,505 - DEBUG - [получить_кафе_в_районе] - Запрос страницы 3 для района Южнопортовый
2025-10-30 21:45:24,507 - DEBUG - [_new_conn] - Starting new HTTPS connection (1): catalog.api.2gis.com:443
2025-10-30 21:45:24,902 - DEBUG - [_make_request] - https://catalog.api.2gis.com:443 "GET /3.0/items?key=50e21a4a-6241-4f9a-aff6-0b7a942be2b7&q=%D0%BA%D0%B0%D1%84%D0%B5&district_id=70030076266239145&type=branch&page=3&page_size=10&fields=items.point%2Citems.name%2Citems.address_name%2Citems.reviews HTTP/1.1" 200 None
2025-10-30 21:45:24,903 - DEBUG - [получить_кафе_в_районе] - Статус ответа: 200
2025-10-30 21:45:24,904 - INFO - [получить_кафе_в_районе] - Загружено 10 кафе со страницы 3
2025-10-30 21:45:25,405 - DEBUG - [получить_кафе_в_районе] - Запрос страницы 4 для района Южнопортовый
2025-10-30 21:45:25,406 - DEBUG - [_new_conn] - Starting new HTTPS connection (1): catalog.api.2gis.com:443
2025-10-30 21:45:25,805 - DEBUG - [_make_request] - https://catalog.api.2gis.com:443 "GET /3.0/items?key=50e21a4a-6241-4f9a-aff6-0b7a942be2b7&q=%D0%BA%D0%B0%D1%84%D0%B5&district_id=70030076266239145&type=branch&page=4&page_size=10&fields=items.point%2Citems.name%2Citems.address_name%2Citems.reviews HTTP/1.1" 200 None
2025-10-30 21:45:25,806 - DEBUG - [получить_кафе_в_районе] - Статус ответа: 200
2025-10-30 21:45:25,807 - INFO - [получить_кафе_в_районе] - Загружено 10 кафе со страницы 4
2025-10-30 21:45:26,308 - DEBUG - [получить_кафе_в_районе] - Запрос страницы 5 для района Южнопортовый
2025-10-30 21:45:26,309 - DEBUG - [_new_conn] - Starting new HTTPS connection (1): catalog.api.2gis.com:443
2025-10-30 21:45:26,717 - DEBUG - [_make_request] - https://catalog.api.2gis.com:443 "GET /3.0/items?key=50e21a4a-6241-4f9a-aff6-0b7a942be2b7&q=%D0%BA%D0%B0%D1%84%D0%B5&district_id=70030076266239145&type=branch&page=5&page_size=10&fields=items.point%2Citems.name%2Citems.address_name%2Citems.reviews HTTP/1.1" 200 None
2025-10-30 21:45:26,718 - DEBUG - [получить_кафе_в_районе] - Статус ответа: 200
2025-10-30 21:45:26,718 - INFO - [получить_кафе_в_районе] - Загружено 10 кафе со страницы 5
2025-10-30 21:45:26,719 - INFO - [получить_кафе_в_районе] - Завершение сбора для района Южнопортовый. Найдено кафе: 50
2025-10-30 21:45:26,721 - INFO - [<cell line: 0>] - Район 'Южнопортовый' завершен. Кафе: 50
2025-10-30 21:45:27,723 - INFO - [<cell line: 0>] - [130/132] Обработка района: Якиманка
2025-10-30 21:45:27,723 - INFO - [получить_кафе_в_районе] - Начало сбора кафе для района: Якиманка (ID: 4504209512726534)
2025-10-30 21:45:27,725 - DEBUG - [получить_кафе_в_районе] - Запрос страницы 1 для района Якиманка
2025-10-30 21:45:27,726 - DEBUG - [_new_conn] - Starting new HTTPS connection (1): catalog.api.2gis.com:443
2025-10-30 21:45:28,131 - DEBUG - [_make_request] - https://catalog.api.2gis.com:443 "GET /3.0/items?key=50e21a4a-6241-4f9a-aff6-0b7a942be2b7&q=%D0%BA%D0%B0%D1%84%D0%B5&district_id=4504209512726534&type=branch&page=1&page_size=10&fields=items.point%2Citems.name%2Citems.address_name%2Citems.reviews HTTP/1.1" 200 None
2025-10-30 21:45:28,132 - DEBUG - [получить_кафе_в_районе] - Статус ответа: 200
2025-10-30 21:45:28,132 - INFO - [получить_кафе_в_районе] - Загружено 10 кафе со страницы 1
2025-10-30 21:45:28,633 - DEBUG - [получить_кафе_в_районе] - Запрос страницы 2 для района Якиманка
2025-10-30 21:45:28,634 - DEBUG - [_new_conn] - Starting new HTTPS connection (1): catalog.api.2gis.com:443
2025-10-30 21:45:29,061 - DEBUG - [_make_request] - https://catalog.api.2gis.com:443 "GET /3.0/items?key=50e21a4a-6241-4f9a-aff6-0b7a942be2b7&q=%D0%BA%D0%B0%D1%84%D0%B5&district_id=4504209512726534&type=branch&page=2&page_size=10&fields=items.point%2Citems.name%2Citems.address_name%2Citems.reviews HTTP/1.1" 200 None
2025-10-30 21:45:29,062 - DEBUG - [получить_кафе_в_районе] - Статус ответа: 200
2025-10-30 21:45:29,062 - INFO - [получить_кафе_в_районе] - Загружено 10 кафе со страницы 2
2025-10-30 21:45:29,563 - DEBUG - [получить_кафе_в_районе] - Запрос страницы 3 для района Якиманка
2025-10-30 21:45:29,564 - DEBUG - [_new_conn] - Starting new HTTPS connection (1): catalog.api.2gis.com:443
2025-10-30 21:45:29,966 - DEBUG - [_make_request] - https://catalog.api.2gis.com:443 "GET /3.0/items?key=50e21a4a-6241-4f9a-aff6-0b7a942be2b7&q=%D0%BA%D0%B0%D1%84%D0%B5&district_id=4504209512726534&type=branch&page=3&page_size=10&fields=items.point%2Citems.name%2Citems.address_name%2Citems.reviews HTTP/1.1" 200 None
2025-10-30 21:45:29,967 - DEBUG - [получить_кафе_в_районе] - Статус ответа: 200
2025-10-30 21:45:29,967 - INFO - [получить_кафе_в_районе] - Загружено 10 кафе со страницы 3
2025-10-30 21:45:30,468 - DEBUG - [получить_кафе_в_районе] - Запрос страницы 4 для района Якиманка
2025-10-30 21:45:30,469 - DEBUG - [_new_conn] - Starting new HTTPS connection (1): catalog.api.2gis.com:443
2025-10-30 21:45:30,870 - DEBUG - [_make_request] - https://catalog.api.2gis.com:443 "GET /3.0/items?key=50e21a4a-6241-4f9a-aff6-0b7a942be2b7&q=%D0%BA%D0%B0%D1%84%D0%B5&district_id=4504209512726534&type=branch&page=4&page_size=10&fields=items.point%2Citems.name%2Citems.address_name%2Citems.reviews HTTP/1.1" 200 None
2025-10-30 21:45:30,871 - DEBUG - [получить_кафе_в_районе] - Статус ответа: 200
2025-10-30 21:45:30,871 - INFO - [получить_кафе_в_районе] - Загружено 10 кафе со страницы 4
2025-10-30 21:45:31,372 - DEBUG - [получить_кафе_в_районе] - Запрос страницы 5 для района Якиманка
2025-10-30 21:45:31,373 - DEBUG - [_new_conn] - Starting new HTTPS connection (1): catalog.api.2gis.com:443
2025-10-30 21:45:31,764 - DEBUG - [_make_request] - https://catalog.api.2gis.com:443 "GET /3.0/items?key=50e21a4a-6241-4f9a-aff6-0b7a942be2b7&q=%D0%BA%D0%B0%D1%84%D0%B5&district_id=4504209512726534&type=branch&page=5&page_size=10&fields=items.point%2Citems.name%2Citems.address_name%2Citems.reviews HTTP/1.1" 200 None
2025-10-30 21:45:31,765 - DEBUG - [получить_кафе_в_районе] - Статус ответа: 200
2025-10-30 21:45:31,765 - INFO - [получить_кафе_в_районе] - Загружено 10 кафе со страницы 5
2025-10-30 21:45:31,766 - INFO - [получить_кафе_в_районе] - Завершение сбора для района Якиманка. Найдено кафе: 50
2025-10-30 21:45:31,767 - INFO - [<cell line: 0>] - Район 'Якиманка' завершен. Кафе: 50
2025-10-30 21:45:32,769 - INFO - [<cell line: 0>] - [131/132] Обработка района: Ярославский
2025-10-30 21:45:32,770 - INFO - [получить_кафе_в_районе] - Начало сбора кафе для района: Ярославский (ID: 4504209512726562)
2025-10-30 21:45:32,771 - DEBUG - [получить_кафе_в_районе] - Запрос страницы 1 для района Ярославский
2025-10-30 21:45:32,772 - DEBUG - [_new_conn] - Starting new HTTPS connection (1): catalog.api.2gis.com:443
2025-10-30 21:45:33,190 - DEBUG - [_make_request] - https://catalog.api.2gis.com:443 "GET /3.0/items?key=50e21a4a-6241-4f9a-aff6-0b7a942be2b7&q=%D0%BA%D0%B0%D1%84%D0%B5&district_id=4504209512726562&type=branch&page=1&page_size=10&fields=items.point%2Citems.name%2Citems.address_name%2Citems.reviews HTTP/1.1" 200 None
2025-10-30 21:45:33,192 - DEBUG - [получить_кафе_в_районе] - Статус ответа: 200
2025-10-30 21:45:33,192 - INFO - [получить_кафе_в_районе] - Загружено 10 кафе со страницы 1
2025-10-30 21:45:33,693 - DEBUG - [получить_кафе_в_районе] - Запрос страницы 2 для района Ярославский
2025-10-30 21:45:33,695 - DEBUG - [_new_conn] - Starting new HTTPS connection (1): catalog.api.2gis.com:443
2025-10-30 21:45:34,131 - DEBUG - [_make_request] - https://catalog.api.2gis.com:443 "GET /3.0/items?key=50e21a4a-6241-4f9a-aff6-0b7a942be2b7&q=%D0%BA%D0%B0%D1%84%D0%B5&district_id=4504209512726562&type=branch&page=2&page_size=10&fields=items.point%2Citems.name%2Citems.address_name%2Citems.reviews HTTP/1.1" 200 None
2025-10-30 21:45:34,132 - DEBUG - [получить_кафе_в_районе] - Статус ответа: 200
2025-10-30 21:45:34,133 - INFO - [получить_кафе_в_районе] - Загружено 10 кафе со страницы 2
2025-10-30 21:45:34,635 - DEBUG - [получить_кафе_в_районе] - Запрос страницы 3 для района Ярославский
2025-10-30 21:45:34,636 - DEBUG - [_new_conn] - Starting new HTTPS connection (1): catalog.api.2gis.com:443
2025-10-30 21:45:35,018 - DEBUG - [_make_request] - https://catalog.api.2gis.com:443 "GET /3.0/items?key=50e21a4a-6241-4f9a-aff6-0b7a942be2b7&q=%D0%BA%D0%B0%D1%84%D0%B5&district_id=4504209512726562&type=branch&page=3&page_size=10&fields=items.point%2Citems.name%2Citems.address_name%2Citems.reviews HTTP/1.1" 200 None
2025-10-30 21:45:35,019 - DEBUG - [получить_кафе_в_районе] - Статус ответа: 200
2025-10-30 21:45:35,019 - INFO - [получить_кафе_в_районе] - Загружено 2 кафе со страницы 3
2025-10-30 21:45:35,520 - DEBUG - [получить_кафе_в_районе] - Запрос страницы 4 для района Ярославский
2025-10-30 21:45:35,521 - DEBUG - [_new_conn] - Starting new HTTPS connection (1): catalog.api.2gis.com:443
2025-10-30 21:45:35,900 - DEBUG - [_make_request] - https://catalog.api.2gis.com:443 "GET /3.0/items?key=50e21a4a-6241-4f9a-aff6-0b7a942be2b7&q=%D0%BA%D0%B0%D1%84%D0%B5&district_id=4504209512726562&type=branch&page=4&page_size=10&fields=items.point%2Citems.name%2Citems.address_name%2Citems.reviews HTTP/1.1" 200 133
2025-10-30 21:45:35,901 - DEBUG - [получить_кафе_в_районе] - Статус ответа: 200
2025-10-30 21:45:35,901 - WARNING - [получить_кафе_в_районе] - На странице 4 нет данных в ожидаемом формате
2025-10-30 21:45:36,402 - DEBUG - [получить_кафе_в_районе] - Запрос страницы 5 для района Ярославский
2025-10-30 21:45:36,403 - DEBUG - [_new_conn] - Starting new HTTPS connection (1): catalog.api.2gis.com:443
2025-10-30 21:45:36,785 - DEBUG - [_make_request] - https://catalog.api.2gis.com:443 "GET /3.0/items?key=50e21a4a-6241-4f9a-aff6-0b7a942be2b7&q=%D0%BA%D0%B0%D1%84%D0%B5&district_id=4504209512726562&type=branch&page=5&page_size=10&fields=items.point%2Citems.name%2Citems.address_name%2Citems.reviews HTTP/1.1" 200 133
2025-10-30 21:45:36,786 - DEBUG - [получить_кафе_в_районе] - Статус ответа: 200
2025-10-30 21:45:36,786 - WARNING - [получить_кафе_в_районе] - На странице 5 нет данных в ожидаемом формате
2025-10-30 21:45:36,787 - INFO - [получить_кафе_в_районе] - Завершение сбора для района Ярославский. Найдено кафе: 22
2025-10-30 21:45:36,788 - INFO - [<cell line: 0>] - Район 'Ярославский' завершен. Кафе: 22
2025-10-30 21:45:37,791 - INFO - [<cell line: 0>] - [132/132] Обработка района: Ясенево
2025-10-30 21:45:37,791 - INFO - [получить_кафе_в_районе] - Начало сбора кафе для района: Ясенево (ID: 4504209512726620)
2025-10-30 21:45:37,793 - DEBUG - [получить_кафе_в_районе] - Запрос страницы 1 для района Ясенево
2025-10-30 21:45:37,794 - DEBUG - [_new_conn] - Starting new HTTPS connection (1): catalog.api.2gis.com:443
2025-10-30 21:45:38,184 - DEBUG - [_make_request] - https://catalog.api.2gis.com:443 "GET /3.0/items?key=50e21a4a-6241-4f9a-aff6-0b7a942be2b7&q=%D0%BA%D0%B0%D1%84%D0%B5&district_id=4504209512726620&type=branch&page=1&page_size=10&fields=items.point%2Citems.name%2Citems.address_name%2Citems.reviews HTTP/1.1" 200 None
2025-10-30 21:45:38,185 - DEBUG - [получить_кафе_в_районе] - Статус ответа: 200
2025-10-30 21:45:38,185 - INFO - [получить_кафе_в_районе] - Загружено 10 кафе со страницы 1
2025-10-30 21:45:38,686 - DEBUG - [получить_кафе_в_районе] - Запрос страницы 2 для района Ясенево
2025-10-30 21:45:38,687 - DEBUG - [_new_conn] - Starting new HTTPS connection (1): catalog.api.2gis.com:443
2025-10-30 21:45:39,093 - DEBUG - [_make_request] - https://catalog.api.2gis.com:443 "GET /3.0/items?key=50e21a4a-6241-4f9a-aff6-0b7a942be2b7&q=%D0%BA%D0%B0%D1%84%D0%B5&district_id=4504209512726620&type=branch&page=2&page_size=10&fields=items.point%2Citems.name%2Citems.address_name%2Citems.reviews HTTP/1.1" 200 None
2025-10-30 21:45:39,094 - DEBUG - [получить_кафе_в_районе] - Статус ответа: 200
2025-10-30 21:45:39,094 - INFO - [получить_кафе_в_районе] - Загружено 10 кафе со страницы 2
2025-10-30 21:45:39,595 - DEBUG - [получить_кафе_в_районе] - Запрос страницы 3 для района Ясенево
2025-10-30 21:45:39,596 - DEBUG - [_new_conn] - Starting new HTTPS connection (1): catalog.api.2gis.com:443
2025-10-30 21:45:39,984 - DEBUG - [_make_request] - https://catalog.api.2gis.com:443 "GET /3.0/items?key=50e21a4a-6241-4f9a-aff6-0b7a942be2b7&q=%D0%BA%D0%B0%D1%84%D0%B5&district_id=4504209512726620&type=branch&page=3&page_size=10&fields=items.point%2Citems.name%2Citems.address_name%2Citems.reviews HTTP/1.1" 200 None
2025-10-30 21:45:39,984 - DEBUG - [получить_кафе_в_районе] - Статус ответа: 200
2025-10-30 21:45:39,985 - INFO - [получить_кафе_в_районе] - Загружено 10 кафе со страницы 3
2025-10-30 21:45:40,486 - DEBUG - [получить_кафе_в_районе] - Запрос страницы 4 для района Ясенево
2025-10-30 21:45:40,487 - DEBUG - [_new_conn] - Starting new HTTPS connection (1): catalog.api.2gis.com:443
2025-10-30 21:45:40,875 - DEBUG - [_make_request] - https://catalog.api.2gis.com:443 "GET /3.0/items?key=50e21a4a-6241-4f9a-aff6-0b7a942be2b7&q=%D0%BA%D0%B0%D1%84%D0%B5&district_id=4504209512726620&type=branch&page=4&page_size=10&fields=items.point%2Citems.name%2Citems.address_name%2Citems.reviews HTTP/1.1" 200 None
2025-10-30 21:45:40,876 - DEBUG - [получить_кафе_в_районе] - Статус ответа: 200
2025-10-30 21:45:40,876 - INFO - [получить_кафе_в_районе] - Загружено 10 кафе со страницы 4
2025-10-30 21:45:41,377 - DEBUG - [получить_кафе_в_районе] - Запрос страницы 5 для района Ясенево
2025-10-30 21:45:41,379 - DEBUG - [_new_conn] - Starting new HTTPS connection (1): catalog.api.2gis.com:443
2025-10-30 21:45:41,792 - DEBUG - [_make_request] - https://catalog.api.2gis.com:443 "GET /3.0/items?key=50e21a4a-6241-4f9a-aff6-0b7a942be2b7&q=%D0%BA%D0%B0%D1%84%D0%B5&district_id=4504209512726620&type=branch&page=5&page_size=10&fields=items.point%2Citems.name%2Citems.address_name%2Citems.reviews HTTP/1.1" 200 None
2025-10-30 21:45:41,793 - DEBUG - [получить_кафе_в_районе] - Статус ответа: 200
2025-10-30 21:45:41,793 - INFO - [получить_кафе_в_районе] - Загружено 2 кафе со страницы 5
2025-10-30 21:45:41,794 - INFO - [получить_кафе_в_районе] - Завершение сбора для района Ясенево. Найдено кафе: 42
2025-10-30 21:45:41,796 - INFO - [<cell line: 0>] - Район 'Ясенево' завершен. Кафе: 42
2025-10-30 21:45:41,798 - INFO - [<cell line: 0>] - ============================================================
2025-10-30 21:45:41,798 - INFO - [<cell line: 0>] - СБОР ДАННЫХ ЗАВЕРШЕН
2025-10-30 21:45:41,799 - INFO - [<cell line: 0>] - Время выполнения: 664.58 секунд
2025-10-30 21:45:41,800 - INFO - [<cell line: 0>] - Всего собрано кафе: 3974
2025-10-30 21:45:41,801 - INFO - [<cell line: 0>] - ============================================================
2025-10-30 21:45:41,802 - INFO - [создать_датасет_кафе] - Создание датасета из 3974 кафе
2025-10-30 21:45:41,818 - INFO - [создать_датасет_кафе] - Датасет кафе создан. Количество строк: 3974
2025-10-30 21:45:41,862 - INFO - [<cell line: 0>] - Данные сохранены в кафе_москвы_по_районам.csv
2025-10-30 21:45:41,863 - INFO - [<cell line: 0>] - СТАТИСТИКА: Всего кафе: 3974
2025-10-30 21:45:41,866 - INFO - [<cell line: 0>] - СТАТИСТИКА: Охвачено районов: 131
