2025-10-30 20:26:38,213 - INFO - [<cell line: 0>] - ============================================================
2025-10-30 20:26:38,213 - INFO - [<cell line: 0>] - ЗАПУСК СБОРА ДАННЫХ ПО ПОЛИКЛИНИКАМ МОСКВЫ
2025-10-30 20:26:38,214 - INFO - [<cell line: 0>] - Конфигурация логирования: уровень=DEBUG, файл=True, консоль=True
2025-10-30 20:26:38,215 - INFO - [<cell line: 0>] - Количество районов для обработки: 132
2025-10-30 20:26:38,216 - INFO - [<cell line: 0>] - ============================================================
2025-10-30 20:26:38,216 - INFO - [<cell line: 0>] - [1/132] Обработка района: Академический
2025-10-30 20:26:38,218 - INFO - [получить_поликлиники_в_районе] - Начало сбора поликлиник для района: Академический (ID: 4504209512726625)
2025-10-30 20:26:38,218 - DEBUG - [получить_поликлиники_в_районе] - Запрос страницы 1 для района Академический
2025-10-30 20:26:38,220 - DEBUG - [_new_conn] - Starting new HTTPS connection (1): catalog.api.2gis.com:443
2025-10-30 20:26:38,712 - DEBUG - [_make_request] - https://catalog.api.2gis.com:443 "GET /3.0/items?key=2e3b8ee1-dca8-47ab-99a0-bb8cfce53698&q=%D0%BF%D0%BE%D0%BB%D0%B8%D0%BA%D0%BB%D0%B8%D0%BD%D0%B8%D0%BA%D0%B0&district_id=4504209512726625&type=branch&page=1&page_size=10&fields=items.point%2Citems.name%2Citems.address_name%2Citems.reviews HTTP/1.1" 200 None
2025-10-30 20:26:38,713 - DEBUG - [получить_поликлиники_в_районе] - Статус ответа: 200
2025-10-30 20:26:38,713 - INFO - [получить_поликлиники_в_районе] - Загружено 9 поликлиник со страницы 1
2025-10-30 20:26:39,214 - DEBUG - [получить_поликлиники_в_районе] - Запрос страницы 2 для района Академический
2025-10-30 20:26:39,216 - DEBUG - [_new_conn] - Starting new HTTPS connection (1): catalog.api.2gis.com:443
2025-10-30 20:26:39,593 - DEBUG - [_make_request] - https://catalog.api.2gis.com:443 "GET /3.0/items?key=2e3b8ee1-dca8-47ab-99a0-bb8cfce53698&q=%D0%BF%D0%BE%D0%BB%D0%B8%D0%BA%D0%BB%D0%B8%D0%BD%D0%B8%D0%BA%D0%B0&district_id=4504209512726625&type=branch&page=2&page_size=10&fields=items.point%2Citems.name%2Citems.address_name%2Citems.reviews HTTP/1.1" 200 133
2025-10-30 20:26:39,594 - DEBUG - [получить_поликлиники_в_районе] - Статус ответа: 200
2025-10-30 20:26:39,595 - WARNING - [получить_поликлиники_в_районе] - На странице 2 нет данных в ожидаемом формате
2025-10-30 20:26:40,096 - DEBUG - [получить_поликлиники_в_районе] - Запрос страницы 3 для района Академический
2025-10-30 20:26:40,097 - DEBUG - [_new_conn] - Starting new HTTPS connection (1): catalog.api.2gis.com:443
2025-10-30 20:26:40,486 - DEBUG - [_make_request] - https://catalog.api.2gis.com:443 "GET /3.0/items?key=2e3b8ee1-dca8-47ab-99a0-bb8cfce53698&q=%D0%BF%D0%BE%D0%BB%D0%B8%D0%BA%D0%BB%D0%B8%D0%BD%D0%B8%D0%BA%D0%B0&district_id=4504209512726625&type=branch&page=3&page_size=10&fields=items.point%2Citems.name%2Citems.address_name%2Citems.reviews HTTP/1.1" 200 133
2025-10-30 20:26:40,487 - DEBUG - [получить_поликлиники_в_районе] - Статус ответа: 200
2025-10-30 20:26:40,487 - WARNING - [получить_поликлиники_в_районе] - На странице 3 нет данных в ожидаемом формате
2025-10-30 20:26:40,988 - DEBUG - [получить_поликлиники_в_районе] - Запрос страницы 4 для района Академический
2025-10-30 20:26:40,990 - DEBUG - [_new_conn] - Starting new HTTPS connection (1): catalog.api.2gis.com:443
2025-10-30 20:26:41,370 - DEBUG - [_make_request] - https://catalog.api.2gis.com:443 "GET /3.0/items?key=2e3b8ee1-dca8-47ab-99a0-bb8cfce53698&q=%D0%BF%D0%BE%D0%BB%D0%B8%D0%BA%D0%BB%D0%B8%D0%BD%D0%B8%D0%BA%D0%B0&district_id=4504209512726625&type=branch&page=4&page_size=10&fields=items.point%2Citems.name%2Citems.address_name%2Citems.reviews HTTP/1.1" 200 133
2025-10-30 20:26:41,371 - DEBUG - [получить_поликлиники_в_районе] - Статус ответа: 200
2025-10-30 20:26:41,371 - WARNING - [получить_поликлиники_в_районе] - На странице 4 нет данных в ожидаемом формате
2025-10-30 20:26:41,872 - DEBUG - [получить_поликлиники_в_районе] - Запрос страницы 5 для района Академический
2025-10-30 20:26:41,874 - DEBUG - [_new_conn] - Starting new HTTPS connection (1): catalog.api.2gis.com:443
2025-10-30 20:26:42,254 - DEBUG - [_make_request] - https://catalog.api.2gis.com:443 "GET /3.0/items?key=2e3b8ee1-dca8-47ab-99a0-bb8cfce53698&q=%D0%BF%D0%BE%D0%BB%D0%B8%D0%BA%D0%BB%D0%B8%D0%BD%D0%B8%D0%BA%D0%B0&district_id=4504209512726625&type=branch&page=5&page_size=10&fields=items.point%2Citems.name%2Citems.address_name%2Citems.reviews HTTP/1.1" 200 133
2025-10-30 20:26:42,255 - DEBUG - [получить_поликлиники_в_районе] - Статус ответа: 200
2025-10-30 20:26:42,255 - WARNING - [получить_поликлиники_в_районе] - На странице 5 нет данных в ожидаемом формате
2025-10-30 20:26:42,256 - INFO - [получить_поликлиники_в_районе] - Завершение сбора для района Академический. Найдено поликлиник: 9
2025-10-30 20:26:42,257 - INFO - [<cell line: 0>] - Район 'Академический' завершен. Поликлиник: 9
2025-10-30 20:26:43,258 - INFO - [<cell line: 0>] - [2/132] Обработка района: Алексеевский
2025-10-30 20:26:43,259 - INFO - [получить_поликлиники_в_районе] - Начало сбора поликлиник для района: Алексеевский (ID: 4504209512726568)
2025-10-30 20:26:43,260 - DEBUG - [получить_поликлиники_в_районе] - Запрос страницы 1 для района Алексеевский
2025-10-30 20:26:43,261 - DEBUG - [_new_conn] - Starting new HTTPS connection (1): catalog.api.2gis.com:443
2025-10-30 20:26:43,673 - DEBUG - [_make_request] - https://catalog.api.2gis.com:443 "GET /3.0/items?key=2e3b8ee1-dca8-47ab-99a0-bb8cfce53698&q=%D0%BF%D0%BE%D0%BB%D0%B8%D0%BA%D0%BB%D0%B8%D0%BD%D0%B8%D0%BA%D0%B0&district_id=4504209512726568&type=branch&page=1&page_size=10&fields=items.point%2Citems.name%2Citems.address_name%2Citems.reviews HTTP/1.1" 200 None
2025-10-30 20:26:43,673 - DEBUG - [получить_поликлиники_в_районе] - Статус ответа: 200
2025-10-30 20:26:43,674 - INFO - [получить_поликлиники_в_районе] - Загружено 9 поликлиник со страницы 1
2025-10-30 20:26:44,174 - DEBUG - [получить_поликлиники_в_районе] - Запрос страницы 2 для района Алексеевский
2025-10-30 20:26:44,176 - DEBUG - [_new_conn] - Starting new HTTPS connection (1): catalog.api.2gis.com:443
2025-10-30 20:26:44,554 - DEBUG - [_make_request] - https://catalog.api.2gis.com:443 "GET /3.0/items?key=2e3b8ee1-dca8-47ab-99a0-bb8cfce53698&q=%D0%BF%D0%BE%D0%BB%D0%B8%D0%BA%D0%BB%D0%B8%D0%BD%D0%B8%D0%BA%D0%B0&district_id=4504209512726568&type=branch&page=2&page_size=10&fields=items.point%2Citems.name%2Citems.address_name%2Citems.reviews HTTP/1.1" 200 133
2025-10-30 20:26:44,555 - DEBUG - [получить_поликлиники_в_районе] - Статус ответа: 200
2025-10-30 20:26:44,555 - WARNING - [получить_поликлиники_в_районе] - На странице 2 нет данных в ожидаемом формате
2025-10-30 20:26:45,056 - DEBUG - [получить_поликлиники_в_районе] - Запрос страницы 3 для района Алексеевский
2025-10-30 20:26:45,057 - DEBUG - [_new_conn] - Starting new HTTPS connection (1): catalog.api.2gis.com:443
2025-10-30 20:26:45,431 - DEBUG - [_make_request] - https://catalog.api.2gis.com:443 "GET /3.0/items?key=2e3b8ee1-dca8-47ab-99a0-bb8cfce53698&q=%D0%BF%D0%BE%D0%BB%D0%B8%D0%BA%D0%BB%D0%B8%D0%BD%D0%B8%D0%BA%D0%B0&district_id=4504209512726568&type=branch&page=3&page_size=10&fields=items.point%2Citems.name%2Citems.address_name%2Citems.reviews HTTP/1.1" 200 133
2025-10-30 20:26:45,432 - DEBUG - [получить_поликлиники_в_районе] - Статус ответа: 200
2025-10-30 20:26:45,433 - WARNING - [получить_поликлиники_в_районе] - На странице 3 нет данных в ожидаемом формате
2025-10-30 20:26:45,934 - DEBUG - [получить_поликлиники_в_районе] - Запрос страницы 4 для района Алексеевский
2025-10-30 20:26:45,935 - DEBUG - [_new_conn] - Starting new HTTPS connection (1): catalog.api.2gis.com:443
2025-10-30 20:26:46,318 - DEBUG - [_make_request] - https://catalog.api.2gis.com:443 "GET /3.0/items?key=2e3b8ee1-dca8-47ab-99a0-bb8cfce53698&q=%D0%BF%D0%BE%D0%BB%D0%B8%D0%BA%D0%BB%D0%B8%D0%BD%D0%B8%D0%BA%D0%B0&district_id=4504209512726568&type=branch&page=4&page_size=10&fields=items.point%2Citems.name%2Citems.address_name%2Citems.reviews HTTP/1.1" 200 133
2025-10-30 20:26:46,319 - DEBUG - [получить_поликлиники_в_районе] - Статус ответа: 200
2025-10-30 20:26:46,319 - WARNING - [получить_поликлиники_в_районе] - На странице 4 нет данных в ожидаемом формате
2025-10-30 20:26:46,821 - DEBUG - [получить_поликлиники_в_районе] - Запрос страницы 5 для района Алексеевский
2025-10-30 20:26:46,823 - DEBUG - [_new_conn] - Starting new HTTPS connection (1): catalog.api.2gis.com:443
2025-10-30 20:26:47,197 - DEBUG - [_make_request] - https://catalog.api.2gis.com:443 "GET /3.0/items?key=2e3b8ee1-dca8-47ab-99a0-bb8cfce53698&q=%D0%BF%D0%BE%D0%BB%D0%B8%D0%BA%D0%BB%D0%B8%D0%BD%D0%B8%D0%BA%D0%B0&district_id=4504209512726568&type=branch&page=5&page_size=10&fields=items.point%2Citems.name%2Citems.address_name%2Citems.reviews HTTP/1.1" 200 133
2025-10-30 20:26:47,198 - DEBUG - [получить_поликлиники_в_районе] - Статус ответа: 200
2025-10-30 20:26:47,199 - WARNING - [получить_поликлиники_в_районе] - На странице 5 нет данных в ожидаемом формате
2025-10-30 20:26:47,200 - INFO - [получить_поликлиники_в_районе] - Завершение сбора для района Алексеевский. Найдено поликлиник: 9
2025-10-30 20:26:47,202 - INFO - [<cell line: 0>] - Район 'Алексеевский' завершен. Поликлиник: 9
2025-10-30 20:26:48,203 - INFO - [<cell line: 0>] - [3/132] Обработка района: Алтуфьевский
2025-10-30 20:26:48,204 - INFO - [получить_поликлиники_в_районе] - Начало сбора поликлиник для района: Алтуфьевский (ID: 4504209512726557)
2025-10-30 20:26:48,206 - DEBUG - [получить_поликлиники_в_районе] - Запрос страницы 1 для района Алтуфьевский
2025-10-30 20:26:48,207 - DEBUG - [_new_conn] - Starting new HTTPS connection (1): catalog.api.2gis.com:443
2025-10-30 20:26:48,598 - DEBUG - [_make_request] - https://catalog.api.2gis.com:443 "GET /3.0/items?key=2e3b8ee1-dca8-47ab-99a0-bb8cfce53698&q=%D0%BF%D0%BE%D0%BB%D0%B8%D0%BA%D0%BB%D0%B8%D0%BD%D0%B8%D0%BA%D0%B0&district_id=4504209512726557&type=branch&page=1&page_size=10&fields=items.point%2Citems.name%2Citems.address_name%2Citems.reviews HTTP/1.1" 200 None
2025-10-30 20:26:48,599 - DEBUG - [получить_поликлиники_в_районе] - Статус ответа: 200
2025-10-30 20:26:48,599 - INFO - [получить_поликлиники_в_районе] - Загружено 4 поликлиник со страницы 1
2025-10-30 20:26:49,100 - DEBUG - [получить_поликлиники_в_районе] - Запрос страницы 2 для района Алтуфьевский
2025-10-30 20:26:49,101 - DEBUG - [_new_conn] - Starting new HTTPS connection (1): catalog.api.2gis.com:443
2025-10-30 20:26:49,483 - DEBUG - [_make_request] - https://catalog.api.2gis.com:443 "GET /3.0/items?key=2e3b8ee1-dca8-47ab-99a0-bb8cfce53698&q=%D0%BF%D0%BE%D0%BB%D0%B8%D0%BA%D0%BB%D0%B8%D0%BD%D0%B8%D0%BA%D0%B0&district_id=4504209512726557&type=branch&page=2&page_size=10&fields=items.point%2Citems.name%2Citems.address_name%2Citems.reviews HTTP/1.1" 200 133
2025-10-30 20:26:49,484 - DEBUG - [получить_поликлиники_в_районе] - Статус ответа: 200
2025-10-30 20:26:49,484 - WARNING - [получить_поликлиники_в_районе] - На странице 2 нет данных в ожидаемом формате
2025-10-30 20:26:49,985 - DEBUG - [получить_поликлиники_в_районе] - Запрос страницы 3 для района Алтуфьевский
2025-10-30 20:26:49,986 - DEBUG - [_new_conn] - Starting new HTTPS connection (1): catalog.api.2gis.com:443
2025-10-30 20:26:50,376 - DEBUG - [_make_request] - https://catalog.api.2gis.com:443 "GET /3.0/items?key=2e3b8ee1-dca8-47ab-99a0-bb8cfce53698&q=%D0%BF%D0%BE%D0%BB%D0%B8%D0%BA%D0%BB%D0%B8%D0%BD%D0%B8%D0%BA%D0%B0&district_id=4504209512726557&type=branch&page=3&page_size=10&fields=items.point%2Citems.name%2Citems.address_name%2Citems.reviews HTTP/1.1" 200 133
2025-10-30 20:26:50,377 - DEBUG - [получить_поликлиники_в_районе] - Статус ответа: 200
2025-10-30 20:26:50,377 - WARNING - [получить_поликлиники_в_районе] - На странице 3 нет данных в ожидаемом формате
2025-10-30 20:26:50,878 - DEBUG - [получить_поликлиники_в_районе] - Запрос страницы 4 для района Алтуфьевский
2025-10-30 20:26:50,879 - DEBUG - [_new_conn] - Starting new HTTPS connection (1): catalog.api.2gis.com:443
2025-10-30 20:26:51,257 - DEBUG - [_make_request] - https://catalog.api.2gis.com:443 "GET /3.0/items?key=2e3b8ee1-dca8-47ab-99a0-bb8cfce53698&q=%D0%BF%D0%BE%D0%BB%D0%B8%D0%BA%D0%BB%D0%B8%D0%BD%D0%B8%D0%BA%D0%B0&district_id=4504209512726557&type=branch&page=4&page_size=10&fields=items.point%2Citems.name%2Citems.address_name%2Citems.reviews HTTP/1.1" 200 133
2025-10-30 20:26:51,258 - DEBUG - [получить_поликлиники_в_районе] - Статус ответа: 200
2025-10-30 20:26:51,258 - WARNING - [получить_поликлиники_в_районе] - На странице 4 нет данных в ожидаемом формате
2025-10-30 20:26:51,759 - DEBUG - [получить_поликлиники_в_районе] - Запрос страницы 5 для района Алтуфьевский
2025-10-30 20:26:51,760 - DEBUG - [_new_conn] - Starting new HTTPS connection (1): catalog.api.2gis.com:443
2025-10-30 20:26:52,137 - DEBUG - [_make_request] - https://catalog.api.2gis.com:443 "GET /3.0/items?key=2e3b8ee1-dca8-47ab-99a0-bb8cfce53698&q=%D0%BF%D0%BE%D0%BB%D0%B8%D0%BA%D0%BB%D0%B8%D0%BD%D0%B8%D0%BA%D0%B0&district_id=4504209512726557&type=branch&page=5&page_size=10&fields=items.point%2Citems.name%2Citems.address_name%2Citems.reviews HTTP/1.1" 200 133
2025-10-30 20:26:52,138 - DEBUG - [получить_поликлиники_в_районе] - Статус ответа: 200
2025-10-30 20:26:52,138 - WARNING - [получить_поликлиники_в_районе] - На странице 5 нет данных в ожидаемом формате
2025-10-30 20:26:52,139 - INFO - [получить_поликлиники_в_районе] - Завершение сбора для района Алтуфьевский. Найдено поликлиник: 4
2025-10-30 20:26:52,140 - INFO - [<cell line: 0>] - Район 'Алтуфьевский' завершен. Поликлиник: 4
2025-10-30 20:26:53,141 - INFO - [<cell line: 0>] - [4/132] Обработка района: Арбат
2025-10-30 20:26:53,142 - INFO - [получить_поликлиники_в_районе] - Начало сбора поликлиник для района: Арбат (ID: 4504209512726530)
2025-10-30 20:26:53,142 - DEBUG - [получить_поликлиники_в_районе] - Запрос страницы 1 для района Арбат
2025-10-30 20:26:53,144 - DEBUG - [_new_conn] - Starting new HTTPS connection (1): catalog.api.2gis.com:443
2025-10-30 20:26:53,524 - DEBUG - [_make_request] - https://catalog.api.2gis.com:443 "GET /3.0/items?key=2e3b8ee1-dca8-47ab-99a0-bb8cfce53698&q=%D0%BF%D0%BE%D0%BB%D0%B8%D0%BA%D0%BB%D0%B8%D0%BD%D0%B8%D0%BA%D0%B0&district_id=4504209512726530&type=branch&page=1&page_size=10&fields=items.point%2Citems.name%2Citems.address_name%2Citems.reviews HTTP/1.1" 200 None
2025-10-30 20:26:53,524 - DEBUG - [получить_поликлиники_в_районе] - Статус ответа: 200
2025-10-30 20:26:53,525 - INFO - [получить_поликлиники_в_районе] - Загружено 5 поликлиник со страницы 1
2025-10-30 20:26:54,026 - DEBUG - [получить_поликлиники_в_районе] - Запрос страницы 2 для района Арбат
2025-10-30 20:26:54,027 - DEBUG - [_new_conn] - Starting new HTTPS connection (1): catalog.api.2gis.com:443
2025-10-30 20:26:54,415 - DEBUG - [_make_request] - https://catalog.api.2gis.com:443 "GET /3.0/items?key=2e3b8ee1-dca8-47ab-99a0-bb8cfce53698&q=%D0%BF%D0%BE%D0%BB%D0%B8%D0%BA%D0%BB%D0%B8%D0%BD%D0%B8%D0%BA%D0%B0&district_id=4504209512726530&type=branch&page=2&page_size=10&fields=items.point%2Citems.name%2Citems.address_name%2Citems.reviews HTTP/1.1" 200 133
2025-10-30 20:26:54,416 - DEBUG - [получить_поликлиники_в_районе] - Статус ответа: 200
2025-10-30 20:26:54,416 - WARNING - [получить_поликлиники_в_районе] - На странице 2 нет данных в ожидаемом формате
2025-10-30 20:26:54,917 - DEBUG - [получить_поликлиники_в_районе] - Запрос страницы 3 для района Арбат
2025-10-30 20:26:54,918 - DEBUG - [_new_conn] - Starting new HTTPS connection (1): catalog.api.2gis.com:443
2025-10-30 20:26:55,295 - DEBUG - [_make_request] - https://catalog.api.2gis.com:443 "GET /3.0/items?key=2e3b8ee1-dca8-47ab-99a0-bb8cfce53698&q=%D0%BF%D0%BE%D0%BB%D0%B8%D0%BA%D0%BB%D0%B8%D0%BD%D0%B8%D0%BA%D0%B0&district_id=4504209512726530&type=branch&page=3&page_size=10&fields=items.point%2Citems.name%2Citems.address_name%2Citems.reviews HTTP/1.1" 200 133
2025-10-30 20:26:55,296 - DEBUG - [получить_поликлиники_в_районе] - Статус ответа: 200
2025-10-30 20:26:55,296 - WARNING - [получить_поликлиники_в_районе] - На странице 3 нет данных в ожидаемом формате
2025-10-30 20:26:55,797 - DEBUG - [получить_поликлиники_в_районе] - Запрос страницы 4 для района Арбат
2025-10-30 20:26:55,798 - DEBUG - [_new_conn] - Starting new HTTPS connection (1): catalog.api.2gis.com:443
2025-10-30 20:26:56,189 - DEBUG - [_make_request] - https://catalog.api.2gis.com:443 "GET /3.0/items?key=2e3b8ee1-dca8-47ab-99a0-bb8cfce53698&q=%D0%BF%D0%BE%D0%BB%D0%B8%D0%BA%D0%BB%D0%B8%D0%BD%D0%B8%D0%BA%D0%B0&district_id=4504209512726530&type=branch&page=4&page_size=10&fields=items.point%2Citems.name%2Citems.address_name%2Citems.reviews HTTP/1.1" 200 133
2025-10-30 20:26:56,190 - DEBUG - [получить_поликлиники_в_районе] - Статус ответа: 200
2025-10-30 20:26:56,190 - WARNING - [получить_поликлиники_в_районе] - На странице 4 нет данных в ожидаемом формате
2025-10-30 20:26:56,691 - DEBUG - [получить_поликлиники_в_районе] - Запрос страницы 5 для района Арбат
2025-10-30 20:26:56,692 - DEBUG - [_new_conn] - Starting new HTTPS connection (1): catalog.api.2gis.com:443
2025-10-30 20:26:57,067 - DEBUG - [_make_request] - https://catalog.api.2gis.com:443 "GET /3.0/items?key=2e3b8ee1-dca8-47ab-99a0-bb8cfce53698&q=%D0%BF%D0%BE%D0%BB%D0%B8%D0%BA%D0%BB%D0%B8%D0%BD%D0%B8%D0%BA%D0%B0&district_id=4504209512726530&type=branch&page=5&page_size=10&fields=items.point%2Citems.name%2Citems.address_name%2Citems.reviews HTTP/1.1" 200 133
2025-10-30 20:26:57,068 - DEBUG - [получить_поликлиники_в_районе] - Статус ответа: 200
2025-10-30 20:26:57,068 - WARNING - [получить_поликлиники_в_районе] - На странице 5 нет данных в ожидаемом формате
2025-10-30 20:26:57,069 - INFO - [получить_поликлиники_в_районе] - Завершение сбора для района Арбат. Найдено поликлиник: 5
2025-10-30 20:26:57,070 - INFO - [<cell line: 0>] - Район 'Арбат' завершен. Поликлиник: 5
2025-10-30 20:26:58,072 - INFO - [<cell line: 0>] - [5/132] Обработка района: Аэропорт
2025-10-30 20:26:58,073 - INFO - [получить_поликлиники_в_районе] - Начало сбора поликлиник для района: Аэропорт (ID: 4504209512726541)
2025-10-30 20:26:58,074 - DEBUG - [получить_поликлиники_в_районе] - Запрос страницы 1 для района Аэропорт
2025-10-30 20:26:58,076 - DEBUG - [_new_conn] - Starting new HTTPS connection (1): catalog.api.2gis.com:443
2025-10-30 20:26:58,472 - DEBUG - [_make_request] - https://catalog.api.2gis.com:443 "GET /3.0/items?key=2e3b8ee1-dca8-47ab-99a0-bb8cfce53698&q=%D0%BF%D0%BE%D0%BB%D0%B8%D0%BA%D0%BB%D0%B8%D0%BD%D0%B8%D0%BA%D0%B0&district_id=4504209512726541&type=branch&page=1&page_size=10&fields=items.point%2Citems.name%2Citems.address_name%2Citems.reviews HTTP/1.1" 200 None
2025-10-30 20:26:58,473 - DEBUG - [получить_поликлиники_в_районе] - Статус ответа: 200
2025-10-30 20:26:58,473 - INFO - [получить_поликлиники_в_районе] - Загружено 9 поликлиник со страницы 1
2025-10-30 20:26:58,974 - DEBUG - [получить_поликлиники_в_районе] - Запрос страницы 2 для района Аэропорт
2025-10-30 20:26:58,976 - DEBUG - [_new_conn] - Starting new HTTPS connection (1): catalog.api.2gis.com:443
2025-10-30 20:26:59,365 - DEBUG - [_make_request] - https://catalog.api.2gis.com:443 "GET /3.0/items?key=2e3b8ee1-dca8-47ab-99a0-bb8cfce53698&q=%D0%BF%D0%BE%D0%BB%D0%B8%D0%BA%D0%BB%D0%B8%D0%BD%D0%B8%D0%BA%D0%B0&district_id=4504209512726541&type=branch&page=2&page_size=10&fields=items.point%2Citems.name%2Citems.address_name%2Citems.reviews HTTP/1.1" 200 133
2025-10-30 20:26:59,366 - DEBUG - [получить_поликлиники_в_районе] - Статус ответа: 200
2025-10-30 20:26:59,366 - WARNING - [получить_поликлиники_в_районе] - На странице 2 нет данных в ожидаемом формате
2025-10-30 20:26:59,867 - DEBUG - [получить_поликлиники_в_районе] - Запрос страницы 3 для района Аэропорт
2025-10-30 20:26:59,869 - DEBUG - [_new_conn] - Starting new HTTPS connection (1): catalog.api.2gis.com:443
2025-10-30 20:27:00,249 - DEBUG - [_make_request] - https://catalog.api.2gis.com:443 "GET /3.0/items?key=2e3b8ee1-dca8-47ab-99a0-bb8cfce53698&q=%D0%BF%D0%BE%D0%BB%D0%B8%D0%BA%D0%BB%D0%B8%D0%BD%D0%B8%D0%BA%D0%B0&district_id=4504209512726541&type=branch&page=3&page_size=10&fields=items.point%2Citems.name%2Citems.address_name%2Citems.reviews HTTP/1.1" 200 133
2025-10-30 20:27:00,250 - DEBUG - [получить_поликлиники_в_районе] - Статус ответа: 200
2025-10-30 20:27:00,250 - WARNING - [получить_поликлиники_в_районе] - На странице 3 нет данных в ожидаемом формате
2025-10-30 20:27:00,751 - DEBUG - [получить_поликлиники_в_районе] - Запрос страницы 4 для района Аэропорт
2025-10-30 20:27:00,753 - DEBUG - [_new_conn] - Starting new HTTPS connection (1): catalog.api.2gis.com:443
2025-10-30 20:27:01,134 - DEBUG - [_make_request] - https://catalog.api.2gis.com:443 "GET /3.0/items?key=2e3b8ee1-dca8-47ab-99a0-bb8cfce53698&q=%D0%BF%D0%BE%D0%BB%D0%B8%D0%BA%D0%BB%D0%B8%D0%BD%D0%B8%D0%BA%D0%B0&district_id=4504209512726541&type=branch&page=4&page_size=10&fields=items.point%2Citems.name%2Citems.address_name%2Citems.reviews HTTP/1.1" 200 133
2025-10-30 20:27:01,135 - DEBUG - [получить_поликлиники_в_районе] - Статус ответа: 200
2025-10-30 20:27:01,136 - WARNING - [получить_поликлиники_в_районе] - На странице 4 нет данных в ожидаемом формате
2025-10-30 20:27:01,637 - DEBUG - [получить_поликлиники_в_районе] - Запрос страницы 5 для района Аэропорт
2025-10-30 20:27:01,638 - DEBUG - [_new_conn] - Starting new HTTPS connection (1): catalog.api.2gis.com:443
2025-10-30 20:27:02,032 - DEBUG - [_make_request] - https://catalog.api.2gis.com:443 "GET /3.0/items?key=2e3b8ee1-dca8-47ab-99a0-bb8cfce53698&q=%D0%BF%D0%BE%D0%BB%D0%B8%D0%BA%D0%BB%D0%B8%D0%BD%D0%B8%D0%BA%D0%B0&district_id=4504209512726541&type=branch&page=5&page_size=10&fields=items.point%2Citems.name%2Citems.address_name%2Citems.reviews HTTP/1.1" 200 133
2025-10-30 20:27:02,033 - DEBUG - [получить_поликлиники_в_районе] - Статус ответа: 200
2025-10-30 20:27:02,033 - WARNING - [получить_поликлиники_в_районе] - На странице 5 нет данных в ожидаемом формате
2025-10-30 20:27:02,034 - INFO - [получить_поликлиники_в_районе] - Завершение сбора для района Аэропорт. Найдено поликлиник: 9
2025-10-30 20:27:02,035 - INFO - [<cell line: 0>] - Район 'Аэропорт' завершен. Поликлиник: 9
2025-10-30 20:27:03,037 - INFO - [<cell line: 0>] - [6/132] Обработка района: Бабушкинский
2025-10-30 20:27:03,038 - INFO - [получить_поликлиники_в_районе] - Начало сбора поликлиник для района: Бабушкинский (ID: 4504209512726564)
2025-10-30 20:27:03,039 - DEBUG - [получить_поликлиники_в_районе] - Запрос страницы 1 для района Бабушкинский
2025-10-30 20:27:03,042 - DEBUG - [_new_conn] - Starting new HTTPS connection (1): catalog.api.2gis.com:443
2025-10-30 20:27:03,427 - DEBUG - [_make_request] - https://catalog.api.2gis.com:443 "GET /3.0/items?key=2e3b8ee1-dca8-47ab-99a0-bb8cfce53698&q=%D0%BF%D0%BE%D0%BB%D0%B8%D0%BA%D0%BB%D0%B8%D0%BD%D0%B8%D0%BA%D0%B0&district_id=4504209512726564&type=branch&page=1&page_size=10&fields=items.point%2Citems.name%2Citems.address_name%2Citems.reviews HTTP/1.1" 200 None
2025-10-30 20:27:03,428 - DEBUG - [получить_поликлиники_в_районе] - Статус ответа: 200
2025-10-30 20:27:03,428 - INFO - [получить_поликлиники_в_районе] - Загружено 7 поликлиник со страницы 1
2025-10-30 20:27:03,929 - DEBUG - [получить_поликлиники_в_районе] - Запрос страницы 2 для района Бабушкинский
2025-10-30 20:27:03,931 - DEBUG - [_new_conn] - Starting new HTTPS connection (1): catalog.api.2gis.com:443
2025-10-30 20:27:04,341 - DEBUG - [_make_request] - https://catalog.api.2gis.com:443 "GET /3.0/items?key=2e3b8ee1-dca8-47ab-99a0-bb8cfce53698&q=%D0%BF%D0%BE%D0%BB%D0%B8%D0%BA%D0%BB%D0%B8%D0%BD%D0%B8%D0%BA%D0%B0&district_id=4504209512726564&type=branch&page=2&page_size=10&fields=items.point%2Citems.name%2Citems.address_name%2Citems.reviews HTTP/1.1" 200 133
2025-10-30 20:27:04,342 - DEBUG - [получить_поликлиники_в_районе] - Статус ответа: 200
2025-10-30 20:27:04,342 - WARNING - [получить_поликлиники_в_районе] - На странице 2 нет данных в ожидаемом формате
2025-10-30 20:27:04,843 - DEBUG - [получить_поликлиники_в_районе] - Запрос страницы 3 для района Бабушкинский
2025-10-30 20:27:04,845 - DEBUG - [_new_conn] - Starting new HTTPS connection (1): catalog.api.2gis.com:443
2025-10-30 20:27:05,217 - DEBUG - [_make_request] - https://catalog.api.2gis.com:443 "GET /3.0/items?key=2e3b8ee1-dca8-47ab-99a0-bb8cfce53698&q=%D0%BF%D0%BE%D0%BB%D0%B8%D0%BA%D0%BB%D0%B8%D0%BD%D0%B8%D0%BA%D0%B0&district_id=4504209512726564&type=branch&page=3&page_size=10&fields=items.point%2Citems.name%2Citems.address_name%2Citems.reviews HTTP/1.1" 200 133
2025-10-30 20:27:05,218 - DEBUG - [получить_поликлиники_в_районе] - Статус ответа: 200
2025-10-30 20:27:05,218 - WARNING - [получить_поликлиники_в_районе] - На странице 3 нет данных в ожидаемом формате
2025-10-30 20:27:05,720 - DEBUG - [получить_поликлиники_в_районе] - Запрос страницы 4 для района Бабушкинский
2025-10-30 20:27:05,721 - DEBUG - [_new_conn] - Starting new HTTPS connection (1): catalog.api.2gis.com:443
2025-10-30 20:27:06,120 - DEBUG - [_make_request] - https://catalog.api.2gis.com:443 "GET /3.0/items?key=2e3b8ee1-dca8-47ab-99a0-bb8cfce53698&q=%D0%BF%D0%BE%D0%BB%D0%B8%D0%BA%D0%BB%D0%B8%D0%BD%D0%B8%D0%BA%D0%B0&district_id=4504209512726564&type=branch&page=4&page_size=10&fields=items.point%2Citems.name%2Citems.address_name%2Citems.reviews HTTP/1.1" 200 133
2025-10-30 20:27:06,121 - DEBUG - [получить_поликлиники_в_районе] - Статус ответа: 200
2025-10-30 20:27:06,121 - WARNING - [получить_поликлиники_в_районе] - На странице 4 нет данных в ожидаемом формате
2025-10-30 20:27:06,622 - DEBUG - [получить_поликлиники_в_районе] - Запрос страницы 5 для района Бабушкинский
2025-10-30 20:27:06,623 - DEBUG - [_new_conn] - Starting new HTTPS connection (1): catalog.api.2gis.com:443
2025-10-30 20:27:06,998 - DEBUG - [_make_request] - https://catalog.api.2gis.com:443 "GET /3.0/items?key=2e3b8ee1-dca8-47ab-99a0-bb8cfce53698&q=%D0%BF%D0%BE%D0%BB%D0%B8%D0%BA%D0%BB%D0%B8%D0%BD%D0%B8%D0%BA%D0%B0&district_id=4504209512726564&type=branch&page=5&page_size=10&fields=items.point%2Citems.name%2Citems.address_name%2Citems.reviews HTTP/1.1" 200 133
2025-10-30 20:27:06,999 - DEBUG - [получить_поликлиники_в_районе] - Статус ответа: 200
2025-10-30 20:27:06,999 - WARNING - [получить_поликлиники_в_районе] - На странице 5 нет данных в ожидаемом формате
2025-10-30 20:27:07,000 - INFO - [получить_поликлиники_в_районе] - Завершение сбора для района Бабушкинский. Найдено поликлиник: 7
2025-10-30 20:27:07,002 - INFO - [<cell line: 0>] - Район 'Бабушкинский' завершен. Поликлиник: 7
2025-10-30 20:27:08,003 - INFO - [<cell line: 0>] - [7/132] Обработка района: Басманный
2025-10-30 20:27:08,004 - INFO - [получить_поликлиники_в_районе] - Начало сбора поликлиник для района: Басманный (ID: 4504209512726531)
2025-10-30 20:27:08,005 - DEBUG - [получить_поликлиники_в_районе] - Запрос страницы 1 для района Басманный
2025-10-30 20:27:08,007 - DEBUG - [_new_conn] - Starting new HTTPS connection (1): catalog.api.2gis.com:443
2025-10-30 20:27:08,622 - DEBUG - [_make_request] - https://catalog.api.2gis.com:443 "GET /3.0/items?key=2e3b8ee1-dca8-47ab-99a0-bb8cfce53698&q=%D0%BF%D0%BE%D0%BB%D0%B8%D0%BA%D0%BB%D0%B8%D0%BD%D0%B8%D0%BA%D0%B0&district_id=4504209512726531&type=branch&page=1&page_size=10&fields=items.point%2Citems.name%2Citems.address_name%2Citems.reviews HTTP/1.1" 200 None
2025-10-30 20:27:08,623 - DEBUG - [получить_поликлиники_в_районе] - Статус ответа: 200
2025-10-30 20:27:08,623 - INFO - [получить_поликлиники_в_районе] - Загружено 10 поликлиник со страницы 1
2025-10-30 20:27:09,124 - DEBUG - [получить_поликлиники_в_районе] - Запрос страницы 2 для района Басманный
2025-10-30 20:27:09,125 - DEBUG - [_new_conn] - Starting new HTTPS connection (1): catalog.api.2gis.com:443
2025-10-30 20:27:09,516 - DEBUG - [_make_request] - https://catalog.api.2gis.com:443 "GET /3.0/items?key=2e3b8ee1-dca8-47ab-99a0-bb8cfce53698&q=%D0%BF%D0%BE%D0%BB%D0%B8%D0%BA%D0%BB%D0%B8%D0%BD%D0%B8%D0%BA%D0%B0&district_id=4504209512726531&type=branch&page=2&page_size=10&fields=items.point%2Citems.name%2Citems.address_name%2Citems.reviews HTTP/1.1" 200 None
2025-10-30 20:27:09,517 - DEBUG - [получить_поликлиники_в_районе] - Статус ответа: 200
2025-10-30 20:27:09,517 - INFO - [получить_поликлиники_в_районе] - Загружено 10 поликлиник со страницы 2
2025-10-30 20:27:10,018 - DEBUG - [получить_поликлиники_в_районе] - Запрос страницы 3 для района Басманный
2025-10-30 20:27:10,020 - DEBUG - [_new_conn] - Starting new HTTPS connection (1): catalog.api.2gis.com:443
2025-10-30 20:27:10,416 - DEBUG - [_make_request] - https://catalog.api.2gis.com:443 "GET /3.0/items?key=2e3b8ee1-dca8-47ab-99a0-bb8cfce53698&q=%D0%BF%D0%BE%D0%BB%D0%B8%D0%BA%D0%BB%D0%B8%D0%BD%D0%B8%D0%BA%D0%B0&district_id=4504209512726531&type=branch&page=3&page_size=10&fields=items.point%2Citems.name%2Citems.address_name%2Citems.reviews HTTP/1.1" 200 None
2025-10-30 20:27:10,418 - DEBUG - [получить_поликлиники_в_районе] - Статус ответа: 200
2025-10-30 20:27:10,419 - INFO - [получить_поликлиники_в_районе] - Загружено 10 поликлиник со страницы 3
2025-10-30 20:27:10,920 - DEBUG - [получить_поликлиники_в_районе] - Запрос страницы 4 для района Басманный
2025-10-30 20:27:10,922 - DEBUG - [_new_conn] - Starting new HTTPS connection (1): catalog.api.2gis.com:443
2025-10-30 20:27:11,303 - DEBUG - [_make_request] - https://catalog.api.2gis.com:443 "GET /3.0/items?key=2e3b8ee1-dca8-47ab-99a0-bb8cfce53698&q=%D0%BF%D0%BE%D0%BB%D0%B8%D0%BA%D0%BB%D0%B8%D0%BD%D0%B8%D0%BA%D0%B0&district_id=4504209512726531&type=branch&page=4&page_size=10&fields=items.point%2Citems.name%2Citems.address_name%2Citems.reviews HTTP/1.1" 200 None
2025-10-30 20:27:11,304 - DEBUG - [получить_поликлиники_в_районе] - Статус ответа: 200
2025-10-30 20:27:11,304 - INFO - [получить_поликлиники_в_районе] - Загружено 3 поликлиник со страницы 4
2025-10-30 20:27:11,805 - DEBUG - [получить_поликлиники_в_районе] - Запрос страницы 5 для района Басманный
2025-10-30 20:27:11,806 - DEBUG - [_new_conn] - Starting new HTTPS connection (1): catalog.api.2gis.com:443
2025-10-30 20:27:12,187 - DEBUG - [_make_request] - https://catalog.api.2gis.com:443 "GET /3.0/items?key=2e3b8ee1-dca8-47ab-99a0-bb8cfce53698&q=%D0%BF%D0%BE%D0%BB%D0%B8%D0%BA%D0%BB%D0%B8%D0%BD%D0%B8%D0%BA%D0%B0&district_id=4504209512726531&type=branch&page=5&page_size=10&fields=items.point%2Citems.name%2Citems.address_name%2Citems.reviews HTTP/1.1" 200 133
2025-10-30 20:27:12,187 - DEBUG - [получить_поликлиники_в_районе] - Статус ответа: 200
2025-10-30 20:27:12,188 - WARNING - [получить_поликлиники_в_районе] - На странице 5 нет данных в ожидаемом формате
2025-10-30 20:27:12,188 - INFO - [получить_поликлиники_в_районе] - Завершение сбора для района Басманный. Найдено поликлиник: 33
2025-10-30 20:27:12,190 - INFO - [<cell line: 0>] - Район 'Басманный' завершен. Поликлиник: 33
2025-10-30 20:27:13,192 - INFO - [<cell line: 0>] - [8/132] Обработка района: Беговой
2025-10-30 20:27:13,193 - INFO - [получить_поликлиники_в_районе] - Начало сбора поликлиник для района: Беговой (ID: 4504209512726542)
2025-10-30 20:27:13,194 - DEBUG - [получить_поликлиники_в_районе] - Запрос страницы 1 для района Беговой
2025-10-30 20:27:13,196 - DEBUG - [_new_conn] - Starting new HTTPS connection (1): catalog.api.2gis.com:443
2025-10-30 20:27:13,597 - DEBUG - [_make_request] - https://catalog.api.2gis.com:443 "GET /3.0/items?key=2e3b8ee1-dca8-47ab-99a0-bb8cfce53698&q=%D0%BF%D0%BE%D0%BB%D0%B8%D0%BA%D0%BB%D0%B8%D0%BD%D0%B8%D0%BA%D0%B0&district_id=4504209512726542&type=branch&page=1&page_size=10&fields=items.point%2Citems.name%2Citems.address_name%2Citems.reviews HTTP/1.1" 200 None
2025-10-30 20:27:13,598 - DEBUG - [получить_поликлиники_в_районе] - Статус ответа: 200
2025-10-30 20:27:13,598 - INFO - [получить_поликлиники_в_районе] - Загружено 9 поликлиник со страницы 1
2025-10-30 20:27:14,099 - DEBUG - [получить_поликлиники_в_районе] - Запрос страницы 2 для района Беговой
2025-10-30 20:27:14,101 - DEBUG - [_new_conn] - Starting new HTTPS connection (1): catalog.api.2gis.com:443
2025-10-30 20:27:14,481 - DEBUG - [_make_request] - https://catalog.api.2gis.com:443 "GET /3.0/items?key=2e3b8ee1-dca8-47ab-99a0-bb8cfce53698&q=%D0%BF%D0%BE%D0%BB%D0%B8%D0%BA%D0%BB%D0%B8%D0%BD%D0%B8%D0%BA%D0%B0&district_id=4504209512726542&type=branch&page=2&page_size=10&fields=items.point%2Citems.name%2Citems.address_name%2Citems.reviews HTTP/1.1" 200 133
2025-10-30 20:27:14,482 - DEBUG - [получить_поликлиники_в_районе] - Статус ответа: 200
2025-10-30 20:27:14,482 - WARNING - [получить_поликлиники_в_районе] - На странице 2 нет данных в ожидаемом формате
2025-10-30 20:27:14,983 - DEBUG - [получить_поликлиники_в_районе] - Запрос страницы 3 для района Беговой
2025-10-30 20:27:14,984 - DEBUG - [_new_conn] - Starting new HTTPS connection (1): catalog.api.2gis.com:443
2025-10-30 20:27:15,362 - DEBUG - [_make_request] - https://catalog.api.2gis.com:443 "GET /3.0/items?key=2e3b8ee1-dca8-47ab-99a0-bb8cfce53698&q=%D0%BF%D0%BE%D0%BB%D0%B8%D0%BA%D0%BB%D0%B8%D0%BD%D0%B8%D0%BA%D0%B0&district_id=4504209512726542&type=branch&page=3&page_size=10&fields=items.point%2Citems.name%2Citems.address_name%2Citems.reviews HTTP/1.1" 200 133
2025-10-30 20:27:15,362 - DEBUG - [получить_поликлиники_в_районе] - Статус ответа: 200
2025-10-30 20:27:15,363 - WARNING - [получить_поликлиники_в_районе] - На странице 3 нет данных в ожидаемом формате
2025-10-30 20:27:15,864 - DEBUG - [получить_поликлиники_в_районе] - Запрос страницы 4 для района Беговой
2025-10-30 20:27:15,865 - DEBUG - [_new_conn] - Starting new HTTPS connection (1): catalog.api.2gis.com:443
2025-10-30 20:27:16,266 - DEBUG - [_make_request] - https://catalog.api.2gis.com:443 "GET /3.0/items?key=2e3b8ee1-dca8-47ab-99a0-bb8cfce53698&q=%D0%BF%D0%BE%D0%BB%D0%B8%D0%BA%D0%BB%D0%B8%D0%BD%D0%B8%D0%BA%D0%B0&district_id=4504209512726542&type=branch&page=4&page_size=10&fields=items.point%2Citems.name%2Citems.address_name%2Citems.reviews HTTP/1.1" 200 133
2025-10-30 20:27:16,267 - DEBUG - [получить_поликлиники_в_районе] - Статус ответа: 200
2025-10-30 20:27:16,267 - WARNING - [получить_поликлиники_в_районе] - На странице 4 нет данных в ожидаемом формате
2025-10-30 20:27:16,768 - DEBUG - [получить_поликлиники_в_районе] - Запрос страницы 5 для района Беговой
2025-10-30 20:27:16,770 - DEBUG - [_new_conn] - Starting new HTTPS connection (1): catalog.api.2gis.com:443
2025-10-30 20:27:17,149 - DEBUG - [_make_request] - https://catalog.api.2gis.com:443 "GET /3.0/items?key=2e3b8ee1-dca8-47ab-99a0-bb8cfce53698&q=%D0%BF%D0%BE%D0%BB%D0%B8%D0%BA%D0%BB%D0%B8%D0%BD%D0%B8%D0%BA%D0%B0&district_id=4504209512726542&type=branch&page=5&page_size=10&fields=items.point%2Citems.name%2Citems.address_name%2Citems.reviews HTTP/1.1" 200 133
2025-10-30 20:27:17,151 - DEBUG - [получить_поликлиники_в_районе] - Статус ответа: 200
2025-10-30 20:27:17,151 - WARNING - [получить_поликлиники_в_районе] - На странице 5 нет данных в ожидаемом формате
2025-10-30 20:27:17,152 - INFO - [получить_поликлиники_в_районе] - Завершение сбора для района Беговой. Найдено поликлиник: 9
2025-10-30 20:27:17,153 - INFO - [<cell line: 0>] - Район 'Беговой' завершен. Поликлиник: 9
2025-10-30 20:27:18,155 - INFO - [<cell line: 0>] - [9/132] Обработка района: Бекасово
2025-10-30 20:27:18,156 - INFO - [получить_поликлиники_в_районе] - Начало сбора поликлиник для района: Бекасово (ID: 4504209520932718)
2025-10-30 20:27:18,157 - DEBUG - [получить_поликлиники_в_районе] - Запрос страницы 1 для района Бекасово
2025-10-30 20:27:18,159 - DEBUG - [_new_conn] - Starting new HTTPS connection (1): catalog.api.2gis.com:443
2025-10-30 20:27:18,535 - DEBUG - [_make_request] - https://catalog.api.2gis.com:443 "GET /3.0/items?key=2e3b8ee1-dca8-47ab-99a0-bb8cfce53698&q=%D0%BF%D0%BE%D0%BB%D0%B8%D0%BA%D0%BB%D0%B8%D0%BD%D0%B8%D0%BA%D0%B0&district_id=4504209520932718&type=branch&page=1&page_size=10&fields=items.point%2Citems.name%2Citems.address_name%2Citems.reviews HTTP/1.1" 200 None
2025-10-30 20:27:18,536 - DEBUG - [получить_поликлиники_в_районе] - Статус ответа: 200
2025-10-30 20:27:18,536 - INFO - [получить_поликлиники_в_районе] - Загружено 3 поликлиник со страницы 1
2025-10-30 20:27:19,037 - DEBUG - [получить_поликлиники_в_районе] - Запрос страницы 2 для района Бекасово
2025-10-30 20:27:19,038 - DEBUG - [_new_conn] - Starting new HTTPS connection (1): catalog.api.2gis.com:443
2025-10-30 20:27:19,418 - DEBUG - [_make_request] - https://catalog.api.2gis.com:443 "GET /3.0/items?key=2e3b8ee1-dca8-47ab-99a0-bb8cfce53698&q=%D0%BF%D0%BE%D0%BB%D0%B8%D0%BA%D0%BB%D0%B8%D0%BD%D0%B8%D0%BA%D0%B0&district_id=4504209520932718&type=branch&page=2&page_size=10&fields=items.point%2Citems.name%2Citems.address_name%2Citems.reviews HTTP/1.1" 200 133
2025-10-30 20:27:19,419 - DEBUG - [получить_поликлиники_в_районе] - Статус ответа: 200
2025-10-30 20:27:19,420 - WARNING - [получить_поликлиники_в_районе] - На странице 2 нет данных в ожидаемом формате
2025-10-30 20:27:19,921 - DEBUG - [получить_поликлиники_в_районе] - Запрос страницы 3 для района Бекасово
2025-10-30 20:27:19,922 - DEBUG - [_new_conn] - Starting new HTTPS connection (1): catalog.api.2gis.com:443
2025-10-30 20:27:20,311 - DEBUG - [_make_request] - https://catalog.api.2gis.com:443 "GET /3.0/items?key=2e3b8ee1-dca8-47ab-99a0-bb8cfce53698&q=%D0%BF%D0%BE%D0%BB%D0%B8%D0%BA%D0%BB%D0%B8%D0%BD%D0%B8%D0%BA%D0%B0&district_id=4504209520932718&type=branch&page=3&page_size=10&fields=items.point%2Citems.name%2Citems.address_name%2Citems.reviews HTTP/1.1" 200 133
2025-10-30 20:27:20,312 - DEBUG - [получить_поликлиники_в_районе] - Статус ответа: 200
2025-10-30 20:27:20,313 - WARNING - [получить_поликлиники_в_районе] - На странице 3 нет данных в ожидаемом формате
2025-10-30 20:27:20,814 - DEBUG - [получить_поликлиники_в_районе] - Запрос страницы 4 для района Бекасово
2025-10-30 20:27:20,815 - DEBUG - [_new_conn] - Starting new HTTPS connection (1): catalog.api.2gis.com:443
2025-10-30 20:27:21,203 - DEBUG - [_make_request] - https://catalog.api.2gis.com:443 "GET /3.0/items?key=2e3b8ee1-dca8-47ab-99a0-bb8cfce53698&q=%D0%BF%D0%BE%D0%BB%D0%B8%D0%BA%D0%BB%D0%B8%D0%BD%D0%B8%D0%BA%D0%B0&district_id=4504209520932718&type=branch&page=4&page_size=10&fields=items.point%2Citems.name%2Citems.address_name%2Citems.reviews HTTP/1.1" 200 133
2025-10-30 20:27:21,204 - DEBUG - [получить_поликлиники_в_районе] - Статус ответа: 200
2025-10-30 20:27:21,204 - WARNING - [получить_поликлиники_в_районе] - На странице 4 нет данных в ожидаемом формате
2025-10-30 20:27:21,705 - DEBUG - [получить_поликлиники_в_районе] - Запрос страницы 5 для района Бекасово
2025-10-30 20:27:21,707 - DEBUG - [_new_conn] - Starting new HTTPS connection (1): catalog.api.2gis.com:443
2025-10-30 20:27:22,081 - DEBUG - [_make_request] - https://catalog.api.2gis.com:443 "GET /3.0/items?key=2e3b8ee1-dca8-47ab-99a0-bb8cfce53698&q=%D0%BF%D0%BE%D0%BB%D0%B8%D0%BA%D0%BB%D0%B8%D0%BD%D0%B8%D0%BA%D0%B0&district_id=4504209520932718&type=branch&page=5&page_size=10&fields=items.point%2Citems.name%2Citems.address_name%2Citems.reviews HTTP/1.1" 200 133
2025-10-30 20:27:22,082 - DEBUG - [получить_поликлиники_в_районе] - Статус ответа: 200
2025-10-30 20:27:22,082 - WARNING - [получить_поликлиники_в_районе] - На странице 5 нет данных в ожидаемом формате
2025-10-30 20:27:22,083 - INFO - [получить_поликлиники_в_районе] - Завершение сбора для района Бекасово. Найдено поликлиник: 3
2025-10-30 20:27:22,084 - INFO - [<cell line: 0>] - Район 'Бекасово' завершен. Поликлиник: 3
2025-10-30 20:27:23,086 - INFO - [<cell line: 0>] - [10/132] Обработка района: Бескудниковский
2025-10-30 20:27:23,087 - INFO - [получить_поликлиники_в_районе] - Начало сбора поликлиник для района: Бескудниковский (ID: 4504209512726543)
2025-10-30 20:27:23,088 - DEBUG - [получить_поликлиники_в_районе] - Запрос страницы 1 для района Бескудниковский
2025-10-30 20:27:23,091 - DEBUG - [_new_conn] - Starting new HTTPS connection (1): catalog.api.2gis.com:443
2025-10-30 20:27:23,467 - DEBUG - [_make_request] - https://catalog.api.2gis.com:443 "GET /3.0/items?key=2e3b8ee1-dca8-47ab-99a0-bb8cfce53698&q=%D0%BF%D0%BE%D0%BB%D0%B8%D0%BA%D0%BB%D0%B8%D0%BD%D0%B8%D0%BA%D0%B0&district_id=4504209512726543&type=branch&page=1&page_size=10&fields=items.point%2Citems.name%2Citems.address_name%2Citems.reviews HTTP/1.1" 200 None
2025-10-30 20:27:23,468 - DEBUG - [получить_поликлиники_в_районе] - Статус ответа: 200
2025-10-30 20:27:23,468 - INFO - [получить_поликлиники_в_районе] - Загружено 5 поликлиник со страницы 1
2025-10-30 20:27:23,969 - DEBUG - [получить_поликлиники_в_районе] - Запрос страницы 2 для района Бескудниковский
2025-10-30 20:27:23,971 - DEBUG - [_new_conn] - Starting new HTTPS connection (1): catalog.api.2gis.com:443
2025-10-30 20:27:24,363 - DEBUG - [_make_request] - https://catalog.api.2gis.com:443 "GET /3.0/items?key=2e3b8ee1-dca8-47ab-99a0-bb8cfce53698&q=%D0%BF%D0%BE%D0%BB%D0%B8%D0%BA%D0%BB%D0%B8%D0%BD%D0%B8%D0%BA%D0%B0&district_id=4504209512726543&type=branch&page=2&page_size=10&fields=items.point%2Citems.name%2Citems.address_name%2Citems.reviews HTTP/1.1" 200 133
2025-10-30 20:27:24,364 - DEBUG - [получить_поликлиники_в_районе] - Статус ответа: 200
2025-10-30 20:27:24,364 - WARNING - [получить_поликлиники_в_районе] - На странице 2 нет данных в ожидаемом формате
2025-10-30 20:27:24,865 - DEBUG - [получить_поликлиники_в_районе] - Запрос страницы 3 для района Бескудниковский
2025-10-30 20:27:24,866 - DEBUG - [_new_conn] - Starting new HTTPS connection (1): catalog.api.2gis.com:443
2025-10-30 20:27:25,261 - DEBUG - [_make_request] - https://catalog.api.2gis.com:443 "GET /3.0/items?key=2e3b8ee1-dca8-47ab-99a0-bb8cfce53698&q=%D0%BF%D0%BE%D0%BB%D0%B8%D0%BA%D0%BB%D0%B8%D0%BD%D0%B8%D0%BA%D0%B0&district_id=4504209512726543&type=branch&page=3&page_size=10&fields=items.point%2Citems.name%2Citems.address_name%2Citems.reviews HTTP/1.1" 200 133
2025-10-30 20:27:25,262 - DEBUG - [получить_поликлиники_в_районе] - Статус ответа: 200
2025-10-30 20:27:25,263 - WARNING - [получить_поликлиники_в_районе] - На странице 3 нет данных в ожидаемом формате
2025-10-30 20:27:25,763 - DEBUG - [получить_поликлиники_в_районе] - Запрос страницы 4 для района Бескудниковский
2025-10-30 20:27:25,765 - DEBUG - [_new_conn] - Starting new HTTPS connection (1): catalog.api.2gis.com:443
2025-10-30 20:27:26,147 - DEBUG - [_make_request] - https://catalog.api.2gis.com:443 "GET /3.0/items?key=2e3b8ee1-dca8-47ab-99a0-bb8cfce53698&q=%D0%BF%D0%BE%D0%BB%D0%B8%D0%BA%D0%BB%D0%B8%D0%BD%D0%B8%D0%BA%D0%B0&district_id=4504209512726543&type=branch&page=4&page_size=10&fields=items.point%2Citems.name%2Citems.address_name%2Citems.reviews HTTP/1.1" 200 133
2025-10-30 20:27:26,147 - DEBUG - [получить_поликлиники_в_районе] - Статус ответа: 200
2025-10-30 20:27:26,148 - WARNING - [получить_поликлиники_в_районе] - На странице 4 нет данных в ожидаемом формате
2025-10-30 20:27:26,649 - DEBUG - [получить_поликлиники_в_районе] - Запрос страницы 5 для района Бескудниковский
2025-10-30 20:27:26,650 - DEBUG - [_new_conn] - Starting new HTTPS connection (1): catalog.api.2gis.com:443
2025-10-30 20:27:27,028 - DEBUG - [_make_request] - https://catalog.api.2gis.com:443 "GET /3.0/items?key=2e3b8ee1-dca8-47ab-99a0-bb8cfce53698&q=%D0%BF%D0%BE%D0%BB%D0%B8%D0%BA%D0%BB%D0%B8%D0%BD%D0%B8%D0%BA%D0%B0&district_id=4504209512726543&type=branch&page=5&page_size=10&fields=items.point%2Citems.name%2Citems.address_name%2Citems.reviews HTTP/1.1" 200 133
2025-10-30 20:27:27,029 - DEBUG - [получить_поликлиники_в_районе] - Статус ответа: 200
2025-10-30 20:27:27,029 - WARNING - [получить_поликлиники_в_районе] - На странице 5 нет данных в ожидаемом формате
2025-10-30 20:27:27,030 - INFO - [получить_поликлиники_в_районе] - Завершение сбора для района Бескудниковский. Найдено поликлиник: 5
2025-10-30 20:27:27,032 - INFO - [<cell line: 0>] - Район 'Бескудниковский' завершен. Поликлиник: 5
2025-10-30 20:27:28,033 - INFO - [<cell line: 0>] - [11/132] Обработка района: Бибирево
2025-10-30 20:27:28,034 - INFO - [получить_поликлиники_в_районе] - Начало сбора поликлиник для района: Бибирево (ID: 4504209512726565)
2025-10-30 20:27:28,035 - DEBUG - [получить_поликлиники_в_районе] - Запрос страницы 1 для района Бибирево
2025-10-30 20:27:28,036 - DEBUG - [_new_conn] - Starting new HTTPS connection (1): catalog.api.2gis.com:443
2025-10-30 20:27:28,429 - DEBUG - [_make_request] - https://catalog.api.2gis.com:443 "GET /3.0/items?key=2e3b8ee1-dca8-47ab-99a0-bb8cfce53698&q=%D0%BF%D0%BE%D0%BB%D0%B8%D0%BA%D0%BB%D0%B8%D0%BD%D0%B8%D0%BA%D0%B0&district_id=4504209512726565&type=branch&page=1&page_size=10&fields=items.point%2Citems.name%2Citems.address_name%2Citems.reviews HTTP/1.1" 200 None
2025-10-30 20:27:28,430 - DEBUG - [получить_поликлиники_в_районе] - Статус ответа: 200
2025-10-30 20:27:28,430 - INFO - [получить_поликлиники_в_районе] - Загружено 6 поликлиник со страницы 1
2025-10-30 20:27:28,931 - DEBUG - [получить_поликлиники_в_районе] - Запрос страницы 2 для района Бибирево
2025-10-30 20:27:28,933 - DEBUG - [_new_conn] - Starting new HTTPS connection (1): catalog.api.2gis.com:443
2025-10-30 20:27:29,311 - DEBUG - [_make_request] - https://catalog.api.2gis.com:443 "GET /3.0/items?key=2e3b8ee1-dca8-47ab-99a0-bb8cfce53698&q=%D0%BF%D0%BE%D0%BB%D0%B8%D0%BA%D0%BB%D0%B8%D0%BD%D0%B8%D0%BA%D0%B0&district_id=4504209512726565&type=branch&page=2&page_size=10&fields=items.point%2Citems.name%2Citems.address_name%2Citems.reviews HTTP/1.1" 200 133
2025-10-30 20:27:29,312 - DEBUG - [получить_поликлиники_в_районе] - Статус ответа: 200
2025-10-30 20:27:29,312 - WARNING - [получить_поликлиники_в_районе] - На странице 2 нет данных в ожидаемом формате
2025-10-30 20:27:29,813 - DEBUG - [получить_поликлиники_в_районе] - Запрос страницы 3 для района Бибирево
2025-10-30 20:27:29,814 - DEBUG - [_new_conn] - Starting new HTTPS connection (1): catalog.api.2gis.com:443
2025-10-30 20:27:30,192 - DEBUG - [_make_request] - https://catalog.api.2gis.com:443 "GET /3.0/items?key=2e3b8ee1-dca8-47ab-99a0-bb8cfce53698&q=%D0%BF%D0%BE%D0%BB%D0%B8%D0%BA%D0%BB%D0%B8%D0%BD%D0%B8%D0%BA%D0%B0&district_id=4504209512726565&type=branch&page=3&page_size=10&fields=items.point%2Citems.name%2Citems.address_name%2Citems.reviews HTTP/1.1" 200 133
2025-10-30 20:27:30,193 - DEBUG - [получить_поликлиники_в_районе] - Статус ответа: 200
2025-10-30 20:27:30,193 - WARNING - [получить_поликлиники_в_районе] - На странице 3 нет данных в ожидаемом формате
2025-10-30 20:27:30,694 - DEBUG - [получить_поликлиники_в_районе] - Запрос страницы 4 для района Бибирево
2025-10-30 20:27:30,696 - DEBUG - [_new_conn] - Starting new HTTPS connection (1): catalog.api.2gis.com:443
2025-10-30 20:27:31,075 - DEBUG - [_make_request] - https://catalog.api.2gis.com:443 "GET /3.0/items?key=2e3b8ee1-dca8-47ab-99a0-bb8cfce53698&q=%D0%BF%D0%BE%D0%BB%D0%B8%D0%BA%D0%BB%D0%B8%D0%BD%D0%B8%D0%BA%D0%B0&district_id=4504209512726565&type=branch&page=4&page_size=10&fields=items.point%2Citems.name%2Citems.address_name%2Citems.reviews HTTP/1.1" 200 133
2025-10-30 20:27:31,076 - DEBUG - [получить_поликлиники_в_районе] - Статус ответа: 200
2025-10-30 20:27:31,076 - WARNING - [получить_поликлиники_в_районе] - На странице 4 нет данных в ожидаемом формате
2025-10-30 20:27:31,577 - DEBUG - [получить_поликлиники_в_районе] - Запрос страницы 5 для района Бибирево
2025-10-30 20:27:31,579 - DEBUG - [_new_conn] - Starting new HTTPS connection (1): catalog.api.2gis.com:443
2025-10-30 20:27:31,955 - DEBUG - [_make_request] - https://catalog.api.2gis.com:443 "GET /3.0/items?key=2e3b8ee1-dca8-47ab-99a0-bb8cfce53698&q=%D0%BF%D0%BE%D0%BB%D0%B8%D0%BA%D0%BB%D0%B8%D0%BD%D0%B8%D0%BA%D0%B0&district_id=4504209512726565&type=branch&page=5&page_size=10&fields=items.point%2Citems.name%2Citems.address_name%2Citems.reviews HTTP/1.1" 200 133
2025-10-30 20:27:31,956 - DEBUG - [получить_поликлиники_в_районе] - Статус ответа: 200
2025-10-30 20:27:31,956 - WARNING - [получить_поликлиники_в_районе] - На странице 5 нет данных в ожидаемом формате
2025-10-30 20:27:31,957 - INFO - [получить_поликлиники_в_районе] - Завершение сбора для района Бибирево. Найдено поликлиник: 6
2025-10-30 20:27:31,958 - INFO - [<cell line: 0>] - Район 'Бибирево' завершен. Поликлиник: 6
2025-10-30 20:27:32,960 - INFO - [<cell line: 0>] - [12/132] Обработка района: Бирюлёво Восточное
2025-10-30 20:27:32,961 - INFO - [получить_поликлиники_в_районе] - Начало сбора поликлиник для района: Бирюлёво Восточное (ID: 4504209512726611)
2025-10-30 20:27:32,963 - DEBUG - [получить_поликлиники_в_районе] - Запрос страницы 1 для района Бирюлёво Восточное
2025-10-30 20:27:32,965 - DEBUG - [_new_conn] - Starting new HTTPS connection (1): catalog.api.2gis.com:443
2025-10-30 20:27:33,355 - DEBUG - [_make_request] - https://catalog.api.2gis.com:443 "GET /3.0/items?key=2e3b8ee1-dca8-47ab-99a0-bb8cfce53698&q=%D0%BF%D0%BE%D0%BB%D0%B8%D0%BA%D0%BB%D0%B8%D0%BD%D0%B8%D0%BA%D0%B0&district_id=4504209512726611&type=branch&page=1&page_size=10&fields=items.point%2Citems.name%2Citems.address_name%2Citems.reviews HTTP/1.1" 200 None
2025-10-30 20:27:33,356 - DEBUG - [получить_поликлиники_в_районе] - Статус ответа: 200
2025-10-30 20:27:33,356 - INFO - [получить_поликлиники_в_районе] - Загружено 8 поликлиник со страницы 1
2025-10-30 20:27:33,857 - DEBUG - [получить_поликлиники_в_районе] - Запрос страницы 2 для района Бирюлёво Восточное
2025-10-30 20:27:33,859 - DEBUG - [_new_conn] - Starting new HTTPS connection (1): catalog.api.2gis.com:443
2025-10-30 20:27:34,241 - DEBUG - [_make_request] - https://catalog.api.2gis.com:443 "GET /3.0/items?key=2e3b8ee1-dca8-47ab-99a0-bb8cfce53698&q=%D0%BF%D0%BE%D0%BB%D0%B8%D0%BA%D0%BB%D0%B8%D0%BD%D0%B8%D0%BA%D0%B0&district_id=4504209512726611&type=branch&page=2&page_size=10&fields=items.point%2Citems.name%2Citems.address_name%2Citems.reviews HTTP/1.1" 200 133
2025-10-30 20:27:34,243 - DEBUG - [получить_поликлиники_в_районе] - Статус ответа: 200
2025-10-30 20:27:34,243 - WARNING - [получить_поликлиники_в_районе] - На странице 2 нет данных в ожидаемом формате
2025-10-30 20:27:34,745 - DEBUG - [получить_поликлиники_в_районе] - Запрос страницы 3 для района Бирюлёво Восточное
2025-10-30 20:27:34,746 - DEBUG - [_new_conn] - Starting new HTTPS connection (1): catalog.api.2gis.com:443
2025-10-30 20:27:35,123 - DEBUG - [_make_request] - https://catalog.api.2gis.com:443 "GET /3.0/items?key=2e3b8ee1-dca8-47ab-99a0-bb8cfce53698&q=%D0%BF%D0%BE%D0%BB%D0%B8%D0%BA%D0%BB%D0%B8%D0%BD%D0%B8%D0%BA%D0%B0&district_id=4504209512726611&type=branch&page=3&page_size=10&fields=items.point%2Citems.name%2Citems.address_name%2Citems.reviews HTTP/1.1" 200 133
2025-10-30 20:27:35,124 - DEBUG - [получить_поликлиники_в_районе] - Статус ответа: 200
2025-10-30 20:27:35,124 - WARNING - [получить_поликлиники_в_районе] - На странице 3 нет данных в ожидаемом формате
2025-10-30 20:27:35,625 - DEBUG - [получить_поликлиники_в_районе] - Запрос страницы 4 для района Бирюлёво Восточное
2025-10-30 20:27:35,627 - DEBUG - [_new_conn] - Starting new HTTPS connection (1): catalog.api.2gis.com:443
2025-10-30 20:27:36,030 - DEBUG - [_make_request] - https://catalog.api.2gis.com:443 "GET /3.0/items?key=2e3b8ee1-dca8-47ab-99a0-bb8cfce53698&q=%D0%BF%D0%BE%D0%BB%D0%B8%D0%BA%D0%BB%D0%B8%D0%BD%D0%B8%D0%BA%D0%B0&district_id=4504209512726611&type=branch&page=4&page_size=10&fields=items.point%2Citems.name%2Citems.address_name%2Citems.reviews HTTP/1.1" 200 133
2025-10-30 20:27:36,031 - DEBUG - [получить_поликлиники_в_районе] - Статус ответа: 200
2025-10-30 20:27:36,031 - WARNING - [получить_поликлиники_в_районе] - На странице 4 нет данных в ожидаемом формате
2025-10-30 20:27:36,532 - DEBUG - [получить_поликлиники_в_районе] - Запрос страницы 5 для района Бирюлёво Восточное
2025-10-30 20:27:36,534 - DEBUG - [_new_conn] - Starting new HTTPS connection (1): catalog.api.2gis.com:443
2025-10-30 20:27:36,910 - DEBUG - [_make_request] - https://catalog.api.2gis.com:443 "GET /3.0/items?key=2e3b8ee1-dca8-47ab-99a0-bb8cfce53698&q=%D0%BF%D0%BE%D0%BB%D0%B8%D0%BA%D0%BB%D0%B8%D0%BD%D0%B8%D0%BA%D0%B0&district_id=4504209512726611&type=branch&page=5&page_size=10&fields=items.point%2Citems.name%2Citems.address_name%2Citems.reviews HTTP/1.1" 200 133
2025-10-30 20:27:36,911 - DEBUG - [получить_поликлиники_в_районе] - Статус ответа: 200
2025-10-30 20:27:36,911 - WARNING - [получить_поликлиники_в_районе] - На странице 5 нет данных в ожидаемом формате
2025-10-30 20:27:36,912 - INFO - [получить_поликлиники_в_районе] - Завершение сбора для района Бирюлёво Восточное. Найдено поликлиник: 8
2025-10-30 20:27:36,913 - INFO - [<cell line: 0>] - Район 'Бирюлёво Восточное' завершен. Поликлиник: 8
2025-10-30 20:27:37,915 - INFO - [<cell line: 0>] - [13/132] Обработка района: Бирюлёво Западное
2025-10-30 20:27:37,916 - INFO - [получить_поликлиники_в_районе] - Начало сбора поликлиник для района: Бирюлёво Западное (ID: 4504209512726612)
2025-10-30 20:27:37,917 - DEBUG - [получить_поликлиники_в_районе] - Запрос страницы 1 для района Бирюлёво Западное
2025-10-30 20:27:37,918 - DEBUG - [_new_conn] - Starting new HTTPS connection (1): catalog.api.2gis.com:443
2025-10-30 20:27:38,301 - DEBUG - [_make_request] - https://catalog.api.2gis.com:443 "GET /3.0/items?key=2e3b8ee1-dca8-47ab-99a0-bb8cfce53698&q=%D0%BF%D0%BE%D0%BB%D0%B8%D0%BA%D0%BB%D0%B8%D0%BD%D0%B8%D0%BA%D0%B0&district_id=4504209512726612&type=branch&page=1&page_size=10&fields=items.point%2Citems.name%2Citems.address_name%2Citems.reviews HTTP/1.1" 200 None
2025-10-30 20:27:38,302 - DEBUG - [получить_поликлиники_в_районе] - Статус ответа: 200
2025-10-30 20:27:38,302 - INFO - [получить_поликлиники_в_районе] - Загружено 4 поликлиник со страницы 1
2025-10-30 20:27:38,803 - DEBUG - [получить_поликлиники_в_районе] - Запрос страницы 2 для района Бирюлёво Западное
2025-10-30 20:27:38,805 - DEBUG - [_new_conn] - Starting new HTTPS connection (1): catalog.api.2gis.com:443
2025-10-30 20:27:39,319 - DEBUG - [_make_request] - https://catalog.api.2gis.com:443 "GET /3.0/items?key=2e3b8ee1-dca8-47ab-99a0-bb8cfce53698&q=%D0%BF%D0%BE%D0%BB%D0%B8%D0%BA%D0%BB%D0%B8%D0%BD%D0%B8%D0%BA%D0%B0&district_id=4504209512726612&type=branch&page=2&page_size=10&fields=items.point%2Citems.name%2Citems.address_name%2Citems.reviews HTTP/1.1" 200 133
2025-10-30 20:27:39,320 - DEBUG - [получить_поликлиники_в_районе] - Статус ответа: 200
2025-10-30 20:27:39,320 - WARNING - [получить_поликлиники_в_районе] - На странице 2 нет данных в ожидаемом формате
2025-10-30 20:27:39,821 - DEBUG - [получить_поликлиники_в_районе] - Запрос страницы 3 для района Бирюлёво Западное
2025-10-30 20:27:39,823 - DEBUG - [_new_conn] - Starting new HTTPS connection (1): catalog.api.2gis.com:443
2025-10-30 20:27:40,222 - DEBUG - [_make_request] - https://catalog.api.2gis.com:443 "GET /3.0/items?key=2e3b8ee1-dca8-47ab-99a0-bb8cfce53698&q=%D0%BF%D0%BE%D0%BB%D0%B8%D0%BA%D0%BB%D0%B8%D0%BD%D0%B8%D0%BA%D0%B0&district_id=4504209512726612&type=branch&page=3&page_size=10&fields=items.point%2Citems.name%2Citems.address_name%2Citems.reviews HTTP/1.1" 200 133
2025-10-30 20:27:40,223 - DEBUG - [получить_поликлиники_в_районе] - Статус ответа: 200
2025-10-30 20:27:40,223 - WARNING - [получить_поликлиники_в_районе] - На странице 3 нет данных в ожидаемом формате
2025-10-30 20:27:40,724 - DEBUG - [получить_поликлиники_в_районе] - Запрос страницы 4 для района Бирюлёво Западное
2025-10-30 20:27:40,725 - DEBUG - [_new_conn] - Starting new HTTPS connection (1): catalog.api.2gis.com:443
2025-10-30 20:27:41,147 - DEBUG - [_make_request] - https://catalog.api.2gis.com:443 "GET /3.0/items?key=2e3b8ee1-dca8-47ab-99a0-bb8cfce53698&q=%D0%BF%D0%BE%D0%BB%D0%B8%D0%BA%D0%BB%D0%B8%D0%BD%D0%B8%D0%BA%D0%B0&district_id=4504209512726612&type=branch&page=4&page_size=10&fields=items.point%2Citems.name%2Citems.address_name%2Citems.reviews HTTP/1.1" 200 133
2025-10-30 20:27:41,148 - DEBUG - [получить_поликлиники_в_районе] - Статус ответа: 200
2025-10-30 20:27:41,148 - WARNING - [получить_поликлиники_в_районе] - На странице 4 нет данных в ожидаемом формате
2025-10-30 20:27:41,649 - DEBUG - [получить_поликлиники_в_районе] - Запрос страницы 5 для района Бирюлёво Западное
2025-10-30 20:27:41,651 - DEBUG - [_new_conn] - Starting new HTTPS connection (1): catalog.api.2gis.com:443
2025-10-30 20:27:42,034 - DEBUG - [_make_request] - https://catalog.api.2gis.com:443 "GET /3.0/items?key=2e3b8ee1-dca8-47ab-99a0-bb8cfce53698&q=%D0%BF%D0%BE%D0%BB%D0%B8%D0%BA%D0%BB%D0%B8%D0%BD%D0%B8%D0%BA%D0%B0&district_id=4504209512726612&type=branch&page=5&page_size=10&fields=items.point%2Citems.name%2Citems.address_name%2Citems.reviews HTTP/1.1" 200 133
2025-10-30 20:27:42,035 - DEBUG - [получить_поликлиники_в_районе] - Статус ответа: 200
2025-10-30 20:27:42,035 - WARNING - [получить_поликлиники_в_районе] - На странице 5 нет данных в ожидаемом формате
2025-10-30 20:27:42,036 - INFO - [получить_поликлиники_в_районе] - Завершение сбора для района Бирюлёво Западное. Найдено поликлиник: 4
2025-10-30 20:27:42,037 - INFO - [<cell line: 0>] - Район 'Бирюлёво Западное' завершен. Поликлиник: 4
2025-10-30 20:27:43,040 - INFO - [<cell line: 0>] - [14/132] Обработка района: Богородское
2025-10-30 20:27:43,041 - INFO - [получить_поликлиники_в_районе] - Начало сбора поликлиник для района: Богородское (ID: 4504209512726574)
2025-10-30 20:27:43,042 - DEBUG - [получить_поликлиники_в_районе] - Запрос страницы 1 для района Богородское
2025-10-30 20:27:43,045 - DEBUG - [_new_conn] - Starting new HTTPS connection (1): catalog.api.2gis.com:443
2025-10-30 20:27:43,461 - DEBUG - [_make_request] - https://catalog.api.2gis.com:443 "GET /3.0/items?key=2e3b8ee1-dca8-47ab-99a0-bb8cfce53698&q=%D0%BF%D0%BE%D0%BB%D0%B8%D0%BA%D0%BB%D0%B8%D0%BD%D0%B8%D0%BA%D0%B0&district_id=4504209512726574&type=branch&page=1&page_size=10&fields=items.point%2Citems.name%2Citems.address_name%2Citems.reviews HTTP/1.1" 200 None
2025-10-30 20:27:43,462 - DEBUG - [получить_поликлиники_в_районе] - Статус ответа: 200
2025-10-30 20:27:43,462 - INFO - [получить_поликлиники_в_районе] - Загружено 4 поликлиник со страницы 1
2025-10-30 20:27:43,963 - DEBUG - [получить_поликлиники_в_районе] - Запрос страницы 2 для района Богородское
2025-10-30 20:27:43,964 - DEBUG - [_new_conn] - Starting new HTTPS connection (1): catalog.api.2gis.com:443
2025-10-30 20:27:44,339 - DEBUG - [_make_request] - https://catalog.api.2gis.com:443 "GET /3.0/items?key=2e3b8ee1-dca8-47ab-99a0-bb8cfce53698&q=%D0%BF%D0%BE%D0%BB%D0%B8%D0%BA%D0%BB%D0%B8%D0%BD%D0%B8%D0%BA%D0%B0&district_id=4504209512726574&type=branch&page=2&page_size=10&fields=items.point%2Citems.name%2Citems.address_name%2Citems.reviews HTTP/1.1" 200 133
2025-10-30 20:27:44,340 - DEBUG - [получить_поликлиники_в_районе] - Статус ответа: 200
2025-10-30 20:27:44,340 - WARNING - [получить_поликлиники_в_районе] - На странице 2 нет данных в ожидаемом формате
2025-10-30 20:27:44,842 - DEBUG - [получить_поликлиники_в_районе] - Запрос страницы 3 для района Богородское
2025-10-30 20:27:44,843 - DEBUG - [_new_conn] - Starting new HTTPS connection (1): catalog.api.2gis.com:443
2025-10-30 20:27:45,226 - DEBUG - [_make_request] - https://catalog.api.2gis.com:443 "GET /3.0/items?key=2e3b8ee1-dca8-47ab-99a0-bb8cfce53698&q=%D0%BF%D0%BE%D0%BB%D0%B8%D0%BA%D0%BB%D0%B8%D0%BD%D0%B8%D0%BA%D0%B0&district_id=4504209512726574&type=branch&page=3&page_size=10&fields=items.point%2Citems.name%2Citems.address_name%2Citems.reviews HTTP/1.1" 200 133
2025-10-30 20:27:45,227 - DEBUG - [получить_поликлиники_в_районе] - Статус ответа: 200
2025-10-30 20:27:45,227 - WARNING - [получить_поликлиники_в_районе] - На странице 3 нет данных в ожидаемом формате
2025-10-30 20:27:45,729 - DEBUG - [получить_поликлиники_в_районе] - Запрос страницы 4 для района Богородское
2025-10-30 20:27:45,731 - DEBUG - [_new_conn] - Starting new HTTPS connection (1): catalog.api.2gis.com:443
2025-10-30 20:27:46,112 - DEBUG - [_make_request] - https://catalog.api.2gis.com:443 "GET /3.0/items?key=2e3b8ee1-dca8-47ab-99a0-bb8cfce53698&q=%D0%BF%D0%BE%D0%BB%D0%B8%D0%BA%D0%BB%D0%B8%D0%BD%D0%B8%D0%BA%D0%B0&district_id=4504209512726574&type=branch&page=4&page_size=10&fields=items.point%2Citems.name%2Citems.address_name%2Citems.reviews HTTP/1.1" 200 133
2025-10-30 20:27:46,113 - DEBUG - [получить_поликлиники_в_районе] - Статус ответа: 200
2025-10-30 20:27:46,113 - WARNING - [получить_поликлиники_в_районе] - На странице 4 нет данных в ожидаемом формате
2025-10-30 20:27:46,614 - DEBUG - [получить_поликлиники_в_районе] - Запрос страницы 5 для района Богородское
2025-10-30 20:27:46,616 - DEBUG - [_new_conn] - Starting new HTTPS connection (1): catalog.api.2gis.com:443
2025-10-30 20:27:47,002 - DEBUG - [_make_request] - https://catalog.api.2gis.com:443 "GET /3.0/items?key=2e3b8ee1-dca8-47ab-99a0-bb8cfce53698&q=%D0%BF%D0%BE%D0%BB%D0%B8%D0%BA%D0%BB%D0%B8%D0%BD%D0%B8%D0%BA%D0%B0&district_id=4504209512726574&type=branch&page=5&page_size=10&fields=items.point%2Citems.name%2Citems.address_name%2Citems.reviews HTTP/1.1" 200 133
2025-10-30 20:27:47,003 - DEBUG - [получить_поликлиники_в_районе] - Статус ответа: 200
2025-10-30 20:27:47,003 - WARNING - [получить_поликлиники_в_районе] - На странице 5 нет данных в ожидаемом формате
2025-10-30 20:27:47,004 - INFO - [получить_поликлиники_в_районе] - Завершение сбора для района Богородское. Найдено поликлиник: 4
2025-10-30 20:27:47,006 - INFO - [<cell line: 0>] - Район 'Богородское' завершен. Поликлиник: 4
2025-10-30 20:27:48,009 - INFO - [<cell line: 0>] - [15/132] Обработка района: Братеево
2025-10-30 20:27:48,010 - INFO - [получить_поликлиники_в_районе] - Начало сбора поликлиник для района: Братеево (ID: 4504209512726609)
2025-10-30 20:27:48,011 - DEBUG - [получить_поликлиники_в_районе] - Запрос страницы 1 для района Братеево
2025-10-30 20:27:48,012 - DEBUG - [_new_conn] - Starting new HTTPS connection (1): catalog.api.2gis.com:443
2025-10-30 20:27:48,408 - DEBUG - [_make_request] - https://catalog.api.2gis.com:443 "GET /3.0/items?key=2e3b8ee1-dca8-47ab-99a0-bb8cfce53698&q=%D0%BF%D0%BE%D0%BB%D0%B8%D0%BA%D0%BB%D0%B8%D0%BD%D0%B8%D0%BA%D0%B0&district_id=4504209512726609&type=branch&page=1&page_size=10&fields=items.point%2Citems.name%2Citems.address_name%2Citems.reviews HTTP/1.1" 200 None
2025-10-30 20:27:48,409 - DEBUG - [получить_поликлиники_в_районе] - Статус ответа: 200
2025-10-30 20:27:48,409 - INFO - [получить_поликлиники_в_районе] - Загружено 5 поликлиник со страницы 1
2025-10-30 20:27:48,911 - DEBUG - [получить_поликлиники_в_районе] - Запрос страницы 2 для района Братеево
2025-10-30 20:27:48,912 - DEBUG - [_new_conn] - Starting new HTTPS connection (1): catalog.api.2gis.com:443
2025-10-30 20:27:49,296 - DEBUG - [_make_request] - https://catalog.api.2gis.com:443 "GET /3.0/items?key=2e3b8ee1-dca8-47ab-99a0-bb8cfce53698&q=%D0%BF%D0%BE%D0%BB%D0%B8%D0%BA%D0%BB%D0%B8%D0%BD%D0%B8%D0%BA%D0%B0&district_id=4504209512726609&type=branch&page=2&page_size=10&fields=items.point%2Citems.name%2Citems.address_name%2Citems.reviews HTTP/1.1" 200 133
2025-10-30 20:27:49,297 - DEBUG - [получить_поликлиники_в_районе] - Статус ответа: 200
2025-10-30 20:27:49,297 - WARNING - [получить_поликлиники_в_районе] - На странице 2 нет данных в ожидаемом формате
2025-10-30 20:27:49,798 - DEBUG - [получить_поликлиники_в_районе] - Запрос страницы 3 для района Братеево
2025-10-30 20:27:49,799 - DEBUG - [_new_conn] - Starting new HTTPS connection (1): catalog.api.2gis.com:443
2025-10-30 20:27:50,176 - DEBUG - [_make_request] - https://catalog.api.2gis.com:443 "GET /3.0/items?key=2e3b8ee1-dca8-47ab-99a0-bb8cfce53698&q=%D0%BF%D0%BE%D0%BB%D0%B8%D0%BA%D0%BB%D0%B8%D0%BD%D0%B8%D0%BA%D0%B0&district_id=4504209512726609&type=branch&page=3&page_size=10&fields=items.point%2Citems.name%2Citems.address_name%2Citems.reviews HTTP/1.1" 200 133
2025-10-30 20:27:50,177 - DEBUG - [получить_поликлиники_в_районе] - Статус ответа: 200
2025-10-30 20:27:50,177 - WARNING - [получить_поликлиники_в_районе] - На странице 3 нет данных в ожидаемом формате
2025-10-30 20:27:50,678 - DEBUG - [получить_поликлиники_в_районе] - Запрос страницы 4 для района Братеево
2025-10-30 20:27:50,679 - DEBUG - [_new_conn] - Starting new HTTPS connection (1): catalog.api.2gis.com:443
2025-10-30 20:27:51,069 - DEBUG - [_make_request] - https://catalog.api.2gis.com:443 "GET /3.0/items?key=2e3b8ee1-dca8-47ab-99a0-bb8cfce53698&q=%D0%BF%D0%BE%D0%BB%D0%B8%D0%BA%D0%BB%D0%B8%D0%BD%D0%B8%D0%BA%D0%B0&district_id=4504209512726609&type=branch&page=4&page_size=10&fields=items.point%2Citems.name%2Citems.address_name%2Citems.reviews HTTP/1.1" 200 133
2025-10-30 20:27:51,070 - DEBUG - [получить_поликлиники_в_районе] - Статус ответа: 200
2025-10-30 20:27:51,070 - WARNING - [получить_поликлиники_в_районе] - На странице 4 нет данных в ожидаемом формате
2025-10-30 20:27:51,571 - DEBUG - [получить_поликлиники_в_районе] - Запрос страницы 5 для района Братеево
2025-10-30 20:27:51,572 - DEBUG - [_new_conn] - Starting new HTTPS connection (1): catalog.api.2gis.com:443
2025-10-30 20:27:51,951 - DEBUG - [_make_request] - https://catalog.api.2gis.com:443 "GET /3.0/items?key=2e3b8ee1-dca8-47ab-99a0-bb8cfce53698&q=%D0%BF%D0%BE%D0%BB%D0%B8%D0%BA%D0%BB%D0%B8%D0%BD%D0%B8%D0%BA%D0%B0&district_id=4504209512726609&type=branch&page=5&page_size=10&fields=items.point%2Citems.name%2Citems.address_name%2Citems.reviews HTTP/1.1" 200 133
2025-10-30 20:27:51,952 - DEBUG - [получить_поликлиники_в_районе] - Статус ответа: 200
2025-10-30 20:27:51,952 - WARNING - [получить_поликлиники_в_районе] - На странице 5 нет данных в ожидаемом формате
2025-10-30 20:27:51,953 - INFO - [получить_поликлиники_в_районе] - Завершение сбора для района Братеево. Найдено поликлиник: 5
2025-10-30 20:27:51,954 - INFO - [<cell line: 0>] - Район 'Братеево' завершен. Поликлиник: 5
2025-10-30 20:27:52,956 - INFO - [<cell line: 0>] - [16/132] Обработка района: Бутырский
2025-10-30 20:27:52,957 - INFO - [получить_поликлиники_в_районе] - Начало сбора поликлиник для района: Бутырский (ID: 4504209512726567)
2025-10-30 20:27:52,958 - DEBUG - [получить_поликлиники_в_районе] - Запрос страницы 1 для района Бутырский
2025-10-30 20:27:52,959 - DEBUG - [_new_conn] - Starting new HTTPS connection (1): catalog.api.2gis.com:443
2025-10-30 20:27:53,344 - DEBUG - [_make_request] - https://catalog.api.2gis.com:443 "GET /3.0/items?key=2e3b8ee1-dca8-47ab-99a0-bb8cfce53698&q=%D0%BF%D0%BE%D0%BB%D0%B8%D0%BA%D0%BB%D0%B8%D0%BD%D0%B8%D0%BA%D0%B0&district_id=4504209512726567&type=branch&page=1&page_size=10&fields=items.point%2Citems.name%2Citems.address_name%2Citems.reviews HTTP/1.1" 200 None
2025-10-30 20:27:53,344 - DEBUG - [получить_поликлиники_в_районе] - Статус ответа: 200
2025-10-30 20:27:53,344 - INFO - [получить_поликлиники_в_районе] - Загружено 4 поликлиник со страницы 1
2025-10-30 20:27:53,845 - DEBUG - [получить_поликлиники_в_районе] - Запрос страницы 2 для района Бутырский
2025-10-30 20:27:53,847 - DEBUG - [_new_conn] - Starting new HTTPS connection (1): catalog.api.2gis.com:443
2025-10-30 20:27:54,231 - DEBUG - [_make_request] - https://catalog.api.2gis.com:443 "GET /3.0/items?key=2e3b8ee1-dca8-47ab-99a0-bb8cfce53698&q=%D0%BF%D0%BE%D0%BB%D0%B8%D0%BA%D0%BB%D0%B8%D0%BD%D0%B8%D0%BA%D0%B0&district_id=4504209512726567&type=branch&page=2&page_size=10&fields=items.point%2Citems.name%2Citems.address_name%2Citems.reviews HTTP/1.1" 200 133
2025-10-30 20:27:54,232 - DEBUG - [получить_поликлиники_в_районе] - Статус ответа: 200
2025-10-30 20:27:54,232 - WARNING - [получить_поликлиники_в_районе] - На странице 2 нет данных в ожидаемом формате
2025-10-30 20:27:54,733 - DEBUG - [получить_поликлиники_в_районе] - Запрос страницы 3 для района Бутырский
2025-10-30 20:27:54,734 - DEBUG - [_new_conn] - Starting new HTTPS connection (1): catalog.api.2gis.com:443
2025-10-30 20:27:55,111 - DEBUG - [_make_request] - https://catalog.api.2gis.com:443 "GET /3.0/items?key=2e3b8ee1-dca8-47ab-99a0-bb8cfce53698&q=%D0%BF%D0%BE%D0%BB%D0%B8%D0%BA%D0%BB%D0%B8%D0%BD%D0%B8%D0%BA%D0%B0&district_id=4504209512726567&type=branch&page=3&page_size=10&fields=items.point%2Citems.name%2Citems.address_name%2Citems.reviews HTTP/1.1" 200 133
2025-10-30 20:27:55,112 - DEBUG - [получить_поликлиники_в_районе] - Статус ответа: 200
2025-10-30 20:27:55,112 - WARNING - [получить_поликлиники_в_районе] - На странице 3 нет данных в ожидаемом формате
2025-10-30 20:27:55,613 - DEBUG - [получить_поликлиники_в_районе] - Запрос страницы 4 для района Бутырский
2025-10-30 20:27:55,614 - DEBUG - [_new_conn] - Starting new HTTPS connection (1): catalog.api.2gis.com:443
2025-10-30 20:27:55,982 - DEBUG - [_make_request] - https://catalog.api.2gis.com:443 "GET /3.0/items?key=2e3b8ee1-dca8-47ab-99a0-bb8cfce53698&q=%D0%BF%D0%BE%D0%BB%D0%B8%D0%BA%D0%BB%D0%B8%D0%BD%D0%B8%D0%BA%D0%B0&district_id=4504209512726567&type=branch&page=4&page_size=10&fields=items.point%2Citems.name%2Citems.address_name%2Citems.reviews HTTP/1.1" 200 133
2025-10-30 20:27:55,983 - DEBUG - [получить_поликлиники_в_районе] - Статус ответа: 200
2025-10-30 20:27:55,983 - WARNING - [получить_поликлиники_в_районе] - На странице 4 нет данных в ожидаемом формате
2025-10-30 20:27:56,484 - DEBUG - [получить_поликлиники_в_районе] - Запрос страницы 5 для района Бутырский
2025-10-30 20:27:56,486 - DEBUG - [_new_conn] - Starting new HTTPS connection (1): catalog.api.2gis.com:443
2025-10-30 20:27:56,862 - DEBUG - [_make_request] - https://catalog.api.2gis.com:443 "GET /3.0/items?key=2e3b8ee1-dca8-47ab-99a0-bb8cfce53698&q=%D0%BF%D0%BE%D0%BB%D0%B8%D0%BA%D0%BB%D0%B8%D0%BD%D0%B8%D0%BA%D0%B0&district_id=4504209512726567&type=branch&page=5&page_size=10&fields=items.point%2Citems.name%2Citems.address_name%2Citems.reviews HTTP/1.1" 200 133
2025-10-30 20:27:56,863 - DEBUG - [получить_поликлиники_в_районе] - Статус ответа: 200
2025-10-30 20:27:56,863 - WARNING - [получить_поликлиники_в_районе] - На странице 5 нет данных в ожидаемом формате
2025-10-30 20:27:56,864 - INFO - [получить_поликлиники_в_районе] - Завершение сбора для района Бутырский. Найдено поликлиник: 4
2025-10-30 20:27:56,866 - INFO - [<cell line: 0>] - Район 'Бутырский' завершен. Поликлиник: 4
2025-10-30 20:27:57,868 - INFO - [<cell line: 0>] - [17/132] Обработка района: Вешняки
2025-10-30 20:27:57,869 - INFO - [получить_поликлиники_в_районе] - Начало сбора поликлиник для района: Вешняки (ID: 4504209512726578)
2025-10-30 20:27:57,872 - DEBUG - [получить_поликлиники_в_районе] - Запрос страницы 1 для района Вешняки
2025-10-30 20:27:57,874 - DEBUG - [_new_conn] - Starting new HTTPS connection (1): catalog.api.2gis.com:443
2025-10-30 20:27:58,284 - DEBUG - [_make_request] - https://catalog.api.2gis.com:443 "GET /3.0/items?key=2e3b8ee1-dca8-47ab-99a0-bb8cfce53698&q=%D0%BF%D0%BE%D0%BB%D0%B8%D0%BA%D0%BB%D0%B8%D0%BD%D0%B8%D0%BA%D0%B0&district_id=4504209512726578&type=branch&page=1&page_size=10&fields=items.point%2Citems.name%2Citems.address_name%2Citems.reviews HTTP/1.1" 200 None
2025-10-30 20:27:58,285 - DEBUG - [получить_поликлиники_в_районе] - Статус ответа: 200
2025-10-30 20:27:58,285 - INFO - [получить_поликлиники_в_районе] - Загружено 10 поликлиник со страницы 1
2025-10-30 20:27:58,786 - DEBUG - [получить_поликлиники_в_районе] - Запрос страницы 2 для района Вешняки
2025-10-30 20:27:58,788 - DEBUG - [_new_conn] - Starting new HTTPS connection (1): catalog.api.2gis.com:443
2025-10-30 20:27:59,170 - DEBUG - [_make_request] - https://catalog.api.2gis.com:443 "GET /3.0/items?key=2e3b8ee1-dca8-47ab-99a0-bb8cfce53698&q=%D0%BF%D0%BE%D0%BB%D0%B8%D0%BA%D0%BB%D0%B8%D0%BD%D0%B8%D0%BA%D0%B0&district_id=4504209512726578&type=branch&page=2&page_size=10&fields=items.point%2Citems.name%2Citems.address_name%2Citems.reviews HTTP/1.1" 200 133
2025-10-30 20:27:59,171 - DEBUG - [получить_поликлиники_в_районе] - Статус ответа: 200
2025-10-30 20:27:59,171 - WARNING - [получить_поликлиники_в_районе] - На странице 2 нет данных в ожидаемом формате
2025-10-30 20:27:59,672 - DEBUG - [получить_поликлиники_в_районе] - Запрос страницы 3 для района Вешняки
2025-10-30 20:27:59,673 - DEBUG - [_new_conn] - Starting new HTTPS connection (1): catalog.api.2gis.com:443
2025-10-30 20:28:00,052 - DEBUG - [_make_request] - https://catalog.api.2gis.com:443 "GET /3.0/items?key=2e3b8ee1-dca8-47ab-99a0-bb8cfce53698&q=%D0%BF%D0%BE%D0%BB%D0%B8%D0%BA%D0%BB%D0%B8%D0%BD%D0%B8%D0%BA%D0%B0&district_id=4504209512726578&type=branch&page=3&page_size=10&fields=items.point%2Citems.name%2Citems.address_name%2Citems.reviews HTTP/1.1" 200 133
2025-10-30 20:28:00,053 - DEBUG - [получить_поликлиники_в_районе] - Статус ответа: 200
2025-10-30 20:28:00,053 - WARNING - [получить_поликлиники_в_районе] - На странице 3 нет данных в ожидаемом формате
2025-10-30 20:28:00,554 - DEBUG - [получить_поликлиники_в_районе] - Запрос страницы 4 для района Вешняки
2025-10-30 20:28:00,555 - DEBUG - [_new_conn] - Starting new HTTPS connection (1): catalog.api.2gis.com:443
2025-10-30 20:28:00,931 - DEBUG - [_make_request] - https://catalog.api.2gis.com:443 "GET /3.0/items?key=2e3b8ee1-dca8-47ab-99a0-bb8cfce53698&q=%D0%BF%D0%BE%D0%BB%D0%B8%D0%BA%D0%BB%D0%B8%D0%BD%D0%B8%D0%BA%D0%B0&district_id=4504209512726578&type=branch&page=4&page_size=10&fields=items.point%2Citems.name%2Citems.address_name%2Citems.reviews HTTP/1.1" 200 133
2025-10-30 20:28:00,932 - DEBUG - [получить_поликлиники_в_районе] - Статус ответа: 200
2025-10-30 20:28:00,933 - WARNING - [получить_поликлиники_в_районе] - На странице 4 нет данных в ожидаемом формате
2025-10-30 20:28:01,433 - DEBUG - [получить_поликлиники_в_районе] - Запрос страницы 5 для района Вешняки
2025-10-30 20:28:01,435 - DEBUG - [_new_conn] - Starting new HTTPS connection (1): catalog.api.2gis.com:443
2025-10-30 20:28:01,825 - DEBUG - [_make_request] - https://catalog.api.2gis.com:443 "GET /3.0/items?key=2e3b8ee1-dca8-47ab-99a0-bb8cfce53698&q=%D0%BF%D0%BE%D0%BB%D0%B8%D0%BA%D0%BB%D0%B8%D0%BD%D0%B8%D0%BA%D0%B0&district_id=4504209512726578&type=branch&page=5&page_size=10&fields=items.point%2Citems.name%2Citems.address_name%2Citems.reviews HTTP/1.1" 200 133
2025-10-30 20:28:01,826 - DEBUG - [получить_поликлиники_в_районе] - Статус ответа: 200
2025-10-30 20:28:01,827 - WARNING - [получить_поликлиники_в_районе] - На странице 5 нет данных в ожидаемом формате
2025-10-30 20:28:01,827 - INFO - [получить_поликлиники_в_районе] - Завершение сбора для района Вешняки. Найдено поликлиник: 10
2025-10-30 20:28:01,830 - INFO - [<cell line: 0>] - Район 'Вешняки' завершен. Поликлиник: 10
2025-10-30 20:28:02,831 - INFO - [<cell line: 0>] - [18/132] Обработка района: Внуково
2025-10-30 20:28:02,832 - INFO - [получить_поликлиники_в_районе] - Начало сбора поликлиник для района: Внуково (ID: 4504209512726642)
2025-10-30 20:28:02,833 - DEBUG - [получить_поликлиники_в_районе] - Запрос страницы 1 для района Внуково
2025-10-30 20:28:02,834 - DEBUG - [_new_conn] - Starting new HTTPS connection (1): catalog.api.2gis.com:443
2025-10-30 20:28:03,227 - DEBUG - [_make_request] - https://catalog.api.2gis.com:443 "GET /3.0/items?key=2e3b8ee1-dca8-47ab-99a0-bb8cfce53698&q=%D0%BF%D0%BE%D0%BB%D0%B8%D0%BA%D0%BB%D0%B8%D0%BD%D0%B8%D0%BA%D0%B0&district_id=4504209512726642&type=branch&page=1&page_size=10&fields=items.point%2Citems.name%2Citems.address_name%2Citems.reviews HTTP/1.1" 200 None
2025-10-30 20:28:03,228 - DEBUG - [получить_поликлиники_в_районе] - Статус ответа: 200
2025-10-30 20:28:03,228 - INFO - [получить_поликлиники_в_районе] - Загружено 10 поликлиник со страницы 1
2025-10-30 20:28:03,729 - DEBUG - [получить_поликлиники_в_районе] - Запрос страницы 2 для района Внуково
2025-10-30 20:28:03,730 - DEBUG - [_new_conn] - Starting new HTTPS connection (1): catalog.api.2gis.com:443
2025-10-30 20:28:04,111 - DEBUG - [_make_request] - https://catalog.api.2gis.com:443 "GET /3.0/items?key=2e3b8ee1-dca8-47ab-99a0-bb8cfce53698&q=%D0%BF%D0%BE%D0%BB%D0%B8%D0%BA%D0%BB%D0%B8%D0%BD%D0%B8%D0%BA%D0%B0&district_id=4504209512726642&type=branch&page=2&page_size=10&fields=items.point%2Citems.name%2Citems.address_name%2Citems.reviews HTTP/1.1" 200 None
2025-10-30 20:28:04,112 - DEBUG - [получить_поликлиники_в_районе] - Статус ответа: 200
2025-10-30 20:28:04,113 - INFO - [получить_поликлиники_в_районе] - Загружено 4 поликлиник со страницы 2
2025-10-30 20:28:04,614 - DEBUG - [получить_поликлиники_в_районе] - Запрос страницы 3 для района Внуково
2025-10-30 20:28:04,615 - DEBUG - [_new_conn] - Starting new HTTPS connection (1): catalog.api.2gis.com:443
2025-10-30 20:28:05,004 - DEBUG - [_make_request] - https://catalog.api.2gis.com:443 "GET /3.0/items?key=2e3b8ee1-dca8-47ab-99a0-bb8cfce53698&q=%D0%BF%D0%BE%D0%BB%D0%B8%D0%BA%D0%BB%D0%B8%D0%BD%D0%B8%D0%BA%D0%B0&district_id=4504209512726642&type=branch&page=3&page_size=10&fields=items.point%2Citems.name%2Citems.address_name%2Citems.reviews HTTP/1.1" 200 133
2025-10-30 20:28:05,005 - DEBUG - [получить_поликлиники_в_районе] - Статус ответа: 200
2025-10-30 20:28:05,005 - WARNING - [получить_поликлиники_в_районе] - На странице 3 нет данных в ожидаемом формате
2025-10-30 20:28:05,506 - DEBUG - [получить_поликлиники_в_районе] - Запрос страницы 4 для района Внуково
2025-10-30 20:28:05,507 - DEBUG - [_new_conn] - Starting new HTTPS connection (1): catalog.api.2gis.com:443
2025-10-30 20:28:05,893 - DEBUG - [_make_request] - https://catalog.api.2gis.com:443 "GET /3.0/items?key=2e3b8ee1-dca8-47ab-99a0-bb8cfce53698&q=%D0%BF%D0%BE%D0%BB%D0%B8%D0%BA%D0%BB%D0%B8%D0%BD%D0%B8%D0%BA%D0%B0&district_id=4504209512726642&type=branch&page=4&page_size=10&fields=items.point%2Citems.name%2Citems.address_name%2Citems.reviews HTTP/1.1" 200 133
2025-10-30 20:28:05,894 - DEBUG - [получить_поликлиники_в_районе] - Статус ответа: 200
2025-10-30 20:28:05,894 - WARNING - [получить_поликлиники_в_районе] - На странице 4 нет данных в ожидаемом формате
2025-10-30 20:28:06,395 - DEBUG - [получить_поликлиники_в_районе] - Запрос страницы 5 для района Внуково
2025-10-30 20:28:06,396 - DEBUG - [_new_conn] - Starting new HTTPS connection (1): catalog.api.2gis.com:443
2025-10-30 20:28:06,774 - DEBUG - [_make_request] - https://catalog.api.2gis.com:443 "GET /3.0/items?key=2e3b8ee1-dca8-47ab-99a0-bb8cfce53698&q=%D0%BF%D0%BE%D0%BB%D0%B8%D0%BA%D0%BB%D0%B8%D0%BD%D0%B8%D0%BA%D0%B0&district_id=4504209512726642&type=branch&page=5&page_size=10&fields=items.point%2Citems.name%2Citems.address_name%2Citems.reviews HTTP/1.1" 200 133
2025-10-30 20:28:06,775 - DEBUG - [получить_поликлиники_в_районе] - Статус ответа: 200
2025-10-30 20:28:06,775 - WARNING - [получить_поликлиники_в_районе] - На странице 5 нет данных в ожидаемом формате
2025-10-30 20:28:06,776 - INFO - [получить_поликлиники_в_районе] - Завершение сбора для района Внуково. Найдено поликлиник: 14
2025-10-30 20:28:06,778 - INFO - [<cell line: 0>] - Район 'Внуково' завершен. Поликлиник: 14
2025-10-30 20:28:07,779 - INFO - [<cell line: 0>] - [19/132] Обработка района: Войковский
2025-10-30 20:28:07,780 - INFO - [получить_поликлиники_в_районе] - Начало сбора поликлиник для района: Войковский (ID: 4504209512726551)
2025-10-30 20:28:07,781 - DEBUG - [получить_поликлиники_в_районе] - Запрос страницы 1 для района Войковский
2025-10-30 20:28:07,783 - DEBUG - [_new_conn] - Starting new HTTPS connection (1): catalog.api.2gis.com:443
2025-10-30 20:28:08,184 - DEBUG - [_make_request] - https://catalog.api.2gis.com:443 "GET /3.0/items?key=2e3b8ee1-dca8-47ab-99a0-bb8cfce53698&q=%D0%BF%D0%BE%D0%BB%D0%B8%D0%BA%D0%BB%D0%B8%D0%BD%D0%B8%D0%BA%D0%B0&district_id=4504209512726551&type=branch&page=1&page_size=10&fields=items.point%2Citems.name%2Citems.address_name%2Citems.reviews HTTP/1.1" 200 None
2025-10-30 20:28:08,185 - DEBUG - [получить_поликлиники_в_районе] - Статус ответа: 200
2025-10-30 20:28:08,185 - INFO - [получить_поликлиники_в_районе] - Загружено 10 поликлиник со страницы 1
2025-10-30 20:28:08,686 - DEBUG - [получить_поликлиники_в_районе] - Запрос страницы 2 для района Войковский
2025-10-30 20:28:08,688 - DEBUG - [_new_conn] - Starting new HTTPS connection (1): catalog.api.2gis.com:443
2025-10-30 20:28:09,181 - DEBUG - [_make_request] - https://catalog.api.2gis.com:443 "GET /3.0/items?key=2e3b8ee1-dca8-47ab-99a0-bb8cfce53698&q=%D0%BF%D0%BE%D0%BB%D0%B8%D0%BA%D0%BB%D0%B8%D0%BD%D0%B8%D0%BA%D0%B0&district_id=4504209512726551&type=branch&page=2&page_size=10&fields=items.point%2Citems.name%2Citems.address_name%2Citems.reviews HTTP/1.1" 200 133
2025-10-30 20:28:09,182 - DEBUG - [получить_поликлиники_в_районе] - Статус ответа: 200
2025-10-30 20:28:09,183 - WARNING - [получить_поликлиники_в_районе] - На странице 2 нет данных в ожидаемом формате
2025-10-30 20:28:09,684 - DEBUG - [получить_поликлиники_в_районе] - Запрос страницы 3 для района Войковский
2025-10-30 20:28:09,686 - DEBUG - [_new_conn] - Starting new HTTPS connection (1): catalog.api.2gis.com:443
2025-10-30 20:28:10,066 - DEBUG - [_make_request] - https://catalog.api.2gis.com:443 "GET /3.0/items?key=2e3b8ee1-dca8-47ab-99a0-bb8cfce53698&q=%D0%BF%D0%BE%D0%BB%D0%B8%D0%BA%D0%BB%D0%B8%D0%BD%D0%B8%D0%BA%D0%B0&district_id=4504209512726551&type=branch&page=3&page_size=10&fields=items.point%2Citems.name%2Citems.address_name%2Citems.reviews HTTP/1.1" 200 133
2025-10-30 20:28:10,067 - DEBUG - [получить_поликлиники_в_районе] - Статус ответа: 200
2025-10-30 20:28:10,067 - WARNING - [получить_поликлиники_в_районе] - На странице 3 нет данных в ожидаемом формате
2025-10-30 20:28:10,568 - DEBUG - [получить_поликлиники_в_районе] - Запрос страницы 4 для района Войковский
2025-10-30 20:28:10,569 - DEBUG - [_new_conn] - Starting new HTTPS connection (1): catalog.api.2gis.com:443
2025-10-30 20:28:10,948 - DEBUG - [_make_request] - https://catalog.api.2gis.com:443 "GET /3.0/items?key=2e3b8ee1-dca8-47ab-99a0-bb8cfce53698&q=%D0%BF%D0%BE%D0%BB%D0%B8%D0%BA%D0%BB%D0%B8%D0%BD%D0%B8%D0%BA%D0%B0&district_id=4504209512726551&type=branch&page=4&page_size=10&fields=items.point%2Citems.name%2Citems.address_name%2Citems.reviews HTTP/1.1" 200 133
2025-10-30 20:28:10,949 - DEBUG - [получить_поликлиники_в_районе] - Статус ответа: 200
2025-10-30 20:28:10,950 - WARNING - [получить_поликлиники_в_районе] - На странице 4 нет данных в ожидаемом формате
2025-10-30 20:28:11,451 - DEBUG - [получить_поликлиники_в_районе] - Запрос страницы 5 для района Войковский
2025-10-30 20:28:11,452 - DEBUG - [_new_conn] - Starting new HTTPS connection (1): catalog.api.2gis.com:443
2025-10-30 20:28:11,842 - DEBUG - [_make_request] - https://catalog.api.2gis.com:443 "GET /3.0/items?key=2e3b8ee1-dca8-47ab-99a0-bb8cfce53698&q=%D0%BF%D0%BE%D0%BB%D0%B8%D0%BA%D0%BB%D0%B8%D0%BD%D0%B8%D0%BA%D0%B0&district_id=4504209512726551&type=branch&page=5&page_size=10&fields=items.point%2Citems.name%2Citems.address_name%2Citems.reviews HTTP/1.1" 200 133
2025-10-30 20:28:11,843 - DEBUG - [получить_поликлиники_в_районе] - Статус ответа: 200
2025-10-30 20:28:11,844 - WARNING - [получить_поликлиники_в_районе] - На странице 5 нет данных в ожидаемом формате
2025-10-30 20:28:11,844 - INFO - [получить_поликлиники_в_районе] - Завершение сбора для района Войковский. Найдено поликлиник: 10
2025-10-30 20:28:11,847 - INFO - [<cell line: 0>] - Район 'Войковский' завершен. Поликлиник: 10
2025-10-30 20:28:12,847 - INFO - [<cell line: 0>] - [20/132] Обработка района: Вороново
2025-10-30 20:28:12,848 - INFO - [получить_поликлиники_в_районе] - Начало сбора поликлиник для района: Вороново (ID: 4504209520931533)
2025-10-30 20:28:12,850 - DEBUG - [получить_поликлиники_в_районе] - Запрос страницы 1 для района Вороново
2025-10-30 20:28:12,851 - DEBUG - [_new_conn] - Starting new HTTPS connection (1): catalog.api.2gis.com:443
2025-10-30 20:28:13,223 - DEBUG - [_make_request] - https://catalog.api.2gis.com:443 "GET /3.0/items?key=2e3b8ee1-dca8-47ab-99a0-bb8cfce53698&q=%D0%BF%D0%BE%D0%BB%D0%B8%D0%BA%D0%BB%D0%B8%D0%BD%D0%B8%D0%BA%D0%B0&district_id=4504209520931533&type=branch&page=1&page_size=10&fields=items.point%2Citems.name%2Citems.address_name%2Citems.reviews HTTP/1.1" 200 None
2025-10-30 20:28:13,224 - DEBUG - [получить_поликлиники_в_районе] - Статус ответа: 200
2025-10-30 20:28:13,224 - INFO - [получить_поликлиники_в_районе] - Загружено 5 поликлиник со страницы 1
2025-10-30 20:28:13,725 - DEBUG - [получить_поликлиники_в_районе] - Запрос страницы 2 для района Вороново
2025-10-30 20:28:13,726 - DEBUG - [_new_conn] - Starting new HTTPS connection (1): catalog.api.2gis.com:443
2025-10-30 20:28:14,104 - DEBUG - [_make_request] - https://catalog.api.2gis.com:443 "GET /3.0/items?key=2e3b8ee1-dca8-47ab-99a0-bb8cfce53698&q=%D0%BF%D0%BE%D0%BB%D0%B8%D0%BA%D0%BB%D0%B8%D0%BD%D0%B8%D0%BA%D0%B0&district_id=4504209520931533&type=branch&page=2&page_size=10&fields=items.point%2Citems.name%2Citems.address_name%2Citems.reviews HTTP/1.1" 200 133
2025-10-30 20:28:14,105 - DEBUG - [получить_поликлиники_в_районе] - Статус ответа: 200
2025-10-30 20:28:14,105 - WARNING - [получить_поликлиники_в_районе] - На странице 2 нет данных в ожидаемом формате
2025-10-30 20:28:14,606 - DEBUG - [получить_поликлиники_в_районе] - Запрос страницы 3 для района Вороново
2025-10-30 20:28:14,608 - DEBUG - [_new_conn] - Starting new HTTPS connection (1): catalog.api.2gis.com:443
2025-10-30 20:28:14,998 - DEBUG - [_make_request] - https://catalog.api.2gis.com:443 "GET /3.0/items?key=2e3b8ee1-dca8-47ab-99a0-bb8cfce53698&q=%D0%BF%D0%BE%D0%BB%D0%B8%D0%BA%D0%BB%D0%B8%D0%BD%D0%B8%D0%BA%D0%B0&district_id=4504209520931533&type=branch&page=3&page_size=10&fields=items.point%2Citems.name%2Citems.address_name%2Citems.reviews HTTP/1.1" 200 133
2025-10-30 20:28:14,999 - DEBUG - [получить_поликлиники_в_районе] - Статус ответа: 200
2025-10-30 20:28:14,999 - WARNING - [получить_поликлиники_в_районе] - На странице 3 нет данных в ожидаемом формате
2025-10-30 20:28:15,500 - DEBUG - [получить_поликлиники_в_районе] - Запрос страницы 4 для района Вороново
2025-10-30 20:28:15,501 - DEBUG - [_new_conn] - Starting new HTTPS connection (1): catalog.api.2gis.com:443
2025-10-30 20:28:15,873 - DEBUG - [_make_request] - https://catalog.api.2gis.com:443 "GET /3.0/items?key=2e3b8ee1-dca8-47ab-99a0-bb8cfce53698&q=%D0%BF%D0%BE%D0%BB%D0%B8%D0%BA%D0%BB%D0%B8%D0%BD%D0%B8%D0%BA%D0%B0&district_id=4504209520931533&type=branch&page=4&page_size=10&fields=items.point%2Citems.name%2Citems.address_name%2Citems.reviews HTTP/1.1" 200 133
2025-10-30 20:28:15,874 - DEBUG - [получить_поликлиники_в_районе] - Статус ответа: 200
2025-10-30 20:28:15,874 - WARNING - [получить_поликлиники_в_районе] - На странице 4 нет данных в ожидаемом формате
2025-10-30 20:28:16,375 - DEBUG - [получить_поликлиники_в_районе] - Запрос страницы 5 для района Вороново
2025-10-30 20:28:16,377 - DEBUG - [_new_conn] - Starting new HTTPS connection (1): catalog.api.2gis.com:443
2025-10-30 20:28:16,766 - DEBUG - [_make_request] - https://catalog.api.2gis.com:443 "GET /3.0/items?key=2e3b8ee1-dca8-47ab-99a0-bb8cfce53698&q=%D0%BF%D0%BE%D0%BB%D0%B8%D0%BA%D0%BB%D0%B8%D0%BD%D0%B8%D0%BA%D0%B0&district_id=4504209520931533&type=branch&page=5&page_size=10&fields=items.point%2Citems.name%2Citems.address_name%2Citems.reviews HTTP/1.1" 200 133
2025-10-30 20:28:16,767 - DEBUG - [получить_поликлиники_в_районе] - Статус ответа: 200
2025-10-30 20:28:16,767 - WARNING - [получить_поликлиники_в_районе] - На странице 5 нет данных в ожидаемом формате
2025-10-30 20:28:16,768 - INFO - [получить_поликлиники_в_районе] - Завершение сбора для района Вороново. Найдено поликлиник: 5
2025-10-30 20:28:16,769 - INFO - [<cell line: 0>] - Район 'Вороново' завершен. Поликлиник: 5
2025-10-30 20:28:17,771 - INFO - [<cell line: 0>] - [21/132] Обработка района: Восточное Дегунино
2025-10-30 20:28:17,772 - INFO - [получить_поликлиники_в_районе] - Начало сбора поликлиник для района: Восточное Дегунино (ID: 4504209512726544)
2025-10-30 20:28:17,772 - DEBUG - [получить_поликлиники_в_районе] - Запрос страницы 1 для района Восточное Дегунино
2025-10-30 20:28:17,774 - DEBUG - [_new_conn] - Starting new HTTPS connection (1): catalog.api.2gis.com:443
2025-10-30 20:28:18,150 - DEBUG - [_make_request] - https://catalog.api.2gis.com:443 "GET /3.0/items?key=2e3b8ee1-dca8-47ab-99a0-bb8cfce53698&q=%D0%BF%D0%BE%D0%BB%D0%B8%D0%BA%D0%BB%D0%B8%D0%BD%D0%B8%D0%BA%D0%B0&district_id=4504209512726544&type=branch&page=1&page_size=10&fields=items.point%2Citems.name%2Citems.address_name%2Citems.reviews HTTP/1.1" 200 None
2025-10-30 20:28:18,150 - DEBUG - [получить_поликлиники_в_районе] - Статус ответа: 200
2025-10-30 20:28:18,151 - INFO - [получить_поликлиники_в_районе] - Загружено 4 поликлиник со страницы 1
2025-10-30 20:28:18,652 - DEBUG - [получить_поликлиники_в_районе] - Запрос страницы 2 для района Восточное Дегунино
2025-10-30 20:28:18,653 - DEBUG - [_new_conn] - Starting new HTTPS connection (1): catalog.api.2gis.com:443
2025-10-30 20:28:19,049 - DEBUG - [_make_request] - https://catalog.api.2gis.com:443 "GET /3.0/items?key=2e3b8ee1-dca8-47ab-99a0-bb8cfce53698&q=%D0%BF%D0%BE%D0%BB%D0%B8%D0%BA%D0%BB%D0%B8%D0%BD%D0%B8%D0%BA%D0%B0&district_id=4504209512726544&type=branch&page=2&page_size=10&fields=items.point%2Citems.name%2Citems.address_name%2Citems.reviews HTTP/1.1" 200 133
2025-10-30 20:28:19,050 - DEBUG - [получить_поликлиники_в_районе] - Статус ответа: 200
2025-10-30 20:28:19,050 - WARNING - [получить_поликлиники_в_районе] - На странице 2 нет данных в ожидаемом формате
2025-10-30 20:28:19,551 - DEBUG - [получить_поликлиники_в_районе] - Запрос страницы 3 для района Восточное Дегунино
2025-10-30 20:28:19,552 - DEBUG - [_new_conn] - Starting new HTTPS connection (1): catalog.api.2gis.com:443
2025-10-30 20:28:19,940 - DEBUG - [_make_request] - https://catalog.api.2gis.com:443 "GET /3.0/items?key=2e3b8ee1-dca8-47ab-99a0-bb8cfce53698&q=%D0%BF%D0%BE%D0%BB%D0%B8%D0%BA%D0%BB%D0%B8%D0%BD%D0%B8%D0%BA%D0%B0&district_id=4504209512726544&type=branch&page=3&page_size=10&fields=items.point%2Citems.name%2Citems.address_name%2Citems.reviews HTTP/1.1" 200 133
2025-10-30 20:28:19,941 - DEBUG - [получить_поликлиники_в_районе] - Статус ответа: 200
2025-10-30 20:28:19,942 - WARNING - [получить_поликлиники_в_районе] - На странице 3 нет данных в ожидаемом формате
2025-10-30 20:28:20,443 - DEBUG - [получить_поликлиники_в_районе] - Запрос страницы 4 для района Восточное Дегунино
2025-10-30 20:28:20,444 - DEBUG - [_new_conn] - Starting new HTTPS connection (1): catalog.api.2gis.com:443
2025-10-30 20:28:20,827 - DEBUG - [_make_request] - https://catalog.api.2gis.com:443 "GET /3.0/items?key=2e3b8ee1-dca8-47ab-99a0-bb8cfce53698&q=%D0%BF%D0%BE%D0%BB%D0%B8%D0%BA%D0%BB%D0%B8%D0%BD%D0%B8%D0%BA%D0%B0&district_id=4504209512726544&type=branch&page=4&page_size=10&fields=items.point%2Citems.name%2Citems.address_name%2Citems.reviews HTTP/1.1" 200 133
2025-10-30 20:28:20,828 - DEBUG - [получить_поликлиники_в_районе] - Статус ответа: 200
2025-10-30 20:28:20,828 - WARNING - [получить_поликлиники_в_районе] - На странице 4 нет данных в ожидаемом формате
2025-10-30 20:28:21,330 - DEBUG - [получить_поликлиники_в_районе] - Запрос страницы 5 для района Восточное Дегунино
2025-10-30 20:28:21,331 - DEBUG - [_new_conn] - Starting new HTTPS connection (1): catalog.api.2gis.com:443
2025-10-30 20:28:21,733 - DEBUG - [_make_request] - https://catalog.api.2gis.com:443 "GET /3.0/items?key=2e3b8ee1-dca8-47ab-99a0-bb8cfce53698&q=%D0%BF%D0%BE%D0%BB%D0%B8%D0%BA%D0%BB%D0%B8%D0%BD%D0%B8%D0%BA%D0%B0&district_id=4504209512726544&type=branch&page=5&page_size=10&fields=items.point%2Citems.name%2Citems.address_name%2Citems.reviews HTTP/1.1" 200 133
2025-10-30 20:28:21,734 - DEBUG - [получить_поликлиники_в_районе] - Статус ответа: 200
2025-10-30 20:28:21,734 - WARNING - [получить_поликлиники_в_районе] - На странице 5 нет данных в ожидаемом формате
2025-10-30 20:28:21,735 - INFO - [получить_поликлиники_в_районе] - Завершение сбора для района Восточное Дегунино. Найдено поликлиник: 4
2025-10-30 20:28:21,736 - INFO - [<cell line: 0>] - Район 'Восточное Дегунино' завершен. Поликлиник: 4
2025-10-30 20:28:22,738 - INFO - [<cell line: 0>] - [22/132] Обработка района: Восточное Измайлово
2025-10-30 20:28:22,739 - INFO - [получить_поликлиники_в_районе] - Начало сбора поликлиник для района: Восточное Измайлово (ID: 4504209512726575)
2025-10-30 20:28:22,740 - DEBUG - [получить_поликлиники_в_районе] - Запрос страницы 1 для района Восточное Измайлово
2025-10-30 20:28:22,742 - DEBUG - [_new_conn] - Starting new HTTPS connection (1): catalog.api.2gis.com:443
2025-10-30 20:28:23,127 - DEBUG - [_make_request] - https://catalog.api.2gis.com:443 "GET /3.0/items?key=2e3b8ee1-dca8-47ab-99a0-bb8cfce53698&q=%D0%BF%D0%BE%D0%BB%D0%B8%D0%BA%D0%BB%D0%B8%D0%BD%D0%B8%D0%BA%D0%B0&district_id=4504209512726575&type=branch&page=1&page_size=10&fields=items.point%2Citems.name%2Citems.address_name%2Citems.reviews HTTP/1.1" 200 None
2025-10-30 20:28:23,128 - DEBUG - [получить_поликлиники_в_районе] - Статус ответа: 200
2025-10-30 20:28:23,128 - INFO - [получить_поликлиники_в_районе] - Загружено 9 поликлиник со страницы 1
2025-10-30 20:28:23,629 - DEBUG - [получить_поликлиники_в_районе] - Запрос страницы 2 для района Восточное Измайлово
2025-10-30 20:28:23,630 - DEBUG - [_new_conn] - Starting new HTTPS connection (1): catalog.api.2gis.com:443
2025-10-30 20:28:24,022 - DEBUG - [_make_request] - https://catalog.api.2gis.com:443 "GET /3.0/items?key=2e3b8ee1-dca8-47ab-99a0-bb8cfce53698&q=%D0%BF%D0%BE%D0%BB%D0%B8%D0%BA%D0%BB%D0%B8%D0%BD%D0%B8%D0%BA%D0%B0&district_id=4504209512726575&type=branch&page=2&page_size=10&fields=items.point%2Citems.name%2Citems.address_name%2Citems.reviews HTTP/1.1" 200 133
2025-10-30 20:28:24,023 - DEBUG - [получить_поликлиники_в_районе] - Статус ответа: 200
2025-10-30 20:28:24,023 - WARNING - [получить_поликлиники_в_районе] - На странице 2 нет данных в ожидаемом формате
2025-10-30 20:28:24,524 - DEBUG - [получить_поликлиники_в_районе] - Запрос страницы 3 для района Восточное Измайлово
2025-10-30 20:28:24,526 - DEBUG - [_new_conn] - Starting new HTTPS connection (1): catalog.api.2gis.com:443
2025-10-30 20:28:24,919 - DEBUG - [_make_request] - https://catalog.api.2gis.com:443 "GET /3.0/items?key=2e3b8ee1-dca8-47ab-99a0-bb8cfce53698&q=%D0%BF%D0%BE%D0%BB%D0%B8%D0%BA%D0%BB%D0%B8%D0%BD%D0%B8%D0%BA%D0%B0&district_id=4504209512726575&type=branch&page=3&page_size=10&fields=items.point%2Citems.name%2Citems.address_name%2Citems.reviews HTTP/1.1" 200 133
2025-10-30 20:28:24,920 - DEBUG - [получить_поликлиники_в_районе] - Статус ответа: 200
2025-10-30 20:28:24,920 - WARNING - [получить_поликлиники_в_районе] - На странице 3 нет данных в ожидаемом формате
2025-10-30 20:28:25,421 - DEBUG - [получить_поликлиники_в_районе] - Запрос страницы 4 для района Восточное Измайлово
2025-10-30 20:28:25,422 - DEBUG - [_new_conn] - Starting new HTTPS connection (1): catalog.api.2gis.com:443
2025-10-30 20:28:25,812 - DEBUG - [_make_request] - https://catalog.api.2gis.com:443 "GET /3.0/items?key=2e3b8ee1-dca8-47ab-99a0-bb8cfce53698&q=%D0%BF%D0%BE%D0%BB%D0%B8%D0%BA%D0%BB%D0%B8%D0%BD%D0%B8%D0%BA%D0%B0&district_id=4504209512726575&type=branch&page=4&page_size=10&fields=items.point%2Citems.name%2Citems.address_name%2Citems.reviews HTTP/1.1" 200 133
2025-10-30 20:28:25,813 - DEBUG - [получить_поликлиники_в_районе] - Статус ответа: 200
2025-10-30 20:28:25,813 - WARNING - [получить_поликлиники_в_районе] - На странице 4 нет данных в ожидаемом формате
2025-10-30 20:28:26,314 - DEBUG - [получить_поликлиники_в_районе] - Запрос страницы 5 для района Восточное Измайлово
2025-10-30 20:28:26,315 - DEBUG - [_new_conn] - Starting new HTTPS connection (1): catalog.api.2gis.com:443
2025-10-30 20:28:26,700 - DEBUG - [_make_request] - https://catalog.api.2gis.com:443 "GET /3.0/items?key=2e3b8ee1-dca8-47ab-99a0-bb8cfce53698&q=%D0%BF%D0%BE%D0%BB%D0%B8%D0%BA%D0%BB%D0%B8%D0%BD%D0%B8%D0%BA%D0%B0&district_id=4504209512726575&type=branch&page=5&page_size=10&fields=items.point%2Citems.name%2Citems.address_name%2Citems.reviews HTTP/1.1" 200 133
2025-10-30 20:28:26,701 - DEBUG - [получить_поликлиники_в_районе] - Статус ответа: 200
2025-10-30 20:28:26,702 - WARNING - [получить_поликлиники_в_районе] - На странице 5 нет данных в ожидаемом формате
2025-10-30 20:28:26,702 - INFO - [получить_поликлиники_в_районе] - Завершение сбора для района Восточное Измайлово. Найдено поликлиник: 9
2025-10-30 20:28:26,704 - INFO - [<cell line: 0>] - Район 'Восточное Измайлово' завершен. Поликлиник: 9
2025-10-30 20:28:27,706 - INFO - [<cell line: 0>] - [23/132] Обработка района: Восточный
2025-10-30 20:28:27,707 - INFO - [получить_поликлиники_в_районе] - Начало сбора поликлиник для района: Восточный (ID: 4504209512726586)
2025-10-30 20:28:27,709 - DEBUG - [получить_поликлиники_в_районе] - Запрос страницы 1 для района Восточный
2025-10-30 20:28:27,710 - DEBUG - [_new_conn] - Starting new HTTPS connection (1): catalog.api.2gis.com:443
2025-10-30 20:28:28,092 - DEBUG - [_make_request] - https://catalog.api.2gis.com:443 "GET /3.0/items?key=2e3b8ee1-dca8-47ab-99a0-bb8cfce53698&q=%D0%BF%D0%BE%D0%BB%D0%B8%D0%BA%D0%BB%D0%B8%D0%BD%D0%B8%D0%BA%D0%B0&district_id=4504209512726586&type=branch&page=1&page_size=10&fields=items.point%2Citems.name%2Citems.address_name%2Citems.reviews HTTP/1.1" 200 None
2025-10-30 20:28:28,093 - DEBUG - [получить_поликлиники_в_районе] - Статус ответа: 200
2025-10-30 20:28:28,093 - INFO - [получить_поликлиники_в_районе] - Загружено 3 поликлиник со страницы 1
2025-10-30 20:28:28,604 - DEBUG - [получить_поликлиники_в_районе] - Запрос страницы 2 для района Восточный
2025-10-30 20:28:28,605 - DEBUG - [_new_conn] - Starting new HTTPS connection (1): catalog.api.2gis.com:443
2025-10-30 20:28:28,983 - DEBUG - [_make_request] - https://catalog.api.2gis.com:443 "GET /3.0/items?key=2e3b8ee1-dca8-47ab-99a0-bb8cfce53698&q=%D0%BF%D0%BE%D0%BB%D0%B8%D0%BA%D0%BB%D0%B8%D0%BD%D0%B8%D0%BA%D0%B0&district_id=4504209512726586&type=branch&page=2&page_size=10&fields=items.point%2Citems.name%2Citems.address_name%2Citems.reviews HTTP/1.1" 200 133
2025-10-30 20:28:28,985 - DEBUG - [получить_поликлиники_в_районе] - Статус ответа: 200
2025-10-30 20:28:28,985 - WARNING - [получить_поликлиники_в_районе] - На странице 2 нет данных в ожидаемом формате
2025-10-30 20:28:29,492 - DEBUG - [получить_поликлиники_в_районе] - Запрос страницы 3 для района Восточный
2025-10-30 20:28:29,493 - DEBUG - [_new_conn] - Starting new HTTPS connection (1): catalog.api.2gis.com:443
2025-10-30 20:28:29,875 - DEBUG - [_make_request] - https://catalog.api.2gis.com:443 "GET /3.0/items?key=2e3b8ee1-dca8-47ab-99a0-bb8cfce53698&q=%D0%BF%D0%BE%D0%BB%D0%B8%D0%BA%D0%BB%D0%B8%D0%BD%D0%B8%D0%BA%D0%B0&district_id=4504209512726586&type=branch&page=3&page_size=10&fields=items.point%2Citems.name%2Citems.address_name%2Citems.reviews HTTP/1.1" 200 133
2025-10-30 20:28:29,876 - DEBUG - [получить_поликлиники_в_районе] - Статус ответа: 200
2025-10-30 20:28:29,876 - WARNING - [получить_поликлиники_в_районе] - На странице 3 нет данных в ожидаемом формате
2025-10-30 20:28:30,378 - DEBUG - [получить_поликлиники_в_районе] - Запрос страницы 4 для района Восточный
2025-10-30 20:28:30,379 - DEBUG - [_new_conn] - Starting new HTTPS connection (1): catalog.api.2gis.com:443
2025-10-30 20:28:30,767 - DEBUG - [_make_request] - https://catalog.api.2gis.com:443 "GET /3.0/items?key=2e3b8ee1-dca8-47ab-99a0-bb8cfce53698&q=%D0%BF%D0%BE%D0%BB%D0%B8%D0%BA%D0%BB%D0%B8%D0%BD%D0%B8%D0%BA%D0%B0&district_id=4504209512726586&type=branch&page=4&page_size=10&fields=items.point%2Citems.name%2Citems.address_name%2Citems.reviews HTTP/1.1" 200 133
2025-10-30 20:28:30,768 - DEBUG - [получить_поликлиники_в_районе] - Статус ответа: 200
2025-10-30 20:28:30,768 - WARNING - [получить_поликлиники_в_районе] - На странице 4 нет данных в ожидаемом формате
2025-10-30 20:28:31,269 - DEBUG - [получить_поликлиники_в_районе] - Запрос страницы 5 для района Восточный
2025-10-30 20:28:31,270 - DEBUG - [_new_conn] - Starting new HTTPS connection (1): catalog.api.2gis.com:443
2025-10-30 20:28:31,649 - DEBUG - [_make_request] - https://catalog.api.2gis.com:443 "GET /3.0/items?key=2e3b8ee1-dca8-47ab-99a0-bb8cfce53698&q=%D0%BF%D0%BE%D0%BB%D0%B8%D0%BA%D0%BB%D0%B8%D0%BD%D0%B8%D0%BA%D0%B0&district_id=4504209512726586&type=branch&page=5&page_size=10&fields=items.point%2Citems.name%2Citems.address_name%2Citems.reviews HTTP/1.1" 200 133
2025-10-30 20:28:31,650 - DEBUG - [получить_поликлиники_в_районе] - Статус ответа: 200
2025-10-30 20:28:31,650 - WARNING - [получить_поликлиники_в_районе] - На странице 5 нет данных в ожидаемом формате
2025-10-30 20:28:31,651 - INFO - [получить_поликлиники_в_районе] - Завершение сбора для района Восточный. Найдено поликлиник: 3
2025-10-30 20:28:31,653 - INFO - [<cell line: 0>] - Район 'Восточный' завершен. Поликлиник: 3
2025-10-30 20:28:32,656 - INFO - [<cell line: 0>] - [24/132] Обработка района: Выхино-Жулебино
2025-10-30 20:28:32,662 - INFO - [получить_поликлиники_в_районе] - Начало сбора поликлиник для района: Выхино-Жулебино (ID: 4504209512726600)
2025-10-30 20:28:32,665 - DEBUG - [получить_поликлиники_в_районе] - Запрос страницы 1 для района Выхино-Жулебино
2025-10-30 20:28:32,667 - DEBUG - [_new_conn] - Starting new HTTPS connection (1): catalog.api.2gis.com:443
2025-10-30 20:28:33,073 - DEBUG - [_make_request] - https://catalog.api.2gis.com:443 "GET /3.0/items?key=2e3b8ee1-dca8-47ab-99a0-bb8cfce53698&q=%D0%BF%D0%BE%D0%BB%D0%B8%D0%BA%D0%BB%D0%B8%D0%BD%D0%B8%D0%BA%D0%B0&district_id=4504209512726600&type=branch&page=1&page_size=10&fields=items.point%2Citems.name%2Citems.address_name%2Citems.reviews HTTP/1.1" 200 None
2025-10-30 20:28:33,074 - DEBUG - [получить_поликлиники_в_районе] - Статус ответа: 200
2025-10-30 20:28:33,074 - INFO - [получить_поликлиники_в_районе] - Загружено 10 поликлиник со страницы 1
2025-10-30 20:28:33,585 - DEBUG - [получить_поликлиники_в_районе] - Запрос страницы 2 для района Выхино-Жулебино
2025-10-30 20:28:33,587 - DEBUG - [_new_conn] - Starting new HTTPS connection (1): catalog.api.2gis.com:443
2025-10-30 20:28:34,004 - DEBUG - [_make_request] - https://catalog.api.2gis.com:443 "GET /3.0/items?key=2e3b8ee1-dca8-47ab-99a0-bb8cfce53698&q=%D0%BF%D0%BE%D0%BB%D0%B8%D0%BA%D0%BB%D0%B8%D0%BD%D0%B8%D0%BA%D0%B0&district_id=4504209512726600&type=branch&page=2&page_size=10&fields=items.point%2Citems.name%2Citems.address_name%2Citems.reviews HTTP/1.1" 200 None
2025-10-30 20:28:34,008 - DEBUG - [получить_поликлиники_в_районе] - Статус ответа: 200
2025-10-30 20:28:34,011 - INFO - [получить_поликлиники_в_районе] - Загружено 10 поликлиник со страницы 2
2025-10-30 20:28:34,515 - DEBUG - [получить_поликлиники_в_районе] - Запрос страницы 3 для района Выхино-Жулебино
2025-10-30 20:28:34,517 - DEBUG - [_new_conn] - Starting new HTTPS connection (1): catalog.api.2gis.com:443
2025-10-30 20:28:34,923 - DEBUG - [_make_request] - https://catalog.api.2gis.com:443 "GET /3.0/items?key=2e3b8ee1-dca8-47ab-99a0-bb8cfce53698&q=%D0%BF%D0%BE%D0%BB%D0%B8%D0%BA%D0%BB%D0%B8%D0%BD%D0%B8%D0%BA%D0%B0&district_id=4504209512726600&type=branch&page=3&page_size=10&fields=items.point%2Citems.name%2Citems.address_name%2Citems.reviews HTTP/1.1" 200 None
2025-10-30 20:28:34,924 - DEBUG - [получить_поликлиники_в_районе] - Статус ответа: 200
2025-10-30 20:28:34,924 - INFO - [получить_поликлиники_в_районе] - Загружено 10 поликлиник со страницы 3
2025-10-30 20:28:35,425 - DEBUG - [получить_поликлиники_в_районе] - Запрос страницы 4 для района Выхино-Жулебино
2025-10-30 20:28:35,426 - DEBUG - [_new_conn] - Starting new HTTPS connection (1): catalog.api.2gis.com:443
2025-10-30 20:28:35,824 - DEBUG - [_make_request] - https://catalog.api.2gis.com:443 "GET /3.0/items?key=2e3b8ee1-dca8-47ab-99a0-bb8cfce53698&q=%D0%BF%D0%BE%D0%BB%D0%B8%D0%BA%D0%BB%D0%B8%D0%BD%D0%B8%D0%BA%D0%B0&district_id=4504209512726600&type=branch&page=4&page_size=10&fields=items.point%2Citems.name%2Citems.address_name%2Citems.reviews HTTP/1.1" 200 None
2025-10-30 20:28:35,825 - DEBUG - [получить_поликлиники_в_районе] - Статус ответа: 200
2025-10-30 20:28:35,825 - INFO - [получить_поликлиники_в_районе] - Загружено 10 поликлиник со страницы 4
2025-10-30 20:28:36,326 - DEBUG - [получить_поликлиники_в_районе] - Запрос страницы 5 для района Выхино-Жулебино
2025-10-30 20:28:36,328 - DEBUG - [_new_conn] - Starting new HTTPS connection (1): catalog.api.2gis.com:443
2025-10-30 20:28:36,710 - DEBUG - [_make_request] - https://catalog.api.2gis.com:443 "GET /3.0/items?key=2e3b8ee1-dca8-47ab-99a0-bb8cfce53698&q=%D0%BF%D0%BE%D0%BB%D0%B8%D0%BA%D0%BB%D0%B8%D0%BD%D0%B8%D0%BA%D0%B0&district_id=4504209512726600&type=branch&page=5&page_size=10&fields=items.point%2Citems.name%2Citems.address_name%2Citems.reviews HTTP/1.1" 200 None
2025-10-30 20:28:36,711 - DEBUG - [получить_поликлиники_в_районе] - Статус ответа: 200
2025-10-30 20:28:36,711 - INFO - [получить_поликлиники_в_районе] - Загружено 4 поликлиник со страницы 5
2025-10-30 20:28:36,712 - INFO - [получить_поликлиники_в_районе] - Завершение сбора для района Выхино-Жулебино. Найдено поликлиник: 44
2025-10-30 20:28:36,713 - INFO - [<cell line: 0>] - Район 'Выхино-Жулебино' завершен. Поликлиник: 44
2025-10-30 20:28:37,714 - INFO - [<cell line: 0>] - [25/132] Обработка района: Гагаринский
2025-10-30 20:28:37,715 - INFO - [получить_поликлиники_в_районе] - Начало сбора поликлиник для района: Гагаринский (ID: 4504209512726624)
2025-10-30 20:28:37,717 - DEBUG - [получить_поликлиники_в_районе] - Запрос страницы 1 для района Гагаринский
2025-10-30 20:28:37,718 - DEBUG - [_new_conn] - Starting new HTTPS connection (1): catalog.api.2gis.com:443
2025-10-30 20:28:38,119 - DEBUG - [_make_request] - https://catalog.api.2gis.com:443 "GET /3.0/items?key=2e3b8ee1-dca8-47ab-99a0-bb8cfce53698&q=%D0%BF%D0%BE%D0%BB%D0%B8%D0%BA%D0%BB%D0%B8%D0%BD%D0%B8%D0%BA%D0%B0&district_id=4504209512726624&type=branch&page=1&page_size=10&fields=items.point%2Citems.name%2Citems.address_name%2Citems.reviews HTTP/1.1" 200 None
2025-10-30 20:28:38,120 - DEBUG - [получить_поликлиники_в_районе] - Статус ответа: 200
2025-10-30 20:28:38,120 - INFO - [получить_поликлиники_в_районе] - Загружено 7 поликлиник со страницы 1
2025-10-30 20:28:38,621 - DEBUG - [получить_поликлиники_в_районе] - Запрос страницы 2 для района Гагаринский
2025-10-30 20:28:38,622 - DEBUG - [_new_conn] - Starting new HTTPS connection (1): catalog.api.2gis.com:443
2025-10-30 20:28:39,233 - DEBUG - [_make_request] - https://catalog.api.2gis.com:443 "GET /3.0/items?key=2e3b8ee1-dca8-47ab-99a0-bb8cfce53698&q=%D0%BF%D0%BE%D0%BB%D0%B8%D0%BA%D0%BB%D0%B8%D0%BD%D0%B8%D0%BA%D0%B0&district_id=4504209512726624&type=branch&page=2&page_size=10&fields=items.point%2Citems.name%2Citems.address_name%2Citems.reviews HTTP/1.1" 200 133
2025-10-30 20:28:39,234 - DEBUG - [получить_поликлиники_в_районе] - Статус ответа: 200
2025-10-30 20:28:39,234 - WARNING - [получить_поликлиники_в_районе] - На странице 2 нет данных в ожидаемом формате
2025-10-30 20:28:39,735 - DEBUG - [получить_поликлиники_в_районе] - Запрос страницы 3 для района Гагаринский
2025-10-30 20:28:39,737 - DEBUG - [_new_conn] - Starting new HTTPS connection (1): catalog.api.2gis.com:443
2025-10-30 20:28:40,111 - DEBUG - [_make_request] - https://catalog.api.2gis.com:443 "GET /3.0/items?key=2e3b8ee1-dca8-47ab-99a0-bb8cfce53698&q=%D0%BF%D0%BE%D0%BB%D0%B8%D0%BA%D0%BB%D0%B8%D0%BD%D0%B8%D0%BA%D0%B0&district_id=4504209512726624&type=branch&page=3&page_size=10&fields=items.point%2Citems.name%2Citems.address_name%2Citems.reviews HTTP/1.1" 200 133
2025-10-30 20:28:40,112 - DEBUG - [получить_поликлиники_в_районе] - Статус ответа: 200
2025-10-30 20:28:40,112 - WARNING - [получить_поликлиники_в_районе] - На странице 3 нет данных в ожидаемом формате
2025-10-30 20:28:40,613 - DEBUG - [получить_поликлиники_в_районе] - Запрос страницы 4 для района Гагаринский
2025-10-30 20:28:40,614 - DEBUG - [_new_conn] - Starting new HTTPS connection (1): catalog.api.2gis.com:443
2025-10-30 20:28:41,004 - DEBUG - [_make_request] - https://catalog.api.2gis.com:443 "GET /3.0/items?key=2e3b8ee1-dca8-47ab-99a0-bb8cfce53698&q=%D0%BF%D0%BE%D0%BB%D0%B8%D0%BA%D0%BB%D0%B8%D0%BD%D0%B8%D0%BA%D0%B0&district_id=4504209512726624&type=branch&page=4&page_size=10&fields=items.point%2Citems.name%2Citems.address_name%2Citems.reviews HTTP/1.1" 200 133
2025-10-30 20:28:41,005 - DEBUG - [получить_поликлиники_в_районе] - Статус ответа: 200
2025-10-30 20:28:41,006 - WARNING - [получить_поликлиники_в_районе] - На странице 4 нет данных в ожидаемом формате
2025-10-30 20:28:41,507 - DEBUG - [получить_поликлиники_в_районе] - Запрос страницы 5 для района Гагаринский
2025-10-30 20:28:41,508 - DEBUG - [_new_conn] - Starting new HTTPS connection (1): catalog.api.2gis.com:443
2025-10-30 20:28:41,886 - DEBUG - [_make_request] - https://catalog.api.2gis.com:443 "GET /3.0/items?key=2e3b8ee1-dca8-47ab-99a0-bb8cfce53698&q=%D0%BF%D0%BE%D0%BB%D0%B8%D0%BA%D0%BB%D0%B8%D0%BD%D0%B8%D0%BA%D0%B0&district_id=4504209512726624&type=branch&page=5&page_size=10&fields=items.point%2Citems.name%2Citems.address_name%2Citems.reviews HTTP/1.1" 200 133
2025-10-30 20:28:41,887 - DEBUG - [получить_поликлиники_в_районе] - Статус ответа: 200
2025-10-30 20:28:41,887 - WARNING - [получить_поликлиники_в_районе] - На странице 5 нет данных в ожидаемом формате
2025-10-30 20:28:41,888 - INFO - [получить_поликлиники_в_районе] - Завершение сбора для района Гагаринский. Найдено поликлиник: 7
2025-10-30 20:28:41,891 - INFO - [<cell line: 0>] - Район 'Гагаринский' завершен. Поликлиник: 7
2025-10-30 20:28:42,892 - INFO - [<cell line: 0>] - [26/132] Обработка района: Головинский
2025-10-30 20:28:42,893 - INFO - [получить_поликлиники_в_районе] - Начало сбора поликлиник для района: Головинский (ID: 4504209512726549)
2025-10-30 20:28:42,895 - DEBUG - [получить_поликлиники_в_районе] - Запрос страницы 1 для района Головинский
2025-10-30 20:28:42,896 - DEBUG - [_new_conn] - Starting new HTTPS connection (1): catalog.api.2gis.com:443
2025-10-30 20:28:43,290 - DEBUG - [_make_request] - https://catalog.api.2gis.com:443 "GET /3.0/items?key=2e3b8ee1-dca8-47ab-99a0-bb8cfce53698&q=%D0%BF%D0%BE%D0%BB%D0%B8%D0%BA%D0%BB%D0%B8%D0%BD%D0%B8%D0%BA%D0%B0&district_id=4504209512726549&type=branch&page=1&page_size=10&fields=items.point%2Citems.name%2Citems.address_name%2Citems.reviews HTTP/1.1" 200 None
2025-10-30 20:28:43,291 - DEBUG - [получить_поликлиники_в_районе] - Статус ответа: 200
2025-10-30 20:28:43,291 - INFO - [получить_поликлиники_в_районе] - Загружено 4 поликлиник со страницы 1
2025-10-30 20:28:43,792 - DEBUG - [получить_поликлиники_в_районе] - Запрос страницы 2 для района Головинский
2025-10-30 20:28:43,793 - DEBUG - [_new_conn] - Starting new HTTPS connection (1): catalog.api.2gis.com:443
2025-10-30 20:28:44,177 - DEBUG - [_make_request] - https://catalog.api.2gis.com:443 "GET /3.0/items?key=2e3b8ee1-dca8-47ab-99a0-bb8cfce53698&q=%D0%BF%D0%BE%D0%BB%D0%B8%D0%BA%D0%BB%D0%B8%D0%BD%D0%B8%D0%BA%D0%B0&district_id=4504209512726549&type=branch&page=2&page_size=10&fields=items.point%2Citems.name%2Citems.address_name%2Citems.reviews HTTP/1.1" 200 133
2025-10-30 20:28:44,178 - DEBUG - [получить_поликлиники_в_районе] - Статус ответа: 200
2025-10-30 20:28:44,178 - WARNING - [получить_поликлиники_в_районе] - На странице 2 нет данных в ожидаемом формате
2025-10-30 20:28:44,679 - DEBUG - [получить_поликлиники_в_районе] - Запрос страницы 3 для района Головинский
2025-10-30 20:28:44,681 - DEBUG - [_new_conn] - Starting new HTTPS connection (1): catalog.api.2gis.com:443
2025-10-30 20:28:45,084 - DEBUG - [_make_request] - https://catalog.api.2gis.com:443 "GET /3.0/items?key=2e3b8ee1-dca8-47ab-99a0-bb8cfce53698&q=%D0%BF%D0%BE%D0%BB%D0%B8%D0%BA%D0%BB%D0%B8%D0%BD%D0%B8%D0%BA%D0%B0&district_id=4504209512726549&type=branch&page=3&page_size=10&fields=items.point%2Citems.name%2Citems.address_name%2Citems.reviews HTTP/1.1" 200 133
2025-10-30 20:28:45,085 - DEBUG - [получить_поликлиники_в_районе] - Статус ответа: 200
2025-10-30 20:28:45,086 - WARNING - [получить_поликлиники_в_районе] - На странице 3 нет данных в ожидаемом формате
2025-10-30 20:28:45,587 - DEBUG - [получить_поликлиники_в_районе] - Запрос страницы 4 для района Головинский
2025-10-30 20:28:45,588 - DEBUG - [_new_conn] - Starting new HTTPS connection (1): catalog.api.2gis.com:443
2025-10-30 20:28:45,986 - DEBUG - [_make_request] - https://catalog.api.2gis.com:443 "GET /3.0/items?key=2e3b8ee1-dca8-47ab-99a0-bb8cfce53698&q=%D0%BF%D0%BE%D0%BB%D0%B8%D0%BA%D0%BB%D0%B8%D0%BD%D0%B8%D0%BA%D0%B0&district_id=4504209512726549&type=branch&page=4&page_size=10&fields=items.point%2Citems.name%2Citems.address_name%2Citems.reviews HTTP/1.1" 200 133
2025-10-30 20:28:45,987 - DEBUG - [получить_поликлиники_в_районе] - Статус ответа: 200
2025-10-30 20:28:45,987 - WARNING - [получить_поликлиники_в_районе] - На странице 4 нет данных в ожидаемом формате
2025-10-30 20:28:46,489 - DEBUG - [получить_поликлиники_в_районе] - Запрос страницы 5 для района Головинский
2025-10-30 20:28:46,490 - DEBUG - [_new_conn] - Starting new HTTPS connection (1): catalog.api.2gis.com:443
2025-10-30 20:28:46,886 - DEBUG - [_make_request] - https://catalog.api.2gis.com:443 "GET /3.0/items?key=2e3b8ee1-dca8-47ab-99a0-bb8cfce53698&q=%D0%BF%D0%BE%D0%BB%D0%B8%D0%BA%D0%BB%D0%B8%D0%BD%D0%B8%D0%BA%D0%B0&district_id=4504209512726549&type=branch&page=5&page_size=10&fields=items.point%2Citems.name%2Citems.address_name%2Citems.reviews HTTP/1.1" 200 133
2025-10-30 20:28:46,887 - DEBUG - [получить_поликлиники_в_районе] - Статус ответа: 200
2025-10-30 20:28:46,887 - WARNING - [получить_поликлиники_в_районе] - На странице 5 нет данных в ожидаемом формате
2025-10-30 20:28:46,888 - INFO - [получить_поликлиники_в_районе] - Завершение сбора для района Головинский. Найдено поликлиник: 4
2025-10-30 20:28:46,890 - INFO - [<cell line: 0>] - Район 'Головинский' завершен. Поликлиник: 4
2025-10-30 20:28:47,892 - INFO - [<cell line: 0>] - [27/132] Обработка района: Гольяново
2025-10-30 20:28:47,893 - INFO - [получить_поликлиники_в_районе] - Начало сбора поликлиник для района: Гольяново (ID: 4504209512726589)
2025-10-30 20:28:47,894 - DEBUG - [получить_поликлиники_в_районе] - Запрос страницы 1 для района Гольяново
2025-10-30 20:28:47,896 - DEBUG - [_new_conn] - Starting new HTTPS connection (1): catalog.api.2gis.com:443
2025-10-30 20:28:48,295 - DEBUG - [_make_request] - https://catalog.api.2gis.com:443 "GET /3.0/items?key=2e3b8ee1-dca8-47ab-99a0-bb8cfce53698&q=%D0%BF%D0%BE%D0%BB%D0%B8%D0%BA%D0%BB%D0%B8%D0%BD%D0%B8%D0%BA%D0%B0&district_id=4504209512726589&type=branch&page=1&page_size=10&fields=items.point%2Citems.name%2Citems.address_name%2Citems.reviews HTTP/1.1" 200 None
2025-10-30 20:28:48,296 - DEBUG - [получить_поликлиники_в_районе] - Статус ответа: 200
2025-10-30 20:28:48,296 - INFO - [получить_поликлиники_в_районе] - Загружено 10 поликлиник со страницы 1
2025-10-30 20:28:48,797 - DEBUG - [получить_поликлиники_в_районе] - Запрос страницы 2 для района Гольяново
2025-10-30 20:28:48,798 - DEBUG - [_new_conn] - Starting new HTTPS connection (1): catalog.api.2gis.com:443
2025-10-30 20:28:49,180 - DEBUG - [_make_request] - https://catalog.api.2gis.com:443 "GET /3.0/items?key=2e3b8ee1-dca8-47ab-99a0-bb8cfce53698&q=%D0%BF%D0%BE%D0%BB%D0%B8%D0%BA%D0%BB%D0%B8%D0%BD%D0%B8%D0%BA%D0%B0&district_id=4504209512726589&type=branch&page=2&page_size=10&fields=items.point%2Citems.name%2Citems.address_name%2Citems.reviews HTTP/1.1" 200 None
2025-10-30 20:28:49,181 - DEBUG - [получить_поликлиники_в_районе] - Статус ответа: 200
2025-10-30 20:28:49,181 - INFO - [получить_поликлиники_в_районе] - Загружено 4 поликлиник со страницы 2
2025-10-30 20:28:49,682 - DEBUG - [получить_поликлиники_в_районе] - Запрос страницы 3 для района Гольяново
2025-10-30 20:28:49,684 - DEBUG - [_new_conn] - Starting new HTTPS connection (1): catalog.api.2gis.com:443
2025-10-30 20:28:50,061 - DEBUG - [_make_request] - https://catalog.api.2gis.com:443 "GET /3.0/items?key=2e3b8ee1-dca8-47ab-99a0-bb8cfce53698&q=%D0%BF%D0%BE%D0%BB%D0%B8%D0%BA%D0%BB%D0%B8%D0%BD%D0%B8%D0%BA%D0%B0&district_id=4504209512726589&type=branch&page=3&page_size=10&fields=items.point%2Citems.name%2Citems.address_name%2Citems.reviews HTTP/1.1" 200 133
2025-10-30 20:28:50,062 - DEBUG - [получить_поликлиники_в_районе] - Статус ответа: 200
2025-10-30 20:28:50,062 - WARNING - [получить_поликлиники_в_районе] - На странице 3 нет данных в ожидаемом формате
2025-10-30 20:28:50,563 - DEBUG - [получить_поликлиники_в_районе] - Запрос страницы 4 для района Гольяново
2025-10-30 20:28:50,565 - DEBUG - [_new_conn] - Starting new HTTPS connection (1): catalog.api.2gis.com:443
2025-10-30 20:28:50,938 - DEBUG - [_make_request] - https://catalog.api.2gis.com:443 "GET /3.0/items?key=2e3b8ee1-dca8-47ab-99a0-bb8cfce53698&q=%D0%BF%D0%BE%D0%BB%D0%B8%D0%BA%D0%BB%D0%B8%D0%BD%D0%B8%D0%BA%D0%B0&district_id=4504209512726589&type=branch&page=4&page_size=10&fields=items.point%2Citems.name%2Citems.address_name%2Citems.reviews HTTP/1.1" 200 133
2025-10-30 20:28:50,939 - DEBUG - [получить_поликлиники_в_районе] - Статус ответа: 200
2025-10-30 20:28:50,939 - WARNING - [получить_поликлиники_в_районе] - На странице 4 нет данных в ожидаемом формате
2025-10-30 20:28:51,440 - DEBUG - [получить_поликлиники_в_районе] - Запрос страницы 5 для района Гольяново
2025-10-30 20:28:51,441 - DEBUG - [_new_conn] - Starting new HTTPS connection (1): catalog.api.2gis.com:443
2025-10-30 20:28:51,823 - DEBUG - [_make_request] - https://catalog.api.2gis.com:443 "GET /3.0/items?key=2e3b8ee1-dca8-47ab-99a0-bb8cfce53698&q=%D0%BF%D0%BE%D0%BB%D0%B8%D0%BA%D0%BB%D0%B8%D0%BD%D0%B8%D0%BA%D0%B0&district_id=4504209512726589&type=branch&page=5&page_size=10&fields=items.point%2Citems.name%2Citems.address_name%2Citems.reviews HTTP/1.1" 200 133
2025-10-30 20:28:51,824 - DEBUG - [получить_поликлиники_в_районе] - Статус ответа: 200
2025-10-30 20:28:51,825 - WARNING - [получить_поликлиники_в_районе] - На странице 5 нет данных в ожидаемом формате
2025-10-30 20:28:51,825 - INFO - [получить_поликлиники_в_районе] - Завершение сбора для района Гольяново. Найдено поликлиник: 14
2025-10-30 20:28:51,827 - INFO - [<cell line: 0>] - Район 'Гольяново' завершен. Поликлиник: 14
2025-10-30 20:28:52,829 - INFO - [<cell line: 0>] - [28/132] Обработка района: Даниловский
2025-10-30 20:28:52,830 - INFO - [получить_поликлиники_в_районе] - Начало сбора поликлиник для района: Даниловский (ID: 4504209512726602)
2025-10-30 20:28:52,831 - DEBUG - [получить_поликлиники_в_районе] - Запрос страницы 1 для района Даниловский
2025-10-30 20:28:52,833 - DEBUG - [_new_conn] - Starting new HTTPS connection (1): catalog.api.2gis.com:443
2025-10-30 20:28:53,213 - DEBUG - [_make_request] - https://catalog.api.2gis.com:443 "GET /3.0/items?key=2e3b8ee1-dca8-47ab-99a0-bb8cfce53698&q=%D0%BF%D0%BE%D0%BB%D0%B8%D0%BA%D0%BB%D0%B8%D0%BD%D0%B8%D0%BA%D0%B0&district_id=4504209512726602&type=branch&page=1&page_size=10&fields=items.point%2Citems.name%2Citems.address_name%2Citems.reviews HTTP/1.1" 200 None
2025-10-30 20:28:53,214 - DEBUG - [получить_поликлиники_в_районе] - Статус ответа: 200
2025-10-30 20:28:53,214 - INFO - [получить_поликлиники_в_районе] - Загружено 6 поликлиник со страницы 1
2025-10-30 20:28:53,715 - DEBUG - [получить_поликлиники_в_районе] - Запрос страницы 2 для района Даниловский
2025-10-30 20:28:53,716 - DEBUG - [_new_conn] - Starting new HTTPS connection (1): catalog.api.2gis.com:443
2025-10-30 20:28:54,099 - DEBUG - [_make_request] - https://catalog.api.2gis.com:443 "GET /3.0/items?key=2e3b8ee1-dca8-47ab-99a0-bb8cfce53698&q=%D0%BF%D0%BE%D0%BB%D0%B8%D0%BA%D0%BB%D0%B8%D0%BD%D0%B8%D0%BA%D0%B0&district_id=4504209512726602&type=branch&page=2&page_size=10&fields=items.point%2Citems.name%2Citems.address_name%2Citems.reviews HTTP/1.1" 200 133
2025-10-30 20:28:54,100 - DEBUG - [получить_поликлиники_в_районе] - Статус ответа: 200
2025-10-30 20:28:54,101 - WARNING - [получить_поликлиники_в_районе] - На странице 2 нет данных в ожидаемом формате
2025-10-30 20:28:54,602 - DEBUG - [получить_поликлиники_в_районе] - Запрос страницы 3 для района Даниловский
2025-10-30 20:28:54,603 - DEBUG - [_new_conn] - Starting new HTTPS connection (1): catalog.api.2gis.com:443
2025-10-30 20:28:54,985 - DEBUG - [_make_request] - https://catalog.api.2gis.com:443 "GET /3.0/items?key=2e3b8ee1-dca8-47ab-99a0-bb8cfce53698&q=%D0%BF%D0%BE%D0%BB%D0%B8%D0%BA%D0%BB%D0%B8%D0%BD%D0%B8%D0%BA%D0%B0&district_id=4504209512726602&type=branch&page=3&page_size=10&fields=items.point%2Citems.name%2Citems.address_name%2Citems.reviews HTTP/1.1" 200 133
2025-10-30 20:28:54,986 - DEBUG - [получить_поликлиники_в_районе] - Статус ответа: 200
2025-10-30 20:28:54,986 - WARNING - [получить_поликлиники_в_районе] - На странице 3 нет данных в ожидаемом формате
2025-10-30 20:28:55,487 - DEBUG - [получить_поликлиники_в_районе] - Запрос страницы 4 для района Даниловский
2025-10-30 20:28:55,488 - DEBUG - [_new_conn] - Starting new HTTPS connection (1): catalog.api.2gis.com:443
2025-10-30 20:28:55,864 - DEBUG - [_make_request] - https://catalog.api.2gis.com:443 "GET /3.0/items?key=2e3b8ee1-dca8-47ab-99a0-bb8cfce53698&q=%D0%BF%D0%BE%D0%BB%D0%B8%D0%BA%D0%BB%D0%B8%D0%BD%D0%B8%D0%BA%D0%B0&district_id=4504209512726602&type=branch&page=4&page_size=10&fields=items.point%2Citems.name%2Citems.address_name%2Citems.reviews HTTP/1.1" 200 133
2025-10-30 20:28:55,865 - DEBUG - [получить_поликлиники_в_районе] - Статус ответа: 200
2025-10-30 20:28:55,865 - WARNING - [получить_поликлиники_в_районе] - На странице 4 нет данных в ожидаемом формате
2025-10-30 20:28:56,366 - DEBUG - [получить_поликлиники_в_районе] - Запрос страницы 5 для района Даниловский
2025-10-30 20:28:56,368 - DEBUG - [_new_conn] - Starting new HTTPS connection (1): catalog.api.2gis.com:443
2025-10-30 20:28:56,748 - DEBUG - [_make_request] - https://catalog.api.2gis.com:443 "GET /3.0/items?key=2e3b8ee1-dca8-47ab-99a0-bb8cfce53698&q=%D0%BF%D0%BE%D0%BB%D0%B8%D0%BA%D0%BB%D0%B8%D0%BD%D0%B8%D0%BA%D0%B0&district_id=4504209512726602&type=branch&page=5&page_size=10&fields=items.point%2Citems.name%2Citems.address_name%2Citems.reviews HTTP/1.1" 200 133
2025-10-30 20:28:56,750 - DEBUG - [получить_поликлиники_в_районе] - Статус ответа: 200
2025-10-30 20:28:56,750 - WARNING - [получить_поликлиники_в_районе] - На странице 5 нет данных в ожидаемом формате
2025-10-30 20:28:56,751 - INFO - [получить_поликлиники_в_районе] - Завершение сбора для района Даниловский. Найдено поликлиник: 6
2025-10-30 20:28:56,753 - INFO - [<cell line: 0>] - Район 'Даниловский' завершен. Поликлиник: 6
2025-10-30 20:28:57,754 - INFO - [<cell line: 0>] - [29/132] Обработка района: Дмитровский
2025-10-30 20:28:57,755 - INFO - [получить_поликлиники_в_районе] - Начало сбора поликлиник для района: Дмитровский (ID: 4504209512726545)
2025-10-30 20:28:57,757 - DEBUG - [получить_поликлиники_в_районе] - Запрос страницы 1 для района Дмитровский
2025-10-30 20:28:57,759 - DEBUG - [_new_conn] - Starting new HTTPS connection (1): catalog.api.2gis.com:443
2025-10-30 20:28:58,229 - DEBUG - [_make_request] - https://catalog.api.2gis.com:443 "GET /3.0/items?key=2e3b8ee1-dca8-47ab-99a0-bb8cfce53698&q=%D0%BF%D0%BE%D0%BB%D0%B8%D0%BA%D0%BB%D0%B8%D0%BD%D0%B8%D0%BA%D0%B0&district_id=4504209512726545&type=branch&page=1&page_size=10&fields=items.point%2Citems.name%2Citems.address_name%2Citems.reviews HTTP/1.1" 200 None
2025-10-30 20:28:58,230 - DEBUG - [получить_поликлиники_в_районе] - Статус ответа: 200
2025-10-30 20:28:58,230 - INFO - [получить_поликлиники_в_районе] - Загружено 3 поликлиник со страницы 1
2025-10-30 20:28:58,731 - DEBUG - [получить_поликлиники_в_районе] - Запрос страницы 2 для района Дмитровский
2025-10-30 20:28:58,732 - DEBUG - [_new_conn] - Starting new HTTPS connection (1): catalog.api.2gis.com:443
2025-10-30 20:28:59,120 - DEBUG - [_make_request] - https://catalog.api.2gis.com:443 "GET /3.0/items?key=2e3b8ee1-dca8-47ab-99a0-bb8cfce53698&q=%D0%BF%D0%BE%D0%BB%D0%B8%D0%BA%D0%BB%D0%B8%D0%BD%D0%B8%D0%BA%D0%B0&district_id=4504209512726545&type=branch&page=2&page_size=10&fields=items.point%2Citems.name%2Citems.address_name%2Citems.reviews HTTP/1.1" 200 133
2025-10-30 20:28:59,121 - DEBUG - [получить_поликлиники_в_районе] - Статус ответа: 200
2025-10-30 20:28:59,121 - WARNING - [получить_поликлиники_в_районе] - На странице 2 нет данных в ожидаемом формате
2025-10-30 20:28:59,622 - DEBUG - [получить_поликлиники_в_районе] - Запрос страницы 3 для района Дмитровский
2025-10-30 20:28:59,624 - DEBUG - [_new_conn] - Starting new HTTPS connection (1): catalog.api.2gis.com:443
2025-10-30 20:28:59,995 - DEBUG - [_make_request] - https://catalog.api.2gis.com:443 "GET /3.0/items?key=2e3b8ee1-dca8-47ab-99a0-bb8cfce53698&q=%D0%BF%D0%BE%D0%BB%D0%B8%D0%BA%D0%BB%D0%B8%D0%BD%D0%B8%D0%BA%D0%B0&district_id=4504209512726545&type=branch&page=3&page_size=10&fields=items.point%2Citems.name%2Citems.address_name%2Citems.reviews HTTP/1.1" 200 133
2025-10-30 20:28:59,996 - DEBUG - [получить_поликлиники_в_районе] - Статус ответа: 200
2025-10-30 20:28:59,997 - WARNING - [получить_поликлиники_в_районе] - На странице 3 нет данных в ожидаемом формате
2025-10-30 20:29:00,498 - DEBUG - [получить_поликлиники_в_районе] - Запрос страницы 4 для района Дмитровский
2025-10-30 20:29:00,499 - DEBUG - [_new_conn] - Starting new HTTPS connection (1): catalog.api.2gis.com:443
2025-10-30 20:29:00,898 - DEBUG - [_make_request] - https://catalog.api.2gis.com:443 "GET /3.0/items?key=2e3b8ee1-dca8-47ab-99a0-bb8cfce53698&q=%D0%BF%D0%BE%D0%BB%D0%B8%D0%BA%D0%BB%D0%B8%D0%BD%D0%B8%D0%BA%D0%B0&district_id=4504209512726545&type=branch&page=4&page_size=10&fields=items.point%2Citems.name%2Citems.address_name%2Citems.reviews HTTP/1.1" 200 133
2025-10-30 20:29:00,899 - DEBUG - [получить_поликлиники_в_районе] - Статус ответа: 200
2025-10-30 20:29:00,899 - WARNING - [получить_поликлиники_в_районе] - На странице 4 нет данных в ожидаемом формате
2025-10-30 20:29:01,400 - DEBUG - [получить_поликлиники_в_районе] - Запрос страницы 5 для района Дмитровский
2025-10-30 20:29:01,402 - DEBUG - [_new_conn] - Starting new HTTPS connection (1): catalog.api.2gis.com:443
2025-10-30 20:29:01,795 - DEBUG - [_make_request] - https://catalog.api.2gis.com:443 "GET /3.0/items?key=2e3b8ee1-dca8-47ab-99a0-bb8cfce53698&q=%D0%BF%D0%BE%D0%BB%D0%B8%D0%BA%D0%BB%D0%B8%D0%BD%D0%B8%D0%BA%D0%B0&district_id=4504209512726545&type=branch&page=5&page_size=10&fields=items.point%2Citems.name%2Citems.address_name%2Citems.reviews HTTP/1.1" 200 133
2025-10-30 20:29:01,795 - DEBUG - [получить_поликлиники_в_районе] - Статус ответа: 200
2025-10-30 20:29:01,796 - WARNING - [получить_поликлиники_в_районе] - На странице 5 нет данных в ожидаемом формате
2025-10-30 20:29:01,796 - INFO - [получить_поликлиники_в_районе] - Завершение сбора для района Дмитровский. Найдено поликлиник: 3
2025-10-30 20:29:01,799 - INFO - [<cell line: 0>] - Район 'Дмитровский' завершен. Поликлиник: 3
2025-10-30 20:29:02,801 - INFO - [<cell line: 0>] - [30/132] Обработка района: Донской
2025-10-30 20:29:02,802 - INFO - [получить_поликлиники_в_районе] - Начало сбора поликлиник для района: Донской (ID: 4504209512726605)
2025-10-30 20:29:02,803 - DEBUG - [получить_поликлиники_в_районе] - Запрос страницы 1 для района Донской
2025-10-30 20:29:02,804 - DEBUG - [_new_conn] - Starting new HTTPS connection (1): catalog.api.2gis.com:443
2025-10-30 20:29:03,190 - DEBUG - [_make_request] - https://catalog.api.2gis.com:443 "GET /3.0/items?key=2e3b8ee1-dca8-47ab-99a0-bb8cfce53698&q=%D0%BF%D0%BE%D0%BB%D0%B8%D0%BA%D0%BB%D0%B8%D0%BD%D0%B8%D0%BA%D0%B0&district_id=4504209512726605&type=branch&page=1&page_size=10&fields=items.point%2Citems.name%2Citems.address_name%2Citems.reviews HTTP/1.1" 200 None
2025-10-30 20:29:03,191 - DEBUG - [получить_поликлиники_в_районе] - Статус ответа: 200
2025-10-30 20:29:03,191 - INFO - [получить_поликлиники_в_районе] - Загружено 5 поликлиник со страницы 1
2025-10-30 20:29:03,692 - DEBUG - [получить_поликлиники_в_районе] - Запрос страницы 2 для района Донской
2025-10-30 20:29:03,693 - DEBUG - [_new_conn] - Starting new HTTPS connection (1): catalog.api.2gis.com:443
2025-10-30 20:29:04,077 - DEBUG - [_make_request] - https://catalog.api.2gis.com:443 "GET /3.0/items?key=2e3b8ee1-dca8-47ab-99a0-bb8cfce53698&q=%D0%BF%D0%BE%D0%BB%D0%B8%D0%BA%D0%BB%D0%B8%D0%BD%D0%B8%D0%BA%D0%B0&district_id=4504209512726605&type=branch&page=2&page_size=10&fields=items.point%2Citems.name%2Citems.address_name%2Citems.reviews HTTP/1.1" 200 133
2025-10-30 20:29:04,078 - DEBUG - [получить_поликлиники_в_районе] - Статус ответа: 200
2025-10-30 20:29:04,078 - WARNING - [получить_поликлиники_в_районе] - На странице 2 нет данных в ожидаемом формате
2025-10-30 20:29:04,580 - DEBUG - [получить_поликлиники_в_районе] - Запрос страницы 3 для района Донской
2025-10-30 20:29:04,581 - DEBUG - [_new_conn] - Starting new HTTPS connection (1): catalog.api.2gis.com:443
2025-10-30 20:29:04,975 - DEBUG - [_make_request] - https://catalog.api.2gis.com:443 "GET /3.0/items?key=2e3b8ee1-dca8-47ab-99a0-bb8cfce53698&q=%D0%BF%D0%BE%D0%BB%D0%B8%D0%BA%D0%BB%D0%B8%D0%BD%D0%B8%D0%BA%D0%B0&district_id=4504209512726605&type=branch&page=3&page_size=10&fields=items.point%2Citems.name%2Citems.address_name%2Citems.reviews HTTP/1.1" 200 133
2025-10-30 20:29:04,976 - DEBUG - [получить_поликлиники_в_районе] - Статус ответа: 200
2025-10-30 20:29:04,976 - WARNING - [получить_поликлиники_в_районе] - На странице 3 нет данных в ожидаемом формате
2025-10-30 20:29:05,477 - DEBUG - [получить_поликлиники_в_районе] - Запрос страницы 4 для района Донской
2025-10-30 20:29:05,479 - DEBUG - [_new_conn] - Starting new HTTPS connection (1): catalog.api.2gis.com:443
2025-10-30 20:29:05,857 - DEBUG - [_make_request] - https://catalog.api.2gis.com:443 "GET /3.0/items?key=2e3b8ee1-dca8-47ab-99a0-bb8cfce53698&q=%D0%BF%D0%BE%D0%BB%D0%B8%D0%BA%D0%BB%D0%B8%D0%BD%D0%B8%D0%BA%D0%B0&district_id=4504209512726605&type=branch&page=4&page_size=10&fields=items.point%2Citems.name%2Citems.address_name%2Citems.reviews HTTP/1.1" 200 133
2025-10-30 20:29:05,858 - DEBUG - [получить_поликлиники_в_районе] - Статус ответа: 200
2025-10-30 20:29:05,858 - WARNING - [получить_поликлиники_в_районе] - На странице 4 нет данных в ожидаемом формате
2025-10-30 20:29:06,359 - DEBUG - [получить_поликлиники_в_районе] - Запрос страницы 5 для района Донской
2025-10-30 20:29:06,360 - DEBUG - [_new_conn] - Starting new HTTPS connection (1): catalog.api.2gis.com:443
2025-10-30 20:29:06,739 - DEBUG - [_make_request] - https://catalog.api.2gis.com:443 "GET /3.0/items?key=2e3b8ee1-dca8-47ab-99a0-bb8cfce53698&q=%D0%BF%D0%BE%D0%BB%D0%B8%D0%BA%D0%BB%D0%B8%D0%BD%D0%B8%D0%BA%D0%B0&district_id=4504209512726605&type=branch&page=5&page_size=10&fields=items.point%2Citems.name%2Citems.address_name%2Citems.reviews HTTP/1.1" 200 133
2025-10-30 20:29:06,740 - DEBUG - [получить_поликлиники_в_районе] - Статус ответа: 200
2025-10-30 20:29:06,740 - WARNING - [получить_поликлиники_в_районе] - На странице 5 нет данных в ожидаемом формате
2025-10-30 20:29:06,741 - INFO - [получить_поликлиники_в_районе] - Завершение сбора для района Донской. Найдено поликлиник: 5
2025-10-30 20:29:06,743 - INFO - [<cell line: 0>] - Район 'Донской' завершен. Поликлиник: 5
2025-10-30 20:29:07,744 - INFO - [<cell line: 0>] - [31/132] Обработка района: Дорогомилово
2025-10-30 20:29:07,745 - INFO - [получить_поликлиники_в_районе] - Начало сбора поликлиник для района: Дорогомилово (ID: 4504209512726637)
2025-10-30 20:29:07,746 - DEBUG - [получить_поликлиники_в_районе] - Запрос страницы 1 для района Дорогомилово
2025-10-30 20:29:07,748 - DEBUG - [_new_conn] - Starting new HTTPS connection (1): catalog.api.2gis.com:443
2025-10-30 20:29:08,137 - DEBUG - [_make_request] - https://catalog.api.2gis.com:443 "GET /3.0/items?key=2e3b8ee1-dca8-47ab-99a0-bb8cfce53698&q=%D0%BF%D0%BE%D0%BB%D0%B8%D0%BA%D0%BB%D0%B8%D0%BD%D0%B8%D0%BA%D0%B0&district_id=4504209512726637&type=branch&page=1&page_size=10&fields=items.point%2Citems.name%2Citems.address_name%2Citems.reviews HTTP/1.1" 200 None
2025-10-30 20:29:08,137 - DEBUG - [получить_поликлиники_в_районе] - Статус ответа: 200
2025-10-30 20:29:08,138 - INFO - [получить_поликлиники_в_районе] - Загружено 8 поликлиник со страницы 1
2025-10-30 20:29:08,639 - DEBUG - [получить_поликлиники_в_районе] - Запрос страницы 2 для района Дорогомилово
2025-10-30 20:29:08,640 - DEBUG - [_new_conn] - Starting new HTTPS connection (1): catalog.api.2gis.com:443
2025-10-30 20:29:09,104 - DEBUG - [_make_request] - https://catalog.api.2gis.com:443 "GET /3.0/items?key=2e3b8ee1-dca8-47ab-99a0-bb8cfce53698&q=%D0%BF%D0%BE%D0%BB%D0%B8%D0%BA%D0%BB%D0%B8%D0%BD%D0%B8%D0%BA%D0%B0&district_id=4504209512726637&type=branch&page=2&page_size=10&fields=items.point%2Citems.name%2Citems.address_name%2Citems.reviews HTTP/1.1" 200 133
2025-10-30 20:29:09,105 - DEBUG - [получить_поликлиники_в_районе] - Статус ответа: 200
2025-10-30 20:29:09,105 - WARNING - [получить_поликлиники_в_районе] - На странице 2 нет данных в ожидаемом формате
2025-10-30 20:29:09,607 - DEBUG - [получить_поликлиники_в_районе] - Запрос страницы 3 для района Дорогомилово
2025-10-30 20:29:09,609 - DEBUG - [_new_conn] - Starting new HTTPS connection (1): catalog.api.2gis.com:443
2025-10-30 20:29:09,996 - DEBUG - [_make_request] - https://catalog.api.2gis.com:443 "GET /3.0/items?key=2e3b8ee1-dca8-47ab-99a0-bb8cfce53698&q=%D0%BF%D0%BE%D0%BB%D0%B8%D0%BA%D0%BB%D0%B8%D0%BD%D0%B8%D0%BA%D0%B0&district_id=4504209512726637&type=branch&page=3&page_size=10&fields=items.point%2Citems.name%2Citems.address_name%2Citems.reviews HTTP/1.1" 200 133
2025-10-30 20:29:09,997 - DEBUG - [получить_поликлиники_в_районе] - Статус ответа: 200
2025-10-30 20:29:09,997 - WARNING - [получить_поликлиники_в_районе] - На странице 3 нет данных в ожидаемом формате
2025-10-30 20:29:10,498 - DEBUG - [получить_поликлиники_в_районе] - Запрос страницы 4 для района Дорогомилово
2025-10-30 20:29:10,499 - DEBUG - [_new_conn] - Starting new HTTPS connection (1): catalog.api.2gis.com:443
2025-10-30 20:29:10,868 - DEBUG - [_make_request] - https://catalog.api.2gis.com:443 "GET /3.0/items?key=2e3b8ee1-dca8-47ab-99a0-bb8cfce53698&q=%D0%BF%D0%BE%D0%BB%D0%B8%D0%BA%D0%BB%D0%B8%D0%BD%D0%B8%D0%BA%D0%B0&district_id=4504209512726637&type=branch&page=4&page_size=10&fields=items.point%2Citems.name%2Citems.address_name%2Citems.reviews HTTP/1.1" 200 133
2025-10-30 20:29:10,869 - DEBUG - [получить_поликлиники_в_районе] - Статус ответа: 200
2025-10-30 20:29:10,869 - WARNING - [получить_поликлиники_в_районе] - На странице 4 нет данных в ожидаемом формате
2025-10-30 20:29:11,370 - DEBUG - [получить_поликлиники_в_районе] - Запрос страницы 5 для района Дорогомилово
2025-10-30 20:29:11,372 - DEBUG - [_new_conn] - Starting new HTTPS connection (1): catalog.api.2gis.com:443
2025-10-30 20:29:11,765 - DEBUG - [_make_request] - https://catalog.api.2gis.com:443 "GET /3.0/items?key=2e3b8ee1-dca8-47ab-99a0-bb8cfce53698&q=%D0%BF%D0%BE%D0%BB%D0%B8%D0%BA%D0%BB%D0%B8%D0%BD%D0%B8%D0%BA%D0%B0&district_id=4504209512726637&type=branch&page=5&page_size=10&fields=items.point%2Citems.name%2Citems.address_name%2Citems.reviews HTTP/1.1" 200 133
2025-10-30 20:29:11,766 - DEBUG - [получить_поликлиники_в_районе] - Статус ответа: 200
2025-10-30 20:29:11,766 - WARNING - [получить_поликлиники_в_районе] - На странице 5 нет данных в ожидаемом формате
2025-10-30 20:29:11,767 - INFO - [получить_поликлиники_в_районе] - Завершение сбора для района Дорогомилово. Найдено поликлиник: 8
2025-10-30 20:29:11,768 - INFO - [<cell line: 0>] - Район 'Дорогомилово' завершен. Поликлиник: 8
2025-10-30 20:29:12,770 - INFO - [<cell line: 0>] - [32/132] Обработка района: Замоскворечье
2025-10-30 20:29:12,771 - INFO - [получить_поликлиники_в_районе] - Начало сбора поликлиник для района: Замоскворечье (ID: 4504209512726532)
2025-10-30 20:29:12,772 - DEBUG - [получить_поликлиники_в_районе] - Запрос страницы 1 для района Замоскворечье
2025-10-30 20:29:12,774 - DEBUG - [_new_conn] - Starting new HTTPS connection (1): catalog.api.2gis.com:443
2025-10-30 20:29:13,164 - DEBUG - [_make_request] - https://catalog.api.2gis.com:443 "GET /3.0/items?key=2e3b8ee1-dca8-47ab-99a0-bb8cfce53698&q=%D0%BF%D0%BE%D0%BB%D0%B8%D0%BA%D0%BB%D0%B8%D0%BD%D0%B8%D0%BA%D0%B0&district_id=4504209512726532&type=branch&page=1&page_size=10&fields=items.point%2Citems.name%2Citems.address_name%2Citems.reviews HTTP/1.1" 200 None
2025-10-30 20:29:13,165 - DEBUG - [получить_поликлиники_в_районе] - Статус ответа: 200
2025-10-30 20:29:13,165 - INFO - [получить_поликлиники_в_районе] - Загружено 9 поликлиник со страницы 1
2025-10-30 20:29:13,666 - DEBUG - [получить_поликлиники_в_районе] - Запрос страницы 2 для района Замоскворечье
2025-10-30 20:29:13,667 - DEBUG - [_new_conn] - Starting new HTTPS connection (1): catalog.api.2gis.com:443
2025-10-30 20:29:14,040 - DEBUG - [_make_request] - https://catalog.api.2gis.com:443 "GET /3.0/items?key=2e3b8ee1-dca8-47ab-99a0-bb8cfce53698&q=%D0%BF%D0%BE%D0%BB%D0%B8%D0%BA%D0%BB%D0%B8%D0%BD%D0%B8%D0%BA%D0%B0&district_id=4504209512726532&type=branch&page=2&page_size=10&fields=items.point%2Citems.name%2Citems.address_name%2Citems.reviews HTTP/1.1" 200 133
2025-10-30 20:29:14,041 - DEBUG - [получить_поликлиники_в_районе] - Статус ответа: 200
2025-10-30 20:29:14,042 - WARNING - [получить_поликлиники_в_районе] - На странице 2 нет данных в ожидаемом формате
2025-10-30 20:29:14,543 - DEBUG - [получить_поликлиники_в_районе] - Запрос страницы 3 для района Замоскворечье
2025-10-30 20:29:14,544 - DEBUG - [_new_conn] - Starting new HTTPS connection (1): catalog.api.2gis.com:443
2025-10-30 20:29:14,932 - DEBUG - [_make_request] - https://catalog.api.2gis.com:443 "GET /3.0/items?key=2e3b8ee1-dca8-47ab-99a0-bb8cfce53698&q=%D0%BF%D0%BE%D0%BB%D0%B8%D0%BA%D0%BB%D0%B8%D0%BD%D0%B8%D0%BA%D0%B0&district_id=4504209512726532&type=branch&page=3&page_size=10&fields=items.point%2Citems.name%2Citems.address_name%2Citems.reviews HTTP/1.1" 200 133
2025-10-30 20:29:14,933 - DEBUG - [получить_поликлиники_в_районе] - Статус ответа: 200
2025-10-30 20:29:14,933 - WARNING - [получить_поликлиники_в_районе] - На странице 3 нет данных в ожидаемом формате
2025-10-30 20:29:15,434 - DEBUG - [получить_поликлиники_в_районе] - Запрос страницы 4 для района Замоскворечье
2025-10-30 20:29:15,435 - DEBUG - [_new_conn] - Starting new HTTPS connection (1): catalog.api.2gis.com:443
2025-10-30 20:29:15,811 - DEBUG - [_make_request] - https://catalog.api.2gis.com:443 "GET /3.0/items?key=2e3b8ee1-dca8-47ab-99a0-bb8cfce53698&q=%D0%BF%D0%BE%D0%BB%D0%B8%D0%BA%D0%BB%D0%B8%D0%BD%D0%B8%D0%BA%D0%B0&district_id=4504209512726532&type=branch&page=4&page_size=10&fields=items.point%2Citems.name%2Citems.address_name%2Citems.reviews HTTP/1.1" 200 133
2025-10-30 20:29:15,812 - DEBUG - [получить_поликлиники_в_районе] - Статус ответа: 200
2025-10-30 20:29:15,812 - WARNING - [получить_поликлиники_в_районе] - На странице 4 нет данных в ожидаемом формате
2025-10-30 20:29:16,313 - DEBUG - [получить_поликлиники_в_районе] - Запрос страницы 5 для района Замоскворечье
2025-10-30 20:29:16,315 - DEBUG - [_new_conn] - Starting new HTTPS connection (1): catalog.api.2gis.com:443
2025-10-30 20:29:16,695 - DEBUG - [_make_request] - https://catalog.api.2gis.com:443 "GET /3.0/items?key=2e3b8ee1-dca8-47ab-99a0-bb8cfce53698&q=%D0%BF%D0%BE%D0%BB%D0%B8%D0%BA%D0%BB%D0%B8%D0%BD%D0%B8%D0%BA%D0%B0&district_id=4504209512726532&type=branch&page=5&page_size=10&fields=items.point%2Citems.name%2Citems.address_name%2Citems.reviews HTTP/1.1" 200 133
2025-10-30 20:29:16,696 - DEBUG - [получить_поликлиники_в_районе] - Статус ответа: 200
2025-10-30 20:29:16,697 - WARNING - [получить_поликлиники_в_районе] - На странице 5 нет данных в ожидаемом формате
2025-10-30 20:29:16,697 - INFO - [получить_поликлиники_в_районе] - Завершение сбора для района Замоскворечье. Найдено поликлиник: 9
2025-10-30 20:29:16,700 - INFO - [<cell line: 0>] - Район 'Замоскворечье' завершен. Поликлиник: 9
2025-10-30 20:29:17,702 - INFO - [<cell line: 0>] - [33/132] Обработка района: Западное Дегунино
2025-10-30 20:29:17,703 - INFO - [получить_поликлиники_в_районе] - Начало сбора поликлиник для района: Западное Дегунино (ID: 4504209512726546)
2025-10-30 20:29:17,704 - DEBUG - [получить_поликлиники_в_районе] - Запрос страницы 1 для района Западное Дегунино
2025-10-30 20:29:17,706 - DEBUG - [_new_conn] - Starting new HTTPS connection (1): catalog.api.2gis.com:443
2025-10-30 20:29:18,100 - DEBUG - [_make_request] - https://catalog.api.2gis.com:443 "GET /3.0/items?key=2e3b8ee1-dca8-47ab-99a0-bb8cfce53698&q=%D0%BF%D0%BE%D0%BB%D0%B8%D0%BA%D0%BB%D0%B8%D0%BD%D0%B8%D0%BA%D0%B0&district_id=4504209512726546&type=branch&page=1&page_size=10&fields=items.point%2Citems.name%2Citems.address_name%2Citems.reviews HTTP/1.1" 200 None
2025-10-30 20:29:18,100 - DEBUG - [получить_поликлиники_в_районе] - Статус ответа: 200
2025-10-30 20:29:18,101 - INFO - [получить_поликлиники_в_районе] - Загружено 9 поликлиник со страницы 1
2025-10-30 20:29:18,601 - DEBUG - [получить_поликлиники_в_районе] - Запрос страницы 2 для района Западное Дегунино
2025-10-30 20:29:18,603 - DEBUG - [_new_conn] - Starting new HTTPS connection (1): catalog.api.2gis.com:443
2025-10-30 20:29:18,990 - DEBUG - [_make_request] - https://catalog.api.2gis.com:443 "GET /3.0/items?key=2e3b8ee1-dca8-47ab-99a0-bb8cfce53698&q=%D0%BF%D0%BE%D0%BB%D0%B8%D0%BA%D0%BB%D0%B8%D0%BD%D0%B8%D0%BA%D0%B0&district_id=4504209512726546&type=branch&page=2&page_size=10&fields=items.point%2Citems.name%2Citems.address_name%2Citems.reviews HTTP/1.1" 200 133
2025-10-30 20:29:18,991 - DEBUG - [получить_поликлиники_в_районе] - Статус ответа: 200
2025-10-30 20:29:18,991 - WARNING - [получить_поликлиники_в_районе] - На странице 2 нет данных в ожидаемом формате
2025-10-30 20:29:19,492 - DEBUG - [получить_поликлиники_в_районе] - Запрос страницы 3 для района Западное Дегунино
2025-10-30 20:29:19,493 - DEBUG - [_new_conn] - Starting new HTTPS connection (1): catalog.api.2gis.com:443
2025-10-30 20:29:19,871 - DEBUG - [_make_request] - https://catalog.api.2gis.com:443 "GET /3.0/items?key=2e3b8ee1-dca8-47ab-99a0-bb8cfce53698&q=%D0%BF%D0%BE%D0%BB%D0%B8%D0%BA%D0%BB%D0%B8%D0%BD%D0%B8%D0%BA%D0%B0&district_id=4504209512726546&type=branch&page=3&page_size=10&fields=items.point%2Citems.name%2Citems.address_name%2Citems.reviews HTTP/1.1" 200 133
2025-10-30 20:29:19,872 - DEBUG - [получить_поликлиники_в_районе] - Статус ответа: 200
2025-10-30 20:29:19,872 - WARNING - [получить_поликлиники_в_районе] - На странице 3 нет данных в ожидаемом формате
2025-10-30 20:29:20,374 - DEBUG - [получить_поликлиники_в_районе] - Запрос страницы 4 для района Западное Дегунино
2025-10-30 20:29:20,375 - DEBUG - [_new_conn] - Starting new HTTPS connection (1): catalog.api.2gis.com:443
2025-10-30 20:29:20,756 - DEBUG - [_make_request] - https://catalog.api.2gis.com:443 "GET /3.0/items?key=2e3b8ee1-dca8-47ab-99a0-bb8cfce53698&q=%D0%BF%D0%BE%D0%BB%D0%B8%D0%BA%D0%BB%D0%B8%D0%BD%D0%B8%D0%BA%D0%B0&district_id=4504209512726546&type=branch&page=4&page_size=10&fields=items.point%2Citems.name%2Citems.address_name%2Citems.reviews HTTP/1.1" 200 133
2025-10-30 20:29:20,757 - DEBUG - [получить_поликлиники_в_районе] - Статус ответа: 200
2025-10-30 20:29:20,757 - WARNING - [получить_поликлиники_в_районе] - На странице 4 нет данных в ожидаемом формате
2025-10-30 20:29:21,259 - DEBUG - [получить_поликлиники_в_районе] - Запрос страницы 5 для района Западное Дегунино
2025-10-30 20:29:21,260 - DEBUG - [_new_conn] - Starting new HTTPS connection (1): catalog.api.2gis.com:443
2025-10-30 20:29:21,636 - DEBUG - [_make_request] - https://catalog.api.2gis.com:443 "GET /3.0/items?key=2e3b8ee1-dca8-47ab-99a0-bb8cfce53698&q=%D0%BF%D0%BE%D0%BB%D0%B8%D0%BA%D0%BB%D0%B8%D0%BD%D0%B8%D0%BA%D0%B0&district_id=4504209512726546&type=branch&page=5&page_size=10&fields=items.point%2Citems.name%2Citems.address_name%2Citems.reviews HTTP/1.1" 200 133
2025-10-30 20:29:21,637 - DEBUG - [получить_поликлиники_в_районе] - Статус ответа: 200
2025-10-30 20:29:21,637 - WARNING - [получить_поликлиники_в_районе] - На странице 5 нет данных в ожидаемом формате
2025-10-30 20:29:21,638 - INFO - [получить_поликлиники_в_районе] - Завершение сбора для района Западное Дегунино. Найдено поликлиник: 9
2025-10-30 20:29:21,640 - INFO - [<cell line: 0>] - Район 'Западное Дегунино' завершен. Поликлиник: 9
2025-10-30 20:29:22,641 - INFO - [<cell line: 0>] - [34/132] Обработка района: Зюзино
2025-10-30 20:29:22,642 - INFO - [получить_поликлиники_в_районе] - Начало сбора поликлиник для района: Зюзино (ID: 4504209512726628)
2025-10-30 20:29:22,643 - DEBUG - [получить_поликлиники_в_районе] - Запрос страницы 1 для района Зюзино
2025-10-30 20:29:22,644 - DEBUG - [_new_conn] - Starting new HTTPS connection (1): catalog.api.2gis.com:443
2025-10-30 20:29:23,027 - DEBUG - [_make_request] - https://catalog.api.2gis.com:443 "GET /3.0/items?key=2e3b8ee1-dca8-47ab-99a0-bb8cfce53698&q=%D0%BF%D0%BE%D0%BB%D0%B8%D0%BA%D0%BB%D0%B8%D0%BD%D0%B8%D0%BA%D0%B0&district_id=4504209512726628&type=branch&page=1&page_size=10&fields=items.point%2Citems.name%2Citems.address_name%2Citems.reviews HTTP/1.1" 200 None
2025-10-30 20:29:23,028 - DEBUG - [получить_поликлиники_в_районе] - Статус ответа: 200
2025-10-30 20:29:23,028 - INFO - [получить_поликлиники_в_районе] - Загружено 5 поликлиник со страницы 1
2025-10-30 20:29:23,529 - DEBUG - [получить_поликлиники_в_районе] - Запрос страницы 2 для района Зюзино
2025-10-30 20:29:23,530 - DEBUG - [_new_conn] - Starting new HTTPS connection (1): catalog.api.2gis.com:443
2025-10-30 20:29:23,919 - DEBUG - [_make_request] - https://catalog.api.2gis.com:443 "GET /3.0/items?key=2e3b8ee1-dca8-47ab-99a0-bb8cfce53698&q=%D0%BF%D0%BE%D0%BB%D0%B8%D0%BA%D0%BB%D0%B8%D0%BD%D0%B8%D0%BA%D0%B0&district_id=4504209512726628&type=branch&page=2&page_size=10&fields=items.point%2Citems.name%2Citems.address_name%2Citems.reviews HTTP/1.1" 200 133
2025-10-30 20:29:23,920 - DEBUG - [получить_поликлиники_в_районе] - Статус ответа: 200
2025-10-30 20:29:23,920 - WARNING - [получить_поликлиники_в_районе] - На странице 2 нет данных в ожидаемом формате
2025-10-30 20:29:24,421 - DEBUG - [получить_поликлиники_в_районе] - Запрос страницы 3 для района Зюзино
2025-10-30 20:29:24,422 - DEBUG - [_new_conn] - Starting new HTTPS connection (1): catalog.api.2gis.com:443
2025-10-30 20:29:24,821 - DEBUG - [_make_request] - https://catalog.api.2gis.com:443 "GET /3.0/items?key=2e3b8ee1-dca8-47ab-99a0-bb8cfce53698&q=%D0%BF%D0%BE%D0%BB%D0%B8%D0%BA%D0%BB%D0%B8%D0%BD%D0%B8%D0%BA%D0%B0&district_id=4504209512726628&type=branch&page=3&page_size=10&fields=items.point%2Citems.name%2Citems.address_name%2Citems.reviews HTTP/1.1" 200 133
2025-10-30 20:29:24,821 - DEBUG - [получить_поликлиники_в_районе] - Статус ответа: 200
2025-10-30 20:29:24,822 - WARNING - [получить_поликлиники_в_районе] - На странице 3 нет данных в ожидаемом формате
2025-10-30 20:29:25,323 - DEBUG - [получить_поликлиники_в_районе] - Запрос страницы 4 для района Зюзино
2025-10-30 20:29:25,324 - DEBUG - [_new_conn] - Starting new HTTPS connection (1): catalog.api.2gis.com:443
2025-10-30 20:29:25,699 - DEBUG - [_make_request] - https://catalog.api.2gis.com:443 "GET /3.0/items?key=2e3b8ee1-dca8-47ab-99a0-bb8cfce53698&q=%D0%BF%D0%BE%D0%BB%D0%B8%D0%BA%D0%BB%D0%B8%D0%BD%D0%B8%D0%BA%D0%B0&district_id=4504209512726628&type=branch&page=4&page_size=10&fields=items.point%2Citems.name%2Citems.address_name%2Citems.reviews HTTP/1.1" 200 133
2025-10-30 20:29:25,700 - DEBUG - [получить_поликлиники_в_районе] - Статус ответа: 200
2025-10-30 20:29:25,700 - WARNING - [получить_поликлиники_в_районе] - На странице 4 нет данных в ожидаемом формате
2025-10-30 20:29:26,201 - DEBUG - [получить_поликлиники_в_районе] - Запрос страницы 5 для района Зюзино
2025-10-30 20:29:26,203 - DEBUG - [_new_conn] - Starting new HTTPS connection (1): catalog.api.2gis.com:443
2025-10-30 20:29:26,597 - DEBUG - [_make_request] - https://catalog.api.2gis.com:443 "GET /3.0/items?key=2e3b8ee1-dca8-47ab-99a0-bb8cfce53698&q=%D0%BF%D0%BE%D0%BB%D0%B8%D0%BA%D0%BB%D0%B8%D0%BD%D0%B8%D0%BA%D0%B0&district_id=4504209512726628&type=branch&page=5&page_size=10&fields=items.point%2Citems.name%2Citems.address_name%2Citems.reviews HTTP/1.1" 200 133
2025-10-30 20:29:26,598 - DEBUG - [получить_поликлиники_в_районе] - Статус ответа: 200
2025-10-30 20:29:26,598 - WARNING - [получить_поликлиники_в_районе] - На странице 5 нет данных в ожидаемом формате
2025-10-30 20:29:26,599 - INFO - [получить_поликлиники_в_районе] - Завершение сбора для района Зюзино. Найдено поликлиник: 5
2025-10-30 20:29:26,600 - INFO - [<cell line: 0>] - Район 'Зюзино' завершен. Поликлиник: 5
2025-10-30 20:29:27,601 - INFO - [<cell line: 0>] - [35/132] Обработка района: Зябликово
2025-10-30 20:29:27,602 - INFO - [получить_поликлиники_в_районе] - Начало сбора поликлиник для района: Зябликово (ID: 4504209512726617)
2025-10-30 20:29:27,603 - DEBUG - [получить_поликлиники_в_районе] - Запрос страницы 1 для района Зябликово
2025-10-30 20:29:27,605 - DEBUG - [_new_conn] - Starting new HTTPS connection (1): catalog.api.2gis.com:443
2025-10-30 20:29:28,002 - DEBUG - [_make_request] - https://catalog.api.2gis.com:443 "GET /3.0/items?key=2e3b8ee1-dca8-47ab-99a0-bb8cfce53698&q=%D0%BF%D0%BE%D0%BB%D0%B8%D0%BA%D0%BB%D0%B8%D0%BD%D0%B8%D0%BA%D0%B0&district_id=4504209512726617&type=branch&page=1&page_size=10&fields=items.point%2Citems.name%2Citems.address_name%2Citems.reviews HTTP/1.1" 200 None
2025-10-30 20:29:28,003 - DEBUG - [получить_поликлиники_в_районе] - Статус ответа: 200
2025-10-30 20:29:28,003 - INFO - [получить_поликлиники_в_районе] - Загружено 2 поликлиник со страницы 1
2025-10-30 20:29:28,504 - DEBUG - [получить_поликлиники_в_районе] - Запрос страницы 2 для района Зябликово
2025-10-30 20:29:28,505 - DEBUG - [_new_conn] - Starting new HTTPS connection (1): catalog.api.2gis.com:443
2025-10-30 20:29:28,882 - DEBUG - [_make_request] - https://catalog.api.2gis.com:443 "GET /3.0/items?key=2e3b8ee1-dca8-47ab-99a0-bb8cfce53698&q=%D0%BF%D0%BE%D0%BB%D0%B8%D0%BA%D0%BB%D0%B8%D0%BD%D0%B8%D0%BA%D0%B0&district_id=4504209512726617&type=branch&page=2&page_size=10&fields=items.point%2Citems.name%2Citems.address_name%2Citems.reviews HTTP/1.1" 200 133
2025-10-30 20:29:28,883 - DEBUG - [получить_поликлиники_в_районе] - Статус ответа: 200
2025-10-30 20:29:28,883 - WARNING - [получить_поликлиники_в_районе] - На странице 2 нет данных в ожидаемом формате
2025-10-30 20:29:29,384 - DEBUG - [получить_поликлиники_в_районе] - Запрос страницы 3 для района Зябликово
2025-10-30 20:29:29,385 - DEBUG - [_new_conn] - Starting new HTTPS connection (1): catalog.api.2gis.com:443
2025-10-30 20:29:29,772 - DEBUG - [_make_request] - https://catalog.api.2gis.com:443 "GET /3.0/items?key=2e3b8ee1-dca8-47ab-99a0-bb8cfce53698&q=%D0%BF%D0%BE%D0%BB%D0%B8%D0%BA%D0%BB%D0%B8%D0%BD%D0%B8%D0%BA%D0%B0&district_id=4504209512726617&type=branch&page=3&page_size=10&fields=items.point%2Citems.name%2Citems.address_name%2Citems.reviews HTTP/1.1" 200 133
2025-10-30 20:29:29,773 - DEBUG - [получить_поликлиники_в_районе] - Статус ответа: 200
2025-10-30 20:29:29,773 - WARNING - [получить_поликлиники_в_районе] - На странице 3 нет данных в ожидаемом формате
2025-10-30 20:29:30,274 - DEBUG - [получить_поликлиники_в_районе] - Запрос страницы 4 для района Зябликово
2025-10-30 20:29:30,275 - DEBUG - [_new_conn] - Starting new HTTPS connection (1): catalog.api.2gis.com:443
2025-10-30 20:29:30,664 - DEBUG - [_make_request] - https://catalog.api.2gis.com:443 "GET /3.0/items?key=2e3b8ee1-dca8-47ab-99a0-bb8cfce53698&q=%D0%BF%D0%BE%D0%BB%D0%B8%D0%BA%D0%BB%D0%B8%D0%BD%D0%B8%D0%BA%D0%B0&district_id=4504209512726617&type=branch&page=4&page_size=10&fields=items.point%2Citems.name%2Citems.address_name%2Citems.reviews HTTP/1.1" 200 133
2025-10-30 20:29:30,665 - DEBUG - [получить_поликлиники_в_районе] - Статус ответа: 200
2025-10-30 20:29:30,665 - WARNING - [получить_поликлиники_в_районе] - На странице 4 нет данных в ожидаемом формате
2025-10-30 20:29:31,166 - DEBUG - [получить_поликлиники_в_районе] - Запрос страницы 5 для района Зябликово
2025-10-30 20:29:31,167 - DEBUG - [_new_conn] - Starting new HTTPS connection (1): catalog.api.2gis.com:443
2025-10-30 20:29:31,546 - DEBUG - [_make_request] - https://catalog.api.2gis.com:443 "GET /3.0/items?key=2e3b8ee1-dca8-47ab-99a0-bb8cfce53698&q=%D0%BF%D0%BE%D0%BB%D0%B8%D0%BA%D0%BB%D0%B8%D0%BD%D0%B8%D0%BA%D0%B0&district_id=4504209512726617&type=branch&page=5&page_size=10&fields=items.point%2Citems.name%2Citems.address_name%2Citems.reviews HTTP/1.1" 200 133
2025-10-30 20:29:31,548 - DEBUG - [получить_поликлиники_в_районе] - Статус ответа: 200
2025-10-30 20:29:31,548 - WARNING - [получить_поликлиники_в_районе] - На странице 5 нет данных в ожидаемом формате
2025-10-30 20:29:31,551 - INFO - [получить_поликлиники_в_районе] - Завершение сбора для района Зябликово. Найдено поликлиник: 2
2025-10-30 20:29:31,552 - INFO - [<cell line: 0>] - Район 'Зябликово' завершен. Поликлиник: 2
2025-10-30 20:29:32,554 - INFO - [<cell line: 0>] - [36/132] Обработка района: Ивановское
2025-10-30 20:29:32,555 - INFO - [получить_поликлиники_в_районе] - Начало сбора поликлиник для района: Ивановское (ID: 4504209512726579)
2025-10-30 20:29:32,557 - DEBUG - [получить_поликлиники_в_районе] - Запрос страницы 1 для района Ивановское
2025-10-30 20:29:32,559 - DEBUG - [_new_conn] - Starting new HTTPS connection (1): catalog.api.2gis.com:443
2025-10-30 20:29:32,957 - DEBUG - [_make_request] - https://catalog.api.2gis.com:443 "GET /3.0/items?key=2e3b8ee1-dca8-47ab-99a0-bb8cfce53698&q=%D0%BF%D0%BE%D0%BB%D0%B8%D0%BA%D0%BB%D0%B8%D0%BD%D0%B8%D0%BA%D0%B0&district_id=4504209512726579&type=branch&page=1&page_size=10&fields=items.point%2Citems.name%2Citems.address_name%2Citems.reviews HTTP/1.1" 200 None
2025-10-30 20:29:32,958 - DEBUG - [получить_поликлиники_в_районе] - Статус ответа: 200
2025-10-30 20:29:32,958 - INFO - [получить_поликлиники_в_районе] - Загружено 9 поликлиник со страницы 1
2025-10-30 20:29:33,459 - DEBUG - [получить_поликлиники_в_районе] - Запрос страницы 2 для района Ивановское
2025-10-30 20:29:33,461 - DEBUG - [_new_conn] - Starting new HTTPS connection (1): catalog.api.2gis.com:443
2025-10-30 20:29:33,886 - DEBUG - [_make_request] - https://catalog.api.2gis.com:443 "GET /3.0/items?key=2e3b8ee1-dca8-47ab-99a0-bb8cfce53698&q=%D0%BF%D0%BE%D0%BB%D0%B8%D0%BA%D0%BB%D0%B8%D0%BD%D0%B8%D0%BA%D0%B0&district_id=4504209512726579&type=branch&page=2&page_size=10&fields=items.point%2Citems.name%2Citems.address_name%2Citems.reviews HTTP/1.1" 200 133
2025-10-30 20:29:33,887 - DEBUG - [получить_поликлиники_в_районе] - Статус ответа: 200
2025-10-30 20:29:33,887 - WARNING - [получить_поликлиники_в_районе] - На странице 2 нет данных в ожидаемом формате
2025-10-30 20:29:34,388 - DEBUG - [получить_поликлиники_в_районе] - Запрос страницы 3 для района Ивановское
2025-10-30 20:29:34,390 - DEBUG - [_new_conn] - Starting new HTTPS connection (1): catalog.api.2gis.com:443
2025-10-30 20:29:34,775 - DEBUG - [_make_request] - https://catalog.api.2gis.com:443 "GET /3.0/items?key=2e3b8ee1-dca8-47ab-99a0-bb8cfce53698&q=%D0%BF%D0%BE%D0%BB%D0%B8%D0%BA%D0%BB%D0%B8%D0%BD%D0%B8%D0%BA%D0%B0&district_id=4504209512726579&type=branch&page=3&page_size=10&fields=items.point%2Citems.name%2Citems.address_name%2Citems.reviews HTTP/1.1" 200 133
2025-10-30 20:29:34,776 - DEBUG - [получить_поликлиники_в_районе] - Статус ответа: 200
2025-10-30 20:29:34,776 - WARNING - [получить_поликлиники_в_районе] - На странице 3 нет данных в ожидаемом формате
2025-10-30 20:29:35,277 - DEBUG - [получить_поликлиники_в_районе] - Запрос страницы 4 для района Ивановское
2025-10-30 20:29:35,279 - DEBUG - [_new_conn] - Starting new HTTPS connection (1): catalog.api.2gis.com:443
2025-10-30 20:29:35,652 - DEBUG - [_make_request] - https://catalog.api.2gis.com:443 "GET /3.0/items?key=2e3b8ee1-dca8-47ab-99a0-bb8cfce53698&q=%D0%BF%D0%BE%D0%BB%D0%B8%D0%BA%D0%BB%D0%B8%D0%BD%D0%B8%D0%BA%D0%B0&district_id=4504209512726579&type=branch&page=4&page_size=10&fields=items.point%2Citems.name%2Citems.address_name%2Citems.reviews HTTP/1.1" 200 133
2025-10-30 20:29:35,653 - DEBUG - [получить_поликлиники_в_районе] - Статус ответа: 200
2025-10-30 20:29:35,654 - WARNING - [получить_поликлиники_в_районе] - На странице 4 нет данных в ожидаемом формате
2025-10-30 20:29:36,155 - DEBUG - [получить_поликлиники_в_районе] - Запрос страницы 5 для района Ивановское
2025-10-30 20:29:36,156 - DEBUG - [_new_conn] - Starting new HTTPS connection (1): catalog.api.2gis.com:443
2025-10-30 20:29:36,542 - DEBUG - [_make_request] - https://catalog.api.2gis.com:443 "GET /3.0/items?key=2e3b8ee1-dca8-47ab-99a0-bb8cfce53698&q=%D0%BF%D0%BE%D0%BB%D0%B8%D0%BA%D0%BB%D0%B8%D0%BD%D0%B8%D0%BA%D0%B0&district_id=4504209512726579&type=branch&page=5&page_size=10&fields=items.point%2Citems.name%2Citems.address_name%2Citems.reviews HTTP/1.1" 200 133
2025-10-30 20:29:36,543 - DEBUG - [получить_поликлиники_в_районе] - Статус ответа: 200
2025-10-30 20:29:36,543 - WARNING - [получить_поликлиники_в_районе] - На странице 5 нет данных в ожидаемом формате
2025-10-30 20:29:36,544 - INFO - [получить_поликлиники_в_районе] - Завершение сбора для района Ивановское. Найдено поликлиник: 9
2025-10-30 20:29:36,545 - INFO - [<cell line: 0>] - Район 'Ивановское' завершен. Поликлиник: 9
2025-10-30 20:29:37,547 - INFO - [<cell line: 0>] - [37/132] Обработка района: Измайлово
2025-10-30 20:29:37,548 - INFO - [получить_поликлиники_в_районе] - Начало сбора поликлиник для района: Измайлово (ID: 4504209512726587)
2025-10-30 20:29:37,549 - DEBUG - [получить_поликлиники_в_районе] - Запрос страницы 1 для района Измайлово
2025-10-30 20:29:37,552 - DEBUG - [_new_conn] - Starting new HTTPS connection (1): catalog.api.2gis.com:443
2025-10-30 20:29:37,961 - DEBUG - [_make_request] - https://catalog.api.2gis.com:443 "GET /3.0/items?key=2e3b8ee1-dca8-47ab-99a0-bb8cfce53698&q=%D0%BF%D0%BE%D0%BB%D0%B8%D0%BA%D0%BB%D0%B8%D0%BD%D0%B8%D0%BA%D0%B0&district_id=4504209512726587&type=branch&page=1&page_size=10&fields=items.point%2Citems.name%2Citems.address_name%2Citems.reviews HTTP/1.1" 200 None
2025-10-30 20:29:37,962 - DEBUG - [получить_поликлиники_в_районе] - Статус ответа: 200
2025-10-30 20:29:37,962 - INFO - [получить_поликлиники_в_районе] - Загружено 7 поликлиник со страницы 1
2025-10-30 20:29:38,463 - DEBUG - [получить_поликлиники_в_районе] - Запрос страницы 2 для района Измайлово
2025-10-30 20:29:38,464 - DEBUG - [_new_conn] - Starting new HTTPS connection (1): catalog.api.2gis.com:443
2025-10-30 20:29:38,944 - DEBUG - [_make_request] - https://catalog.api.2gis.com:443 "GET /3.0/items?key=2e3b8ee1-dca8-47ab-99a0-bb8cfce53698&q=%D0%BF%D0%BE%D0%BB%D0%B8%D0%BA%D0%BB%D0%B8%D0%BD%D0%B8%D0%BA%D0%B0&district_id=4504209512726587&type=branch&page=2&page_size=10&fields=items.point%2Citems.name%2Citems.address_name%2Citems.reviews HTTP/1.1" 200 133
2025-10-30 20:29:38,945 - DEBUG - [получить_поликлиники_в_районе] - Статус ответа: 200
2025-10-30 20:29:38,945 - WARNING - [получить_поликлиники_в_районе] - На странице 2 нет данных в ожидаемом формате
2025-10-30 20:29:39,447 - DEBUG - [получить_поликлиники_в_районе] - Запрос страницы 3 для района Измайлово
2025-10-30 20:29:39,448 - DEBUG - [_new_conn] - Starting new HTTPS connection (1): catalog.api.2gis.com:443
2025-10-30 20:29:39,841 - DEBUG - [_make_request] - https://catalog.api.2gis.com:443 "GET /3.0/items?key=2e3b8ee1-dca8-47ab-99a0-bb8cfce53698&q=%D0%BF%D0%BE%D0%BB%D0%B8%D0%BA%D0%BB%D0%B8%D0%BD%D0%B8%D0%BA%D0%B0&district_id=4504209512726587&type=branch&page=3&page_size=10&fields=items.point%2Citems.name%2Citems.address_name%2Citems.reviews HTTP/1.1" 200 133
2025-10-30 20:29:39,842 - DEBUG - [получить_поликлиники_в_районе] - Статус ответа: 200
2025-10-30 20:29:39,843 - WARNING - [получить_поликлиники_в_районе] - На странице 3 нет данных в ожидаемом формате
2025-10-30 20:29:40,343 - DEBUG - [получить_поликлиники_в_районе] - Запрос страницы 4 для района Измайлово
2025-10-30 20:29:40,345 - DEBUG - [_new_conn] - Starting new HTTPS connection (1): catalog.api.2gis.com:443
2025-10-30 20:29:40,732 - DEBUG - [_make_request] - https://catalog.api.2gis.com:443 "GET /3.0/items?key=2e3b8ee1-dca8-47ab-99a0-bb8cfce53698&q=%D0%BF%D0%BE%D0%BB%D0%B8%D0%BA%D0%BB%D0%B8%D0%BD%D0%B8%D0%BA%D0%B0&district_id=4504209512726587&type=branch&page=4&page_size=10&fields=items.point%2Citems.name%2Citems.address_name%2Citems.reviews HTTP/1.1" 200 133
2025-10-30 20:29:40,733 - DEBUG - [получить_поликлиники_в_районе] - Статус ответа: 200
2025-10-30 20:29:40,733 - WARNING - [получить_поликлиники_в_районе] - На странице 4 нет данных в ожидаемом формате
2025-10-30 20:29:41,234 - DEBUG - [получить_поликлиники_в_районе] - Запрос страницы 5 для района Измайлово
2025-10-30 20:29:41,235 - DEBUG - [_new_conn] - Starting new HTTPS connection (1): catalog.api.2gis.com:443
2025-10-30 20:29:41,613 - DEBUG - [_make_request] - https://catalog.api.2gis.com:443 "GET /3.0/items?key=2e3b8ee1-dca8-47ab-99a0-bb8cfce53698&q=%D0%BF%D0%BE%D0%BB%D0%B8%D0%BA%D0%BB%D0%B8%D0%BD%D0%B8%D0%BA%D0%B0&district_id=4504209512726587&type=branch&page=5&page_size=10&fields=items.point%2Citems.name%2Citems.address_name%2Citems.reviews HTTP/1.1" 200 133
2025-10-30 20:29:41,614 - DEBUG - [получить_поликлиники_в_районе] - Статус ответа: 200
2025-10-30 20:29:41,615 - WARNING - [получить_поликлиники_в_районе] - На странице 5 нет данных в ожидаемом формате
2025-10-30 20:29:41,615 - INFO - [получить_поликлиники_в_районе] - Завершение сбора для района Измайлово. Найдено поликлиник: 7
2025-10-30 20:29:41,618 - INFO - [<cell line: 0>] - Район 'Измайлово' завершен. Поликлиник: 7
2025-10-30 20:29:42,619 - INFO - [<cell line: 0>] - [38/132] Обработка района: Капотня
2025-10-30 20:29:42,620 - INFO - [получить_поликлиники_в_районе] - Начало сбора поликлиник для района: Капотня (ID: 4504209512726597)
2025-10-30 20:29:42,621 - DEBUG - [получить_поликлиники_в_районе] - Запрос страницы 1 для района Капотня
2025-10-30 20:29:42,623 - DEBUG - [_new_conn] - Starting new HTTPS connection (1): catalog.api.2gis.com:443
2025-10-30 20:29:43,007 - DEBUG - [_make_request] - https://catalog.api.2gis.com:443 "GET /3.0/items?key=2e3b8ee1-dca8-47ab-99a0-bb8cfce53698&q=%D0%BF%D0%BE%D0%BB%D0%B8%D0%BA%D0%BB%D0%B8%D0%BD%D0%B8%D0%BA%D0%B0&district_id=4504209512726597&type=branch&page=1&page_size=10&fields=items.point%2Citems.name%2Citems.address_name%2Citems.reviews HTTP/1.1" 200 None
2025-10-30 20:29:43,008 - DEBUG - [получить_поликлиники_в_районе] - Статус ответа: 200
2025-10-30 20:29:43,008 - INFO - [получить_поликлиники_в_районе] - Загружено 2 поликлиник со страницы 1
2025-10-30 20:29:43,509 - DEBUG - [получить_поликлиники_в_районе] - Запрос страницы 2 для района Капотня
2025-10-30 20:29:43,511 - DEBUG - [_new_conn] - Starting new HTTPS connection (1): catalog.api.2gis.com:443
2025-10-30 20:29:43,890 - DEBUG - [_make_request] - https://catalog.api.2gis.com:443 "GET /3.0/items?key=2e3b8ee1-dca8-47ab-99a0-bb8cfce53698&q=%D0%BF%D0%BE%D0%BB%D0%B8%D0%BA%D0%BB%D0%B8%D0%BD%D0%B8%D0%BA%D0%B0&district_id=4504209512726597&type=branch&page=2&page_size=10&fields=items.point%2Citems.name%2Citems.address_name%2Citems.reviews HTTP/1.1" 200 133
2025-10-30 20:29:43,891 - DEBUG - [получить_поликлиники_в_районе] - Статус ответа: 200
2025-10-30 20:29:43,891 - WARNING - [получить_поликлиники_в_районе] - На странице 2 нет данных в ожидаемом формате
2025-10-30 20:29:44,393 - DEBUG - [получить_поликлиники_в_районе] - Запрос страницы 3 для района Капотня
2025-10-30 20:29:44,394 - DEBUG - [_new_conn] - Starting new HTTPS connection (1): catalog.api.2gis.com:443
2025-10-30 20:29:44,771 - DEBUG - [_make_request] - https://catalog.api.2gis.com:443 "GET /3.0/items?key=2e3b8ee1-dca8-47ab-99a0-bb8cfce53698&q=%D0%BF%D0%BE%D0%BB%D0%B8%D0%BA%D0%BB%D0%B8%D0%BD%D0%B8%D0%BA%D0%B0&district_id=4504209512726597&type=branch&page=3&page_size=10&fields=items.point%2Citems.name%2Citems.address_name%2Citems.reviews HTTP/1.1" 200 133
2025-10-30 20:29:44,772 - DEBUG - [получить_поликлиники_в_районе] - Статус ответа: 200
2025-10-30 20:29:44,772 - WARNING - [получить_поликлиники_в_районе] - На странице 3 нет данных в ожидаемом формате
2025-10-30 20:29:45,273 - DEBUG - [получить_поликлиники_в_районе] - Запрос страницы 4 для района Капотня
2025-10-30 20:29:45,275 - DEBUG - [_new_conn] - Starting new HTTPS connection (1): catalog.api.2gis.com:443
2025-10-30 20:29:45,670 - DEBUG - [_make_request] - https://catalog.api.2gis.com:443 "GET /3.0/items?key=2e3b8ee1-dca8-47ab-99a0-bb8cfce53698&q=%D0%BF%D0%BE%D0%BB%D0%B8%D0%BA%D0%BB%D0%B8%D0%BD%D0%B8%D0%BA%D0%B0&district_id=4504209512726597&type=branch&page=4&page_size=10&fields=items.point%2Citems.name%2Citems.address_name%2Citems.reviews HTTP/1.1" 200 133
2025-10-30 20:29:45,671 - DEBUG - [получить_поликлиники_в_районе] - Статус ответа: 200
2025-10-30 20:29:45,671 - WARNING - [получить_поликлиники_в_районе] - На странице 4 нет данных в ожидаемом формате
2025-10-30 20:29:46,172 - DEBUG - [получить_поликлиники_в_районе] - Запрос страницы 5 для района Капотня
2025-10-30 20:29:46,174 - DEBUG - [_new_conn] - Starting new HTTPS connection (1): catalog.api.2gis.com:443
2025-10-30 20:29:46,549 - DEBUG - [_make_request] - https://catalog.api.2gis.com:443 "GET /3.0/items?key=2e3b8ee1-dca8-47ab-99a0-bb8cfce53698&q=%D0%BF%D0%BE%D0%BB%D0%B8%D0%BA%D0%BB%D0%B8%D0%BD%D0%B8%D0%BA%D0%B0&district_id=4504209512726597&type=branch&page=5&page_size=10&fields=items.point%2Citems.name%2Citems.address_name%2Citems.reviews HTTP/1.1" 200 133
2025-10-30 20:29:46,550 - DEBUG - [получить_поликлиники_в_районе] - Статус ответа: 200
2025-10-30 20:29:46,550 - WARNING - [получить_поликлиники_в_районе] - На странице 5 нет данных в ожидаемом формате
2025-10-30 20:29:46,551 - INFO - [получить_поликлиники_в_районе] - Завершение сбора для района Капотня. Найдено поликлиник: 2
2025-10-30 20:29:46,552 - INFO - [<cell line: 0>] - Район 'Капотня' завершен. Поликлиник: 2
2025-10-30 20:29:47,554 - INFO - [<cell line: 0>] - [39/132] Обработка района: Коммунарка
2025-10-30 20:29:47,555 - INFO - [получить_поликлиники_в_районе] - Начало сбора поликлиник для района: Коммунарка (ID: 4504209520926899)
2025-10-30 20:29:47,556 - DEBUG - [получить_поликлиники_в_районе] - Запрос страницы 1 для района Коммунарка
2025-10-30 20:29:47,559 - DEBUG - [_new_conn] - Starting new HTTPS connection (1): catalog.api.2gis.com:443
2025-10-30 20:29:47,950 - DEBUG - [_make_request] - https://catalog.api.2gis.com:443 "GET /3.0/items?key=2e3b8ee1-dca8-47ab-99a0-bb8cfce53698&q=%D0%BF%D0%BE%D0%BB%D0%B8%D0%BA%D0%BB%D0%B8%D0%BD%D0%B8%D0%BA%D0%B0&district_id=4504209520926899&type=branch&page=1&page_size=10&fields=items.point%2Citems.name%2Citems.address_name%2Citems.reviews HTTP/1.1" 200 None
2025-10-30 20:29:47,950 - DEBUG - [получить_поликлиники_в_районе] - Статус ответа: 200
2025-10-30 20:29:47,951 - INFO - [получить_поликлиники_в_районе] - Загружено 6 поликлиник со страницы 1
2025-10-30 20:29:48,452 - DEBUG - [получить_поликлиники_в_районе] - Запрос страницы 2 для района Коммунарка
2025-10-30 20:29:48,453 - DEBUG - [_new_conn] - Starting new HTTPS connection (1): catalog.api.2gis.com:443
2025-10-30 20:29:48,838 - DEBUG - [_make_request] - https://catalog.api.2gis.com:443 "GET /3.0/items?key=2e3b8ee1-dca8-47ab-99a0-bb8cfce53698&q=%D0%BF%D0%BE%D0%BB%D0%B8%D0%BA%D0%BB%D0%B8%D0%BD%D0%B8%D0%BA%D0%B0&district_id=4504209520926899&type=branch&page=2&page_size=10&fields=items.point%2Citems.name%2Citems.address_name%2Citems.reviews HTTP/1.1" 200 133
2025-10-30 20:29:48,839 - DEBUG - [получить_поликлиники_в_районе] - Статус ответа: 200
2025-10-30 20:29:48,839 - WARNING - [получить_поликлиники_в_районе] - На странице 2 нет данных в ожидаемом формате
2025-10-30 20:29:49,340 - DEBUG - [получить_поликлиники_в_районе] - Запрос страницы 3 для района Коммунарка
2025-10-30 20:29:49,341 - DEBUG - [_new_conn] - Starting new HTTPS connection (1): catalog.api.2gis.com:443
2025-10-30 20:29:49,720 - DEBUG - [_make_request] - https://catalog.api.2gis.com:443 "GET /3.0/items?key=2e3b8ee1-dca8-47ab-99a0-bb8cfce53698&q=%D0%BF%D0%BE%D0%BB%D0%B8%D0%BA%D0%BB%D0%B8%D0%BD%D0%B8%D0%BA%D0%B0&district_id=4504209520926899&type=branch&page=3&page_size=10&fields=items.point%2Citems.name%2Citems.address_name%2Citems.reviews HTTP/1.1" 200 133
2025-10-30 20:29:49,721 - DEBUG - [получить_поликлиники_в_районе] - Статус ответа: 200
2025-10-30 20:29:49,721 - WARNING - [получить_поликлиники_в_районе] - На странице 3 нет данных в ожидаемом формате
2025-10-30 20:29:50,222 - DEBUG - [получить_поликлиники_в_районе] - Запрос страницы 4 для района Коммунарка
2025-10-30 20:29:50,224 - DEBUG - [_new_conn] - Starting new HTTPS connection (1): catalog.api.2gis.com:443
2025-10-30 20:29:50,597 - DEBUG - [_make_request] - https://catalog.api.2gis.com:443 "GET /3.0/items?key=2e3b8ee1-dca8-47ab-99a0-bb8cfce53698&q=%D0%BF%D0%BE%D0%BB%D0%B8%D0%BA%D0%BB%D0%B8%D0%BD%D0%B8%D0%BA%D0%B0&district_id=4504209520926899&type=branch&page=4&page_size=10&fields=items.point%2Citems.name%2Citems.address_name%2Citems.reviews HTTP/1.1" 200 133
2025-10-30 20:29:50,598 - DEBUG - [получить_поликлиники_в_районе] - Статус ответа: 200
2025-10-30 20:29:50,598 - WARNING - [получить_поликлиники_в_районе] - На странице 4 нет данных в ожидаемом формате
2025-10-30 20:29:51,099 - DEBUG - [получить_поликлиники_в_районе] - Запрос страницы 5 для района Коммунарка
2025-10-30 20:29:51,100 - DEBUG - [_new_conn] - Starting new HTTPS connection (1): catalog.api.2gis.com:443
2025-10-30 20:29:51,479 - DEBUG - [_make_request] - https://catalog.api.2gis.com:443 "GET /3.0/items?key=2e3b8ee1-dca8-47ab-99a0-bb8cfce53698&q=%D0%BF%D0%BE%D0%BB%D0%B8%D0%BA%D0%BB%D0%B8%D0%BD%D0%B8%D0%BA%D0%B0&district_id=4504209520926899&type=branch&page=5&page_size=10&fields=items.point%2Citems.name%2Citems.address_name%2Citems.reviews HTTP/1.1" 200 133
2025-10-30 20:29:51,479 - DEBUG - [получить_поликлиники_в_районе] - Статус ответа: 200
2025-10-30 20:29:51,480 - WARNING - [получить_поликлиники_в_районе] - На странице 5 нет данных в ожидаемом формате
2025-10-30 20:29:51,480 - INFO - [получить_поликлиники_в_районе] - Завершение сбора для района Коммунарка. Найдено поликлиник: 6
2025-10-30 20:29:51,482 - INFO - [<cell line: 0>] - Район 'Коммунарка' завершен. Поликлиник: 6
2025-10-30 20:29:52,483 - INFO - [<cell line: 0>] - [40/132] Обработка района: Коньково
2025-10-30 20:29:52,484 - INFO - [получить_поликлиники_в_районе] - Начало сбора поликлиник для района: Коньково (ID: 4504209512726629)
2025-10-30 20:29:52,485 - DEBUG - [получить_поликлиники_в_районе] - Запрос страницы 1 для района Коньково
2025-10-30 20:29:52,488 - DEBUG - [_new_conn] - Starting new HTTPS connection (1): catalog.api.2gis.com:443
2025-10-30 20:29:52,871 - DEBUG - [_make_request] - https://catalog.api.2gis.com:443 "GET /3.0/items?key=2e3b8ee1-dca8-47ab-99a0-bb8cfce53698&q=%D0%BF%D0%BE%D0%BB%D0%B8%D0%BA%D0%BB%D0%B8%D0%BD%D0%B8%D0%BA%D0%B0&district_id=4504209512726629&type=branch&page=1&page_size=10&fields=items.point%2Citems.name%2Citems.address_name%2Citems.reviews HTTP/1.1" 200 None
2025-10-30 20:29:52,872 - DEBUG - [получить_поликлиники_в_районе] - Статус ответа: 200
2025-10-30 20:29:52,872 - INFO - [получить_поликлиники_в_районе] - Загружено 10 поликлиник со страницы 1
2025-10-30 20:29:53,373 - DEBUG - [получить_поликлиники_в_районе] - Запрос страницы 2 для района Коньково
2025-10-30 20:29:53,375 - DEBUG - [_new_conn] - Starting new HTTPS connection (1): catalog.api.2gis.com:443
2025-10-30 20:29:53,771 - DEBUG - [_make_request] - https://catalog.api.2gis.com:443 "GET /3.0/items?key=2e3b8ee1-dca8-47ab-99a0-bb8cfce53698&q=%D0%BF%D0%BE%D0%BB%D0%B8%D0%BA%D0%BB%D0%B8%D0%BD%D0%B8%D0%BA%D0%B0&district_id=4504209512726629&type=branch&page=2&page_size=10&fields=items.point%2Citems.name%2Citems.address_name%2Citems.reviews HTTP/1.1" 200 None
2025-10-30 20:29:53,772 - DEBUG - [получить_поликлиники_в_районе] - Статус ответа: 200
2025-10-30 20:29:53,772 - INFO - [получить_поликлиники_в_районе] - Загружено 7 поликлиник со страницы 2
2025-10-30 20:29:54,273 - DEBUG - [получить_поликлиники_в_районе] - Запрос страницы 3 для района Коньково
2025-10-30 20:29:54,274 - DEBUG - [_new_conn] - Starting new HTTPS connection (1): catalog.api.2gis.com:443
2025-10-30 20:29:54,667 - DEBUG - [_make_request] - https://catalog.api.2gis.com:443 "GET /3.0/items?key=2e3b8ee1-dca8-47ab-99a0-bb8cfce53698&q=%D0%BF%D0%BE%D0%BB%D0%B8%D0%BA%D0%BB%D0%B8%D0%BD%D0%B8%D0%BA%D0%B0&district_id=4504209512726629&type=branch&page=3&page_size=10&fields=items.point%2Citems.name%2Citems.address_name%2Citems.reviews HTTP/1.1" 200 133
2025-10-30 20:29:54,668 - DEBUG - [получить_поликлиники_в_районе] - Статус ответа: 200
2025-10-30 20:29:54,668 - WARNING - [получить_поликлиники_в_районе] - На странице 3 нет данных в ожидаемом формате
2025-10-30 20:29:55,169 - DEBUG - [получить_поликлиники_в_районе] - Запрос страницы 4 для района Коньково
2025-10-30 20:29:55,170 - DEBUG - [_new_conn] - Starting new HTTPS connection (1): catalog.api.2gis.com:443
2025-10-30 20:29:55,557 - DEBUG - [_make_request] - https://catalog.api.2gis.com:443 "GET /3.0/items?key=2e3b8ee1-dca8-47ab-99a0-bb8cfce53698&q=%D0%BF%D0%BE%D0%BB%D0%B8%D0%BA%D0%BB%D0%B8%D0%BD%D0%B8%D0%BA%D0%B0&district_id=4504209512726629&type=branch&page=4&page_size=10&fields=items.point%2Citems.name%2Citems.address_name%2Citems.reviews HTTP/1.1" 200 133
2025-10-30 20:29:55,558 - DEBUG - [получить_поликлиники_в_районе] - Статус ответа: 200
2025-10-30 20:29:55,558 - WARNING - [получить_поликлиники_в_районе] - На странице 4 нет данных в ожидаемом формате
2025-10-30 20:29:56,059 - DEBUG - [получить_поликлиники_в_районе] - Запрос страницы 5 для района Коньково
2025-10-30 20:29:56,061 - DEBUG - [_new_conn] - Starting new HTTPS connection (1): catalog.api.2gis.com:443
2025-10-30 20:29:56,448 - DEBUG - [_make_request] - https://catalog.api.2gis.com:443 "GET /3.0/items?key=2e3b8ee1-dca8-47ab-99a0-bb8cfce53698&q=%D0%BF%D0%BE%D0%BB%D0%B8%D0%BA%D0%BB%D0%B8%D0%BD%D0%B8%D0%BA%D0%B0&district_id=4504209512726629&type=branch&page=5&page_size=10&fields=items.point%2Citems.name%2Citems.address_name%2Citems.reviews HTTP/1.1" 200 133
2025-10-30 20:29:56,449 - DEBUG - [получить_поликлиники_в_районе] - Статус ответа: 200
2025-10-30 20:29:56,449 - WARNING - [получить_поликлиники_в_районе] - На странице 5 нет данных в ожидаемом формате
2025-10-30 20:29:56,451 - INFO - [получить_поликлиники_в_районе] - Завершение сбора для района Коньково. Найдено поликлиник: 17
2025-10-30 20:29:56,452 - INFO - [<cell line: 0>] - Район 'Коньково' завершен. Поликлиник: 17
2025-10-30 20:29:57,454 - INFO - [<cell line: 0>] - [41/132] Обработка района: Коптево
2025-10-30 20:29:57,455 - INFO - [получить_поликлиники_в_районе] - Начало сбора поликлиник для района: Коптево (ID: 4504209512726550)
2025-10-30 20:29:57,456 - DEBUG - [получить_поликлиники_в_районе] - Запрос страницы 1 для района Коптево
2025-10-30 20:29:57,458 - DEBUG - [_new_conn] - Starting new HTTPS connection (1): catalog.api.2gis.com:443
2025-10-30 20:29:57,860 - DEBUG - [_make_request] - https://catalog.api.2gis.com:443 "GET /3.0/items?key=2e3b8ee1-dca8-47ab-99a0-bb8cfce53698&q=%D0%BF%D0%BE%D0%BB%D0%B8%D0%BA%D0%BB%D0%B8%D0%BD%D0%B8%D0%BA%D0%B0&district_id=4504209512726550&type=branch&page=1&page_size=10&fields=items.point%2Citems.name%2Citems.address_name%2Citems.reviews HTTP/1.1" 200 None
2025-10-30 20:29:57,860 - DEBUG - [получить_поликлиники_в_районе] - Статус ответа: 200
2025-10-30 20:29:57,861 - INFO - [получить_поликлиники_в_районе] - Загружено 5 поликлиник со страницы 1
2025-10-30 20:29:58,362 - DEBUG - [получить_поликлиники_в_районе] - Запрос страницы 2 для района Коптево
2025-10-30 20:29:58,363 - DEBUG - [_new_conn] - Starting new HTTPS connection (1): catalog.api.2gis.com:443
2025-10-30 20:29:58,750 - DEBUG - [_make_request] - https://catalog.api.2gis.com:443 "GET /3.0/items?key=2e3b8ee1-dca8-47ab-99a0-bb8cfce53698&q=%D0%BF%D0%BE%D0%BB%D0%B8%D0%BA%D0%BB%D0%B8%D0%BD%D0%B8%D0%BA%D0%B0&district_id=4504209512726550&type=branch&page=2&page_size=10&fields=items.point%2Citems.name%2Citems.address_name%2Citems.reviews HTTP/1.1" 200 133
2025-10-30 20:29:58,751 - DEBUG - [получить_поликлиники_в_районе] - Статус ответа: 200
2025-10-30 20:29:58,752 - WARNING - [получить_поликлиники_в_районе] - На странице 2 нет данных в ожидаемом формате
2025-10-30 20:29:59,253 - DEBUG - [получить_поликлиники_в_районе] - Запрос страницы 3 для района Коптево
2025-10-30 20:29:59,254 - DEBUG - [_new_conn] - Starting new HTTPS connection (1): catalog.api.2gis.com:443
2025-10-30 20:29:59,658 - DEBUG - [_make_request] - https://catalog.api.2gis.com:443 "GET /3.0/items?key=2e3b8ee1-dca8-47ab-99a0-bb8cfce53698&q=%D0%BF%D0%BE%D0%BB%D0%B8%D0%BA%D0%BB%D0%B8%D0%BD%D0%B8%D0%BA%D0%B0&district_id=4504209512726550&type=branch&page=3&page_size=10&fields=items.point%2Citems.name%2Citems.address_name%2Citems.reviews HTTP/1.1" 200 133
2025-10-30 20:29:59,658 - DEBUG - [получить_поликлиники_в_районе] - Статус ответа: 200
2025-10-30 20:29:59,659 - WARNING - [получить_поликлиники_в_районе] - На странице 3 нет данных в ожидаемом формате
2025-10-30 20:30:00,160 - DEBUG - [получить_поликлиники_в_районе] - Запрос страницы 4 для района Коптево
2025-10-30 20:30:00,161 - DEBUG - [_new_conn] - Starting new HTTPS connection (1): catalog.api.2gis.com:443
2025-10-30 20:30:00,554 - DEBUG - [_make_request] - https://catalog.api.2gis.com:443 "GET /3.0/items?key=2e3b8ee1-dca8-47ab-99a0-bb8cfce53698&q=%D0%BF%D0%BE%D0%BB%D0%B8%D0%BA%D0%BB%D0%B8%D0%BD%D0%B8%D0%BA%D0%B0&district_id=4504209512726550&type=branch&page=4&page_size=10&fields=items.point%2Citems.name%2Citems.address_name%2Citems.reviews HTTP/1.1" 200 133
2025-10-30 20:30:00,555 - DEBUG - [получить_поликлиники_в_районе] - Статус ответа: 200
2025-10-30 20:30:00,555 - WARNING - [получить_поликлиники_в_районе] - На странице 4 нет данных в ожидаемом формате
2025-10-30 20:30:01,057 - DEBUG - [получить_поликлиники_в_районе] - Запрос страницы 5 для района Коптево
2025-10-30 20:30:01,058 - DEBUG - [_new_conn] - Starting new HTTPS connection (1): catalog.api.2gis.com:443
2025-10-30 20:30:01,458 - DEBUG - [_make_request] - https://catalog.api.2gis.com:443 "GET /3.0/items?key=2e3b8ee1-dca8-47ab-99a0-bb8cfce53698&q=%D0%BF%D0%BE%D0%BB%D0%B8%D0%BA%D0%BB%D0%B8%D0%BD%D0%B8%D0%BA%D0%B0&district_id=4504209512726550&type=branch&page=5&page_size=10&fields=items.point%2Citems.name%2Citems.address_name%2Citems.reviews HTTP/1.1" 200 133
2025-10-30 20:30:01,459 - DEBUG - [получить_поликлиники_в_районе] - Статус ответа: 200
2025-10-30 20:30:01,459 - WARNING - [получить_поликлиники_в_районе] - На странице 5 нет данных в ожидаемом формате
2025-10-30 20:30:01,460 - INFO - [получить_поликлиники_в_районе] - Завершение сбора для района Коптево. Найдено поликлиник: 5
2025-10-30 20:30:01,462 - INFO - [<cell line: 0>] - Район 'Коптево' завершен. Поликлиник: 5
2025-10-30 20:30:02,463 - INFO - [<cell line: 0>] - [42/132] Обработка района: Косино-Ухтомский
2025-10-30 20:30:02,464 - INFO - [получить_поликлиники_в_районе] - Начало сбора поликлиник для района: Косино-Ухтомский (ID: 4504209512726577)
2025-10-30 20:30:02,465 - DEBUG - [получить_поликлиники_в_районе] - Запрос страницы 1 для района Косино-Ухтомский
2025-10-30 20:30:02,467 - DEBUG - [_new_conn] - Starting new HTTPS connection (1): catalog.api.2gis.com:443
2025-10-30 20:30:02,856 - DEBUG - [_make_request] - https://catalog.api.2gis.com:443 "GET /3.0/items?key=2e3b8ee1-dca8-47ab-99a0-bb8cfce53698&q=%D0%BF%D0%BE%D0%BB%D0%B8%D0%BA%D0%BB%D0%B8%D0%BD%D0%B8%D0%BA%D0%B0&district_id=4504209512726577&type=branch&page=1&page_size=10&fields=items.point%2Citems.name%2Citems.address_name%2Citems.reviews HTTP/1.1" 200 None
2025-10-30 20:30:02,857 - DEBUG - [получить_поликлиники_в_районе] - Статус ответа: 200
2025-10-30 20:30:02,857 - INFO - [получить_поликлиники_в_районе] - Загружено 8 поликлиник со страницы 1
2025-10-30 20:30:03,359 - DEBUG - [получить_поликлиники_в_районе] - Запрос страницы 2 для района Косино-Ухтомский
2025-10-30 20:30:03,360 - DEBUG - [_new_conn] - Starting new HTTPS connection (1): catalog.api.2gis.com:443
2025-10-30 20:30:03,741 - DEBUG - [_make_request] - https://catalog.api.2gis.com:443 "GET /3.0/items?key=2e3b8ee1-dca8-47ab-99a0-bb8cfce53698&q=%D0%BF%D0%BE%D0%BB%D0%B8%D0%BA%D0%BB%D0%B8%D0%BD%D0%B8%D0%BA%D0%B0&district_id=4504209512726577&type=branch&page=2&page_size=10&fields=items.point%2Citems.name%2Citems.address_name%2Citems.reviews HTTP/1.1" 200 133
2025-10-30 20:30:03,741 - DEBUG - [получить_поликлиники_в_районе] - Статус ответа: 200
2025-10-30 20:30:03,742 - WARNING - [получить_поликлиники_в_районе] - На странице 2 нет данных в ожидаемом формате
2025-10-30 20:30:04,243 - DEBUG - [получить_поликлиники_в_районе] - Запрос страницы 3 для района Косино-Ухтомский
2025-10-30 20:30:04,244 - DEBUG - [_new_conn] - Starting new HTTPS connection (1): catalog.api.2gis.com:443
2025-10-30 20:30:04,623 - DEBUG - [_make_request] - https://catalog.api.2gis.com:443 "GET /3.0/items?key=2e3b8ee1-dca8-47ab-99a0-bb8cfce53698&q=%D0%BF%D0%BE%D0%BB%D0%B8%D0%BA%D0%BB%D0%B8%D0%BD%D0%B8%D0%BA%D0%B0&district_id=4504209512726577&type=branch&page=3&page_size=10&fields=items.point%2Citems.name%2Citems.address_name%2Citems.reviews HTTP/1.1" 200 133
2025-10-30 20:30:04,624 - DEBUG - [получить_поликлиники_в_районе] - Статус ответа: 200
2025-10-30 20:30:04,624 - WARNING - [получить_поликлиники_в_районе] - На странице 3 нет данных в ожидаемом формате
2025-10-30 20:30:05,125 - DEBUG - [получить_поликлиники_в_районе] - Запрос страницы 4 для района Косино-Ухтомский
2025-10-30 20:30:05,126 - DEBUG - [_new_conn] - Starting new HTTPS connection (1): catalog.api.2gis.com:443
2025-10-30 20:30:05,504 - DEBUG - [_make_request] - https://catalog.api.2gis.com:443 "GET /3.0/items?key=2e3b8ee1-dca8-47ab-99a0-bb8cfce53698&q=%D0%BF%D0%BE%D0%BB%D0%B8%D0%BA%D0%BB%D0%B8%D0%BD%D0%B8%D0%BA%D0%B0&district_id=4504209512726577&type=branch&page=4&page_size=10&fields=items.point%2Citems.name%2Citems.address_name%2Citems.reviews HTTP/1.1" 200 133
2025-10-30 20:30:05,505 - DEBUG - [получить_поликлиники_в_районе] - Статус ответа: 200
2025-10-30 20:30:05,505 - WARNING - [получить_поликлиники_в_районе] - На странице 4 нет данных в ожидаемом формате
2025-10-30 20:30:06,006 - DEBUG - [получить_поликлиники_в_районе] - Запрос страницы 5 для района Косино-Ухтомский
2025-10-30 20:30:06,007 - DEBUG - [_new_conn] - Starting new HTTPS connection (1): catalog.api.2gis.com:443
2025-10-30 20:30:06,413 - DEBUG - [_make_request] - https://catalog.api.2gis.com:443 "GET /3.0/items?key=2e3b8ee1-dca8-47ab-99a0-bb8cfce53698&q=%D0%BF%D0%BE%D0%BB%D0%B8%D0%BA%D0%BB%D0%B8%D0%BD%D0%B8%D0%BA%D0%B0&district_id=4504209512726577&type=branch&page=5&page_size=10&fields=items.point%2Citems.name%2Citems.address_name%2Citems.reviews HTTP/1.1" 200 133
2025-10-30 20:30:06,414 - DEBUG - [получить_поликлиники_в_районе] - Статус ответа: 200
2025-10-30 20:30:06,414 - WARNING - [получить_поликлиники_в_районе] - На странице 5 нет данных в ожидаемом формате
2025-10-30 20:30:06,415 - INFO - [получить_поликлиники_в_районе] - Завершение сбора для района Косино-Ухтомский. Найдено поликлиник: 8
2025-10-30 20:30:06,417 - INFO - [<cell line: 0>] - Район 'Косино-Ухтомский' завершен. Поликлиник: 8
2025-10-30 20:30:07,419 - INFO - [<cell line: 0>] - [43/132] Обработка района: Котловка
2025-10-30 20:30:07,420 - INFO - [получить_поликлиники_в_районе] - Начало сбора поликлиник для района: Котловка (ID: 4504209512726613)
2025-10-30 20:30:07,422 - DEBUG - [получить_поликлиники_в_районе] - Запрос страницы 1 для района Котловка
2025-10-30 20:30:07,424 - DEBUG - [_new_conn] - Starting new HTTPS connection (1): catalog.api.2gis.com:443
2025-10-30 20:30:07,820 - DEBUG - [_make_request] - https://catalog.api.2gis.com:443 "GET /3.0/items?key=2e3b8ee1-dca8-47ab-99a0-bb8cfce53698&q=%D0%BF%D0%BE%D0%BB%D0%B8%D0%BA%D0%BB%D0%B8%D0%BD%D0%B8%D0%BA%D0%B0&district_id=4504209512726613&type=branch&page=1&page_size=10&fields=items.point%2Citems.name%2Citems.address_name%2Citems.reviews HTTP/1.1" 200 None
2025-10-30 20:30:07,821 - DEBUG - [получить_поликлиники_в_районе] - Статус ответа: 200
2025-10-30 20:30:07,821 - INFO - [получить_поликлиники_в_районе] - Загружено 4 поликлиник со страницы 1
2025-10-30 20:30:08,322 - DEBUG - [получить_поликлиники_в_районе] - Запрос страницы 2 для района Котловка
2025-10-30 20:30:08,324 - DEBUG - [_new_conn] - Starting new HTTPS connection (1): catalog.api.2gis.com:443
2025-10-30 20:30:08,834 - DEBUG - [_make_request] - https://catalog.api.2gis.com:443 "GET /3.0/items?key=2e3b8ee1-dca8-47ab-99a0-bb8cfce53698&q=%D0%BF%D0%BE%D0%BB%D0%B8%D0%BA%D0%BB%D0%B8%D0%BD%D0%B8%D0%BA%D0%B0&district_id=4504209512726613&type=branch&page=2&page_size=10&fields=items.point%2Citems.name%2Citems.address_name%2Citems.reviews HTTP/1.1" 200 133
2025-10-30 20:30:08,835 - DEBUG - [получить_поликлиники_в_районе] - Статус ответа: 200
2025-10-30 20:30:08,835 - WARNING - [получить_поликлиники_в_районе] - На странице 2 нет данных в ожидаемом формате
2025-10-30 20:30:09,337 - DEBUG - [получить_поликлиники_в_районе] - Запрос страницы 3 для района Котловка
2025-10-30 20:30:09,338 - DEBUG - [_new_conn] - Starting new HTTPS connection (1): catalog.api.2gis.com:443
2025-10-30 20:30:09,803 - DEBUG - [_make_request] - https://catalog.api.2gis.com:443 "GET /3.0/items?key=2e3b8ee1-dca8-47ab-99a0-bb8cfce53698&q=%D0%BF%D0%BE%D0%BB%D0%B8%D0%BA%D0%BB%D0%B8%D0%BD%D0%B8%D0%BA%D0%B0&district_id=4504209512726613&type=branch&page=3&page_size=10&fields=items.point%2Citems.name%2Citems.address_name%2Citems.reviews HTTP/1.1" 200 133
2025-10-30 20:30:09,804 - DEBUG - [получить_поликлиники_в_районе] - Статус ответа: 200
2025-10-30 20:30:09,804 - WARNING - [получить_поликлиники_в_районе] - На странице 3 нет данных в ожидаемом формате
2025-10-30 20:30:10,305 - DEBUG - [получить_поликлиники_в_районе] - Запрос страницы 4 для района Котловка
2025-10-30 20:30:10,306 - DEBUG - [_new_conn] - Starting new HTTPS connection (1): catalog.api.2gis.com:443
2025-10-30 20:30:10,701 - DEBUG - [_make_request] - https://catalog.api.2gis.com:443 "GET /3.0/items?key=2e3b8ee1-dca8-47ab-99a0-bb8cfce53698&q=%D0%BF%D0%BE%D0%BB%D0%B8%D0%BA%D0%BB%D0%B8%D0%BD%D0%B8%D0%BA%D0%B0&district_id=4504209512726613&type=branch&page=4&page_size=10&fields=items.point%2Citems.name%2Citems.address_name%2Citems.reviews HTTP/1.1" 200 133
2025-10-30 20:30:10,702 - DEBUG - [получить_поликлиники_в_районе] - Статус ответа: 200
2025-10-30 20:30:10,702 - WARNING - [получить_поликлиники_в_районе] - На странице 4 нет данных в ожидаемом формате
2025-10-30 20:30:11,203 - DEBUG - [получить_поликлиники_в_районе] - Запрос страницы 5 для района Котловка
2025-10-30 20:30:11,204 - DEBUG - [_new_conn] - Starting new HTTPS connection (1): catalog.api.2gis.com:443
2025-10-30 20:30:11,599 - DEBUG - [_make_request] - https://catalog.api.2gis.com:443 "GET /3.0/items?key=2e3b8ee1-dca8-47ab-99a0-bb8cfce53698&q=%D0%BF%D0%BE%D0%BB%D0%B8%D0%BA%D0%BB%D0%B8%D0%BD%D0%B8%D0%BA%D0%B0&district_id=4504209512726613&type=branch&page=5&page_size=10&fields=items.point%2Citems.name%2Citems.address_name%2Citems.reviews HTTP/1.1" 200 133
2025-10-30 20:30:11,600 - DEBUG - [получить_поликлиники_в_районе] - Статус ответа: 200
2025-10-30 20:30:11,600 - WARNING - [получить_поликлиники_в_районе] - На странице 5 нет данных в ожидаемом формате
2025-10-30 20:30:11,601 - INFO - [получить_поликлиники_в_районе] - Завершение сбора для района Котловка. Найдено поликлиник: 4
2025-10-30 20:30:11,603 - INFO - [<cell line: 0>] - Район 'Котловка' завершен. Поликлиник: 4
2025-10-30 20:30:12,605 - INFO - [<cell line: 0>] - [44/132] Обработка района: Краснопахорский
2025-10-30 20:30:12,606 - INFO - [получить_поликлиники_в_районе] - Начало сбора поликлиник для района: Краснопахорский (ID: 4504209520933720)
2025-10-30 20:30:12,608 - DEBUG - [получить_поликлиники_в_районе] - Запрос страницы 1 для района Краснопахорский
2025-10-30 20:30:12,610 - DEBUG - [_new_conn] - Starting new HTTPS connection (1): catalog.api.2gis.com:443
2025-10-30 20:30:12,991 - DEBUG - [_make_request] - https://catalog.api.2gis.com:443 "GET /3.0/items?key=2e3b8ee1-dca8-47ab-99a0-bb8cfce53698&q=%D0%BF%D0%BE%D0%BB%D0%B8%D0%BA%D0%BB%D0%B8%D0%BD%D0%B8%D0%BA%D0%B0&district_id=4504209520933720&type=branch&page=1&page_size=10&fields=items.point%2Citems.name%2Citems.address_name%2Citems.reviews HTTP/1.1" 200 None
2025-10-30 20:30:12,992 - DEBUG - [получить_поликлиники_в_районе] - Статус ответа: 200
2025-10-30 20:30:12,992 - INFO - [получить_поликлиники_в_районе] - Загружено 3 поликлиник со страницы 1
2025-10-30 20:30:13,493 - DEBUG - [получить_поликлиники_в_районе] - Запрос страницы 2 для района Краснопахорский
2025-10-30 20:30:13,495 - DEBUG - [_new_conn] - Starting new HTTPS connection (1): catalog.api.2gis.com:443
2025-10-30 20:30:13,871 - DEBUG - [_make_request] - https://catalog.api.2gis.com:443 "GET /3.0/items?key=2e3b8ee1-dca8-47ab-99a0-bb8cfce53698&q=%D0%BF%D0%BE%D0%BB%D0%B8%D0%BA%D0%BB%D0%B8%D0%BD%D0%B8%D0%BA%D0%B0&district_id=4504209520933720&type=branch&page=2&page_size=10&fields=items.point%2Citems.name%2Citems.address_name%2Citems.reviews HTTP/1.1" 200 133
2025-10-30 20:30:13,872 - DEBUG - [получить_поликлиники_в_районе] - Статус ответа: 200
2025-10-30 20:30:13,872 - WARNING - [получить_поликлиники_в_районе] - На странице 2 нет данных в ожидаемом формате
2025-10-30 20:30:14,373 - DEBUG - [получить_поликлиники_в_районе] - Запрос страницы 3 для района Краснопахорский
2025-10-30 20:30:14,375 - DEBUG - [_new_conn] - Starting new HTTPS connection (1): catalog.api.2gis.com:443
2025-10-30 20:30:14,749 - DEBUG - [_make_request] - https://catalog.api.2gis.com:443 "GET /3.0/items?key=2e3b8ee1-dca8-47ab-99a0-bb8cfce53698&q=%D0%BF%D0%BE%D0%BB%D0%B8%D0%BA%D0%BB%D0%B8%D0%BD%D0%B8%D0%BA%D0%B0&district_id=4504209520933720&type=branch&page=3&page_size=10&fields=items.point%2Citems.name%2Citems.address_name%2Citems.reviews HTTP/1.1" 200 133
2025-10-30 20:30:14,750 - DEBUG - [получить_поликлиники_в_районе] - Статус ответа: 200
2025-10-30 20:30:14,750 - WARNING - [получить_поликлиники_в_районе] - На странице 3 нет данных в ожидаемом формате
2025-10-30 20:30:15,251 - DEBUG - [получить_поликлиники_в_районе] - Запрос страницы 4 для района Краснопахорский
2025-10-30 20:30:15,253 - DEBUG - [_new_conn] - Starting new HTTPS connection (1): catalog.api.2gis.com:443
2025-10-30 20:30:15,631 - DEBUG - [_make_request] - https://catalog.api.2gis.com:443 "GET /3.0/items?key=2e3b8ee1-dca8-47ab-99a0-bb8cfce53698&q=%D0%BF%D0%BE%D0%BB%D0%B8%D0%BA%D0%BB%D0%B8%D0%BD%D0%B8%D0%BA%D0%B0&district_id=4504209520933720&type=branch&page=4&page_size=10&fields=items.point%2Citems.name%2Citems.address_name%2Citems.reviews HTTP/1.1" 200 133
2025-10-30 20:30:15,632 - DEBUG - [получить_поликлиники_в_районе] - Статус ответа: 200
2025-10-30 20:30:15,632 - WARNING - [получить_поликлиники_в_районе] - На странице 4 нет данных в ожидаемом формате
2025-10-30 20:30:16,133 - DEBUG - [получить_поликлиники_в_районе] - Запрос страницы 5 для района Краснопахорский
2025-10-30 20:30:16,135 - DEBUG - [_new_conn] - Starting new HTTPS connection (1): catalog.api.2gis.com:443
2025-10-30 20:30:16,511 - DEBUG - [_make_request] - https://catalog.api.2gis.com:443 "GET /3.0/items?key=2e3b8ee1-dca8-47ab-99a0-bb8cfce53698&q=%D0%BF%D0%BE%D0%BB%D0%B8%D0%BA%D0%BB%D0%B8%D0%BD%D0%B8%D0%BA%D0%B0&district_id=4504209520933720&type=branch&page=5&page_size=10&fields=items.point%2Citems.name%2Citems.address_name%2Citems.reviews HTTP/1.1" 200 133
2025-10-30 20:30:16,512 - DEBUG - [получить_поликлиники_в_районе] - Статус ответа: 200
2025-10-30 20:30:16,512 - WARNING - [получить_поликлиники_в_районе] - На странице 5 нет данных в ожидаемом формате
2025-10-30 20:30:16,513 - INFO - [получить_поликлиники_в_районе] - Завершение сбора для района Краснопахорский. Найдено поликлиник: 3
2025-10-30 20:30:16,516 - INFO - [<cell line: 0>] - Район 'Краснопахорский' завершен. Поликлиник: 3
2025-10-30 20:30:17,517 - INFO - [<cell line: 0>] - [45/132] Обработка района: Красносельский
2025-10-30 20:30:17,518 - INFO - [получить_поликлиники_в_районе] - Начало сбора поликлиник для района: Красносельский (ID: 4504209512726540)
2025-10-30 20:30:17,521 - DEBUG - [получить_поликлиники_в_районе] - Запрос страницы 1 для района Красносельский
2025-10-30 20:30:17,522 - DEBUG - [_new_conn] - Starting new HTTPS connection (1): catalog.api.2gis.com:443
2025-10-30 20:30:17,913 - DEBUG - [_make_request] - https://catalog.api.2gis.com:443 "GET /3.0/items?key=2e3b8ee1-dca8-47ab-99a0-bb8cfce53698&q=%D0%BF%D0%BE%D0%BB%D0%B8%D0%BA%D0%BB%D0%B8%D0%BD%D0%B8%D0%BA%D0%B0&district_id=4504209512726540&type=branch&page=1&page_size=10&fields=items.point%2Citems.name%2Citems.address_name%2Citems.reviews HTTP/1.1" 200 None
2025-10-30 20:30:17,913 - DEBUG - [получить_поликлиники_в_районе] - Статус ответа: 200
2025-10-30 20:30:17,914 - INFO - [получить_поликлиники_в_районе] - Загружено 10 поликлиник со страницы 1
2025-10-30 20:30:18,415 - DEBUG - [получить_поликлиники_в_районе] - Запрос страницы 2 для района Красносельский
2025-10-30 20:30:18,416 - DEBUG - [_new_conn] - Starting new HTTPS connection (1): catalog.api.2gis.com:443
2025-10-30 20:30:18,807 - DEBUG - [_make_request] - https://catalog.api.2gis.com:443 "GET /3.0/items?key=2e3b8ee1-dca8-47ab-99a0-bb8cfce53698&q=%D0%BF%D0%BE%D0%BB%D0%B8%D0%BA%D0%BB%D0%B8%D0%BD%D0%B8%D0%BA%D0%B0&district_id=4504209512726540&type=branch&page=2&page_size=10&fields=items.point%2Citems.name%2Citems.address_name%2Citems.reviews HTTP/1.1" 200 None
2025-10-30 20:30:18,808 - DEBUG - [получить_поликлиники_в_районе] - Статус ответа: 200
2025-10-30 20:30:18,809 - INFO - [получить_поликлиники_в_районе] - Загружено 4 поликлиник со страницы 2
2025-10-30 20:30:19,310 - DEBUG - [получить_поликлиники_в_районе] - Запрос страницы 3 для района Красносельский
2025-10-30 20:30:19,311 - DEBUG - [_new_conn] - Starting new HTTPS connection (1): catalog.api.2gis.com:443
2025-10-30 20:30:19,691 - DEBUG - [_make_request] - https://catalog.api.2gis.com:443 "GET /3.0/items?key=2e3b8ee1-dca8-47ab-99a0-bb8cfce53698&q=%D0%BF%D0%BE%D0%BB%D0%B8%D0%BA%D0%BB%D0%B8%D0%BD%D0%B8%D0%BA%D0%B0&district_id=4504209512726540&type=branch&page=3&page_size=10&fields=items.point%2Citems.name%2Citems.address_name%2Citems.reviews HTTP/1.1" 200 133
2025-10-30 20:30:19,693 - DEBUG - [получить_поликлиники_в_районе] - Статус ответа: 200
2025-10-30 20:30:19,693 - WARNING - [получить_поликлиники_в_районе] - На странице 3 нет данных в ожидаемом формате
2025-10-30 20:30:20,201 - DEBUG - [получить_поликлиники_в_районе] - Запрос страницы 4 для района Красносельский
2025-10-30 20:30:20,203 - DEBUG - [_new_conn] - Starting new HTTPS connection (1): catalog.api.2gis.com:443
2025-10-30 20:30:20,609 - DEBUG - [_make_request] - https://catalog.api.2gis.com:443 "GET /3.0/items?key=2e3b8ee1-dca8-47ab-99a0-bb8cfce53698&q=%D0%BF%D0%BE%D0%BB%D0%B8%D0%BA%D0%BB%D0%B8%D0%BD%D0%B8%D0%BA%D0%B0&district_id=4504209512726540&type=branch&page=4&page_size=10&fields=items.point%2Citems.name%2Citems.address_name%2Citems.reviews HTTP/1.1" 200 133
2025-10-30 20:30:20,610 - DEBUG - [получить_поликлиники_в_районе] - Статус ответа: 200
2025-10-30 20:30:20,610 - WARNING - [получить_поликлиники_в_районе] - На странице 4 нет данных в ожидаемом формате
2025-10-30 20:30:21,111 - DEBUG - [получить_поликлиники_в_районе] - Запрос страницы 5 для района Красносельский
2025-10-30 20:30:21,112 - DEBUG - [_new_conn] - Starting new HTTPS connection (1): catalog.api.2gis.com:443
2025-10-30 20:30:21,487 - DEBUG - [_make_request] - https://catalog.api.2gis.com:443 "GET /3.0/items?key=2e3b8ee1-dca8-47ab-99a0-bb8cfce53698&q=%D0%BF%D0%BE%D0%BB%D0%B8%D0%BA%D0%BB%D0%B8%D0%BD%D0%B8%D0%BA%D0%B0&district_id=4504209512726540&type=branch&page=5&page_size=10&fields=items.point%2Citems.name%2Citems.address_name%2Citems.reviews HTTP/1.1" 200 133
2025-10-30 20:30:21,488 - DEBUG - [получить_поликлиники_в_районе] - Статус ответа: 200
2025-10-30 20:30:21,488 - WARNING - [получить_поликлиники_в_районе] - На странице 5 нет данных в ожидаемом формате
2025-10-30 20:30:21,489 - INFO - [получить_поликлиники_в_районе] - Завершение сбора для района Красносельский. Найдено поликлиник: 14
2025-10-30 20:30:21,490 - INFO - [<cell line: 0>] - Район 'Красносельский' завершен. Поликлиник: 14
2025-10-30 20:30:22,492 - INFO - [<cell line: 0>] - [46/132] Обработка района: Крылатское
2025-10-30 20:30:22,493 - INFO - [получить_поликлиники_в_районе] - Начало сбора поликлиник для района: Крылатское (ID: 4504209512726635)
2025-10-30 20:30:22,495 - DEBUG - [получить_поликлиники_в_районе] - Запрос страницы 1 для района Крылатское
2025-10-30 20:30:22,496 - DEBUG - [_new_conn] - Starting new HTTPS connection (1): catalog.api.2gis.com:443
2025-10-30 20:30:22,883 - DEBUG - [_make_request] - https://catalog.api.2gis.com:443 "GET /3.0/items?key=2e3b8ee1-dca8-47ab-99a0-bb8cfce53698&q=%D0%BF%D0%BE%D0%BB%D0%B8%D0%BA%D0%BB%D0%B8%D0%BD%D0%B8%D0%BA%D0%B0&district_id=4504209512726635&type=branch&page=1&page_size=10&fields=items.point%2Citems.name%2Citems.address_name%2Citems.reviews HTTP/1.1" 200 None
2025-10-30 20:30:22,884 - DEBUG - [получить_поликлиники_в_районе] - Статус ответа: 200
2025-10-30 20:30:22,884 - INFO - [получить_поликлиники_в_районе] - Загружено 10 поликлиник со страницы 1
2025-10-30 20:30:23,385 - DEBUG - [получить_поликлиники_в_районе] - Запрос страницы 2 для района Крылатское
2025-10-30 20:30:23,386 - DEBUG - [_new_conn] - Starting new HTTPS connection (1): catalog.api.2gis.com:443
2025-10-30 20:30:23,765 - DEBUG - [_make_request] - https://catalog.api.2gis.com:443 "GET /3.0/items?key=2e3b8ee1-dca8-47ab-99a0-bb8cfce53698&q=%D0%BF%D0%BE%D0%BB%D0%B8%D0%BA%D0%BB%D0%B8%D0%BD%D0%B8%D0%BA%D0%B0&district_id=4504209512726635&type=branch&page=2&page_size=10&fields=items.point%2Citems.name%2Citems.address_name%2Citems.reviews HTTP/1.1" 200 None
2025-10-30 20:30:23,766 - DEBUG - [получить_поликлиники_в_районе] - Статус ответа: 200
2025-10-30 20:30:23,766 - INFO - [получить_поликлиники_в_районе] - Загружено 3 поликлиник со страницы 2
2025-10-30 20:30:24,267 - DEBUG - [получить_поликлиники_в_районе] - Запрос страницы 3 для района Крылатское
2025-10-30 20:30:24,269 - DEBUG - [_new_conn] - Starting new HTTPS connection (1): catalog.api.2gis.com:443
2025-10-30 20:30:24,641 - DEBUG - [_make_request] - https://catalog.api.2gis.com:443 "GET /3.0/items?key=2e3b8ee1-dca8-47ab-99a0-bb8cfce53698&q=%D0%BF%D0%BE%D0%BB%D0%B8%D0%BA%D0%BB%D0%B8%D0%BD%D0%B8%D0%BA%D0%B0&district_id=4504209512726635&type=branch&page=3&page_size=10&fields=items.point%2Citems.name%2Citems.address_name%2Citems.reviews HTTP/1.1" 200 133
2025-10-30 20:30:24,642 - DEBUG - [получить_поликлиники_в_районе] - Статус ответа: 200
2025-10-30 20:30:24,642 - WARNING - [получить_поликлиники_в_районе] - На странице 3 нет данных в ожидаемом формате
2025-10-30 20:30:25,143 - DEBUG - [получить_поликлиники_в_районе] - Запрос страницы 4 для района Крылатское
2025-10-30 20:30:25,145 - DEBUG - [_new_conn] - Starting new HTTPS connection (1): catalog.api.2gis.com:443
2025-10-30 20:30:25,520 - DEBUG - [_make_request] - https://catalog.api.2gis.com:443 "GET /3.0/items?key=2e3b8ee1-dca8-47ab-99a0-bb8cfce53698&q=%D0%BF%D0%BE%D0%BB%D0%B8%D0%BA%D0%BB%D0%B8%D0%BD%D0%B8%D0%BA%D0%B0&district_id=4504209512726635&type=branch&page=4&page_size=10&fields=items.point%2Citems.name%2Citems.address_name%2Citems.reviews HTTP/1.1" 200 133
2025-10-30 20:30:25,521 - DEBUG - [получить_поликлиники_в_районе] - Статус ответа: 200
2025-10-30 20:30:25,521 - WARNING - [получить_поликлиники_в_районе] - На странице 4 нет данных в ожидаемом формате
2025-10-30 20:30:26,022 - DEBUG - [получить_поликлиники_в_районе] - Запрос страницы 5 для района Крылатское
2025-10-30 20:30:26,023 - DEBUG - [_new_conn] - Starting new HTTPS connection (1): catalog.api.2gis.com:443
2025-10-30 20:30:26,428 - DEBUG - [_make_request] - https://catalog.api.2gis.com:443 "GET /3.0/items?key=2e3b8ee1-dca8-47ab-99a0-bb8cfce53698&q=%D0%BF%D0%BE%D0%BB%D0%B8%D0%BA%D0%BB%D0%B8%D0%BD%D0%B8%D0%BA%D0%B0&district_id=4504209512726635&type=branch&page=5&page_size=10&fields=items.point%2Citems.name%2Citems.address_name%2Citems.reviews HTTP/1.1" 200 133
2025-10-30 20:30:26,429 - DEBUG - [получить_поликлиники_в_районе] - Статус ответа: 200
2025-10-30 20:30:26,430 - WARNING - [получить_поликлиники_в_районе] - На странице 5 нет данных в ожидаемом формате
2025-10-30 20:30:26,430 - INFO - [получить_поликлиники_в_районе] - Завершение сбора для района Крылатское. Найдено поликлиник: 13
2025-10-30 20:30:26,432 - INFO - [<cell line: 0>] - Район 'Крылатское' завершен. Поликлиник: 13
2025-10-30 20:30:27,433 - INFO - [<cell line: 0>] - [47/132] Обработка района: Крюково
2025-10-30 20:30:27,434 - INFO - [получить_поликлиники_в_районе] - Начало сбора поликлиник для района: Крюково (ID: 4504209512726652)
2025-10-30 20:30:27,435 - DEBUG - [получить_поликлиники_в_районе] - Запрос страницы 1 для района Крюково
2025-10-30 20:30:27,436 - DEBUG - [_new_conn] - Starting new HTTPS connection (1): catalog.api.2gis.com:443
2025-10-30 20:30:27,836 - DEBUG - [_make_request] - https://catalog.api.2gis.com:443 "GET /3.0/items?key=2e3b8ee1-dca8-47ab-99a0-bb8cfce53698&q=%D0%BF%D0%BE%D0%BB%D0%B8%D0%BA%D0%BB%D0%B8%D0%BD%D0%B8%D0%BA%D0%B0&district_id=4504209512726652&type=branch&page=1&page_size=10&fields=items.point%2Citems.name%2Citems.address_name%2Citems.reviews HTTP/1.1" 200 None
2025-10-30 20:30:27,837 - DEBUG - [получить_поликлиники_в_районе] - Статус ответа: 200
2025-10-30 20:30:27,837 - INFO - [получить_поликлиники_в_районе] - Загружено 7 поликлиник со страницы 1
2025-10-30 20:30:28,338 - DEBUG - [получить_поликлиники_в_районе] - Запрос страницы 2 для района Крюково
2025-10-30 20:30:28,340 - DEBUG - [_new_conn] - Starting new HTTPS connection (1): catalog.api.2gis.com:443
2025-10-30 20:30:28,713 - DEBUG - [_make_request] - https://catalog.api.2gis.com:443 "GET /3.0/items?key=2e3b8ee1-dca8-47ab-99a0-bb8cfce53698&q=%D0%BF%D0%BE%D0%BB%D0%B8%D0%BA%D0%BB%D0%B8%D0%BD%D0%B8%D0%BA%D0%B0&district_id=4504209512726652&type=branch&page=2&page_size=10&fields=items.point%2Citems.name%2Citems.address_name%2Citems.reviews HTTP/1.1" 200 133
2025-10-30 20:30:28,714 - DEBUG - [получить_поликлиники_в_районе] - Статус ответа: 200
2025-10-30 20:30:28,714 - WARNING - [получить_поликлиники_в_районе] - На странице 2 нет данных в ожидаемом формате
2025-10-30 20:30:29,215 - DEBUG - [получить_поликлиники_в_районе] - Запрос страницы 3 для района Крюково
2025-10-30 20:30:29,216 - DEBUG - [_new_conn] - Starting new HTTPS connection (1): catalog.api.2gis.com:443
2025-10-30 20:30:29,598 - DEBUG - [_make_request] - https://catalog.api.2gis.com:443 "GET /3.0/items?key=2e3b8ee1-dca8-47ab-99a0-bb8cfce53698&q=%D0%BF%D0%BE%D0%BB%D0%B8%D0%BA%D0%BB%D0%B8%D0%BD%D0%B8%D0%BA%D0%B0&district_id=4504209512726652&type=branch&page=3&page_size=10&fields=items.point%2Citems.name%2Citems.address_name%2Citems.reviews HTTP/1.1" 200 133
2025-10-30 20:30:29,599 - DEBUG - [получить_поликлиники_в_районе] - Статус ответа: 200
2025-10-30 20:30:29,600 - WARNING - [получить_поликлиники_в_районе] - На странице 3 нет данных в ожидаемом формате
2025-10-30 20:30:30,101 - DEBUG - [получить_поликлиники_в_районе] - Запрос страницы 4 для района Крюково
2025-10-30 20:30:30,102 - DEBUG - [_new_conn] - Starting new HTTPS connection (1): catalog.api.2gis.com:443
2025-10-30 20:30:30,498 - DEBUG - [_make_request] - https://catalog.api.2gis.com:443 "GET /3.0/items?key=2e3b8ee1-dca8-47ab-99a0-bb8cfce53698&q=%D0%BF%D0%BE%D0%BB%D0%B8%D0%BA%D0%BB%D0%B8%D0%BD%D0%B8%D0%BA%D0%B0&district_id=4504209512726652&type=branch&page=4&page_size=10&fields=items.point%2Citems.name%2Citems.address_name%2Citems.reviews HTTP/1.1" 200 133
2025-10-30 20:30:30,499 - DEBUG - [получить_поликлиники_в_районе] - Статус ответа: 200
2025-10-30 20:30:30,499 - WARNING - [получить_поликлиники_в_районе] - На странице 4 нет данных в ожидаемом формате
2025-10-30 20:30:31,000 - DEBUG - [получить_поликлиники_в_районе] - Запрос страницы 5 для района Крюково
2025-10-30 20:30:31,002 - DEBUG - [_new_conn] - Starting new HTTPS connection (1): catalog.api.2gis.com:443
2025-10-30 20:30:31,385 - DEBUG - [_make_request] - https://catalog.api.2gis.com:443 "GET /3.0/items?key=2e3b8ee1-dca8-47ab-99a0-bb8cfce53698&q=%D0%BF%D0%BE%D0%BB%D0%B8%D0%BA%D0%BB%D0%B8%D0%BD%D0%B8%D0%BA%D0%B0&district_id=4504209512726652&type=branch&page=5&page_size=10&fields=items.point%2Citems.name%2Citems.address_name%2Citems.reviews HTTP/1.1" 200 133
2025-10-30 20:30:31,386 - DEBUG - [получить_поликлиники_в_районе] - Статус ответа: 200
2025-10-30 20:30:31,386 - WARNING - [получить_поликлиники_в_районе] - На странице 5 нет данных в ожидаемом формате
2025-10-30 20:30:31,387 - INFO - [получить_поликлиники_в_районе] - Завершение сбора для района Крюково. Найдено поликлиник: 7
2025-10-30 20:30:31,389 - INFO - [<cell line: 0>] - Район 'Крюково' завершен. Поликлиник: 7
2025-10-30 20:30:32,391 - INFO - [<cell line: 0>] - [48/132] Обработка района: Кузьминки
2025-10-30 20:30:32,392 - INFO - [получить_поликлиники_в_районе] - Начало сбора поликлиник для района: Кузьминки (ID: 4504209512726598)
2025-10-30 20:30:32,393 - DEBUG - [получить_поликлиники_в_районе] - Запрос страницы 1 для района Кузьминки
2025-10-30 20:30:32,394 - DEBUG - [_new_conn] - Starting new HTTPS connection (1): catalog.api.2gis.com:443
2025-10-30 20:30:32,780 - DEBUG - [_make_request] - https://catalog.api.2gis.com:443 "GET /3.0/items?key=2e3b8ee1-dca8-47ab-99a0-bb8cfce53698&q=%D0%BF%D0%BE%D0%BB%D0%B8%D0%BA%D0%BB%D0%B8%D0%BD%D0%B8%D0%BA%D0%B0&district_id=4504209512726598&type=branch&page=1&page_size=10&fields=items.point%2Citems.name%2Citems.address_name%2Citems.reviews HTTP/1.1" 200 None
2025-10-30 20:30:32,781 - DEBUG - [получить_поликлиники_в_районе] - Статус ответа: 200
2025-10-30 20:30:32,781 - INFO - [получить_поликлиники_в_районе] - Загружено 6 поликлиник со страницы 1
2025-10-30 20:30:33,282 - DEBUG - [получить_поликлиники_в_районе] - Запрос страницы 2 для района Кузьминки
2025-10-30 20:30:33,284 - DEBUG - [_new_conn] - Starting new HTTPS connection (1): catalog.api.2gis.com:443
2025-10-30 20:30:33,658 - DEBUG - [_make_request] - https://catalog.api.2gis.com:443 "GET /3.0/items?key=2e3b8ee1-dca8-47ab-99a0-bb8cfce53698&q=%D0%BF%D0%BE%D0%BB%D0%B8%D0%BA%D0%BB%D0%B8%D0%BD%D0%B8%D0%BA%D0%B0&district_id=4504209512726598&type=branch&page=2&page_size=10&fields=items.point%2Citems.name%2Citems.address_name%2Citems.reviews HTTP/1.1" 200 133
2025-10-30 20:30:33,659 - DEBUG - [получить_поликлиники_в_районе] - Статус ответа: 200
2025-10-30 20:30:33,659 - WARNING - [получить_поликлиники_в_районе] - На странице 2 нет данных в ожидаемом формате
2025-10-30 20:30:34,160 - DEBUG - [получить_поликлиники_в_районе] - Запрос страницы 3 для района Кузьминки
2025-10-30 20:30:34,161 - DEBUG - [_new_conn] - Starting new HTTPS connection (1): catalog.api.2gis.com:443
2025-10-30 20:30:34,532 - DEBUG - [_make_request] - https://catalog.api.2gis.com:443 "GET /3.0/items?key=2e3b8ee1-dca8-47ab-99a0-bb8cfce53698&q=%D0%BF%D0%BE%D0%BB%D0%B8%D0%BA%D0%BB%D0%B8%D0%BD%D0%B8%D0%BA%D0%B0&district_id=4504209512726598&type=branch&page=3&page_size=10&fields=items.point%2Citems.name%2Citems.address_name%2Citems.reviews HTTP/1.1" 200 133
2025-10-30 20:30:34,533 - DEBUG - [получить_поликлиники_в_районе] - Статус ответа: 200
2025-10-30 20:30:34,533 - WARNING - [получить_поликлиники_в_районе] - На странице 3 нет данных в ожидаемом формате
2025-10-30 20:30:35,034 - DEBUG - [получить_поликлиники_в_районе] - Запрос страницы 4 для района Кузьминки
2025-10-30 20:30:35,035 - DEBUG - [_new_conn] - Starting new HTTPS connection (1): catalog.api.2gis.com:443
2025-10-30 20:30:35,433 - DEBUG - [_make_request] - https://catalog.api.2gis.com:443 "GET /3.0/items?key=2e3b8ee1-dca8-47ab-99a0-bb8cfce53698&q=%D0%BF%D0%BE%D0%BB%D0%B8%D0%BA%D0%BB%D0%B8%D0%BD%D0%B8%D0%BA%D0%B0&district_id=4504209512726598&type=branch&page=4&page_size=10&fields=items.point%2Citems.name%2Citems.address_name%2Citems.reviews HTTP/1.1" 200 133
2025-10-30 20:30:35,433 - DEBUG - [получить_поликлиники_в_районе] - Статус ответа: 200
2025-10-30 20:30:35,434 - WARNING - [получить_поликлиники_в_районе] - На странице 4 нет данных в ожидаемом формате
2025-10-30 20:30:35,935 - DEBUG - [получить_поликлиники_в_районе] - Запрос страницы 5 для района Кузьминки
2025-10-30 20:30:35,936 - DEBUG - [_new_conn] - Starting new HTTPS connection (1): catalog.api.2gis.com:443
2025-10-30 20:30:36,313 - DEBUG - [_make_request] - https://catalog.api.2gis.com:443 "GET /3.0/items?key=2e3b8ee1-dca8-47ab-99a0-bb8cfce53698&q=%D0%BF%D0%BE%D0%BB%D0%B8%D0%BA%D0%BB%D0%B8%D0%BD%D0%B8%D0%BA%D0%B0&district_id=4504209512726598&type=branch&page=5&page_size=10&fields=items.point%2Citems.name%2Citems.address_name%2Citems.reviews HTTP/1.1" 200 133
2025-10-30 20:30:36,314 - DEBUG - [получить_поликлиники_в_районе] - Статус ответа: 200
2025-10-30 20:30:36,314 - WARNING - [получить_поликлиники_в_районе] - На странице 5 нет данных в ожидаемом формате
2025-10-30 20:30:36,315 - INFO - [получить_поликлиники_в_районе] - Завершение сбора для района Кузьминки. Найдено поликлиник: 6
2025-10-30 20:30:36,317 - INFO - [<cell line: 0>] - Район 'Кузьминки' завершен. Поликлиник: 6
2025-10-30 20:30:37,320 - INFO - [<cell line: 0>] - [49/132] Обработка района: Кунцево
2025-10-30 20:30:37,321 - INFO - [получить_поликлиники_в_районе] - Начало сбора поликлиник для района: Кунцево (ID: 4504209512726634)
2025-10-30 20:30:37,323 - DEBUG - [получить_поликлиники_в_районе] - Запрос страницы 1 для района Кунцево
2025-10-30 20:30:37,325 - DEBUG - [_new_conn] - Starting new HTTPS connection (1): catalog.api.2gis.com:443
2025-10-30 20:30:37,731 - DEBUG - [_make_request] - https://catalog.api.2gis.com:443 "GET /3.0/items?key=2e3b8ee1-dca8-47ab-99a0-bb8cfce53698&q=%D0%BF%D0%BE%D0%BB%D0%B8%D0%BA%D0%BB%D0%B8%D0%BD%D0%B8%D0%BA%D0%B0&district_id=4504209512726634&type=branch&page=1&page_size=10&fields=items.point%2Citems.name%2Citems.address_name%2Citems.reviews HTTP/1.1" 200 None
2025-10-30 20:30:37,732 - DEBUG - [получить_поликлиники_в_районе] - Статус ответа: 200
2025-10-30 20:30:37,732 - INFO - [получить_поликлиники_в_районе] - Загружено 9 поликлиник со страницы 1
2025-10-30 20:30:38,233 - DEBUG - [получить_поликлиники_в_районе] - Запрос страницы 2 для района Кунцево
2025-10-30 20:30:38,234 - DEBUG - [_new_conn] - Starting new HTTPS connection (1): catalog.api.2gis.com:443
2025-10-30 20:30:38,763 - DEBUG - [_make_request] - https://catalog.api.2gis.com:443 "GET /3.0/items?key=2e3b8ee1-dca8-47ab-99a0-bb8cfce53698&q=%D0%BF%D0%BE%D0%BB%D0%B8%D0%BA%D0%BB%D0%B8%D0%BD%D0%B8%D0%BA%D0%B0&district_id=4504209512726634&type=branch&page=2&page_size=10&fields=items.point%2Citems.name%2Citems.address_name%2Citems.reviews HTTP/1.1" 200 133
2025-10-30 20:30:38,764 - DEBUG - [получить_поликлиники_в_районе] - Статус ответа: 200
2025-10-30 20:30:38,764 - WARNING - [получить_поликлиники_в_районе] - На странице 2 нет данных в ожидаемом формате
2025-10-30 20:30:39,265 - DEBUG - [получить_поликлиники_в_районе] - Запрос страницы 3 для района Кунцево
2025-10-30 20:30:39,266 - DEBUG - [_new_conn] - Starting new HTTPS connection (1): catalog.api.2gis.com:443
2025-10-30 20:30:39,663 - DEBUG - [_make_request] - https://catalog.api.2gis.com:443 "GET /3.0/items?key=2e3b8ee1-dca8-47ab-99a0-bb8cfce53698&q=%D0%BF%D0%BE%D0%BB%D0%B8%D0%BA%D0%BB%D0%B8%D0%BD%D0%B8%D0%BA%D0%B0&district_id=4504209512726634&type=branch&page=3&page_size=10&fields=items.point%2Citems.name%2Citems.address_name%2Citems.reviews HTTP/1.1" 200 133
2025-10-30 20:30:39,664 - DEBUG - [получить_поликлиники_в_районе] - Статус ответа: 200
2025-10-30 20:30:39,664 - WARNING - [получить_поликлиники_в_районе] - На странице 3 нет данных в ожидаемом формате
2025-10-30 20:30:40,165 - DEBUG - [получить_поликлиники_в_районе] - Запрос страницы 4 для района Кунцево
2025-10-30 20:30:40,166 - DEBUG - [_new_conn] - Starting new HTTPS connection (1): catalog.api.2gis.com:443
2025-10-30 20:30:40,691 - DEBUG - [_make_request] - https://catalog.api.2gis.com:443 "GET /3.0/items?key=2e3b8ee1-dca8-47ab-99a0-bb8cfce53698&q=%D0%BF%D0%BE%D0%BB%D0%B8%D0%BA%D0%BB%D0%B8%D0%BD%D0%B8%D0%BA%D0%B0&district_id=4504209512726634&type=branch&page=4&page_size=10&fields=items.point%2Citems.name%2Citems.address_name%2Citems.reviews HTTP/1.1" 200 133
2025-10-30 20:30:40,692 - DEBUG - [получить_поликлиники_в_районе] - Статус ответа: 200
2025-10-30 20:30:40,692 - WARNING - [получить_поликлиники_в_районе] - На странице 4 нет данных в ожидаемом формате
2025-10-30 20:30:41,193 - DEBUG - [получить_поликлиники_в_районе] - Запрос страницы 5 для района Кунцево
2025-10-30 20:30:41,194 - DEBUG - [_new_conn] - Starting new HTTPS connection (1): catalog.api.2gis.com:443
2025-10-30 20:30:41,584 - DEBUG - [_make_request] - https://catalog.api.2gis.com:443 "GET /3.0/items?key=2e3b8ee1-dca8-47ab-99a0-bb8cfce53698&q=%D0%BF%D0%BE%D0%BB%D0%B8%D0%BA%D0%BB%D0%B8%D0%BD%D0%B8%D0%BA%D0%B0&district_id=4504209512726634&type=branch&page=5&page_size=10&fields=items.point%2Citems.name%2Citems.address_name%2Citems.reviews HTTP/1.1" 200 133
2025-10-30 20:30:41,585 - DEBUG - [получить_поликлиники_в_районе] - Статус ответа: 200
2025-10-30 20:30:41,585 - WARNING - [получить_поликлиники_в_районе] - На странице 5 нет данных в ожидаемом формате
2025-10-30 20:30:41,586 - INFO - [получить_поликлиники_в_районе] - Завершение сбора для района Кунцево. Найдено поликлиник: 9
2025-10-30 20:30:41,587 - INFO - [<cell line: 0>] - Район 'Кунцево' завершен. Поликлиник: 9
2025-10-30 20:30:42,589 - INFO - [<cell line: 0>] - [50/132] Обработка района: Куркино
2025-10-30 20:30:42,590 - INFO - [получить_поликлиники_в_районе] - Начало сбора поликлиник для района: Куркино (ID: 4504209512726651)
2025-10-30 20:30:42,591 - DEBUG - [получить_поликлиники_в_районе] - Запрос страницы 1 для района Куркино
2025-10-30 20:30:42,594 - DEBUG - [_new_conn] - Starting new HTTPS connection (1): catalog.api.2gis.com:443
2025-10-30 20:30:42,982 - DEBUG - [_make_request] - https://catalog.api.2gis.com:443 "GET /3.0/items?key=2e3b8ee1-dca8-47ab-99a0-bb8cfce53698&q=%D0%BF%D0%BE%D0%BB%D0%B8%D0%BA%D0%BB%D0%B8%D0%BD%D0%B8%D0%BA%D0%B0&district_id=4504209512726651&type=branch&page=1&page_size=10&fields=items.point%2Citems.name%2Citems.address_name%2Citems.reviews HTTP/1.1" 200 None
2025-10-30 20:30:42,983 - DEBUG - [получить_поликлиники_в_районе] - Статус ответа: 200
2025-10-30 20:30:42,983 - INFO - [получить_поликлиники_в_районе] - Загружено 3 поликлиник со страницы 1
2025-10-30 20:30:43,484 - DEBUG - [получить_поликлиники_в_районе] - Запрос страницы 2 для района Куркино
2025-10-30 20:30:43,486 - DEBUG - [_new_conn] - Starting new HTTPS connection (1): catalog.api.2gis.com:443
2025-10-30 20:30:43,864 - DEBUG - [_make_request] - https://catalog.api.2gis.com:443 "GET /3.0/items?key=2e3b8ee1-dca8-47ab-99a0-bb8cfce53698&q=%D0%BF%D0%BE%D0%BB%D0%B8%D0%BA%D0%BB%D0%B8%D0%BD%D0%B8%D0%BA%D0%B0&district_id=4504209512726651&type=branch&page=2&page_size=10&fields=items.point%2Citems.name%2Citems.address_name%2Citems.reviews HTTP/1.1" 200 133
2025-10-30 20:30:43,865 - DEBUG - [получить_поликлиники_в_районе] - Статус ответа: 200
2025-10-30 20:30:43,866 - WARNING - [получить_поликлиники_в_районе] - На странице 2 нет данных в ожидаемом формате
2025-10-30 20:30:44,367 - DEBUG - [получить_поликлиники_в_районе] - Запрос страницы 3 для района Куркино
2025-10-30 20:30:44,369 - DEBUG - [_new_conn] - Starting new HTTPS connection (1): catalog.api.2gis.com:443
2025-10-30 20:30:44,758 - DEBUG - [_make_request] - https://catalog.api.2gis.com:443 "GET /3.0/items?key=2e3b8ee1-dca8-47ab-99a0-bb8cfce53698&q=%D0%BF%D0%BE%D0%BB%D0%B8%D0%BA%D0%BB%D0%B8%D0%BD%D0%B8%D0%BA%D0%B0&district_id=4504209512726651&type=branch&page=3&page_size=10&fields=items.point%2Citems.name%2Citems.address_name%2Citems.reviews HTTP/1.1" 200 133
2025-10-30 20:30:44,759 - DEBUG - [получить_поликлиники_в_районе] - Статус ответа: 200
2025-10-30 20:30:44,759 - WARNING - [получить_поликлиники_в_районе] - На странице 3 нет данных в ожидаемом формате
2025-10-30 20:30:45,260 - DEBUG - [получить_поликлиники_в_районе] - Запрос страницы 4 для района Куркино
2025-10-30 20:30:45,261 - DEBUG - [_new_conn] - Starting new HTTPS connection (1): catalog.api.2gis.com:443
2025-10-30 20:30:45,645 - DEBUG - [_make_request] - https://catalog.api.2gis.com:443 "GET /3.0/items?key=2e3b8ee1-dca8-47ab-99a0-bb8cfce53698&q=%D0%BF%D0%BE%D0%BB%D0%B8%D0%BA%D0%BB%D0%B8%D0%BD%D0%B8%D0%BA%D0%B0&district_id=4504209512726651&type=branch&page=4&page_size=10&fields=items.point%2Citems.name%2Citems.address_name%2Citems.reviews HTTP/1.1" 200 133
2025-10-30 20:30:45,646 - DEBUG - [получить_поликлиники_в_районе] - Статус ответа: 200
2025-10-30 20:30:45,646 - WARNING - [получить_поликлиники_в_районе] - На странице 4 нет данных в ожидаемом формате
2025-10-30 20:30:46,147 - DEBUG - [получить_поликлиники_в_районе] - Запрос страницы 5 для района Куркино
2025-10-30 20:30:46,149 - DEBUG - [_new_conn] - Starting new HTTPS connection (1): catalog.api.2gis.com:443
2025-10-30 20:30:46,528 - DEBUG - [_make_request] - https://catalog.api.2gis.com:443 "GET /3.0/items?key=2e3b8ee1-dca8-47ab-99a0-bb8cfce53698&q=%D0%BF%D0%BE%D0%BB%D0%B8%D0%BA%D0%BB%D0%B8%D0%BD%D0%B8%D0%BA%D0%B0&district_id=4504209512726651&type=branch&page=5&page_size=10&fields=items.point%2Citems.name%2Citems.address_name%2Citems.reviews HTTP/1.1" 200 133
2025-10-30 20:30:46,529 - DEBUG - [получить_поликлиники_в_районе] - Статус ответа: 200
2025-10-30 20:30:46,529 - WARNING - [получить_поликлиники_в_районе] - На странице 5 нет данных в ожидаемом формате
2025-10-30 20:30:46,530 - INFO - [получить_поликлиники_в_районе] - Завершение сбора для района Куркино. Найдено поликлиник: 3
2025-10-30 20:30:46,532 - INFO - [<cell line: 0>] - Район 'Куркино' завершен. Поликлиник: 3
2025-10-30 20:30:47,533 - INFO - [<cell line: 0>] - [51/132] Обработка района: Левобережный
2025-10-30 20:30:47,534 - INFO - [получить_поликлиники_в_районе] - Начало сбора поликлиник для района: Левобережный (ID: 4504209512726554)
2025-10-30 20:30:47,535 - DEBUG - [получить_поликлиники_в_районе] - Запрос страницы 1 для района Левобережный
2025-10-30 20:30:47,538 - DEBUG - [_new_conn] - Starting new HTTPS connection (1): catalog.api.2gis.com:443
2025-10-30 20:30:47,925 - DEBUG - [_make_request] - https://catalog.api.2gis.com:443 "GET /3.0/items?key=2e3b8ee1-dca8-47ab-99a0-bb8cfce53698&q=%D0%BF%D0%BE%D0%BB%D0%B8%D0%BA%D0%BB%D0%B8%D0%BD%D0%B8%D0%BA%D0%B0&district_id=4504209512726554&type=branch&page=1&page_size=10&fields=items.point%2Citems.name%2Citems.address_name%2Citems.reviews HTTP/1.1" 200 None
2025-10-30 20:30:47,926 - DEBUG - [получить_поликлиники_в_районе] - Статус ответа: 200
2025-10-30 20:30:47,926 - INFO - [получить_поликлиники_в_районе] - Загружено 7 поликлиник со страницы 1
2025-10-30 20:30:48,427 - DEBUG - [получить_поликлиники_в_районе] - Запрос страницы 2 для района Левобережный
2025-10-30 20:30:48,428 - DEBUG - [_new_conn] - Starting new HTTPS connection (1): catalog.api.2gis.com:443
2025-10-30 20:30:48,813 - DEBUG - [_make_request] - https://catalog.api.2gis.com:443 "GET /3.0/items?key=2e3b8ee1-dca8-47ab-99a0-bb8cfce53698&q=%D0%BF%D0%BE%D0%BB%D0%B8%D0%BA%D0%BB%D0%B8%D0%BD%D0%B8%D0%BA%D0%B0&district_id=4504209512726554&type=branch&page=2&page_size=10&fields=items.point%2Citems.name%2Citems.address_name%2Citems.reviews HTTP/1.1" 200 133
2025-10-30 20:30:48,814 - DEBUG - [получить_поликлиники_в_районе] - Статус ответа: 200
2025-10-30 20:30:48,814 - WARNING - [получить_поликлиники_в_районе] - На странице 2 нет данных в ожидаемом формате
2025-10-30 20:30:49,315 - DEBUG - [получить_поликлиники_в_районе] - Запрос страницы 3 для района Левобережный
2025-10-30 20:30:49,316 - DEBUG - [_new_conn] - Starting new HTTPS connection (1): catalog.api.2gis.com:443
2025-10-30 20:30:49,711 - DEBUG - [_make_request] - https://catalog.api.2gis.com:443 "GET /3.0/items?key=2e3b8ee1-dca8-47ab-99a0-bb8cfce53698&q=%D0%BF%D0%BE%D0%BB%D0%B8%D0%BA%D0%BB%D0%B8%D0%BD%D0%B8%D0%BA%D0%B0&district_id=4504209512726554&type=branch&page=3&page_size=10&fields=items.point%2Citems.name%2Citems.address_name%2Citems.reviews HTTP/1.1" 200 133
2025-10-30 20:30:49,712 - DEBUG - [получить_поликлиники_в_районе] - Статус ответа: 200
2025-10-30 20:30:49,712 - WARNING - [получить_поликлиники_в_районе] - На странице 3 нет данных в ожидаемом формате
2025-10-30 20:30:50,215 - DEBUG - [получить_поликлиники_в_районе] - Запрос страницы 4 для района Левобережный
2025-10-30 20:30:50,217 - DEBUG - [_new_conn] - Starting new HTTPS connection (1): catalog.api.2gis.com:443
2025-10-30 20:30:50,624 - DEBUG - [_make_request] - https://catalog.api.2gis.com:443 "GET /3.0/items?key=2e3b8ee1-dca8-47ab-99a0-bb8cfce53698&q=%D0%BF%D0%BE%D0%BB%D0%B8%D0%BA%D0%BB%D0%B8%D0%BD%D0%B8%D0%BA%D0%B0&district_id=4504209512726554&type=branch&page=4&page_size=10&fields=items.point%2Citems.name%2Citems.address_name%2Citems.reviews HTTP/1.1" 200 133
2025-10-30 20:30:50,625 - DEBUG - [получить_поликлиники_в_районе] - Статус ответа: 200
2025-10-30 20:30:50,625 - WARNING - [получить_поликлиники_в_районе] - На странице 4 нет данных в ожидаемом формате
2025-10-30 20:30:51,126 - DEBUG - [получить_поликлиники_в_районе] - Запрос страницы 5 для района Левобережный
2025-10-30 20:30:51,127 - DEBUG - [_new_conn] - Starting new HTTPS connection (1): catalog.api.2gis.com:443
2025-10-30 20:30:51,507 - DEBUG - [_make_request] - https://catalog.api.2gis.com:443 "GET /3.0/items?key=2e3b8ee1-dca8-47ab-99a0-bb8cfce53698&q=%D0%BF%D0%BE%D0%BB%D0%B8%D0%BA%D0%BB%D0%B8%D0%BD%D0%B8%D0%BA%D0%B0&district_id=4504209512726554&type=branch&page=5&page_size=10&fields=items.point%2Citems.name%2Citems.address_name%2Citems.reviews HTTP/1.1" 200 133
2025-10-30 20:30:51,508 - DEBUG - [получить_поликлиники_в_районе] - Статус ответа: 200
2025-10-30 20:30:51,508 - WARNING - [получить_поликлиники_в_районе] - На странице 5 нет данных в ожидаемом формате
2025-10-30 20:30:51,508 - INFO - [получить_поликлиники_в_районе] - Завершение сбора для района Левобережный. Найдено поликлиник: 7
2025-10-30 20:30:51,510 - INFO - [<cell line: 0>] - Район 'Левобережный' завершен. Поликлиник: 7
2025-10-30 20:30:52,512 - INFO - [<cell line: 0>] - [52/132] Обработка района: Лефортово
2025-10-30 20:30:52,513 - INFO - [получить_поликлиники_в_районе] - Начало сбора поликлиник для района: Лефортово (ID: 4504209512726590)
2025-10-30 20:30:52,514 - DEBUG - [получить_поликлиники_в_районе] - Запрос страницы 1 для района Лефортово
2025-10-30 20:30:52,516 - DEBUG - [_new_conn] - Starting new HTTPS connection (1): catalog.api.2gis.com:443
2025-10-30 20:30:52,945 - DEBUG - [_make_request] - https://catalog.api.2gis.com:443 "GET /3.0/items?key=2e3b8ee1-dca8-47ab-99a0-bb8cfce53698&q=%D0%BF%D0%BE%D0%BB%D0%B8%D0%BA%D0%BB%D0%B8%D0%BD%D0%B8%D0%BA%D0%B0&district_id=4504209512726590&type=branch&page=1&page_size=10&fields=items.point%2Citems.name%2Citems.address_name%2Citems.reviews HTTP/1.1" 200 None
2025-10-30 20:30:52,946 - DEBUG - [получить_поликлиники_в_районе] - Статус ответа: 200
2025-10-30 20:30:52,946 - INFO - [получить_поликлиники_в_районе] - Загружено 8 поликлиник со страницы 1
2025-10-30 20:30:53,447 - DEBUG - [получить_поликлиники_в_районе] - Запрос страницы 2 для района Лефортово
2025-10-30 20:30:53,448 - DEBUG - [_new_conn] - Starting new HTTPS connection (1): catalog.api.2gis.com:443
2025-10-30 20:30:53,841 - DEBUG - [_make_request] - https://catalog.api.2gis.com:443 "GET /3.0/items?key=2e3b8ee1-dca8-47ab-99a0-bb8cfce53698&q=%D0%BF%D0%BE%D0%BB%D0%B8%D0%BA%D0%BB%D0%B8%D0%BD%D0%B8%D0%BA%D0%B0&district_id=4504209512726590&type=branch&page=2&page_size=10&fields=items.point%2Citems.name%2Citems.address_name%2Citems.reviews HTTP/1.1" 200 133
2025-10-30 20:30:53,842 - DEBUG - [получить_поликлиники_в_районе] - Статус ответа: 200
2025-10-30 20:30:53,842 - WARNING - [получить_поликлиники_в_районе] - На странице 2 нет данных в ожидаемом формате
2025-10-30 20:30:54,343 - DEBUG - [получить_поликлиники_в_районе] - Запрос страницы 3 для района Лефортово
2025-10-30 20:30:54,344 - DEBUG - [_new_conn] - Starting new HTTPS connection (1): catalog.api.2gis.com:443
2025-10-30 20:30:54,724 - DEBUG - [_make_request] - https://catalog.api.2gis.com:443 "GET /3.0/items?key=2e3b8ee1-dca8-47ab-99a0-bb8cfce53698&q=%D0%BF%D0%BE%D0%BB%D0%B8%D0%BA%D0%BB%D0%B8%D0%BD%D0%B8%D0%BA%D0%B0&district_id=4504209512726590&type=branch&page=3&page_size=10&fields=items.point%2Citems.name%2Citems.address_name%2Citems.reviews HTTP/1.1" 200 133
2025-10-30 20:30:54,725 - DEBUG - [получить_поликлиники_в_районе] - Статус ответа: 200
2025-10-30 20:30:54,726 - WARNING - [получить_поликлиники_в_районе] - На странице 3 нет данных в ожидаемом формате
2025-10-30 20:30:55,227 - DEBUG - [получить_поликлиники_в_районе] - Запрос страницы 4 для района Лефортово
2025-10-30 20:30:55,228 - DEBUG - [_new_conn] - Starting new HTTPS connection (1): catalog.api.2gis.com:443
2025-10-30 20:30:55,613 - DEBUG - [_make_request] - https://catalog.api.2gis.com:443 "GET /3.0/items?key=2e3b8ee1-dca8-47ab-99a0-bb8cfce53698&q=%D0%BF%D0%BE%D0%BB%D0%B8%D0%BA%D0%BB%D0%B8%D0%BD%D0%B8%D0%BA%D0%B0&district_id=4504209512726590&type=branch&page=4&page_size=10&fields=items.point%2Citems.name%2Citems.address_name%2Citems.reviews HTTP/1.1" 200 133
2025-10-30 20:30:55,614 - DEBUG - [получить_поликлиники_в_районе] - Статус ответа: 200
2025-10-30 20:30:55,614 - WARNING - [получить_поликлиники_в_районе] - На странице 4 нет данных в ожидаемом формате
2025-10-30 20:30:56,115 - DEBUG - [получить_поликлиники_в_районе] - Запрос страницы 5 для района Лефортово
2025-10-30 20:30:56,117 - DEBUG - [_new_conn] - Starting new HTTPS connection (1): catalog.api.2gis.com:443
2025-10-30 20:30:56,496 - DEBUG - [_make_request] - https://catalog.api.2gis.com:443 "GET /3.0/items?key=2e3b8ee1-dca8-47ab-99a0-bb8cfce53698&q=%D0%BF%D0%BE%D0%BB%D0%B8%D0%BA%D0%BB%D0%B8%D0%BD%D0%B8%D0%BA%D0%B0&district_id=4504209512726590&type=branch&page=5&page_size=10&fields=items.point%2Citems.name%2Citems.address_name%2Citems.reviews HTTP/1.1" 200 133
2025-10-30 20:30:56,497 - DEBUG - [получить_поликлиники_в_районе] - Статус ответа: 200
2025-10-30 20:30:56,497 - WARNING - [получить_поликлиники_в_районе] - На странице 5 нет данных в ожидаемом формате
2025-10-30 20:30:56,498 - INFO - [получить_поликлиники_в_районе] - Завершение сбора для района Лефортово. Найдено поликлиник: 8
2025-10-30 20:30:56,499 - INFO - [<cell line: 0>] - Район 'Лефортово' завершен. Поликлиник: 8
2025-10-30 20:30:57,501 - INFO - [<cell line: 0>] - [53/132] Обработка района: Лианозово
2025-10-30 20:30:57,502 - INFO - [получить_поликлиники_в_районе] - Начало сбора поликлиник для района: Лианозово (ID: 4504209512726559)
2025-10-30 20:30:57,503 - DEBUG - [получить_поликлиники_в_районе] - Запрос страницы 1 для района Лианозово
2025-10-30 20:30:57,505 - DEBUG - [_new_conn] - Starting new HTTPS connection (1): catalog.api.2gis.com:443
2025-10-30 20:30:57,898 - DEBUG - [_make_request] - https://catalog.api.2gis.com:443 "GET /3.0/items?key=2e3b8ee1-dca8-47ab-99a0-bb8cfce53698&q=%D0%BF%D0%BE%D0%BB%D0%B8%D0%BA%D0%BB%D0%B8%D0%BD%D0%B8%D0%BA%D0%B0&district_id=4504209512726559&type=branch&page=1&page_size=10&fields=items.point%2Citems.name%2Citems.address_name%2Citems.reviews HTTP/1.1" 200 None
2025-10-30 20:30:57,899 - DEBUG - [получить_поликлиники_в_районе] - Статус ответа: 200
2025-10-30 20:30:57,899 - INFO - [получить_поликлиники_в_районе] - Загружено 5 поликлиник со страницы 1
2025-10-30 20:30:58,400 - DEBUG - [получить_поликлиники_в_районе] - Запрос страницы 2 для района Лианозово
2025-10-30 20:30:58,401 - DEBUG - [_new_conn] - Starting new HTTPS connection (1): catalog.api.2gis.com:443
2025-10-30 20:30:58,795 - DEBUG - [_make_request] - https://catalog.api.2gis.com:443 "GET /3.0/items?key=2e3b8ee1-dca8-47ab-99a0-bb8cfce53698&q=%D0%BF%D0%BE%D0%BB%D0%B8%D0%BA%D0%BB%D0%B8%D0%BD%D0%B8%D0%BA%D0%B0&district_id=4504209512726559&type=branch&page=2&page_size=10&fields=items.point%2Citems.name%2Citems.address_name%2Citems.reviews HTTP/1.1" 200 133
2025-10-30 20:30:58,796 - DEBUG - [получить_поликлиники_в_районе] - Статус ответа: 200
2025-10-30 20:30:58,796 - WARNING - [получить_поликлиники_в_районе] - На странице 2 нет данных в ожидаемом формате
2025-10-30 20:30:59,297 - DEBUG - [получить_поликлиники_в_районе] - Запрос страницы 3 для района Лианозово
2025-10-30 20:30:59,298 - DEBUG - [_new_conn] - Starting new HTTPS connection (1): catalog.api.2gis.com:443
2025-10-30 20:30:59,687 - DEBUG - [_make_request] - https://catalog.api.2gis.com:443 "GET /3.0/items?key=2e3b8ee1-dca8-47ab-99a0-bb8cfce53698&q=%D0%BF%D0%BE%D0%BB%D0%B8%D0%BA%D0%BB%D0%B8%D0%BD%D0%B8%D0%BA%D0%B0&district_id=4504209512726559&type=branch&page=3&page_size=10&fields=items.point%2Citems.name%2Citems.address_name%2Citems.reviews HTTP/1.1" 200 133
2025-10-30 20:30:59,688 - DEBUG - [получить_поликлиники_в_районе] - Статус ответа: 200
2025-10-30 20:30:59,688 - WARNING - [получить_поликлиники_в_районе] - На странице 3 нет данных в ожидаемом формате
2025-10-30 20:31:00,189 - DEBUG - [получить_поликлиники_в_районе] - Запрос страницы 4 для района Лианозово
2025-10-30 20:31:00,190 - DEBUG - [_new_conn] - Starting new HTTPS connection (1): catalog.api.2gis.com:443
2025-10-30 20:31:00,565 - DEBUG - [_make_request] - https://catalog.api.2gis.com:443 "GET /3.0/items?key=2e3b8ee1-dca8-47ab-99a0-bb8cfce53698&q=%D0%BF%D0%BE%D0%BB%D0%B8%D0%BA%D0%BB%D0%B8%D0%BD%D0%B8%D0%BA%D0%B0&district_id=4504209512726559&type=branch&page=4&page_size=10&fields=items.point%2Citems.name%2Citems.address_name%2Citems.reviews HTTP/1.1" 200 133
2025-10-30 20:31:00,566 - DEBUG - [получить_поликлиники_в_районе] - Статус ответа: 200
2025-10-30 20:31:00,566 - WARNING - [получить_поликлиники_в_районе] - На странице 4 нет данных в ожидаемом формате
2025-10-30 20:31:01,067 - DEBUG - [получить_поликлиники_в_районе] - Запрос страницы 5 для района Лианозово
2025-10-30 20:31:01,069 - DEBUG - [_new_conn] - Starting new HTTPS connection (1): catalog.api.2gis.com:443
2025-10-30 20:31:01,443 - DEBUG - [_make_request] - https://catalog.api.2gis.com:443 "GET /3.0/items?key=2e3b8ee1-dca8-47ab-99a0-bb8cfce53698&q=%D0%BF%D0%BE%D0%BB%D0%B8%D0%BA%D0%BB%D0%B8%D0%BD%D0%B8%D0%BA%D0%B0&district_id=4504209512726559&type=branch&page=5&page_size=10&fields=items.point%2Citems.name%2Citems.address_name%2Citems.reviews HTTP/1.1" 200 133
2025-10-30 20:31:01,444 - DEBUG - [получить_поликлиники_в_районе] - Статус ответа: 200
2025-10-30 20:31:01,444 - WARNING - [получить_поликлиники_в_районе] - На странице 5 нет данных в ожидаемом формате
2025-10-30 20:31:01,445 - INFO - [получить_поликлиники_в_районе] - Завершение сбора для района Лианозово. Найдено поликлиник: 5
2025-10-30 20:31:01,447 - INFO - [<cell line: 0>] - Район 'Лианозово' завершен. Поликлиник: 5
2025-10-30 20:31:02,448 - INFO - [<cell line: 0>] - [54/132] Обработка района: Ломоносовский
2025-10-30 20:31:02,449 - INFO - [получить_поликлиники_в_районе] - Начало сбора поликлиник для района: Ломоносовский (ID: 4504209512726623)
2025-10-30 20:31:02,451 - DEBUG - [получить_поликлиники_в_районе] - Запрос страницы 1 для района Ломоносовский
2025-10-30 20:31:02,452 - DEBUG - [_new_conn] - Starting new HTTPS connection (1): catalog.api.2gis.com:443
2025-10-30 20:31:02,836 - DEBUG - [_make_request] - https://catalog.api.2gis.com:443 "GET /3.0/items?key=2e3b8ee1-dca8-47ab-99a0-bb8cfce53698&q=%D0%BF%D0%BE%D0%BB%D0%B8%D0%BA%D0%BB%D0%B8%D0%BD%D0%B8%D0%BA%D0%B0&district_id=4504209512726623&type=branch&page=1&page_size=10&fields=items.point%2Citems.name%2Citems.address_name%2Citems.reviews HTTP/1.1" 200 None
2025-10-30 20:31:02,837 - DEBUG - [получить_поликлиники_в_районе] - Статус ответа: 200
2025-10-30 20:31:02,837 - INFO - [получить_поликлиники_в_районе] - Загружено 7 поликлиник со страницы 1
2025-10-30 20:31:03,338 - DEBUG - [получить_поликлиники_в_районе] - Запрос страницы 2 для района Ломоносовский
2025-10-30 20:31:03,339 - DEBUG - [_new_conn] - Starting new HTTPS connection (1): catalog.api.2gis.com:443
2025-10-30 20:31:03,722 - DEBUG - [_make_request] - https://catalog.api.2gis.com:443 "GET /3.0/items?key=2e3b8ee1-dca8-47ab-99a0-bb8cfce53698&q=%D0%BF%D0%BE%D0%BB%D0%B8%D0%BA%D0%BB%D0%B8%D0%BD%D0%B8%D0%BA%D0%B0&district_id=4504209512726623&type=branch&page=2&page_size=10&fields=items.point%2Citems.name%2Citems.address_name%2Citems.reviews HTTP/1.1" 200 133
2025-10-30 20:31:03,723 - DEBUG - [получить_поликлиники_в_районе] - Статус ответа: 200
2025-10-30 20:31:03,723 - WARNING - [получить_поликлиники_в_районе] - На странице 2 нет данных в ожидаемом формате
2025-10-30 20:31:04,224 - DEBUG - [получить_поликлиники_в_районе] - Запрос страницы 3 для района Ломоносовский
2025-10-30 20:31:04,226 - DEBUG - [_new_conn] - Starting new HTTPS connection (1): catalog.api.2gis.com:443
2025-10-30 20:31:04,609 - DEBUG - [_make_request] - https://catalog.api.2gis.com:443 "GET /3.0/items?key=2e3b8ee1-dca8-47ab-99a0-bb8cfce53698&q=%D0%BF%D0%BE%D0%BB%D0%B8%D0%BA%D0%BB%D0%B8%D0%BD%D0%B8%D0%BA%D0%B0&district_id=4504209512726623&type=branch&page=3&page_size=10&fields=items.point%2Citems.name%2Citems.address_name%2Citems.reviews HTTP/1.1" 200 133
2025-10-30 20:31:04,610 - DEBUG - [получить_поликлиники_в_районе] - Статус ответа: 200
2025-10-30 20:31:04,610 - WARNING - [получить_поликлиники_в_районе] - На странице 3 нет данных в ожидаемом формате
2025-10-30 20:31:05,111 - DEBUG - [получить_поликлиники_в_районе] - Запрос страницы 4 для района Ломоносовский
2025-10-30 20:31:05,112 - DEBUG - [_new_conn] - Starting new HTTPS connection (1): catalog.api.2gis.com:443
2025-10-30 20:31:05,491 - DEBUG - [_make_request] - https://catalog.api.2gis.com:443 "GET /3.0/items?key=2e3b8ee1-dca8-47ab-99a0-bb8cfce53698&q=%D0%BF%D0%BE%D0%BB%D0%B8%D0%BA%D0%BB%D0%B8%D0%BD%D0%B8%D0%BA%D0%B0&district_id=4504209512726623&type=branch&page=4&page_size=10&fields=items.point%2Citems.name%2Citems.address_name%2Citems.reviews HTTP/1.1" 200 133
2025-10-30 20:31:05,492 - DEBUG - [получить_поликлиники_в_районе] - Статус ответа: 200
2025-10-30 20:31:05,492 - WARNING - [получить_поликлиники_в_районе] - На странице 4 нет данных в ожидаемом формате
2025-10-30 20:31:05,993 - DEBUG - [получить_поликлиники_в_районе] - Запрос страницы 5 для района Ломоносовский
2025-10-30 20:31:05,995 - DEBUG - [_new_conn] - Starting new HTTPS connection (1): catalog.api.2gis.com:443
2025-10-30 20:31:06,379 - DEBUG - [_make_request] - https://catalog.api.2gis.com:443 "GET /3.0/items?key=2e3b8ee1-dca8-47ab-99a0-bb8cfce53698&q=%D0%BF%D0%BE%D0%BB%D0%B8%D0%BA%D0%BB%D0%B8%D0%BD%D0%B8%D0%BA%D0%B0&district_id=4504209512726623&type=branch&page=5&page_size=10&fields=items.point%2Citems.name%2Citems.address_name%2Citems.reviews HTTP/1.1" 200 133
2025-10-30 20:31:06,381 - DEBUG - [получить_поликлиники_в_районе] - Статус ответа: 200
2025-10-30 20:31:06,381 - WARNING - [получить_поликлиники_в_районе] - На странице 5 нет данных в ожидаемом формате
2025-10-30 20:31:06,382 - INFO - [получить_поликлиники_в_районе] - Завершение сбора для района Ломоносовский. Найдено поликлиник: 7
2025-10-30 20:31:06,384 - INFO - [<cell line: 0>] - Район 'Ломоносовский' завершен. Поликлиник: 7
2025-10-30 20:31:07,384 - INFO - [<cell line: 0>] - [55/132] Обработка района: Лосиноостровский
2025-10-30 20:31:07,386 - INFO - [получить_поликлиники_в_районе] - Начало сбора поликлиник для района: Лосиноостровский (ID: 4504209512726560)
2025-10-30 20:31:07,388 - DEBUG - [получить_поликлиники_в_районе] - Запрос страницы 1 для района Лосиноостровский
2025-10-30 20:31:07,389 - DEBUG - [_new_conn] - Starting new HTTPS connection (1): catalog.api.2gis.com:443
2025-10-30 20:31:07,791 - DEBUG - [_make_request] - https://catalog.api.2gis.com:443 "GET /3.0/items?key=2e3b8ee1-dca8-47ab-99a0-bb8cfce53698&q=%D0%BF%D0%BE%D0%BB%D0%B8%D0%BA%D0%BB%D0%B8%D0%BD%D0%B8%D0%BA%D0%B0&district_id=4504209512726560&type=branch&page=1&page_size=10&fields=items.point%2Citems.name%2Citems.address_name%2Citems.reviews HTTP/1.1" 200 None
2025-10-30 20:31:07,792 - DEBUG - [получить_поликлиники_в_районе] - Статус ответа: 200
2025-10-30 20:31:07,792 - INFO - [получить_поликлиники_в_районе] - Загружено 6 поликлиник со страницы 1
2025-10-30 20:31:08,293 - DEBUG - [получить_поликлиники_в_районе] - Запрос страницы 2 для района Лосиноостровский
2025-10-30 20:31:08,295 - DEBUG - [_new_conn] - Starting new HTTPS connection (1): catalog.api.2gis.com:443
2025-10-30 20:31:08,768 - DEBUG - [_make_request] - https://catalog.api.2gis.com:443 "GET /3.0/items?key=2e3b8ee1-dca8-47ab-99a0-bb8cfce53698&q=%D0%BF%D0%BE%D0%BB%D0%B8%D0%BA%D0%BB%D0%B8%D0%BD%D0%B8%D0%BA%D0%B0&district_id=4504209512726560&type=branch&page=2&page_size=10&fields=items.point%2Citems.name%2Citems.address_name%2Citems.reviews HTTP/1.1" 200 133
2025-10-30 20:31:08,769 - DEBUG - [получить_поликлиники_в_районе] - Статус ответа: 200
2025-10-30 20:31:08,769 - WARNING - [получить_поликлиники_в_районе] - На странице 2 нет данных в ожидаемом формате
2025-10-30 20:31:09,270 - DEBUG - [получить_поликлиники_в_районе] - Запрос страницы 3 для района Лосиноостровский
2025-10-30 20:31:09,271 - DEBUG - [_new_conn] - Starting new HTTPS connection (1): catalog.api.2gis.com:443
2025-10-30 20:31:09,778 - DEBUG - [_make_request] - https://catalog.api.2gis.com:443 "GET /3.0/items?key=2e3b8ee1-dca8-47ab-99a0-bb8cfce53698&q=%D0%BF%D0%BE%D0%BB%D0%B8%D0%BA%D0%BB%D0%B8%D0%BD%D0%B8%D0%BA%D0%B0&district_id=4504209512726560&type=branch&page=3&page_size=10&fields=items.point%2Citems.name%2Citems.address_name%2Citems.reviews HTTP/1.1" 200 133
2025-10-30 20:31:09,779 - DEBUG - [получить_поликлиники_в_районе] - Статус ответа: 200
2025-10-30 20:31:09,780 - WARNING - [получить_поликлиники_в_районе] - На странице 3 нет данных в ожидаемом формате
2025-10-30 20:31:10,289 - DEBUG - [получить_поликлиники_в_районе] - Запрос страницы 4 для района Лосиноостровский
2025-10-30 20:31:10,291 - DEBUG - [_new_conn] - Starting new HTTPS connection (1): catalog.api.2gis.com:443
2025-10-30 20:31:10,683 - DEBUG - [_make_request] - https://catalog.api.2gis.com:443 "GET /3.0/items?key=2e3b8ee1-dca8-47ab-99a0-bb8cfce53698&q=%D0%BF%D0%BE%D0%BB%D0%B8%D0%BA%D0%BB%D0%B8%D0%BD%D0%B8%D0%BA%D0%B0&district_id=4504209512726560&type=branch&page=4&page_size=10&fields=items.point%2Citems.name%2Citems.address_name%2Citems.reviews HTTP/1.1" 200 133
2025-10-30 20:31:10,684 - DEBUG - [получить_поликлиники_в_районе] - Статус ответа: 200
2025-10-30 20:31:10,684 - WARNING - [получить_поликлиники_в_районе] - На странице 4 нет данных в ожидаемом формате
2025-10-30 20:31:11,185 - DEBUG - [получить_поликлиники_в_районе] - Запрос страницы 5 для района Лосиноостровский
2025-10-30 20:31:11,187 - DEBUG - [_new_conn] - Starting new HTTPS connection (1): catalog.api.2gis.com:443
2025-10-30 20:31:11,765 - DEBUG - [_make_request] - https://catalog.api.2gis.com:443 "GET /3.0/items?key=2e3b8ee1-dca8-47ab-99a0-bb8cfce53698&q=%D0%BF%D0%BE%D0%BB%D0%B8%D0%BA%D0%BB%D0%B8%D0%BD%D0%B8%D0%BA%D0%B0&district_id=4504209512726560&type=branch&page=5&page_size=10&fields=items.point%2Citems.name%2Citems.address_name%2Citems.reviews HTTP/1.1" 200 133
2025-10-30 20:31:11,766 - DEBUG - [получить_поликлиники_в_районе] - Статус ответа: 200
2025-10-30 20:31:11,767 - WARNING - [получить_поликлиники_в_районе] - На странице 5 нет данных в ожидаемом формате
2025-10-30 20:31:11,767 - INFO - [получить_поликлиники_в_районе] - Завершение сбора для района Лосиноостровский. Найдено поликлиник: 6
2025-10-30 20:31:11,769 - INFO - [<cell line: 0>] - Район 'Лосиноостровский' завершен. Поликлиник: 6
2025-10-30 20:31:12,770 - INFO - [<cell line: 0>] - [56/132] Обработка района: Люблино
2025-10-30 20:31:12,771 - INFO - [получить_поликлиники_в_районе] - Начало сбора поликлиник для района: Люблино (ID: 70030077079195278)
2025-10-30 20:31:12,772 - DEBUG - [получить_поликлиники_в_районе] - Запрос страницы 1 для района Люблино
2025-10-30 20:31:12,774 - DEBUG - [_new_conn] - Starting new HTTPS connection (1): catalog.api.2gis.com:443
2025-10-30 20:31:13,167 - DEBUG - [_make_request] - https://catalog.api.2gis.com:443 "GET /3.0/items?key=2e3b8ee1-dca8-47ab-99a0-bb8cfce53698&q=%D0%BF%D0%BE%D0%BB%D0%B8%D0%BA%D0%BB%D0%B8%D0%BD%D0%B8%D0%BA%D0%B0&district_id=70030077079195278&type=branch&page=1&page_size=10&fields=items.point%2Citems.name%2Citems.address_name%2Citems.reviews HTTP/1.1" 200 None
2025-10-30 20:31:13,168 - DEBUG - [получить_поликлиники_в_районе] - Статус ответа: 200
2025-10-30 20:31:13,168 - INFO - [получить_поликлиники_в_районе] - Загружено 7 поликлиник со страницы 1
2025-10-30 20:31:13,669 - DEBUG - [получить_поликлиники_в_районе] - Запрос страницы 2 для района Люблино
2025-10-30 20:31:13,671 - DEBUG - [_new_conn] - Starting new HTTPS connection (1): catalog.api.2gis.com:443
2025-10-30 20:31:14,048 - DEBUG - [_make_request] - https://catalog.api.2gis.com:443 "GET /3.0/items?key=2e3b8ee1-dca8-47ab-99a0-bb8cfce53698&q=%D0%BF%D0%BE%D0%BB%D0%B8%D0%BA%D0%BB%D0%B8%D0%BD%D0%B8%D0%BA%D0%B0&district_id=70030077079195278&type=branch&page=2&page_size=10&fields=items.point%2Citems.name%2Citems.address_name%2Citems.reviews HTTP/1.1" 200 133
2025-10-30 20:31:14,050 - DEBUG - [получить_поликлиники_в_районе] - Статус ответа: 200
2025-10-30 20:31:14,050 - WARNING - [получить_поликлиники_в_районе] - На странице 2 нет данных в ожидаемом формате
2025-10-30 20:31:14,551 - DEBUG - [получить_поликлиники_в_районе] - Запрос страницы 3 для района Люблино
2025-10-30 20:31:14,552 - DEBUG - [_new_conn] - Starting new HTTPS connection (1): catalog.api.2gis.com:443
2025-10-30 20:31:14,925 - DEBUG - [_make_request] - https://catalog.api.2gis.com:443 "GET /3.0/items?key=2e3b8ee1-dca8-47ab-99a0-bb8cfce53698&q=%D0%BF%D0%BE%D0%BB%D0%B8%D0%BA%D0%BB%D0%B8%D0%BD%D0%B8%D0%BA%D0%B0&district_id=70030077079195278&type=branch&page=3&page_size=10&fields=items.point%2Citems.name%2Citems.address_name%2Citems.reviews HTTP/1.1" 200 133
2025-10-30 20:31:14,926 - DEBUG - [получить_поликлиники_в_районе] - Статус ответа: 200
2025-10-30 20:31:14,926 - WARNING - [получить_поликлиники_в_районе] - На странице 3 нет данных в ожидаемом формате
2025-10-30 20:31:15,427 - DEBUG - [получить_поликлиники_в_районе] - Запрос страницы 4 для района Люблино
2025-10-30 20:31:15,428 - DEBUG - [_new_conn] - Starting new HTTPS connection (1): catalog.api.2gis.com:443
2025-10-30 20:31:15,819 - DEBUG - [_make_request] - https://catalog.api.2gis.com:443 "GET /3.0/items?key=2e3b8ee1-dca8-47ab-99a0-bb8cfce53698&q=%D0%BF%D0%BE%D0%BB%D0%B8%D0%BA%D0%BB%D0%B8%D0%BD%D0%B8%D0%BA%D0%B0&district_id=70030077079195278&type=branch&page=4&page_size=10&fields=items.point%2Citems.name%2Citems.address_name%2Citems.reviews HTTP/1.1" 200 133
2025-10-30 20:31:15,820 - DEBUG - [получить_поликлиники_в_районе] - Статус ответа: 200
2025-10-30 20:31:15,820 - WARNING - [получить_поликлиники_в_районе] - На странице 4 нет данных в ожидаемом формате
2025-10-30 20:31:16,321 - DEBUG - [получить_поликлиники_в_районе] - Запрос страницы 5 для района Люблино
2025-10-30 20:31:16,323 - DEBUG - [_new_conn] - Starting new HTTPS connection (1): catalog.api.2gis.com:443
2025-10-30 20:31:16,705 - DEBUG - [_make_request] - https://catalog.api.2gis.com:443 "GET /3.0/items?key=2e3b8ee1-dca8-47ab-99a0-bb8cfce53698&q=%D0%BF%D0%BE%D0%BB%D0%B8%D0%BA%D0%BB%D0%B8%D0%BD%D0%B8%D0%BA%D0%B0&district_id=70030077079195278&type=branch&page=5&page_size=10&fields=items.point%2Citems.name%2Citems.address_name%2Citems.reviews HTTP/1.1" 200 133
2025-10-30 20:31:16,706 - DEBUG - [получить_поликлиники_в_районе] - Статус ответа: 200
2025-10-30 20:31:16,706 - WARNING - [получить_поликлиники_в_районе] - На странице 5 нет данных в ожидаемом формате
2025-10-30 20:31:16,707 - INFO - [получить_поликлиники_в_районе] - Завершение сбора для района Люблино. Найдено поликлиник: 7
2025-10-30 20:31:16,709 - INFO - [<cell line: 0>] - Район 'Люблино' завершен. Поликлиник: 7
2025-10-30 20:31:17,710 - INFO - [<cell line: 0>] - [57/132] Обработка района: Марфино
2025-10-30 20:31:17,711 - INFO - [получить_поликлиники_в_районе] - Начало сбора поликлиник для района: Марфино (ID: 4504209512726570)
2025-10-30 20:31:17,713 - DEBUG - [получить_поликлиники_в_районе] - Запрос страницы 1 для района Марфино
2025-10-30 20:31:17,715 - DEBUG - [_new_conn] - Starting new HTTPS connection (1): catalog.api.2gis.com:443
2025-10-30 20:31:18,117 - DEBUG - [_make_request] - https://catalog.api.2gis.com:443 "GET /3.0/items?key=2e3b8ee1-dca8-47ab-99a0-bb8cfce53698&q=%D0%BF%D0%BE%D0%BB%D0%B8%D0%BA%D0%BB%D0%B8%D0%BD%D0%B8%D0%BA%D0%B0&district_id=4504209512726570&type=branch&page=1&page_size=10&fields=items.point%2Citems.name%2Citems.address_name%2Citems.reviews HTTP/1.1" 200 None
2025-10-30 20:31:18,118 - DEBUG - [получить_поликлиники_в_районе] - Статус ответа: 200
2025-10-30 20:31:18,118 - INFO - [получить_поликлиники_в_районе] - Загружено 3 поликлиник со страницы 1
2025-10-30 20:31:18,619 - DEBUG - [получить_поликлиники_в_районе] - Запрос страницы 2 для района Марфино
2025-10-30 20:31:18,620 - DEBUG - [_new_conn] - Starting new HTTPS connection (1): catalog.api.2gis.com:443
2025-10-30 20:31:19,011 - DEBUG - [_make_request] - https://catalog.api.2gis.com:443 "GET /3.0/items?key=2e3b8ee1-dca8-47ab-99a0-bb8cfce53698&q=%D0%BF%D0%BE%D0%BB%D0%B8%D0%BA%D0%BB%D0%B8%D0%BD%D0%B8%D0%BA%D0%B0&district_id=4504209512726570&type=branch&page=2&page_size=10&fields=items.point%2Citems.name%2Citems.address_name%2Citems.reviews HTTP/1.1" 200 133
2025-10-30 20:31:19,013 - DEBUG - [получить_поликлиники_в_районе] - Статус ответа: 200
2025-10-30 20:31:19,013 - WARNING - [получить_поликлиники_в_районе] - На странице 2 нет данных в ожидаемом формате
2025-10-30 20:31:19,514 - DEBUG - [получить_поликлиники_в_районе] - Запрос страницы 3 для района Марфино
2025-10-30 20:31:19,516 - DEBUG - [_new_conn] - Starting new HTTPS connection (1): catalog.api.2gis.com:443
2025-10-30 20:31:19,892 - DEBUG - [_make_request] - https://catalog.api.2gis.com:443 "GET /3.0/items?key=2e3b8ee1-dca8-47ab-99a0-bb8cfce53698&q=%D0%BF%D0%BE%D0%BB%D0%B8%D0%BA%D0%BB%D0%B8%D0%BD%D0%B8%D0%BA%D0%B0&district_id=4504209512726570&type=branch&page=3&page_size=10&fields=items.point%2Citems.name%2Citems.address_name%2Citems.reviews HTTP/1.1" 200 133
2025-10-30 20:31:19,893 - DEBUG - [получить_поликлиники_в_районе] - Статус ответа: 200
2025-10-30 20:31:19,893 - WARNING - [получить_поликлиники_в_районе] - На странице 3 нет данных в ожидаемом формате
2025-10-30 20:31:20,395 - DEBUG - [получить_поликлиники_в_районе] - Запрос страницы 4 для района Марфино
2025-10-30 20:31:20,396 - DEBUG - [_new_conn] - Starting new HTTPS connection (1): catalog.api.2gis.com:443
2025-10-30 20:31:20,771 - DEBUG - [_make_request] - https://catalog.api.2gis.com:443 "GET /3.0/items?key=2e3b8ee1-dca8-47ab-99a0-bb8cfce53698&q=%D0%BF%D0%BE%D0%BB%D0%B8%D0%BA%D0%BB%D0%B8%D0%BD%D0%B8%D0%BA%D0%B0&district_id=4504209512726570&type=branch&page=4&page_size=10&fields=items.point%2Citems.name%2Citems.address_name%2Citems.reviews HTTP/1.1" 200 133
2025-10-30 20:31:20,772 - DEBUG - [получить_поликлиники_в_районе] - Статус ответа: 200
2025-10-30 20:31:20,772 - WARNING - [получить_поликлиники_в_районе] - На странице 4 нет данных в ожидаемом формате
2025-10-30 20:31:21,273 - DEBUG - [получить_поликлиники_в_районе] - Запрос страницы 5 для района Марфино
2025-10-30 20:31:21,275 - DEBUG - [_new_conn] - Starting new HTTPS connection (1): catalog.api.2gis.com:443
2025-10-30 20:31:21,658 - DEBUG - [_make_request] - https://catalog.api.2gis.com:443 "GET /3.0/items?key=2e3b8ee1-dca8-47ab-99a0-bb8cfce53698&q=%D0%BF%D0%BE%D0%BB%D0%B8%D0%BA%D0%BB%D0%B8%D0%BD%D0%B8%D0%BA%D0%B0&district_id=4504209512726570&type=branch&page=5&page_size=10&fields=items.point%2Citems.name%2Citems.address_name%2Citems.reviews HTTP/1.1" 200 133
2025-10-30 20:31:21,659 - DEBUG - [получить_поликлиники_в_районе] - Статус ответа: 200
2025-10-30 20:31:21,659 - WARNING - [получить_поликлиники_в_районе] - На странице 5 нет данных в ожидаемом формате
2025-10-30 20:31:21,660 - INFO - [получить_поликлиники_в_районе] - Завершение сбора для района Марфино. Найдено поликлиник: 3
2025-10-30 20:31:21,661 - INFO - [<cell line: 0>] - Район 'Марфино' завершен. Поликлиник: 3
2025-10-30 20:31:22,663 - INFO - [<cell line: 0>] - [58/132] Обработка района: Марьина Роща
2025-10-30 20:31:22,664 - INFO - [получить_поликлиники_в_районе] - Начало сбора поликлиник для района: Марьина Роща (ID: 4504209512726571)
2025-10-30 20:31:22,665 - DEBUG - [получить_поликлиники_в_районе] - Запрос страницы 1 для района Марьина Роща
2025-10-30 20:31:22,668 - DEBUG - [_new_conn] - Starting new HTTPS connection (1): catalog.api.2gis.com:443
2025-10-30 20:31:23,050 - DEBUG - [_make_request] - https://catalog.api.2gis.com:443 "GET /3.0/items?key=2e3b8ee1-dca8-47ab-99a0-bb8cfce53698&q=%D0%BF%D0%BE%D0%BB%D0%B8%D0%BA%D0%BB%D0%B8%D0%BD%D0%B8%D0%BA%D0%B0&district_id=4504209512726571&type=branch&page=1&page_size=10&fields=items.point%2Citems.name%2Citems.address_name%2Citems.reviews HTTP/1.1" 200 None
2025-10-30 20:31:23,051 - DEBUG - [получить_поликлиники_в_районе] - Статус ответа: 200
2025-10-30 20:31:23,051 - INFO - [получить_поликлиники_в_районе] - Загружено 6 поликлиник со страницы 1
2025-10-30 20:31:23,552 - DEBUG - [получить_поликлиники_в_районе] - Запрос страницы 2 для района Марьина Роща
2025-10-30 20:31:23,553 - DEBUG - [_new_conn] - Starting new HTTPS connection (1): catalog.api.2gis.com:443
2025-10-30 20:31:23,951 - DEBUG - [_make_request] - https://catalog.api.2gis.com:443 "GET /3.0/items?key=2e3b8ee1-dca8-47ab-99a0-bb8cfce53698&q=%D0%BF%D0%BE%D0%BB%D0%B8%D0%BA%D0%BB%D0%B8%D0%BD%D0%B8%D0%BA%D0%B0&district_id=4504209512726571&type=branch&page=2&page_size=10&fields=items.point%2Citems.name%2Citems.address_name%2Citems.reviews HTTP/1.1" 200 133
2025-10-30 20:31:23,952 - DEBUG - [получить_поликлиники_в_районе] - Статус ответа: 200
2025-10-30 20:31:23,952 - WARNING - [получить_поликлиники_в_районе] - На странице 2 нет данных в ожидаемом формате
2025-10-30 20:31:24,453 - DEBUG - [получить_поликлиники_в_районе] - Запрос страницы 3 для района Марьина Роща
2025-10-30 20:31:24,454 - DEBUG - [_new_conn] - Starting new HTTPS connection (1): catalog.api.2gis.com:443
2025-10-30 20:31:24,847 - DEBUG - [_make_request] - https://catalog.api.2gis.com:443 "GET /3.0/items?key=2e3b8ee1-dca8-47ab-99a0-bb8cfce53698&q=%D0%BF%D0%BE%D0%BB%D0%B8%D0%BA%D0%BB%D0%B8%D0%BD%D0%B8%D0%BA%D0%B0&district_id=4504209512726571&type=branch&page=3&page_size=10&fields=items.point%2Citems.name%2Citems.address_name%2Citems.reviews HTTP/1.1" 200 133
2025-10-30 20:31:24,848 - DEBUG - [получить_поликлиники_в_районе] - Статус ответа: 200
2025-10-30 20:31:24,848 - WARNING - [получить_поликлиники_в_районе] - На странице 3 нет данных в ожидаемом формате
2025-10-30 20:31:25,349 - DEBUG - [получить_поликлиники_в_районе] - Запрос страницы 4 для района Марьина Роща
2025-10-30 20:31:25,350 - DEBUG - [_new_conn] - Starting new HTTPS connection (1): catalog.api.2gis.com:443
2025-10-30 20:31:25,745 - DEBUG - [_make_request] - https://catalog.api.2gis.com:443 "GET /3.0/items?key=2e3b8ee1-dca8-47ab-99a0-bb8cfce53698&q=%D0%BF%D0%BE%D0%BB%D0%B8%D0%BA%D0%BB%D0%B8%D0%BD%D0%B8%D0%BA%D0%B0&district_id=4504209512726571&type=branch&page=4&page_size=10&fields=items.point%2Citems.name%2Citems.address_name%2Citems.reviews HTTP/1.1" 200 133
2025-10-30 20:31:25,746 - DEBUG - [получить_поликлиники_в_районе] - Статус ответа: 200
2025-10-30 20:31:25,746 - WARNING - [получить_поликлиники_в_районе] - На странице 4 нет данных в ожидаемом формате
2025-10-30 20:31:26,247 - DEBUG - [получить_поликлиники_в_районе] - Запрос страницы 5 для района Марьина Роща
2025-10-30 20:31:26,248 - DEBUG - [_new_conn] - Starting new HTTPS connection (1): catalog.api.2gis.com:443
2025-10-30 20:31:26,639 - DEBUG - [_make_request] - https://catalog.api.2gis.com:443 "GET /3.0/items?key=2e3b8ee1-dca8-47ab-99a0-bb8cfce53698&q=%D0%BF%D0%BE%D0%BB%D0%B8%D0%BA%D0%BB%D0%B8%D0%BD%D0%B8%D0%BA%D0%B0&district_id=4504209512726571&type=branch&page=5&page_size=10&fields=items.point%2Citems.name%2Citems.address_name%2Citems.reviews HTTP/1.1" 200 133
2025-10-30 20:31:26,640 - DEBUG - [получить_поликлиники_в_районе] - Статус ответа: 200
2025-10-30 20:31:26,640 - WARNING - [получить_поликлиники_в_районе] - На странице 5 нет данных в ожидаемом формате
2025-10-30 20:31:26,641 - INFO - [получить_поликлиники_в_районе] - Завершение сбора для района Марьина Роща. Найдено поликлиник: 6
2025-10-30 20:31:26,644 - INFO - [<cell line: 0>] - Район 'Марьина Роща' завершен. Поликлиник: 6
2025-10-30 20:31:27,645 - INFO - [<cell line: 0>] - [59/132] Обработка района: Марьино
2025-10-30 20:31:27,645 - INFO - [получить_поликлиники_в_районе] - Начало сбора поликлиник для района: Марьино (ID: 4504209512726596)
2025-10-30 20:31:27,646 - DEBUG - [получить_поликлиники_в_районе] - Запрос страницы 1 для района Марьино
2025-10-30 20:31:27,648 - DEBUG - [_new_conn] - Starting new HTTPS connection (1): catalog.api.2gis.com:443
2025-10-30 20:31:28,035 - DEBUG - [_make_request] - https://catalog.api.2gis.com:443 "GET /3.0/items?key=2e3b8ee1-dca8-47ab-99a0-bb8cfce53698&q=%D0%BF%D0%BE%D0%BB%D0%B8%D0%BA%D0%BB%D0%B8%D0%BD%D0%B8%D0%BA%D0%B0&district_id=4504209512726596&type=branch&page=1&page_size=10&fields=items.point%2Citems.name%2Citems.address_name%2Citems.reviews HTTP/1.1" 200 None
2025-10-30 20:31:28,036 - DEBUG - [получить_поликлиники_в_районе] - Статус ответа: 200
2025-10-30 20:31:28,036 - INFO - [получить_поликлиники_в_районе] - Загружено 10 поликлиник со страницы 1
2025-10-30 20:31:28,537 - DEBUG - [получить_поликлиники_в_районе] - Запрос страницы 2 для района Марьино
2025-10-30 20:31:28,538 - DEBUG - [_new_conn] - Starting new HTTPS connection (1): catalog.api.2gis.com:443
2025-10-30 20:31:28,922 - DEBUG - [_make_request] - https://catalog.api.2gis.com:443 "GET /3.0/items?key=2e3b8ee1-dca8-47ab-99a0-bb8cfce53698&q=%D0%BF%D0%BE%D0%BB%D0%B8%D0%BA%D0%BB%D0%B8%D0%BD%D0%B8%D0%BA%D0%B0&district_id=4504209512726596&type=branch&page=2&page_size=10&fields=items.point%2Citems.name%2Citems.address_name%2Citems.reviews HTTP/1.1" 200 None
2025-10-30 20:31:28,923 - DEBUG - [получить_поликлиники_в_районе] - Статус ответа: 200
2025-10-30 20:31:28,923 - INFO - [получить_поликлиники_в_районе] - Загружено 8 поликлиник со страницы 2
2025-10-30 20:31:29,424 - DEBUG - [получить_поликлиники_в_районе] - Запрос страницы 3 для района Марьино
2025-10-30 20:31:29,426 - DEBUG - [_new_conn] - Starting new HTTPS connection (1): catalog.api.2gis.com:443
2025-10-30 20:31:29,803 - DEBUG - [_make_request] - https://catalog.api.2gis.com:443 "GET /3.0/items?key=2e3b8ee1-dca8-47ab-99a0-bb8cfce53698&q=%D0%BF%D0%BE%D0%BB%D0%B8%D0%BA%D0%BB%D0%B8%D0%BD%D0%B8%D0%BA%D0%B0&district_id=4504209512726596&type=branch&page=3&page_size=10&fields=items.point%2Citems.name%2Citems.address_name%2Citems.reviews HTTP/1.1" 200 133
2025-10-30 20:31:29,804 - DEBUG - [получить_поликлиники_в_районе] - Статус ответа: 200
2025-10-30 20:31:29,804 - WARNING - [получить_поликлиники_в_районе] - На странице 3 нет данных в ожидаемом формате
2025-10-30 20:31:30,305 - DEBUG - [получить_поликлиники_в_районе] - Запрос страницы 4 для района Марьино
2025-10-30 20:31:30,306 - DEBUG - [_new_conn] - Starting new HTTPS connection (1): catalog.api.2gis.com:443
2025-10-30 20:31:30,705 - DEBUG - [_make_request] - https://catalog.api.2gis.com:443 "GET /3.0/items?key=2e3b8ee1-dca8-47ab-99a0-bb8cfce53698&q=%D0%BF%D0%BE%D0%BB%D0%B8%D0%BA%D0%BB%D0%B8%D0%BD%D0%B8%D0%BA%D0%B0&district_id=4504209512726596&type=branch&page=4&page_size=10&fields=items.point%2Citems.name%2Citems.address_name%2Citems.reviews HTTP/1.1" 200 133
2025-10-30 20:31:30,706 - DEBUG - [получить_поликлиники_в_районе] - Статус ответа: 200
2025-10-30 20:31:30,706 - WARNING - [получить_поликлиники_в_районе] - На странице 4 нет данных в ожидаемом формате
2025-10-30 20:31:31,207 - DEBUG - [получить_поликлиники_в_районе] - Запрос страницы 5 для района Марьино
2025-10-30 20:31:31,209 - DEBUG - [_new_conn] - Starting new HTTPS connection (1): catalog.api.2gis.com:443
2025-10-30 20:31:31,595 - DEBUG - [_make_request] - https://catalog.api.2gis.com:443 "GET /3.0/items?key=2e3b8ee1-dca8-47ab-99a0-bb8cfce53698&q=%D0%BF%D0%BE%D0%BB%D0%B8%D0%BA%D0%BB%D0%B8%D0%BD%D0%B8%D0%BA%D0%B0&district_id=4504209512726596&type=branch&page=5&page_size=10&fields=items.point%2Citems.name%2Citems.address_name%2Citems.reviews HTTP/1.1" 200 133
2025-10-30 20:31:31,596 - DEBUG - [получить_поликлиники_в_районе] - Статус ответа: 200
2025-10-30 20:31:31,596 - WARNING - [получить_поликлиники_в_районе] - На странице 5 нет данных в ожидаемом формате
2025-10-30 20:31:31,597 - INFO - [получить_поликлиники_в_районе] - Завершение сбора для района Марьино. Найдено поликлиник: 18
2025-10-30 20:31:31,598 - INFO - [<cell line: 0>] - Район 'Марьино' завершен. Поликлиник: 18
2025-10-30 20:31:32,601 - INFO - [<cell line: 0>] - [60/132] Обработка района: Матушкино
2025-10-30 20:31:32,602 - INFO - [получить_поликлиники_в_районе] - Начало сбора поликлиник для района: Матушкино (ID: 4504209512726657)
2025-10-30 20:31:32,603 - DEBUG - [получить_поликлиники_в_районе] - Запрос страницы 1 для района Матушкино
2025-10-30 20:31:32,605 - DEBUG - [_new_conn] - Starting new HTTPS connection (1): catalog.api.2gis.com:443
2025-10-30 20:31:32,997 - DEBUG - [_make_request] - https://catalog.api.2gis.com:443 "GET /3.0/items?key=2e3b8ee1-dca8-47ab-99a0-bb8cfce53698&q=%D0%BF%D0%BE%D0%BB%D0%B8%D0%BA%D0%BB%D0%B8%D0%BD%D0%B8%D0%BA%D0%B0&district_id=4504209512726657&type=branch&page=1&page_size=10&fields=items.point%2Citems.name%2Citems.address_name%2Citems.reviews HTTP/1.1" 200 None
2025-10-30 20:31:32,997 - DEBUG - [получить_поликлиники_в_районе] - Статус ответа: 200
2025-10-30 20:31:32,997 - INFO - [получить_поликлиники_в_районе] - Загружено 4 поликлиник со страницы 1
2025-10-30 20:31:33,498 - DEBUG - [получить_поликлиники_в_районе] - Запрос страницы 2 для района Матушкино
2025-10-30 20:31:33,500 - DEBUG - [_new_conn] - Starting new HTTPS connection (1): catalog.api.2gis.com:443
2025-10-30 20:31:33,874 - DEBUG - [_make_request] - https://catalog.api.2gis.com:443 "GET /3.0/items?key=2e3b8ee1-dca8-47ab-99a0-bb8cfce53698&q=%D0%BF%D0%BE%D0%BB%D0%B8%D0%BA%D0%BB%D0%B8%D0%BD%D0%B8%D0%BA%D0%B0&district_id=4504209512726657&type=branch&page=2&page_size=10&fields=items.point%2Citems.name%2Citems.address_name%2Citems.reviews HTTP/1.1" 200 133
2025-10-30 20:31:33,875 - DEBUG - [получить_поликлиники_в_районе] - Статус ответа: 200
2025-10-30 20:31:33,875 - WARNING - [получить_поликлиники_в_районе] - На странице 2 нет данных в ожидаемом формате
2025-10-30 20:31:34,376 - DEBUG - [получить_поликлиники_в_районе] - Запрос страницы 3 для района Матушкино
2025-10-30 20:31:34,377 - DEBUG - [_new_conn] - Starting new HTTPS connection (1): catalog.api.2gis.com:443
2025-10-30 20:31:34,762 - DEBUG - [_make_request] - https://catalog.api.2gis.com:443 "GET /3.0/items?key=2e3b8ee1-dca8-47ab-99a0-bb8cfce53698&q=%D0%BF%D0%BE%D0%BB%D0%B8%D0%BA%D0%BB%D0%B8%D0%BD%D0%B8%D0%BA%D0%B0&district_id=4504209512726657&type=branch&page=3&page_size=10&fields=items.point%2Citems.name%2Citems.address_name%2Citems.reviews HTTP/1.1" 200 133
2025-10-30 20:31:34,763 - DEBUG - [получить_поликлиники_в_районе] - Статус ответа: 200
2025-10-30 20:31:34,763 - WARNING - [получить_поликлиники_в_районе] - На странице 3 нет данных в ожидаемом формате
2025-10-30 20:31:35,264 - DEBUG - [получить_поликлиники_в_районе] - Запрос страницы 4 для района Матушкино
2025-10-30 20:31:35,265 - DEBUG - [_new_conn] - Starting new HTTPS connection (1): catalog.api.2gis.com:443
2025-10-30 20:31:35,657 - DEBUG - [_make_request] - https://catalog.api.2gis.com:443 "GET /3.0/items?key=2e3b8ee1-dca8-47ab-99a0-bb8cfce53698&q=%D0%BF%D0%BE%D0%BB%D0%B8%D0%BA%D0%BB%D0%B8%D0%BD%D0%B8%D0%BA%D0%B0&district_id=4504209512726657&type=branch&page=4&page_size=10&fields=items.point%2Citems.name%2Citems.address_name%2Citems.reviews HTTP/1.1" 200 133
2025-10-30 20:31:35,658 - DEBUG - [получить_поликлиники_в_районе] - Статус ответа: 200
2025-10-30 20:31:35,658 - WARNING - [получить_поликлиники_в_районе] - На странице 4 нет данных в ожидаемом формате
2025-10-30 20:31:36,159 - DEBUG - [получить_поликлиники_в_районе] - Запрос страницы 5 для района Матушкино
2025-10-30 20:31:36,161 - DEBUG - [_new_conn] - Starting new HTTPS connection (1): catalog.api.2gis.com:443
2025-10-30 20:31:36,541 - DEBUG - [_make_request] - https://catalog.api.2gis.com:443 "GET /3.0/items?key=2e3b8ee1-dca8-47ab-99a0-bb8cfce53698&q=%D0%BF%D0%BE%D0%BB%D0%B8%D0%BA%D0%BB%D0%B8%D0%BD%D0%B8%D0%BA%D0%B0&district_id=4504209512726657&type=branch&page=5&page_size=10&fields=items.point%2Citems.name%2Citems.address_name%2Citems.reviews HTTP/1.1" 200 133
2025-10-30 20:31:36,542 - DEBUG - [получить_поликлиники_в_районе] - Статус ответа: 200
2025-10-30 20:31:36,543 - WARNING - [получить_поликлиники_в_районе] - На странице 5 нет данных в ожидаемом формате
2025-10-30 20:31:36,543 - INFO - [получить_поликлиники_в_районе] - Завершение сбора для района Матушкино. Найдено поликлиник: 4
2025-10-30 20:31:36,545 - INFO - [<cell line: 0>] - Район 'Матушкино' завершен. Поликлиник: 4
2025-10-30 20:31:37,547 - INFO - [<cell line: 0>] - [61/132] Обработка района: Метрогородок
2025-10-30 20:31:37,548 - INFO - [получить_поликлиники_в_районе] - Начало сбора поликлиник для района: Метрогородок (ID: 4504209512726588)
2025-10-30 20:31:37,549 - DEBUG - [получить_поликлиники_в_районе] - Запрос страницы 1 для района Метрогородок
2025-10-30 20:31:37,550 - DEBUG - [_new_conn] - Starting new HTTPS connection (1): catalog.api.2gis.com:443
2025-10-30 20:31:37,930 - DEBUG - [_make_request] - https://catalog.api.2gis.com:443 "GET /3.0/items?key=2e3b8ee1-dca8-47ab-99a0-bb8cfce53698&q=%D0%BF%D0%BE%D0%BB%D0%B8%D0%BA%D0%BB%D0%B8%D0%BD%D0%B8%D0%BA%D0%B0&district_id=4504209512726588&type=branch&page=1&page_size=10&fields=items.point%2Citems.name%2Citems.address_name%2Citems.reviews HTTP/1.1" 200 None
2025-10-30 20:31:37,931 - DEBUG - [получить_поликлиники_в_районе] - Статус ответа: 200
2025-10-30 20:31:37,931 - INFO - [получить_поликлиники_в_районе] - Загружено 3 поликлиник со страницы 1
2025-10-30 20:31:38,432 - DEBUG - [получить_поликлиники_в_районе] - Запрос страницы 2 для района Метрогородок
2025-10-30 20:31:38,433 - DEBUG - [_new_conn] - Starting new HTTPS connection (1): catalog.api.2gis.com:443
2025-10-30 20:31:38,814 - DEBUG - [_make_request] - https://catalog.api.2gis.com:443 "GET /3.0/items?key=2e3b8ee1-dca8-47ab-99a0-bb8cfce53698&q=%D0%BF%D0%BE%D0%BB%D0%B8%D0%BA%D0%BB%D0%B8%D0%BD%D0%B8%D0%BA%D0%B0&district_id=4504209512726588&type=branch&page=2&page_size=10&fields=items.point%2Citems.name%2Citems.address_name%2Citems.reviews HTTP/1.1" 200 133
2025-10-30 20:31:38,815 - DEBUG - [получить_поликлиники_в_районе] - Статус ответа: 200
2025-10-30 20:31:38,815 - WARNING - [получить_поликлиники_в_районе] - На странице 2 нет данных в ожидаемом формате
2025-10-30 20:31:39,316 - DEBUG - [получить_поликлиники_в_районе] - Запрос страницы 3 для района Метрогородок
2025-10-30 20:31:39,318 - DEBUG - [_new_conn] - Starting new HTTPS connection (1): catalog.api.2gis.com:443
2025-10-30 20:31:39,788 - DEBUG - [_make_request] - https://catalog.api.2gis.com:443 "GET /3.0/items?key=2e3b8ee1-dca8-47ab-99a0-bb8cfce53698&q=%D0%BF%D0%BE%D0%BB%D0%B8%D0%BA%D0%BB%D0%B8%D0%BD%D0%B8%D0%BA%D0%B0&district_id=4504209512726588&type=branch&page=3&page_size=10&fields=items.point%2Citems.name%2Citems.address_name%2Citems.reviews HTTP/1.1" 200 133
2025-10-30 20:31:39,789 - DEBUG - [получить_поликлиники_в_районе] - Статус ответа: 200
2025-10-30 20:31:39,790 - WARNING - [получить_поликлиники_в_районе] - На странице 3 нет данных в ожидаемом формате
2025-10-30 20:31:40,291 - DEBUG - [получить_поликлиники_в_районе] - Запрос страницы 4 для района Метрогородок
2025-10-30 20:31:40,292 - DEBUG - [_new_conn] - Starting new HTTPS connection (1): catalog.api.2gis.com:443
2025-10-30 20:31:40,667 - DEBUG - [_make_request] - https://catalog.api.2gis.com:443 "GET /3.0/items?key=2e3b8ee1-dca8-47ab-99a0-bb8cfce53698&q=%D0%BF%D0%BE%D0%BB%D0%B8%D0%BA%D0%BB%D0%B8%D0%BD%D0%B8%D0%BA%D0%B0&district_id=4504209512726588&type=branch&page=4&page_size=10&fields=items.point%2Citems.name%2Citems.address_name%2Citems.reviews HTTP/1.1" 200 133
2025-10-30 20:31:40,668 - DEBUG - [получить_поликлиники_в_районе] - Статус ответа: 200
2025-10-30 20:31:40,668 - WARNING - [получить_поликлиники_в_районе] - На странице 4 нет данных в ожидаемом формате
2025-10-30 20:31:41,169 - DEBUG - [получить_поликлиники_в_районе] - Запрос страницы 5 для района Метрогородок
2025-10-30 20:31:41,170 - DEBUG - [_new_conn] - Starting new HTTPS connection (1): catalog.api.2gis.com:443
2025-10-30 20:31:41,637 - DEBUG - [_make_request] - https://catalog.api.2gis.com:443 "GET /3.0/items?key=2e3b8ee1-dca8-47ab-99a0-bb8cfce53698&q=%D0%BF%D0%BE%D0%BB%D0%B8%D0%BA%D0%BB%D0%B8%D0%BD%D0%B8%D0%BA%D0%B0&district_id=4504209512726588&type=branch&page=5&page_size=10&fields=items.point%2Citems.name%2Citems.address_name%2Citems.reviews HTTP/1.1" 200 133
2025-10-30 20:31:41,639 - DEBUG - [получить_поликлиники_в_районе] - Статус ответа: 200
2025-10-30 20:31:41,639 - WARNING - [получить_поликлиники_в_районе] - На странице 5 нет данных в ожидаемом формате
2025-10-30 20:31:41,639 - INFO - [получить_поликлиники_в_районе] - Завершение сбора для района Метрогородок. Найдено поликлиник: 3
2025-10-30 20:31:41,641 - INFO - [<cell line: 0>] - Район 'Метрогородок' завершен. Поликлиник: 3
2025-10-30 20:31:42,644 - INFO - [<cell line: 0>] - [62/132] Обработка района: Мещанский
2025-10-30 20:31:42,645 - INFO - [получить_поликлиники_в_районе] - Начало сбора поликлиник для района: Мещанский (ID: 4504209512726535)
2025-10-30 20:31:42,647 - DEBUG - [получить_поликлиники_в_районе] - Запрос страницы 1 для района Мещанский
2025-10-30 20:31:42,648 - DEBUG - [_new_conn] - Starting new HTTPS connection (1): catalog.api.2gis.com:443
2025-10-30 20:31:43,042 - DEBUG - [_make_request] - https://catalog.api.2gis.com:443 "GET /3.0/items?key=2e3b8ee1-dca8-47ab-99a0-bb8cfce53698&q=%D0%BF%D0%BE%D0%BB%D0%B8%D0%BA%D0%BB%D0%B8%D0%BD%D0%B8%D0%BA%D0%B0&district_id=4504209512726535&type=branch&page=1&page_size=10&fields=items.point%2Citems.name%2Citems.address_name%2Citems.reviews HTTP/1.1" 200 None
2025-10-30 20:31:43,043 - DEBUG - [получить_поликлиники_в_районе] - Статус ответа: 200
2025-10-30 20:31:43,043 - INFO - [получить_поликлиники_в_районе] - Загружено 9 поликлиник со страницы 1
2025-10-30 20:31:43,544 - DEBUG - [получить_поликлиники_в_районе] - Запрос страницы 2 для района Мещанский
2025-10-30 20:31:43,546 - DEBUG - [_new_conn] - Starting new HTTPS connection (1): catalog.api.2gis.com:443
2025-10-30 20:31:43,924 - DEBUG - [_make_request] - https://catalog.api.2gis.com:443 "GET /3.0/items?key=2e3b8ee1-dca8-47ab-99a0-bb8cfce53698&q=%D0%BF%D0%BE%D0%BB%D0%B8%D0%BA%D0%BB%D0%B8%D0%BD%D0%B8%D0%BA%D0%B0&district_id=4504209512726535&type=branch&page=2&page_size=10&fields=items.point%2Citems.name%2Citems.address_name%2Citems.reviews HTTP/1.1" 200 133
2025-10-30 20:31:43,925 - DEBUG - [получить_поликлиники_в_районе] - Статус ответа: 200
2025-10-30 20:31:43,925 - WARNING - [получить_поликлиники_в_районе] - На странице 2 нет данных в ожидаемом формате
2025-10-30 20:31:44,426 - DEBUG - [получить_поликлиники_в_районе] - Запрос страницы 3 для района Мещанский
2025-10-30 20:31:44,427 - DEBUG - [_new_conn] - Starting new HTTPS connection (1): catalog.api.2gis.com:443
2025-10-30 20:31:44,805 - DEBUG - [_make_request] - https://catalog.api.2gis.com:443 "GET /3.0/items?key=2e3b8ee1-dca8-47ab-99a0-bb8cfce53698&q=%D0%BF%D0%BE%D0%BB%D0%B8%D0%BA%D0%BB%D0%B8%D0%BD%D0%B8%D0%BA%D0%B0&district_id=4504209512726535&type=branch&page=3&page_size=10&fields=items.point%2Citems.name%2Citems.address_name%2Citems.reviews HTTP/1.1" 200 133
2025-10-30 20:31:44,806 - DEBUG - [получить_поликлиники_в_районе] - Статус ответа: 200
2025-10-30 20:31:44,806 - WARNING - [получить_поликлиники_в_районе] - На странице 3 нет данных в ожидаемом формате
2025-10-30 20:31:45,307 - DEBUG - [получить_поликлиники_в_районе] - Запрос страницы 4 для района Мещанский
2025-10-30 20:31:45,309 - DEBUG - [_new_conn] - Starting new HTTPS connection (1): catalog.api.2gis.com:443
2025-10-30 20:31:45,702 - DEBUG - [_make_request] - https://catalog.api.2gis.com:443 "GET /3.0/items?key=2e3b8ee1-dca8-47ab-99a0-bb8cfce53698&q=%D0%BF%D0%BE%D0%BB%D0%B8%D0%BA%D0%BB%D0%B8%D0%BD%D0%B8%D0%BA%D0%B0&district_id=4504209512726535&type=branch&page=4&page_size=10&fields=items.point%2Citems.name%2Citems.address_name%2Citems.reviews HTTP/1.1" 200 133
2025-10-30 20:31:45,703 - DEBUG - [получить_поликлиники_в_районе] - Статус ответа: 200
2025-10-30 20:31:45,703 - WARNING - [получить_поликлиники_в_районе] - На странице 4 нет данных в ожидаемом формате
2025-10-30 20:31:46,204 - DEBUG - [получить_поликлиники_в_районе] - Запрос страницы 5 для района Мещанский
2025-10-30 20:31:46,206 - DEBUG - [_new_conn] - Starting new HTTPS connection (1): catalog.api.2gis.com:443
2025-10-30 20:31:46,598 - DEBUG - [_make_request] - https://catalog.api.2gis.com:443 "GET /3.0/items?key=2e3b8ee1-dca8-47ab-99a0-bb8cfce53698&q=%D0%BF%D0%BE%D0%BB%D0%B8%D0%BA%D0%BB%D0%B8%D0%BD%D0%B8%D0%BA%D0%B0&district_id=4504209512726535&type=branch&page=5&page_size=10&fields=items.point%2Citems.name%2Citems.address_name%2Citems.reviews HTTP/1.1" 200 133
2025-10-30 20:31:46,599 - DEBUG - [получить_поликлиники_в_районе] - Статус ответа: 200
2025-10-30 20:31:46,599 - WARNING - [получить_поликлиники_в_районе] - На странице 5 нет данных в ожидаемом формате
2025-10-30 20:31:46,600 - INFO - [получить_поликлиники_в_районе] - Завершение сбора для района Мещанский. Найдено поликлиник: 9
2025-10-30 20:31:46,601 - INFO - [<cell line: 0>] - Район 'Мещанский' завершен. Поликлиник: 9
2025-10-30 20:31:47,603 - INFO - [<cell line: 0>] - [63/132] Обработка района: Митино
2025-10-30 20:31:47,604 - INFO - [получить_поликлиники_в_районе] - Начало сбора поликлиник для района: Митино (ID: 4504209512726645)
2025-10-30 20:31:47,605 - DEBUG - [получить_поликлиники_в_районе] - Запрос страницы 1 для района Митино
2025-10-30 20:31:47,606 - DEBUG - [_new_conn] - Starting new HTTPS connection (1): catalog.api.2gis.com:443
2025-10-30 20:31:47,992 - DEBUG - [_make_request] - https://catalog.api.2gis.com:443 "GET /3.0/items?key=2e3b8ee1-dca8-47ab-99a0-bb8cfce53698&q=%D0%BF%D0%BE%D0%BB%D0%B8%D0%BA%D0%BB%D0%B8%D0%BD%D0%B8%D0%BA%D0%B0&district_id=4504209512726645&type=branch&page=1&page_size=10&fields=items.point%2Citems.name%2Citems.address_name%2Citems.reviews HTTP/1.1" 200 None
2025-10-30 20:31:47,992 - DEBUG - [получить_поликлиники_в_районе] - Статус ответа: 200
2025-10-30 20:31:47,993 - INFO - [получить_поликлиники_в_районе] - Загружено 8 поликлиник со страницы 1
2025-10-30 20:31:48,494 - DEBUG - [получить_поликлиники_в_районе] - Запрос страницы 2 для района Митино
2025-10-30 20:31:48,495 - DEBUG - [_new_conn] - Starting new HTTPS connection (1): catalog.api.2gis.com:443
2025-10-30 20:31:48,871 - DEBUG - [_make_request] - https://catalog.api.2gis.com:443 "GET /3.0/items?key=2e3b8ee1-dca8-47ab-99a0-bb8cfce53698&q=%D0%BF%D0%BE%D0%BB%D0%B8%D0%BA%D0%BB%D0%B8%D0%BD%D0%B8%D0%BA%D0%B0&district_id=4504209512726645&type=branch&page=2&page_size=10&fields=items.point%2Citems.name%2Citems.address_name%2Citems.reviews HTTP/1.1" 200 133
2025-10-30 20:31:48,872 - DEBUG - [получить_поликлиники_в_районе] - Статус ответа: 200
2025-10-30 20:31:48,872 - WARNING - [получить_поликлиники_в_районе] - На странице 2 нет данных в ожидаемом формате
2025-10-30 20:31:49,373 - DEBUG - [получить_поликлиники_в_районе] - Запрос страницы 3 для района Митино
2025-10-30 20:31:49,374 - DEBUG - [_new_conn] - Starting new HTTPS connection (1): catalog.api.2gis.com:443
2025-10-30 20:31:49,769 - DEBUG - [_make_request] - https://catalog.api.2gis.com:443 "GET /3.0/items?key=2e3b8ee1-dca8-47ab-99a0-bb8cfce53698&q=%D0%BF%D0%BE%D0%BB%D0%B8%D0%BA%D0%BB%D0%B8%D0%BD%D0%B8%D0%BA%D0%B0&district_id=4504209512726645&type=branch&page=3&page_size=10&fields=items.point%2Citems.name%2Citems.address_name%2Citems.reviews HTTP/1.1" 200 133
2025-10-30 20:31:49,770 - DEBUG - [получить_поликлиники_в_районе] - Статус ответа: 200
2025-10-30 20:31:49,770 - WARNING - [получить_поликлиники_в_районе] - На странице 3 нет данных в ожидаемом формате
2025-10-30 20:31:50,271 - DEBUG - [получить_поликлиники_в_районе] - Запрос страницы 4 для района Митино
2025-10-30 20:31:50,272 - DEBUG - [_new_conn] - Starting new HTTPS connection (1): catalog.api.2gis.com:443
2025-10-30 20:31:50,656 - DEBUG - [_make_request] - https://catalog.api.2gis.com:443 "GET /3.0/items?key=2e3b8ee1-dca8-47ab-99a0-bb8cfce53698&q=%D0%BF%D0%BE%D0%BB%D0%B8%D0%BA%D0%BB%D0%B8%D0%BD%D0%B8%D0%BA%D0%B0&district_id=4504209512726645&type=branch&page=4&page_size=10&fields=items.point%2Citems.name%2Citems.address_name%2Citems.reviews HTTP/1.1" 200 133
2025-10-30 20:31:50,658 - DEBUG - [получить_поликлиники_в_районе] - Статус ответа: 200
2025-10-30 20:31:50,658 - WARNING - [получить_поликлиники_в_районе] - На странице 4 нет данных в ожидаемом формате
2025-10-30 20:31:51,162 - DEBUG - [получить_поликлиники_в_районе] - Запрос страницы 5 для района Митино
2025-10-30 20:31:51,163 - DEBUG - [_new_conn] - Starting new HTTPS connection (1): catalog.api.2gis.com:443
2025-10-30 20:31:51,539 - DEBUG - [_make_request] - https://catalog.api.2gis.com:443 "GET /3.0/items?key=2e3b8ee1-dca8-47ab-99a0-bb8cfce53698&q=%D0%BF%D0%BE%D0%BB%D0%B8%D0%BA%D0%BB%D0%B8%D0%BD%D0%B8%D0%BA%D0%B0&district_id=4504209512726645&type=branch&page=5&page_size=10&fields=items.point%2Citems.name%2Citems.address_name%2Citems.reviews HTTP/1.1" 200 133
2025-10-30 20:31:51,540 - DEBUG - [получить_поликлиники_в_районе] - Статус ответа: 200
2025-10-30 20:31:51,540 - WARNING - [получить_поликлиники_в_районе] - На странице 5 нет данных в ожидаемом формате
2025-10-30 20:31:51,541 - INFO - [получить_поликлиники_в_районе] - Завершение сбора для района Митино. Найдено поликлиник: 8
2025-10-30 20:31:51,542 - INFO - [<cell line: 0>] - Район 'Митино' завершен. Поликлиник: 8
2025-10-30 20:31:52,544 - INFO - [<cell line: 0>] - [64/132] Обработка района: Можайский
2025-10-30 20:31:52,545 - INFO - [получить_поликлиники_в_районе] - Начало сбора поликлиник для района: Можайский (ID: 4504209512726633)
2025-10-30 20:31:52,546 - DEBUG - [получить_поликлиники_в_районе] - Запрос страницы 1 для района Можайский
2025-10-30 20:31:52,548 - DEBUG - [_new_conn] - Starting new HTTPS connection (1): catalog.api.2gis.com:443
2025-10-30 20:31:52,934 - DEBUG - [_make_request] - https://catalog.api.2gis.com:443 "GET /3.0/items?key=2e3b8ee1-dca8-47ab-99a0-bb8cfce53698&q=%D0%BF%D0%BE%D0%BB%D0%B8%D0%BA%D0%BB%D0%B8%D0%BD%D0%B8%D0%BA%D0%B0&district_id=4504209512726633&type=branch&page=1&page_size=10&fields=items.point%2Citems.name%2Citems.address_name%2Citems.reviews HTTP/1.1" 200 None
2025-10-30 20:31:52,934 - DEBUG - [получить_поликлиники_в_районе] - Статус ответа: 200
2025-10-30 20:31:52,935 - INFO - [получить_поликлиники_в_районе] - Загружено 6 поликлиник со страницы 1
2025-10-30 20:31:53,436 - DEBUG - [получить_поликлиники_в_районе] - Запрос страницы 2 для района Можайский
2025-10-30 20:31:53,437 - DEBUG - [_new_conn] - Starting new HTTPS connection (1): catalog.api.2gis.com:443
2025-10-30 20:31:53,823 - DEBUG - [_make_request] - https://catalog.api.2gis.com:443 "GET /3.0/items?key=2e3b8ee1-dca8-47ab-99a0-bb8cfce53698&q=%D0%BF%D0%BE%D0%BB%D0%B8%D0%BA%D0%BB%D0%B8%D0%BD%D0%B8%D0%BA%D0%B0&district_id=4504209512726633&type=branch&page=2&page_size=10&fields=items.point%2Citems.name%2Citems.address_name%2Citems.reviews HTTP/1.1" 200 133
2025-10-30 20:31:53,824 - DEBUG - [получить_поликлиники_в_районе] - Статус ответа: 200
2025-10-30 20:31:53,825 - WARNING - [получить_поликлиники_в_районе] - На странице 2 нет данных в ожидаемом формате
2025-10-30 20:31:54,326 - DEBUG - [получить_поликлиники_в_районе] - Запрос страницы 3 для района Можайский
2025-10-30 20:31:54,327 - DEBUG - [_new_conn] - Starting new HTTPS connection (1): catalog.api.2gis.com:443
2025-10-30 20:31:54,706 - DEBUG - [_make_request] - https://catalog.api.2gis.com:443 "GET /3.0/items?key=2e3b8ee1-dca8-47ab-99a0-bb8cfce53698&q=%D0%BF%D0%BE%D0%BB%D0%B8%D0%BA%D0%BB%D0%B8%D0%BD%D0%B8%D0%BA%D0%B0&district_id=4504209512726633&type=branch&page=3&page_size=10&fields=items.point%2Citems.name%2Citems.address_name%2Citems.reviews HTTP/1.1" 200 133
2025-10-30 20:31:54,708 - DEBUG - [получить_поликлиники_в_районе] - Статус ответа: 200
2025-10-30 20:31:54,708 - WARNING - [получить_поликлиники_в_районе] - На странице 3 нет данных в ожидаемом формате
2025-10-30 20:31:55,209 - DEBUG - [получить_поликлиники_в_районе] - Запрос страницы 4 для района Можайский
2025-10-30 20:31:55,211 - DEBUG - [_new_conn] - Starting new HTTPS connection (1): catalog.api.2gis.com:443
2025-10-30 20:31:55,591 - DEBUG - [_make_request] - https://catalog.api.2gis.com:443 "GET /3.0/items?key=2e3b8ee1-dca8-47ab-99a0-bb8cfce53698&q=%D0%BF%D0%BE%D0%BB%D0%B8%D0%BA%D0%BB%D0%B8%D0%BD%D0%B8%D0%BA%D0%B0&district_id=4504209512726633&type=branch&page=4&page_size=10&fields=items.point%2Citems.name%2Citems.address_name%2Citems.reviews HTTP/1.1" 200 133
2025-10-30 20:31:55,592 - DEBUG - [получить_поликлиники_в_районе] - Статус ответа: 200
2025-10-30 20:31:55,592 - WARNING - [получить_поликлиники_в_районе] - На странице 4 нет данных в ожидаемом формате
2025-10-30 20:31:56,093 - DEBUG - [получить_поликлиники_в_районе] - Запрос страницы 5 для района Можайский
2025-10-30 20:31:56,094 - DEBUG - [_new_conn] - Starting new HTTPS connection (1): catalog.api.2gis.com:443
2025-10-30 20:31:56,482 - DEBUG - [_make_request] - https://catalog.api.2gis.com:443 "GET /3.0/items?key=2e3b8ee1-dca8-47ab-99a0-bb8cfce53698&q=%D0%BF%D0%BE%D0%BB%D0%B8%D0%BA%D0%BB%D0%B8%D0%BD%D0%B8%D0%BA%D0%B0&district_id=4504209512726633&type=branch&page=5&page_size=10&fields=items.point%2Citems.name%2Citems.address_name%2Citems.reviews HTTP/1.1" 200 133
2025-10-30 20:31:56,483 - DEBUG - [получить_поликлиники_в_районе] - Статус ответа: 200
2025-10-30 20:31:56,483 - WARNING - [получить_поликлиники_в_районе] - На странице 5 нет данных в ожидаемом формате
2025-10-30 20:31:56,484 - INFO - [получить_поликлиники_в_районе] - Завершение сбора для района Можайский. Найдено поликлиник: 6
2025-10-30 20:31:56,485 - INFO - [<cell line: 0>] - Район 'Можайский' завершен. Поликлиник: 6
2025-10-30 20:31:57,487 - INFO - [<cell line: 0>] - [65/132] Обработка района: Молжаниновский
2025-10-30 20:31:57,488 - INFO - [получить_поликлиники_в_районе] - Начало сбора поликлиник для района: Молжаниновский (ID: 4504209512726654)
2025-10-30 20:31:57,489 - DEBUG - [получить_поликлиники_в_районе] - Запрос страницы 1 для района Молжаниновский
2025-10-30 20:31:57,492 - DEBUG - [_new_conn] - Starting new HTTPS connection (1): catalog.api.2gis.com:443
2025-10-30 20:31:57,889 - DEBUG - [_make_request] - https://catalog.api.2gis.com:443 "GET /3.0/items?key=2e3b8ee1-dca8-47ab-99a0-bb8cfce53698&q=%D0%BF%D0%BE%D0%BB%D0%B8%D0%BA%D0%BB%D0%B8%D0%BD%D0%B8%D0%BA%D0%B0&district_id=4504209512726654&type=branch&page=1&page_size=10&fields=items.point%2Citems.name%2Citems.address_name%2Citems.reviews HTTP/1.1" 200 None
2025-10-30 20:31:57,889 - DEBUG - [получить_поликлиники_в_районе] - Статус ответа: 200
2025-10-30 20:31:57,890 - INFO - [получить_поликлиники_в_районе] - Загружено 3 поликлиник со страницы 1
2025-10-30 20:31:58,390 - DEBUG - [получить_поликлиники_в_районе] - Запрос страницы 2 для района Молжаниновский
2025-10-30 20:31:58,392 - DEBUG - [_new_conn] - Starting new HTTPS connection (1): catalog.api.2gis.com:443
2025-10-30 20:31:58,772 - DEBUG - [_make_request] - https://catalog.api.2gis.com:443 "GET /3.0/items?key=2e3b8ee1-dca8-47ab-99a0-bb8cfce53698&q=%D0%BF%D0%BE%D0%BB%D0%B8%D0%BA%D0%BB%D0%B8%D0%BD%D0%B8%D0%BA%D0%B0&district_id=4504209512726654&type=branch&page=2&page_size=10&fields=items.point%2Citems.name%2Citems.address_name%2Citems.reviews HTTP/1.1" 200 133
2025-10-30 20:31:58,773 - DEBUG - [получить_поликлиники_в_районе] - Статус ответа: 200
2025-10-30 20:31:58,773 - WARNING - [получить_поликлиники_в_районе] - На странице 2 нет данных в ожидаемом формате
2025-10-30 20:31:59,274 - DEBUG - [получить_поликлиники_в_районе] - Запрос страницы 3 для района Молжаниновский
2025-10-30 20:31:59,276 - DEBUG - [_new_conn] - Starting new HTTPS connection (1): catalog.api.2gis.com:443
2025-10-30 20:31:59,650 - DEBUG - [_make_request] - https://catalog.api.2gis.com:443 "GET /3.0/items?key=2e3b8ee1-dca8-47ab-99a0-bb8cfce53698&q=%D0%BF%D0%BE%D0%BB%D0%B8%D0%BA%D0%BB%D0%B8%D0%BD%D0%B8%D0%BA%D0%B0&district_id=4504209512726654&type=branch&page=3&page_size=10&fields=items.point%2Citems.name%2Citems.address_name%2Citems.reviews HTTP/1.1" 200 133
2025-10-30 20:31:59,651 - DEBUG - [получить_поликлиники_в_районе] - Статус ответа: 200
2025-10-30 20:31:59,651 - WARNING - [получить_поликлиники_в_районе] - На странице 3 нет данных в ожидаемом формате
2025-10-30 20:32:00,152 - DEBUG - [получить_поликлиники_в_районе] - Запрос страницы 4 для района Молжаниновский
2025-10-30 20:32:00,153 - DEBUG - [_new_conn] - Starting new HTTPS connection (1): catalog.api.2gis.com:443
2025-10-30 20:32:00,541 - DEBUG - [_make_request] - https://catalog.api.2gis.com:443 "GET /3.0/items?key=2e3b8ee1-dca8-47ab-99a0-bb8cfce53698&q=%D0%BF%D0%BE%D0%BB%D0%B8%D0%BA%D0%BB%D0%B8%D0%BD%D0%B8%D0%BA%D0%B0&district_id=4504209512726654&type=branch&page=4&page_size=10&fields=items.point%2Citems.name%2Citems.address_name%2Citems.reviews HTTP/1.1" 200 133
2025-10-30 20:32:00,542 - DEBUG - [получить_поликлиники_в_районе] - Статус ответа: 200
2025-10-30 20:32:00,542 - WARNING - [получить_поликлиники_в_районе] - На странице 4 нет данных в ожидаемом формате
2025-10-30 20:32:01,043 - DEBUG - [получить_поликлиники_в_районе] - Запрос страницы 5 для района Молжаниновский
2025-10-30 20:32:01,044 - DEBUG - [_new_conn] - Starting new HTTPS connection (1): catalog.api.2gis.com:443
2025-10-30 20:32:01,419 - DEBUG - [_make_request] - https://catalog.api.2gis.com:443 "GET /3.0/items?key=2e3b8ee1-dca8-47ab-99a0-bb8cfce53698&q=%D0%BF%D0%BE%D0%BB%D0%B8%D0%BA%D0%BB%D0%B8%D0%BD%D0%B8%D0%BA%D0%B0&district_id=4504209512726654&type=branch&page=5&page_size=10&fields=items.point%2Citems.name%2Citems.address_name%2Citems.reviews HTTP/1.1" 200 133
2025-10-30 20:32:01,420 - DEBUG - [получить_поликлиники_в_районе] - Статус ответа: 200
2025-10-30 20:32:01,420 - WARNING - [получить_поликлиники_в_районе] - На странице 5 нет данных в ожидаемом формате
2025-10-30 20:32:01,421 - INFO - [получить_поликлиники_в_районе] - Завершение сбора для района Молжаниновский. Найдено поликлиник: 3
2025-10-30 20:32:01,424 - INFO - [<cell line: 0>] - Район 'Молжаниновский' завершен. Поликлиник: 3
2025-10-30 20:32:02,425 - INFO - [<cell line: 0>] - [66/132] Обработка района: Москворечье-Сабурово
2025-10-30 20:32:02,427 - INFO - [получить_поликлиники_в_районе] - Начало сбора поликлиник для района: Москворечье-Сабурово (ID: 4504209512726607)
2025-10-30 20:32:02,428 - DEBUG - [получить_поликлиники_в_районе] - Запрос страницы 1 для района Москворечье-Сабурово
2025-10-30 20:32:02,430 - DEBUG - [_new_conn] - Starting new HTTPS connection (1): catalog.api.2gis.com:443
2025-10-30 20:32:02,807 - DEBUG - [_make_request] - https://catalog.api.2gis.com:443 "GET /3.0/items?key=2e3b8ee1-dca8-47ab-99a0-bb8cfce53698&q=%D0%BF%D0%BE%D0%BB%D0%B8%D0%BA%D0%BB%D0%B8%D0%BD%D0%B8%D0%BA%D0%B0&district_id=4504209512726607&type=branch&page=1&page_size=10&fields=items.point%2Citems.name%2Citems.address_name%2Citems.reviews HTTP/1.1" 200 None
2025-10-30 20:32:02,808 - DEBUG - [получить_поликлиники_в_районе] - Статус ответа: 200
2025-10-30 20:32:02,808 - INFO - [получить_поликлиники_в_районе] - Загружено 9 поликлиник со страницы 1
2025-10-30 20:32:03,309 - DEBUG - [получить_поликлиники_в_районе] - Запрос страницы 2 для района Москворечье-Сабурово
2025-10-30 20:32:03,310 - DEBUG - [_new_conn] - Starting new HTTPS connection (1): catalog.api.2gis.com:443
2025-10-30 20:32:03,707 - DEBUG - [_make_request] - https://catalog.api.2gis.com:443 "GET /3.0/items?key=2e3b8ee1-dca8-47ab-99a0-bb8cfce53698&q=%D0%BF%D0%BE%D0%BB%D0%B8%D0%BA%D0%BB%D0%B8%D0%BD%D0%B8%D0%BA%D0%B0&district_id=4504209512726607&type=branch&page=2&page_size=10&fields=items.point%2Citems.name%2Citems.address_name%2Citems.reviews HTTP/1.1" 200 133
2025-10-30 20:32:03,708 - DEBUG - [получить_поликлиники_в_районе] - Статус ответа: 200
2025-10-30 20:32:03,708 - WARNING - [получить_поликлиники_в_районе] - На странице 2 нет данных в ожидаемом формате
2025-10-30 20:32:04,209 - DEBUG - [получить_поликлиники_в_районе] - Запрос страницы 3 для района Москворечье-Сабурово
2025-10-30 20:32:04,211 - DEBUG - [_new_conn] - Starting new HTTPS connection (1): catalog.api.2gis.com:443
2025-10-30 20:32:04,608 - DEBUG - [_make_request] - https://catalog.api.2gis.com:443 "GET /3.0/items?key=2e3b8ee1-dca8-47ab-99a0-bb8cfce53698&q=%D0%BF%D0%BE%D0%BB%D0%B8%D0%BA%D0%BB%D0%B8%D0%BD%D0%B8%D0%BA%D0%B0&district_id=4504209512726607&type=branch&page=3&page_size=10&fields=items.point%2Citems.name%2Citems.address_name%2Citems.reviews HTTP/1.1" 200 133
2025-10-30 20:32:04,609 - DEBUG - [получить_поликлиники_в_районе] - Статус ответа: 200
2025-10-30 20:32:04,609 - WARNING - [получить_поликлиники_в_районе] - На странице 3 нет данных в ожидаемом формате
2025-10-30 20:32:05,110 - DEBUG - [получить_поликлиники_в_районе] - Запрос страницы 4 для района Москворечье-Сабурово
2025-10-30 20:32:05,111 - DEBUG - [_new_conn] - Starting new HTTPS connection (1): catalog.api.2gis.com:443
2025-10-30 20:32:05,500 - DEBUG - [_make_request] - https://catalog.api.2gis.com:443 "GET /3.0/items?key=2e3b8ee1-dca8-47ab-99a0-bb8cfce53698&q=%D0%BF%D0%BE%D0%BB%D0%B8%D0%BA%D0%BB%D0%B8%D0%BD%D0%B8%D0%BA%D0%B0&district_id=4504209512726607&type=branch&page=4&page_size=10&fields=items.point%2Citems.name%2Citems.address_name%2Citems.reviews HTTP/1.1" 200 133
2025-10-30 20:32:05,501 - DEBUG - [получить_поликлиники_в_районе] - Статус ответа: 200
2025-10-30 20:32:05,501 - WARNING - [получить_поликлиники_в_районе] - На странице 4 нет данных в ожидаемом формате
2025-10-30 20:32:06,003 - DEBUG - [получить_поликлиники_в_районе] - Запрос страницы 5 для района Москворечье-Сабурово
2025-10-30 20:32:06,004 - DEBUG - [_new_conn] - Starting new HTTPS connection (1): catalog.api.2gis.com:443
2025-10-30 20:32:06,383 - DEBUG - [_make_request] - https://catalog.api.2gis.com:443 "GET /3.0/items?key=2e3b8ee1-dca8-47ab-99a0-bb8cfce53698&q=%D0%BF%D0%BE%D0%BB%D0%B8%D0%BA%D0%BB%D0%B8%D0%BD%D0%B8%D0%BA%D0%B0&district_id=4504209512726607&type=branch&page=5&page_size=10&fields=items.point%2Citems.name%2Citems.address_name%2Citems.reviews HTTP/1.1" 200 133
2025-10-30 20:32:06,384 - DEBUG - [получить_поликлиники_в_районе] - Статус ответа: 200
2025-10-30 20:32:06,385 - WARNING - [получить_поликлиники_в_районе] - На странице 5 нет данных в ожидаемом формате
2025-10-30 20:32:06,386 - INFO - [получить_поликлиники_в_районе] - Завершение сбора для района Москворечье-Сабурово. Найдено поликлиник: 9
2025-10-30 20:32:06,387 - INFO - [<cell line: 0>] - Район 'Москворечье-Сабурово' завершен. Поликлиник: 9
2025-10-30 20:32:07,389 - INFO - [<cell line: 0>] - [67/132] Обработка района: Нагатино-Садовники
2025-10-30 20:32:07,390 - INFO - [получить_поликлиники_в_районе] - Начало сбора поликлиник для района: Нагатино-Садовники (ID: 4504209512726604)
2025-10-30 20:32:07,391 - DEBUG - [получить_поликлиники_в_районе] - Запрос страницы 1 для района Нагатино-Садовники
2025-10-30 20:32:07,393 - DEBUG - [_new_conn] - Starting new HTTPS connection (1): catalog.api.2gis.com:443
2025-10-30 20:32:07,775 - DEBUG - [_make_request] - https://catalog.api.2gis.com:443 "GET /3.0/items?key=2e3b8ee1-dca8-47ab-99a0-bb8cfce53698&q=%D0%BF%D0%BE%D0%BB%D0%B8%D0%BA%D0%BB%D0%B8%D0%BD%D0%B8%D0%BA%D0%B0&district_id=4504209512726604&type=branch&page=1&page_size=10&fields=items.point%2Citems.name%2Citems.address_name%2Citems.reviews HTTP/1.1" 200 None
2025-10-30 20:32:07,775 - DEBUG - [получить_поликлиники_в_районе] - Статус ответа: 200
2025-10-30 20:32:07,776 - INFO - [получить_поликлиники_в_районе] - Загружено 10 поликлиник со страницы 1
2025-10-30 20:32:08,276 - DEBUG - [получить_поликлиники_в_районе] - Запрос страницы 2 для района Нагатино-Садовники
2025-10-30 20:32:08,278 - DEBUG - [_new_conn] - Starting new HTTPS connection (1): catalog.api.2gis.com:443
2025-10-30 20:32:08,657 - DEBUG - [_make_request] - https://catalog.api.2gis.com:443 "GET /3.0/items?key=2e3b8ee1-dca8-47ab-99a0-bb8cfce53698&q=%D0%BF%D0%BE%D0%BB%D0%B8%D0%BA%D0%BB%D0%B8%D0%BD%D0%B8%D0%BA%D0%B0&district_id=4504209512726604&type=branch&page=2&page_size=10&fields=items.point%2Citems.name%2Citems.address_name%2Citems.reviews HTTP/1.1" 200 133
2025-10-30 20:32:08,659 - DEBUG - [получить_поликлиники_в_районе] - Статус ответа: 200
2025-10-30 20:32:08,659 - WARNING - [получить_поликлиники_в_районе] - На странице 2 нет данных в ожидаемом формате
2025-10-30 20:32:09,160 - DEBUG - [получить_поликлиники_в_районе] - Запрос страницы 3 для района Нагатино-Садовники
2025-10-30 20:32:09,161 - DEBUG - [_new_conn] - Starting new HTTPS connection (1): catalog.api.2gis.com:443
2025-10-30 20:32:09,631 - DEBUG - [_make_request] - https://catalog.api.2gis.com:443 "GET /3.0/items?key=2e3b8ee1-dca8-47ab-99a0-bb8cfce53698&q=%D0%BF%D0%BE%D0%BB%D0%B8%D0%BA%D0%BB%D0%B8%D0%BD%D0%B8%D0%BA%D0%B0&district_id=4504209512726604&type=branch&page=3&page_size=10&fields=items.point%2Citems.name%2Citems.address_name%2Citems.reviews HTTP/1.1" 200 133
2025-10-30 20:32:09,632 - DEBUG - [получить_поликлиники_в_районе] - Статус ответа: 200
2025-10-30 20:32:09,632 - WARNING - [получить_поликлиники_в_районе] - На странице 3 нет данных в ожидаемом формате
2025-10-30 20:32:10,133 - DEBUG - [получить_поликлиники_в_районе] - Запрос страницы 4 для района Нагатино-Садовники
2025-10-30 20:32:10,134 - DEBUG - [_new_conn] - Starting new HTTPS connection (1): catalog.api.2gis.com:443
2025-10-30 20:32:10,510 - DEBUG - [_make_request] - https://catalog.api.2gis.com:443 "GET /3.0/items?key=2e3b8ee1-dca8-47ab-99a0-bb8cfce53698&q=%D0%BF%D0%BE%D0%BB%D0%B8%D0%BA%D0%BB%D0%B8%D0%BD%D0%B8%D0%BA%D0%B0&district_id=4504209512726604&type=branch&page=4&page_size=10&fields=items.point%2Citems.name%2Citems.address_name%2Citems.reviews HTTP/1.1" 200 133
2025-10-30 20:32:10,511 - DEBUG - [получить_поликлиники_в_районе] - Статус ответа: 200
2025-10-30 20:32:10,511 - WARNING - [получить_поликлиники_в_районе] - На странице 4 нет данных в ожидаемом формате
2025-10-30 20:32:11,012 - DEBUG - [получить_поликлиники_в_районе] - Запрос страницы 5 для района Нагатино-Садовники
2025-10-30 20:32:11,013 - DEBUG - [_new_conn] - Starting new HTTPS connection (1): catalog.api.2gis.com:443
2025-10-30 20:32:11,524 - DEBUG - [_make_request] - https://catalog.api.2gis.com:443 "GET /3.0/items?key=2e3b8ee1-dca8-47ab-99a0-bb8cfce53698&q=%D0%BF%D0%BE%D0%BB%D0%B8%D0%BA%D0%BB%D0%B8%D0%BD%D0%B8%D0%BA%D0%B0&district_id=4504209512726604&type=branch&page=5&page_size=10&fields=items.point%2Citems.name%2Citems.address_name%2Citems.reviews HTTP/1.1" 200 133
2025-10-30 20:32:11,525 - DEBUG - [получить_поликлиники_в_районе] - Статус ответа: 200
2025-10-30 20:32:11,526 - WARNING - [получить_поликлиники_в_районе] - На странице 5 нет данных в ожидаемом формате
2025-10-30 20:32:11,526 - INFO - [получить_поликлиники_в_районе] - Завершение сбора для района Нагатино-Садовники. Найдено поликлиник: 10
2025-10-30 20:32:11,529 - INFO - [<cell line: 0>] - Район 'Нагатино-Садовники' завершен. Поликлиник: 10
2025-10-30 20:32:12,531 - INFO - [<cell line: 0>] - [68/132] Обработка района: Нагатинский Затон
2025-10-30 20:32:12,532 - INFO - [получить_поликлиники_в_районе] - Начало сбора поликлиник для района: Нагатинский Затон (ID: 4504209512726603)
2025-10-30 20:32:12,533 - DEBUG - [получить_поликлиники_в_районе] - Запрос страницы 1 для района Нагатинский Затон
2025-10-30 20:32:12,535 - DEBUG - [_new_conn] - Starting new HTTPS connection (1): catalog.api.2gis.com:443
2025-10-30 20:32:12,929 - DEBUG - [_make_request] - https://catalog.api.2gis.com:443 "GET /3.0/items?key=2e3b8ee1-dca8-47ab-99a0-bb8cfce53698&q=%D0%BF%D0%BE%D0%BB%D0%B8%D0%BA%D0%BB%D0%B8%D0%BD%D0%B8%D0%BA%D0%B0&district_id=4504209512726603&type=branch&page=1&page_size=10&fields=items.point%2Citems.name%2Citems.address_name%2Citems.reviews HTTP/1.1" 200 None
2025-10-30 20:32:12,930 - DEBUG - [получить_поликлиники_в_районе] - Статус ответа: 200
2025-10-30 20:32:12,930 - INFO - [получить_поликлиники_в_районе] - Загружено 4 поликлиник со страницы 1
2025-10-30 20:32:13,431 - DEBUG - [получить_поликлиники_в_районе] - Запрос страницы 2 для района Нагатинский Затон
2025-10-30 20:32:13,432 - DEBUG - [_new_conn] - Starting new HTTPS connection (1): catalog.api.2gis.com:443
2025-10-30 20:32:13,811 - DEBUG - [_make_request] - https://catalog.api.2gis.com:443 "GET /3.0/items?key=2e3b8ee1-dca8-47ab-99a0-bb8cfce53698&q=%D0%BF%D0%BE%D0%BB%D0%B8%D0%BA%D0%BB%D0%B8%D0%BD%D0%B8%D0%BA%D0%B0&district_id=4504209512726603&type=branch&page=2&page_size=10&fields=items.point%2Citems.name%2Citems.address_name%2Citems.reviews HTTP/1.1" 200 133
2025-10-30 20:32:13,812 - DEBUG - [получить_поликлиники_в_районе] - Статус ответа: 200
2025-10-30 20:32:13,812 - WARNING - [получить_поликлиники_в_районе] - На странице 2 нет данных в ожидаемом формате
2025-10-30 20:32:14,313 - DEBUG - [получить_поликлиники_в_районе] - Запрос страницы 3 для района Нагатинский Затон
2025-10-30 20:32:14,314 - DEBUG - [_new_conn] - Starting new HTTPS connection (1): catalog.api.2gis.com:443
2025-10-30 20:32:14,696 - DEBUG - [_make_request] - https://catalog.api.2gis.com:443 "GET /3.0/items?key=2e3b8ee1-dca8-47ab-99a0-bb8cfce53698&q=%D0%BF%D0%BE%D0%BB%D0%B8%D0%BA%D0%BB%D0%B8%D0%BD%D0%B8%D0%BA%D0%B0&district_id=4504209512726603&type=branch&page=3&page_size=10&fields=items.point%2Citems.name%2Citems.address_name%2Citems.reviews HTTP/1.1" 200 133
2025-10-30 20:32:14,697 - DEBUG - [получить_поликлиники_в_районе] - Статус ответа: 200
2025-10-30 20:32:14,698 - WARNING - [получить_поликлиники_в_районе] - На странице 3 нет данных в ожидаемом формате
2025-10-30 20:32:15,198 - DEBUG - [получить_поликлиники_в_районе] - Запрос страницы 4 для района Нагатинский Затон
2025-10-30 20:32:15,200 - DEBUG - [_new_conn] - Starting new HTTPS connection (1): catalog.api.2gis.com:443
2025-10-30 20:32:15,586 - DEBUG - [_make_request] - https://catalog.api.2gis.com:443 "GET /3.0/items?key=2e3b8ee1-dca8-47ab-99a0-bb8cfce53698&q=%D0%BF%D0%BE%D0%BB%D0%B8%D0%BA%D0%BB%D0%B8%D0%BD%D0%B8%D0%BA%D0%B0&district_id=4504209512726603&type=branch&page=4&page_size=10&fields=items.point%2Citems.name%2Citems.address_name%2Citems.reviews HTTP/1.1" 200 133
2025-10-30 20:32:15,587 - DEBUG - [получить_поликлиники_в_районе] - Статус ответа: 200
2025-10-30 20:32:15,587 - WARNING - [получить_поликлиники_в_районе] - На странице 4 нет данных в ожидаемом формате
2025-10-30 20:32:16,088 - DEBUG - [получить_поликлиники_в_районе] - Запрос страницы 5 для района Нагатинский Затон
2025-10-30 20:32:16,089 - DEBUG - [_new_conn] - Starting new HTTPS connection (1): catalog.api.2gis.com:443
2025-10-30 20:32:16,465 - DEBUG - [_make_request] - https://catalog.api.2gis.com:443 "GET /3.0/items?key=2e3b8ee1-dca8-47ab-99a0-bb8cfce53698&q=%D0%BF%D0%BE%D0%BB%D0%B8%D0%BA%D0%BB%D0%B8%D0%BD%D0%B8%D0%BA%D0%B0&district_id=4504209512726603&type=branch&page=5&page_size=10&fields=items.point%2Citems.name%2Citems.address_name%2Citems.reviews HTTP/1.1" 200 133
2025-10-30 20:32:16,466 - DEBUG - [получить_поликлиники_в_районе] - Статус ответа: 200
2025-10-30 20:32:16,467 - WARNING - [получить_поликлиники_в_районе] - На странице 5 нет данных в ожидаемом формате
2025-10-30 20:32:16,467 - INFO - [получить_поликлиники_в_районе] - Завершение сбора для района Нагатинский Затон. Найдено поликлиник: 4
2025-10-30 20:32:16,470 - INFO - [<cell line: 0>] - Район 'Нагатинский Затон' завершен. Поликлиник: 4
2025-10-30 20:32:17,471 - INFO - [<cell line: 0>] - [69/132] Обработка района: Нагорный
2025-10-30 20:32:17,473 - INFO - [получить_поликлиники_в_районе] - Начало сбора поликлиник для района: Нагорный (ID: 4504209512726606)
2025-10-30 20:32:17,474 - DEBUG - [получить_поликлиники_в_районе] - Запрос страницы 1 для района Нагорный
2025-10-30 20:32:17,476 - DEBUG - [_new_conn] - Starting new HTTPS connection (1): catalog.api.2gis.com:443
2025-10-30 20:32:17,860 - DEBUG - [_make_request] - https://catalog.api.2gis.com:443 "GET /3.0/items?key=2e3b8ee1-dca8-47ab-99a0-bb8cfce53698&q=%D0%BF%D0%BE%D0%BB%D0%B8%D0%BA%D0%BB%D0%B8%D0%BD%D0%B8%D0%BA%D0%B0&district_id=4504209512726606&type=branch&page=1&page_size=10&fields=items.point%2Citems.name%2Citems.address_name%2Citems.reviews HTTP/1.1" 200 None
2025-10-30 20:32:17,861 - DEBUG - [получить_поликлиники_в_районе] - Статус ответа: 200
2025-10-30 20:32:17,862 - INFO - [получить_поликлиники_в_районе] - Загружено 6 поликлиник со страницы 1
2025-10-30 20:32:18,363 - DEBUG - [получить_поликлиники_в_районе] - Запрос страницы 2 для района Нагорный
2025-10-30 20:32:18,365 - DEBUG - [_new_conn] - Starting new HTTPS connection (1): catalog.api.2gis.com:443
2025-10-30 20:32:18,748 - DEBUG - [_make_request] - https://catalog.api.2gis.com:443 "GET /3.0/items?key=2e3b8ee1-dca8-47ab-99a0-bb8cfce53698&q=%D0%BF%D0%BE%D0%BB%D0%B8%D0%BA%D0%BB%D0%B8%D0%BD%D0%B8%D0%BA%D0%B0&district_id=4504209512726606&type=branch&page=2&page_size=10&fields=items.point%2Citems.name%2Citems.address_name%2Citems.reviews HTTP/1.1" 200 133
2025-10-30 20:32:18,749 - DEBUG - [получить_поликлиники_в_районе] - Статус ответа: 200
2025-10-30 20:32:18,750 - WARNING - [получить_поликлиники_в_районе] - На странице 2 нет данных в ожидаемом формате
2025-10-30 20:32:19,251 - DEBUG - [получить_поликлиники_в_районе] - Запрос страницы 3 для района Нагорный
2025-10-30 20:32:19,253 - DEBUG - [_new_conn] - Starting new HTTPS connection (1): catalog.api.2gis.com:443
2025-10-30 20:32:19,628 - DEBUG - [_make_request] - https://catalog.api.2gis.com:443 "GET /3.0/items?key=2e3b8ee1-dca8-47ab-99a0-bb8cfce53698&q=%D0%BF%D0%BE%D0%BB%D0%B8%D0%BA%D0%BB%D0%B8%D0%BD%D0%B8%D0%BA%D0%B0&district_id=4504209512726606&type=branch&page=3&page_size=10&fields=items.point%2Citems.name%2Citems.address_name%2Citems.reviews HTTP/1.1" 200 133
2025-10-30 20:32:19,629 - DEBUG - [получить_поликлиники_в_районе] - Статус ответа: 200
2025-10-30 20:32:19,629 - WARNING - [получить_поликлиники_в_районе] - На странице 3 нет данных в ожидаемом формате
2025-10-30 20:32:20,130 - DEBUG - [получить_поликлиники_в_районе] - Запрос страницы 4 для района Нагорный
2025-10-30 20:32:20,131 - DEBUG - [_new_conn] - Starting new HTTPS connection (1): catalog.api.2gis.com:443
2025-10-30 20:32:20,509 - DEBUG - [_make_request] - https://catalog.api.2gis.com:443 "GET /3.0/items?key=2e3b8ee1-dca8-47ab-99a0-bb8cfce53698&q=%D0%BF%D0%BE%D0%BB%D0%B8%D0%BA%D0%BB%D0%B8%D0%BD%D0%B8%D0%BA%D0%B0&district_id=4504209512726606&type=branch&page=4&page_size=10&fields=items.point%2Citems.name%2Citems.address_name%2Citems.reviews HTTP/1.1" 200 133
2025-10-30 20:32:20,510 - DEBUG - [получить_поликлиники_в_районе] - Статус ответа: 200
2025-10-30 20:32:20,510 - WARNING - [получить_поликлиники_в_районе] - На странице 4 нет данных в ожидаемом формате
2025-10-30 20:32:21,011 - DEBUG - [получить_поликлиники_в_районе] - Запрос страницы 5 для района Нагорный
2025-10-30 20:32:21,012 - DEBUG - [_new_conn] - Starting new HTTPS connection (1): catalog.api.2gis.com:443
2025-10-30 20:32:21,389 - DEBUG - [_make_request] - https://catalog.api.2gis.com:443 "GET /3.0/items?key=2e3b8ee1-dca8-47ab-99a0-bb8cfce53698&q=%D0%BF%D0%BE%D0%BB%D0%B8%D0%BA%D0%BB%D0%B8%D0%BD%D0%B8%D0%BA%D0%B0&district_id=4504209512726606&type=branch&page=5&page_size=10&fields=items.point%2Citems.name%2Citems.address_name%2Citems.reviews HTTP/1.1" 200 133
2025-10-30 20:32:21,390 - DEBUG - [получить_поликлиники_в_районе] - Статус ответа: 200
2025-10-30 20:32:21,390 - WARNING - [получить_поликлиники_в_районе] - На странице 5 нет данных в ожидаемом формате
2025-10-30 20:32:21,391 - INFO - [получить_поликлиники_в_районе] - Завершение сбора для района Нагорный. Найдено поликлиник: 6
2025-10-30 20:32:21,392 - INFO - [<cell line: 0>] - Район 'Нагорный' завершен. Поликлиник: 6
2025-10-30 20:32:22,393 - INFO - [<cell line: 0>] - [70/132] Обработка района: Некрасовка
2025-10-30 20:32:22,394 - INFO - [получить_поликлиники_в_районе] - Начало сбора поликлиник для района: Некрасовка (ID: 4504209512726599)
2025-10-30 20:32:22,396 - DEBUG - [получить_поликлиники_в_районе] - Запрос страницы 1 для района Некрасовка
2025-10-30 20:32:22,398 - DEBUG - [_new_conn] - Starting new HTTPS connection (1): catalog.api.2gis.com:443
2025-10-30 20:32:22,790 - DEBUG - [_make_request] - https://catalog.api.2gis.com:443 "GET /3.0/items?key=2e3b8ee1-dca8-47ab-99a0-bb8cfce53698&q=%D0%BF%D0%BE%D0%BB%D0%B8%D0%BA%D0%BB%D0%B8%D0%BD%D0%B8%D0%BA%D0%B0&district_id=4504209512726599&type=branch&page=1&page_size=10&fields=items.point%2Citems.name%2Citems.address_name%2Citems.reviews HTTP/1.1" 200 None
2025-10-30 20:32:22,791 - DEBUG - [получить_поликлиники_в_районе] - Статус ответа: 200
2025-10-30 20:32:22,791 - INFO - [получить_поликлиники_в_районе] - Загружено 10 поликлиник со страницы 1
2025-10-30 20:32:23,292 - DEBUG - [получить_поликлиники_в_районе] - Запрос страницы 2 для района Некрасовка
2025-10-30 20:32:23,293 - DEBUG - [_new_conn] - Starting new HTTPS connection (1): catalog.api.2gis.com:443
2025-10-30 20:32:23,687 - DEBUG - [_make_request] - https://catalog.api.2gis.com:443 "GET /3.0/items?key=2e3b8ee1-dca8-47ab-99a0-bb8cfce53698&q=%D0%BF%D0%BE%D0%BB%D0%B8%D0%BA%D0%BB%D0%B8%D0%BD%D0%B8%D0%BA%D0%B0&district_id=4504209512726599&type=branch&page=2&page_size=10&fields=items.point%2Citems.name%2Citems.address_name%2Citems.reviews HTTP/1.1" 200 133
2025-10-30 20:32:23,688 - DEBUG - [получить_поликлиники_в_районе] - Статус ответа: 200
2025-10-30 20:32:23,688 - WARNING - [получить_поликлиники_в_районе] - На странице 2 нет данных в ожидаемом формате
2025-10-30 20:32:24,190 - DEBUG - [получить_поликлиники_в_районе] - Запрос страницы 3 для района Некрасовка
2025-10-30 20:32:24,191 - DEBUG - [_new_conn] - Starting new HTTPS connection (1): catalog.api.2gis.com:443
2025-10-30 20:32:24,578 - DEBUG - [_make_request] - https://catalog.api.2gis.com:443 "GET /3.0/items?key=2e3b8ee1-dca8-47ab-99a0-bb8cfce53698&q=%D0%BF%D0%BE%D0%BB%D0%B8%D0%BA%D0%BB%D0%B8%D0%BD%D0%B8%D0%BA%D0%B0&district_id=4504209512726599&type=branch&page=3&page_size=10&fields=items.point%2Citems.name%2Citems.address_name%2Citems.reviews HTTP/1.1" 200 133
2025-10-30 20:32:24,579 - DEBUG - [получить_поликлиники_в_районе] - Статус ответа: 200
2025-10-30 20:32:24,579 - WARNING - [получить_поликлиники_в_районе] - На странице 3 нет данных в ожидаемом формате
2025-10-30 20:32:25,080 - DEBUG - [получить_поликлиники_в_районе] - Запрос страницы 4 для района Некрасовка
2025-10-30 20:32:25,082 - DEBUG - [_new_conn] - Starting new HTTPS connection (1): catalog.api.2gis.com:443
2025-10-30 20:32:25,461 - DEBUG - [_make_request] - https://catalog.api.2gis.com:443 "GET /3.0/items?key=2e3b8ee1-dca8-47ab-99a0-bb8cfce53698&q=%D0%BF%D0%BE%D0%BB%D0%B8%D0%BA%D0%BB%D0%B8%D0%BD%D0%B8%D0%BA%D0%B0&district_id=4504209512726599&type=branch&page=4&page_size=10&fields=items.point%2Citems.name%2Citems.address_name%2Citems.reviews HTTP/1.1" 200 133
2025-10-30 20:32:25,462 - DEBUG - [получить_поликлиники_в_районе] - Статус ответа: 200
2025-10-30 20:32:25,462 - WARNING - [получить_поликлиники_в_районе] - На странице 4 нет данных в ожидаемом формате
2025-10-30 20:32:25,963 - DEBUG - [получить_поликлиники_в_районе] - Запрос страницы 5 для района Некрасовка
2025-10-30 20:32:25,964 - DEBUG - [_new_conn] - Starting new HTTPS connection (1): catalog.api.2gis.com:443
2025-10-30 20:32:26,342 - DEBUG - [_make_request] - https://catalog.api.2gis.com:443 "GET /3.0/items?key=2e3b8ee1-dca8-47ab-99a0-bb8cfce53698&q=%D0%BF%D0%BE%D0%BB%D0%B8%D0%BA%D0%BB%D0%B8%D0%BD%D0%B8%D0%BA%D0%B0&district_id=4504209512726599&type=branch&page=5&page_size=10&fields=items.point%2Citems.name%2Citems.address_name%2Citems.reviews HTTP/1.1" 200 133
2025-10-30 20:32:26,343 - DEBUG - [получить_поликлиники_в_районе] - Статус ответа: 200
2025-10-30 20:32:26,343 - WARNING - [получить_поликлиники_в_районе] - На странице 5 нет данных в ожидаемом формате
2025-10-30 20:32:26,344 - INFO - [получить_поликлиники_в_районе] - Завершение сбора для района Некрасовка. Найдено поликлиник: 10
2025-10-30 20:32:26,347 - INFO - [<cell line: 0>] - Район 'Некрасовка' завершен. Поликлиник: 10
2025-10-30 20:32:27,348 - INFO - [<cell line: 0>] - [71/132] Обработка района: Нижегородский
2025-10-30 20:32:27,348 - INFO - [получить_поликлиники_в_районе] - Начало сбора поликлиник для района: Нижегородский (ID: 4504209512726591)
2025-10-30 20:32:27,350 - DEBUG - [получить_поликлиники_в_районе] - Запрос страницы 1 для района Нижегородский
2025-10-30 20:32:27,352 - DEBUG - [_new_conn] - Starting new HTTPS connection (1): catalog.api.2gis.com:443
2025-10-30 20:32:27,747 - DEBUG - [_make_request] - https://catalog.api.2gis.com:443 "GET /3.0/items?key=2e3b8ee1-dca8-47ab-99a0-bb8cfce53698&q=%D0%BF%D0%BE%D0%BB%D0%B8%D0%BA%D0%BB%D0%B8%D0%BD%D0%B8%D0%BA%D0%B0&district_id=4504209512726591&type=branch&page=1&page_size=10&fields=items.point%2Citems.name%2Citems.address_name%2Citems.reviews HTTP/1.1" 200 None
2025-10-30 20:32:27,748 - DEBUG - [получить_поликлиники_в_районе] - Статус ответа: 200
2025-10-30 20:32:27,748 - INFO - [получить_поликлиники_в_районе] - Загружено 6 поликлиник со страницы 1
2025-10-30 20:32:28,249 - DEBUG - [получить_поликлиники_в_районе] - Запрос страницы 2 для района Нижегородский
2025-10-30 20:32:28,250 - DEBUG - [_new_conn] - Starting new HTTPS connection (1): catalog.api.2gis.com:443
2025-10-30 20:32:28,628 - DEBUG - [_make_request] - https://catalog.api.2gis.com:443 "GET /3.0/items?key=2e3b8ee1-dca8-47ab-99a0-bb8cfce53698&q=%D0%BF%D0%BE%D0%BB%D0%B8%D0%BA%D0%BB%D0%B8%D0%BD%D0%B8%D0%BA%D0%B0&district_id=4504209512726591&type=branch&page=2&page_size=10&fields=items.point%2Citems.name%2Citems.address_name%2Citems.reviews HTTP/1.1" 200 133
2025-10-30 20:32:28,629 - DEBUG - [получить_поликлиники_в_районе] - Статус ответа: 200
2025-10-30 20:32:28,629 - WARNING - [получить_поликлиники_в_районе] - На странице 2 нет данных в ожидаемом формате
2025-10-30 20:32:29,130 - DEBUG - [получить_поликлиники_в_районе] - Запрос страницы 3 для района Нижегородский
2025-10-30 20:32:29,131 - DEBUG - [_new_conn] - Starting new HTTPS connection (1): catalog.api.2gis.com:443
2025-10-30 20:32:29,511 - DEBUG - [_make_request] - https://catalog.api.2gis.com:443 "GET /3.0/items?key=2e3b8ee1-dca8-47ab-99a0-bb8cfce53698&q=%D0%BF%D0%BE%D0%BB%D0%B8%D0%BA%D0%BB%D0%B8%D0%BD%D0%B8%D0%BA%D0%B0&district_id=4504209512726591&type=branch&page=3&page_size=10&fields=items.point%2Citems.name%2Citems.address_name%2Citems.reviews HTTP/1.1" 200 133
2025-10-30 20:32:29,512 - DEBUG - [получить_поликлиники_в_районе] - Статус ответа: 200
2025-10-30 20:32:29,512 - WARNING - [получить_поликлиники_в_районе] - На странице 3 нет данных в ожидаемом формате
2025-10-30 20:32:30,013 - DEBUG - [получить_поликлиники_в_районе] - Запрос страницы 4 для района Нижегородский
2025-10-30 20:32:30,015 - DEBUG - [_new_conn] - Starting new HTTPS connection (1): catalog.api.2gis.com:443
2025-10-30 20:32:30,397 - DEBUG - [_make_request] - https://catalog.api.2gis.com:443 "GET /3.0/items?key=2e3b8ee1-dca8-47ab-99a0-bb8cfce53698&q=%D0%BF%D0%BE%D0%BB%D0%B8%D0%BA%D0%BB%D0%B8%D0%BD%D0%B8%D0%BA%D0%B0&district_id=4504209512726591&type=branch&page=4&page_size=10&fields=items.point%2Citems.name%2Citems.address_name%2Citems.reviews HTTP/1.1" 200 133
2025-10-30 20:32:30,398 - DEBUG - [получить_поликлиники_в_районе] - Статус ответа: 200
2025-10-30 20:32:30,398 - WARNING - [получить_поликлиники_в_районе] - На странице 4 нет данных в ожидаемом формате
2025-10-30 20:32:30,899 - DEBUG - [получить_поликлиники_в_районе] - Запрос страницы 5 для района Нижегородский
2025-10-30 20:32:30,901 - DEBUG - [_new_conn] - Starting new HTTPS connection (1): catalog.api.2gis.com:443
2025-10-30 20:32:31,297 - DEBUG - [_make_request] - https://catalog.api.2gis.com:443 "GET /3.0/items?key=2e3b8ee1-dca8-47ab-99a0-bb8cfce53698&q=%D0%BF%D0%BE%D0%BB%D0%B8%D0%BA%D0%BB%D0%B8%D0%BD%D0%B8%D0%BA%D0%B0&district_id=4504209512726591&type=branch&page=5&page_size=10&fields=items.point%2Citems.name%2Citems.address_name%2Citems.reviews HTTP/1.1" 200 133
2025-10-30 20:32:31,298 - DEBUG - [получить_поликлиники_в_районе] - Статус ответа: 200
2025-10-30 20:32:31,298 - WARNING - [получить_поликлиники_в_районе] - На странице 5 нет данных в ожидаемом формате
2025-10-30 20:32:31,298 - INFO - [получить_поликлиники_в_районе] - Завершение сбора для района Нижегородский. Найдено поликлиник: 6
2025-10-30 20:32:31,300 - INFO - [<cell line: 0>] - Район 'Нижегородский' завершен. Поликлиник: 6
2025-10-30 20:32:32,301 - INFO - [<cell line: 0>] - [72/132] Обработка района: Новогиреево
2025-10-30 20:32:32,302 - INFO - [получить_поликлиники_в_районе] - Начало сбора поликлиник для района: Новогиреево (ID: 4504209512726580)
2025-10-30 20:32:32,303 - DEBUG - [получить_поликлиники_в_районе] - Запрос страницы 1 для района Новогиреево
2025-10-30 20:32:32,305 - DEBUG - [_new_conn] - Starting new HTTPS connection (1): catalog.api.2gis.com:443
2025-10-30 20:32:32,689 - DEBUG - [_make_request] - https://catalog.api.2gis.com:443 "GET /3.0/items?key=2e3b8ee1-dca8-47ab-99a0-bb8cfce53698&q=%D0%BF%D0%BE%D0%BB%D0%B8%D0%BA%D0%BB%D0%B8%D0%BD%D0%B8%D0%BA%D0%B0&district_id=4504209512726580&type=branch&page=1&page_size=10&fields=items.point%2Citems.name%2Citems.address_name%2Citems.reviews HTTP/1.1" 200 None
2025-10-30 20:32:32,690 - DEBUG - [получить_поликлиники_в_районе] - Статус ответа: 200
2025-10-30 20:32:32,690 - INFO - [получить_поликлиники_в_районе] - Загружено 6 поликлиник со страницы 1
2025-10-30 20:32:33,191 - DEBUG - [получить_поликлиники_в_районе] - Запрос страницы 2 для района Новогиреево
2025-10-30 20:32:33,192 - DEBUG - [_new_conn] - Starting new HTTPS connection (1): catalog.api.2gis.com:443
2025-10-30 20:32:33,579 - DEBUG - [_make_request] - https://catalog.api.2gis.com:443 "GET /3.0/items?key=2e3b8ee1-dca8-47ab-99a0-bb8cfce53698&q=%D0%BF%D0%BE%D0%BB%D0%B8%D0%BA%D0%BB%D0%B8%D0%BD%D0%B8%D0%BA%D0%B0&district_id=4504209512726580&type=branch&page=2&page_size=10&fields=items.point%2Citems.name%2Citems.address_name%2Citems.reviews HTTP/1.1" 200 133
2025-10-30 20:32:33,580 - DEBUG - [получить_поликлиники_в_районе] - Статус ответа: 200
2025-10-30 20:32:33,580 - WARNING - [получить_поликлиники_в_районе] - На странице 2 нет данных в ожидаемом формате
2025-10-30 20:32:34,081 - DEBUG - [получить_поликлиники_в_районе] - Запрос страницы 3 для района Новогиреево
2025-10-30 20:32:34,082 - DEBUG - [_new_conn] - Starting new HTTPS connection (1): catalog.api.2gis.com:443
2025-10-30 20:32:34,473 - DEBUG - [_make_request] - https://catalog.api.2gis.com:443 "GET /3.0/items?key=2e3b8ee1-dca8-47ab-99a0-bb8cfce53698&q=%D0%BF%D0%BE%D0%BB%D0%B8%D0%BA%D0%BB%D0%B8%D0%BD%D0%B8%D0%BA%D0%B0&district_id=4504209512726580&type=branch&page=3&page_size=10&fields=items.point%2Citems.name%2Citems.address_name%2Citems.reviews HTTP/1.1" 200 133
2025-10-30 20:32:34,474 - DEBUG - [получить_поликлиники_в_районе] - Статус ответа: 200
2025-10-30 20:32:34,474 - WARNING - [получить_поликлиники_в_районе] - На странице 3 нет данных в ожидаемом формате
2025-10-30 20:32:34,975 - DEBUG - [получить_поликлиники_в_районе] - Запрос страницы 4 для района Новогиреево
2025-10-30 20:32:34,976 - DEBUG - [_new_conn] - Starting new HTTPS connection (1): catalog.api.2gis.com:443
2025-10-30 20:32:35,371 - DEBUG - [_make_request] - https://catalog.api.2gis.com:443 "GET /3.0/items?key=2e3b8ee1-dca8-47ab-99a0-bb8cfce53698&q=%D0%BF%D0%BE%D0%BB%D0%B8%D0%BA%D0%BB%D0%B8%D0%BD%D0%B8%D0%BA%D0%B0&district_id=4504209512726580&type=branch&page=4&page_size=10&fields=items.point%2Citems.name%2Citems.address_name%2Citems.reviews HTTP/1.1" 200 133
2025-10-30 20:32:35,372 - DEBUG - [получить_поликлиники_в_районе] - Статус ответа: 200
2025-10-30 20:32:35,373 - WARNING - [получить_поликлиники_в_районе] - На странице 4 нет данных в ожидаемом формате
2025-10-30 20:32:35,874 - DEBUG - [получить_поликлиники_в_районе] - Запрос страницы 5 для района Новогиреево
2025-10-30 20:32:35,875 - DEBUG - [_new_conn] - Starting new HTTPS connection (1): catalog.api.2gis.com:443
2025-10-30 20:32:36,266 - DEBUG - [_make_request] - https://catalog.api.2gis.com:443 "GET /3.0/items?key=2e3b8ee1-dca8-47ab-99a0-bb8cfce53698&q=%D0%BF%D0%BE%D0%BB%D0%B8%D0%BA%D0%BB%D0%B8%D0%BD%D0%B8%D0%BA%D0%B0&district_id=4504209512726580&type=branch&page=5&page_size=10&fields=items.point%2Citems.name%2Citems.address_name%2Citems.reviews HTTP/1.1" 200 133
2025-10-30 20:32:36,267 - DEBUG - [получить_поликлиники_в_районе] - Статус ответа: 200
2025-10-30 20:32:36,268 - WARNING - [получить_поликлиники_в_районе] - На странице 5 нет данных в ожидаемом формате
2025-10-30 20:32:36,270 - INFO - [получить_поликлиники_в_районе] - Завершение сбора для района Новогиреево. Найдено поликлиник: 6
2025-10-30 20:32:36,271 - INFO - [<cell line: 0>] - Район 'Новогиреево' завершен. Поликлиник: 6
2025-10-30 20:32:37,273 - INFO - [<cell line: 0>] - [73/132] Обработка района: Новокосино
2025-10-30 20:32:37,274 - INFO - [получить_поликлиники_в_районе] - Начало сбора поликлиник для района: Новокосино (ID: 4504209512726576)
2025-10-30 20:32:37,275 - DEBUG - [получить_поликлиники_в_районе] - Запрос страницы 1 для района Новокосино
2025-10-30 20:32:37,278 - DEBUG - [_new_conn] - Starting new HTTPS connection (1): catalog.api.2gis.com:443
2025-10-30 20:32:37,665 - DEBUG - [_make_request] - https://catalog.api.2gis.com:443 "GET /3.0/items?key=2e3b8ee1-dca8-47ab-99a0-bb8cfce53698&q=%D0%BF%D0%BE%D0%BB%D0%B8%D0%BA%D0%BB%D0%B8%D0%BD%D0%B8%D0%BA%D0%B0&district_id=4504209512726576&type=branch&page=1&page_size=10&fields=items.point%2Citems.name%2Citems.address_name%2Citems.reviews HTTP/1.1" 200 None
2025-10-30 20:32:37,666 - DEBUG - [получить_поликлиники_в_районе] - Статус ответа: 200
2025-10-30 20:32:37,666 - INFO - [получить_поликлиники_в_районе] - Загружено 10 поликлиник со страницы 1
2025-10-30 20:32:38,167 - DEBUG - [получить_поликлиники_в_районе] - Запрос страницы 2 для района Новокосино
2025-10-30 20:32:38,169 - DEBUG - [_new_conn] - Starting new HTTPS connection (1): catalog.api.2gis.com:443
2025-10-30 20:32:38,561 - DEBUG - [_make_request] - https://catalog.api.2gis.com:443 "GET /3.0/items?key=2e3b8ee1-dca8-47ab-99a0-bb8cfce53698&q=%D0%BF%D0%BE%D0%BB%D0%B8%D0%BA%D0%BB%D0%B8%D0%BD%D0%B8%D0%BA%D0%B0&district_id=4504209512726576&type=branch&page=2&page_size=10&fields=items.point%2Citems.name%2Citems.address_name%2Citems.reviews HTTP/1.1" 200 133
2025-10-30 20:32:38,562 - DEBUG - [получить_поликлиники_в_районе] - Статус ответа: 200
2025-10-30 20:32:38,562 - WARNING - [получить_поликлиники_в_районе] - На странице 2 нет данных в ожидаемом формате
2025-10-30 20:32:39,063 - DEBUG - [получить_поликлиники_в_районе] - Запрос страницы 3 для района Новокосино
2025-10-30 20:32:39,064 - DEBUG - [_new_conn] - Starting new HTTPS connection (1): catalog.api.2gis.com:443
2025-10-30 20:32:39,560 - DEBUG - [_make_request] - https://catalog.api.2gis.com:443 "GET /3.0/items?key=2e3b8ee1-dca8-47ab-99a0-bb8cfce53698&q=%D0%BF%D0%BE%D0%BB%D0%B8%D0%BA%D0%BB%D0%B8%D0%BD%D0%B8%D0%BA%D0%B0&district_id=4504209512726576&type=branch&page=3&page_size=10&fields=items.point%2Citems.name%2Citems.address_name%2Citems.reviews HTTP/1.1" 200 133
2025-10-30 20:32:39,561 - DEBUG - [получить_поликлиники_в_районе] - Статус ответа: 200
2025-10-30 20:32:39,561 - WARNING - [получить_поликлиники_в_районе] - На странице 3 нет данных в ожидаемом формате
2025-10-30 20:32:40,062 - DEBUG - [получить_поликлиники_в_районе] - Запрос страницы 4 для района Новокосино
2025-10-30 20:32:40,064 - DEBUG - [_new_conn] - Starting new HTTPS connection (1): catalog.api.2gis.com:443
2025-10-30 20:32:40,440 - DEBUG - [_make_request] - https://catalog.api.2gis.com:443 "GET /3.0/items?key=2e3b8ee1-dca8-47ab-99a0-bb8cfce53698&q=%D0%BF%D0%BE%D0%BB%D0%B8%D0%BA%D0%BB%D0%B8%D0%BD%D0%B8%D0%BA%D0%B0&district_id=4504209512726576&type=branch&page=4&page_size=10&fields=items.point%2Citems.name%2Citems.address_name%2Citems.reviews HTTP/1.1" 200 133
2025-10-30 20:32:40,441 - DEBUG - [получить_поликлиники_в_районе] - Статус ответа: 200
2025-10-30 20:32:40,441 - WARNING - [получить_поликлиники_в_районе] - На странице 4 нет данных в ожидаемом формате
2025-10-30 20:32:40,942 - DEBUG - [получить_поликлиники_в_районе] - Запрос страницы 5 для района Новокосино
2025-10-30 20:32:40,944 - DEBUG - [_new_conn] - Starting new HTTPS connection (1): catalog.api.2gis.com:443
2025-10-30 20:32:41,325 - DEBUG - [_make_request] - https://catalog.api.2gis.com:443 "GET /3.0/items?key=2e3b8ee1-dca8-47ab-99a0-bb8cfce53698&q=%D0%BF%D0%BE%D0%BB%D0%B8%D0%BA%D0%BB%D0%B8%D0%BD%D0%B8%D0%BA%D0%B0&district_id=4504209512726576&type=branch&page=5&page_size=10&fields=items.point%2Citems.name%2Citems.address_name%2Citems.reviews HTTP/1.1" 200 133
2025-10-30 20:32:41,326 - DEBUG - [получить_поликлиники_в_районе] - Статус ответа: 200
2025-10-30 20:32:41,326 - WARNING - [получить_поликлиники_в_районе] - На странице 5 нет данных в ожидаемом формате
2025-10-30 20:32:41,327 - INFO - [получить_поликлиники_в_районе] - Завершение сбора для района Новокосино. Найдено поликлиник: 10
2025-10-30 20:32:41,328 - INFO - [<cell line: 0>] - Район 'Новокосино' завершен. Поликлиник: 10
2025-10-30 20:32:42,329 - INFO - [<cell line: 0>] - [74/132] Обработка района: Ново-Переделкино
2025-10-30 20:32:42,330 - INFO - [получить_поликлиники_в_районе] - Начало сбора поликлиник для района: Ново-Переделкино (ID: 4504209512726641)
2025-10-30 20:32:42,331 - DEBUG - [получить_поликлиники_в_районе] - Запрос страницы 1 для района Ново-Переделкино
2025-10-30 20:32:42,334 - DEBUG - [_new_conn] - Starting new HTTPS connection (1): catalog.api.2gis.com:443
2025-10-30 20:32:42,846 - DEBUG - [_make_request] - https://catalog.api.2gis.com:443 "GET /3.0/items?key=2e3b8ee1-dca8-47ab-99a0-bb8cfce53698&q=%D0%BF%D0%BE%D0%BB%D0%B8%D0%BA%D0%BB%D0%B8%D0%BD%D0%B8%D0%BA%D0%B0&district_id=4504209512726641&type=branch&page=1&page_size=10&fields=items.point%2Citems.name%2Citems.address_name%2Citems.reviews HTTP/1.1" 200 None
2025-10-30 20:32:42,847 - DEBUG - [получить_поликлиники_в_районе] - Статус ответа: 200
2025-10-30 20:32:42,847 - INFO - [получить_поликлиники_в_районе] - Загружено 9 поликлиник со страницы 1
2025-10-30 20:32:43,348 - DEBUG - [получить_поликлиники_в_районе] - Запрос страницы 2 для района Ново-Переделкино
2025-10-30 20:32:43,349 - DEBUG - [_new_conn] - Starting new HTTPS connection (1): catalog.api.2gis.com:443
2025-10-30 20:32:43,747 - DEBUG - [_make_request] - https://catalog.api.2gis.com:443 "GET /3.0/items?key=2e3b8ee1-dca8-47ab-99a0-bb8cfce53698&q=%D0%BF%D0%BE%D0%BB%D0%B8%D0%BA%D0%BB%D0%B8%D0%BD%D0%B8%D0%BA%D0%B0&district_id=4504209512726641&type=branch&page=2&page_size=10&fields=items.point%2Citems.name%2Citems.address_name%2Citems.reviews HTTP/1.1" 200 133
2025-10-30 20:32:43,748 - DEBUG - [получить_поликлиники_в_районе] - Статус ответа: 200
2025-10-30 20:32:43,749 - WARNING - [получить_поликлиники_в_районе] - На странице 2 нет данных в ожидаемом формате
2025-10-30 20:32:44,250 - DEBUG - [получить_поликлиники_в_районе] - Запрос страницы 3 для района Ново-Переделкино
2025-10-30 20:32:44,251 - DEBUG - [_new_conn] - Starting new HTTPS connection (1): catalog.api.2gis.com:443
2025-10-30 20:32:44,648 - DEBUG - [_make_request] - https://catalog.api.2gis.com:443 "GET /3.0/items?key=2e3b8ee1-dca8-47ab-99a0-bb8cfce53698&q=%D0%BF%D0%BE%D0%BB%D0%B8%D0%BA%D0%BB%D0%B8%D0%BD%D0%B8%D0%BA%D0%B0&district_id=4504209512726641&type=branch&page=3&page_size=10&fields=items.point%2Citems.name%2Citems.address_name%2Citems.reviews HTTP/1.1" 200 133
2025-10-30 20:32:44,649 - DEBUG - [получить_поликлиники_в_районе] - Статус ответа: 200
2025-10-30 20:32:44,649 - WARNING - [получить_поликлиники_в_районе] - На странице 3 нет данных в ожидаемом формате
2025-10-30 20:32:45,150 - DEBUG - [получить_поликлиники_в_районе] - Запрос страницы 4 для района Ново-Переделкино
2025-10-30 20:32:45,152 - DEBUG - [_new_conn] - Starting new HTTPS connection (1): catalog.api.2gis.com:443
2025-10-30 20:32:45,540 - DEBUG - [_make_request] - https://catalog.api.2gis.com:443 "GET /3.0/items?key=2e3b8ee1-dca8-47ab-99a0-bb8cfce53698&q=%D0%BF%D0%BE%D0%BB%D0%B8%D0%BA%D0%BB%D0%B8%D0%BD%D0%B8%D0%BA%D0%B0&district_id=4504209512726641&type=branch&page=4&page_size=10&fields=items.point%2Citems.name%2Citems.address_name%2Citems.reviews HTTP/1.1" 200 133
2025-10-30 20:32:45,541 - DEBUG - [получить_поликлиники_в_районе] - Статус ответа: 200
2025-10-30 20:32:45,541 - WARNING - [получить_поликлиники_в_районе] - На странице 4 нет данных в ожидаемом формате
2025-10-30 20:32:46,042 - DEBUG - [получить_поликлиники_в_районе] - Запрос страницы 5 для района Ново-Переделкино
2025-10-30 20:32:46,043 - DEBUG - [_new_conn] - Starting new HTTPS connection (1): catalog.api.2gis.com:443
2025-10-30 20:32:46,437 - DEBUG - [_make_request] - https://catalog.api.2gis.com:443 "GET /3.0/items?key=2e3b8ee1-dca8-47ab-99a0-bb8cfce53698&q=%D0%BF%D0%BE%D0%BB%D0%B8%D0%BA%D0%BB%D0%B8%D0%BD%D0%B8%D0%BA%D0%B0&district_id=4504209512726641&type=branch&page=5&page_size=10&fields=items.point%2Citems.name%2Citems.address_name%2Citems.reviews HTTP/1.1" 200 133
2025-10-30 20:32:46,439 - DEBUG - [получить_поликлиники_в_районе] - Статус ответа: 200
2025-10-30 20:32:46,439 - WARNING - [получить_поликлиники_в_районе] - На странице 5 нет данных в ожидаемом формате
2025-10-30 20:32:46,440 - INFO - [получить_поликлиники_в_районе] - Завершение сбора для района Ново-Переделкино. Найдено поликлиник: 9
2025-10-30 20:32:46,441 - INFO - [<cell line: 0>] - Район 'Ново-Переделкино' завершен. Поликлиник: 9
2025-10-30 20:32:47,442 - INFO - [<cell line: 0>] - [75/132] Обработка района: Обручевский
2025-10-30 20:32:47,443 - INFO - [получить_поликлиники_в_районе] - Начало сбора поликлиник для района: Обручевский (ID: 4504209512726622)
2025-10-30 20:32:47,444 - DEBUG - [получить_поликлиники_в_районе] - Запрос страницы 1 для района Обручевский
2025-10-30 20:32:47,445 - DEBUG - [_new_conn] - Starting new HTTPS connection (1): catalog.api.2gis.com:443
2025-10-30 20:32:47,838 - DEBUG - [_make_request] - https://catalog.api.2gis.com:443 "GET /3.0/items?key=2e3b8ee1-dca8-47ab-99a0-bb8cfce53698&q=%D0%BF%D0%BE%D0%BB%D0%B8%D0%BA%D0%BB%D0%B8%D0%BD%D0%B8%D0%BA%D0%B0&district_id=4504209512726622&type=branch&page=1&page_size=10&fields=items.point%2Citems.name%2Citems.address_name%2Citems.reviews HTTP/1.1" 200 None
2025-10-30 20:32:47,838 - DEBUG - [получить_поликлиники_в_районе] - Статус ответа: 200
2025-10-30 20:32:47,839 - INFO - [получить_поликлиники_в_районе] - Загружено 8 поликлиник со страницы 1
2025-10-30 20:32:48,340 - DEBUG - [получить_поликлиники_в_районе] - Запрос страницы 2 для района Обручевский
2025-10-30 20:32:48,341 - DEBUG - [_new_conn] - Starting new HTTPS connection (1): catalog.api.2gis.com:443
2025-10-30 20:32:48,719 - DEBUG - [_make_request] - https://catalog.api.2gis.com:443 "GET /3.0/items?key=2e3b8ee1-dca8-47ab-99a0-bb8cfce53698&q=%D0%BF%D0%BE%D0%BB%D0%B8%D0%BA%D0%BB%D0%B8%D0%BD%D0%B8%D0%BA%D0%B0&district_id=4504209512726622&type=branch&page=2&page_size=10&fields=items.point%2Citems.name%2Citems.address_name%2Citems.reviews HTTP/1.1" 200 133
2025-10-30 20:32:48,720 - DEBUG - [получить_поликлиники_в_районе] - Статус ответа: 200
2025-10-30 20:32:48,720 - WARNING - [получить_поликлиники_в_районе] - На странице 2 нет данных в ожидаемом формате
2025-10-30 20:32:49,221 - DEBUG - [получить_поликлиники_в_районе] - Запрос страницы 3 для района Обручевский
2025-10-30 20:32:49,222 - DEBUG - [_new_conn] - Starting new HTTPS connection (1): catalog.api.2gis.com:443
2025-10-30 20:32:49,613 - DEBUG - [_make_request] - https://catalog.api.2gis.com:443 "GET /3.0/items?key=2e3b8ee1-dca8-47ab-99a0-bb8cfce53698&q=%D0%BF%D0%BE%D0%BB%D0%B8%D0%BA%D0%BB%D0%B8%D0%BD%D0%B8%D0%BA%D0%B0&district_id=4504209512726622&type=branch&page=3&page_size=10&fields=items.point%2Citems.name%2Citems.address_name%2Citems.reviews HTTP/1.1" 200 133
2025-10-30 20:32:49,614 - DEBUG - [получить_поликлиники_в_районе] - Статус ответа: 200
2025-10-30 20:32:49,615 - WARNING - [получить_поликлиники_в_районе] - На странице 3 нет данных в ожидаемом формате
2025-10-30 20:32:50,116 - DEBUG - [получить_поликлиники_в_районе] - Запрос страницы 4 для района Обручевский
2025-10-30 20:32:50,118 - DEBUG - [_new_conn] - Starting new HTTPS connection (1): catalog.api.2gis.com:443
2025-10-30 20:32:50,504 - DEBUG - [_make_request] - https://catalog.api.2gis.com:443 "GET /3.0/items?key=2e3b8ee1-dca8-47ab-99a0-bb8cfce53698&q=%D0%BF%D0%BE%D0%BB%D0%B8%D0%BA%D0%BB%D0%B8%D0%BD%D0%B8%D0%BA%D0%B0&district_id=4504209512726622&type=branch&page=4&page_size=10&fields=items.point%2Citems.name%2Citems.address_name%2Citems.reviews HTTP/1.1" 200 133
2025-10-30 20:32:50,505 - DEBUG - [получить_поликлиники_в_районе] - Статус ответа: 200
2025-10-30 20:32:50,505 - WARNING - [получить_поликлиники_в_районе] - На странице 4 нет данных в ожидаемом формате
2025-10-30 20:32:51,006 - DEBUG - [получить_поликлиники_в_районе] - Запрос страницы 5 для района Обручевский
2025-10-30 20:32:51,008 - DEBUG - [_new_conn] - Starting new HTTPS connection (1): catalog.api.2gis.com:443
2025-10-30 20:32:51,386 - DEBUG - [_make_request] - https://catalog.api.2gis.com:443 "GET /3.0/items?key=2e3b8ee1-dca8-47ab-99a0-bb8cfce53698&q=%D0%BF%D0%BE%D0%BB%D0%B8%D0%BA%D0%BB%D0%B8%D0%BD%D0%B8%D0%BA%D0%B0&district_id=4504209512726622&type=branch&page=5&page_size=10&fields=items.point%2Citems.name%2Citems.address_name%2Citems.reviews HTTP/1.1" 200 133
2025-10-30 20:32:51,387 - DEBUG - [получить_поликлиники_в_районе] - Статус ответа: 200
2025-10-30 20:32:51,387 - WARNING - [получить_поликлиники_в_районе] - На странице 5 нет данных в ожидаемом формате
2025-10-30 20:32:51,388 - INFO - [получить_поликлиники_в_районе] - Завершение сбора для района Обручевский. Найдено поликлиник: 8
2025-10-30 20:32:51,389 - INFO - [<cell line: 0>] - Район 'Обручевский' завершен. Поликлиник: 8
2025-10-30 20:32:52,391 - INFO - [<cell line: 0>] - [76/132] Обработка района: Орехово-Борисово Северное
2025-10-30 20:32:52,392 - INFO - [получить_поликлиники_в_районе] - Начало сбора поликлиник для района: Орехово-Борисово Северное (ID: 4504209512726616)
2025-10-30 20:32:52,393 - DEBUG - [получить_поликлиники_в_районе] - Запрос страницы 1 для района Орехово-Борисово Северное
2025-10-30 20:32:52,395 - DEBUG - [_new_conn] - Starting new HTTPS connection (1): catalog.api.2gis.com:443
2025-10-30 20:32:52,791 - DEBUG - [_make_request] - https://catalog.api.2gis.com:443 "GET /3.0/items?key=2e3b8ee1-dca8-47ab-99a0-bb8cfce53698&q=%D0%BF%D0%BE%D0%BB%D0%B8%D0%BA%D0%BB%D0%B8%D0%BD%D0%B8%D0%BA%D0%B0&district_id=4504209512726616&type=branch&page=1&page_size=10&fields=items.point%2Citems.name%2Citems.address_name%2Citems.reviews HTTP/1.1" 200 None
2025-10-30 20:32:52,791 - DEBUG - [получить_поликлиники_в_районе] - Статус ответа: 200
2025-10-30 20:32:52,792 - INFO - [получить_поликлиники_в_районе] - Загружено 7 поликлиник со страницы 1
2025-10-30 20:32:53,293 - DEBUG - [получить_поликлиники_в_районе] - Запрос страницы 2 для района Орехово-Борисово Северное
2025-10-30 20:32:53,294 - DEBUG - [_new_conn] - Starting new HTTPS connection (1): catalog.api.2gis.com:443
2025-10-30 20:32:53,711 - DEBUG - [_make_request] - https://catalog.api.2gis.com:443 "GET /3.0/items?key=2e3b8ee1-dca8-47ab-99a0-bb8cfce53698&q=%D0%BF%D0%BE%D0%BB%D0%B8%D0%BA%D0%BB%D0%B8%D0%BD%D0%B8%D0%BA%D0%B0&district_id=4504209512726616&type=branch&page=2&page_size=10&fields=items.point%2Citems.name%2Citems.address_name%2Citems.reviews HTTP/1.1" 200 133
2025-10-30 20:32:53,715 - DEBUG - [получить_поликлиники_в_районе] - Статус ответа: 200
2025-10-30 20:32:53,715 - WARNING - [получить_поликлиники_в_районе] - На странице 2 нет данных в ожидаемом формате
2025-10-30 20:32:54,216 - DEBUG - [получить_поликлиники_в_районе] - Запрос страницы 3 для района Орехово-Борисово Северное
2025-10-30 20:32:54,218 - DEBUG - [_new_conn] - Starting new HTTPS connection (1): catalog.api.2gis.com:443
2025-10-30 20:32:54,598 - DEBUG - [_make_request] - https://catalog.api.2gis.com:443 "GET /3.0/items?key=2e3b8ee1-dca8-47ab-99a0-bb8cfce53698&q=%D0%BF%D0%BE%D0%BB%D0%B8%D0%BA%D0%BB%D0%B8%D0%BD%D0%B8%D0%BA%D0%B0&district_id=4504209512726616&type=branch&page=3&page_size=10&fields=items.point%2Citems.name%2Citems.address_name%2Citems.reviews HTTP/1.1" 200 133
2025-10-30 20:32:54,599 - DEBUG - [получить_поликлиники_в_районе] - Статус ответа: 200
2025-10-30 20:32:54,599 - WARNING - [получить_поликлиники_в_районе] - На странице 3 нет данных в ожидаемом формате
2025-10-30 20:32:55,100 - DEBUG - [получить_поликлиники_в_районе] - Запрос страницы 4 для района Орехово-Борисово Северное
2025-10-30 20:32:55,101 - DEBUG - [_new_conn] - Starting new HTTPS connection (1): catalog.api.2gis.com:443
2025-10-30 20:32:55,482 - DEBUG - [_make_request] - https://catalog.api.2gis.com:443 "GET /3.0/items?key=2e3b8ee1-dca8-47ab-99a0-bb8cfce53698&q=%D0%BF%D0%BE%D0%BB%D0%B8%D0%BA%D0%BB%D0%B8%D0%BD%D0%B8%D0%BA%D0%B0&district_id=4504209512726616&type=branch&page=4&page_size=10&fields=items.point%2Citems.name%2Citems.address_name%2Citems.reviews HTTP/1.1" 200 133
2025-10-30 20:32:55,483 - DEBUG - [получить_поликлиники_в_районе] - Статус ответа: 200
2025-10-30 20:32:55,483 - WARNING - [получить_поликлиники_в_районе] - На странице 4 нет данных в ожидаемом формате
2025-10-30 20:32:55,984 - DEBUG - [получить_поликлиники_в_районе] - Запрос страницы 5 для района Орехово-Борисово Северное
2025-10-30 20:32:55,986 - DEBUG - [_new_conn] - Starting new HTTPS connection (1): catalog.api.2gis.com:443
2025-10-30 20:32:56,368 - DEBUG - [_make_request] - https://catalog.api.2gis.com:443 "GET /3.0/items?key=2e3b8ee1-dca8-47ab-99a0-bb8cfce53698&q=%D0%BF%D0%BE%D0%BB%D0%B8%D0%BA%D0%BB%D0%B8%D0%BD%D0%B8%D0%BA%D0%B0&district_id=4504209512726616&type=branch&page=5&page_size=10&fields=items.point%2Citems.name%2Citems.address_name%2Citems.reviews HTTP/1.1" 200 133
2025-10-30 20:32:56,369 - DEBUG - [получить_поликлиники_в_районе] - Статус ответа: 200
2025-10-30 20:32:56,369 - WARNING - [получить_поликлиники_в_районе] - На странице 5 нет данных в ожидаемом формате
2025-10-30 20:32:56,370 - INFO - [получить_поликлиники_в_районе] - Завершение сбора для района Орехово-Борисово Северное. Найдено поликлиник: 7
2025-10-30 20:32:56,372 - INFO - [<cell line: 0>] - Район 'Орехово-Борисово Северное' завершен. Поликлиник: 7
2025-10-30 20:32:57,373 - INFO - [<cell line: 0>] - [77/132] Обработка района: Орехово-Борисово Южное
2025-10-30 20:32:57,374 - INFO - [получить_поликлиники_в_районе] - Начало сбора поликлиник для района: Орехово-Борисово Южное (ID: 4504209512726610)
2025-10-30 20:32:57,375 - DEBUG - [получить_поликлиники_в_районе] - Запрос страницы 1 для района Орехово-Борисово Южное
2025-10-30 20:32:57,377 - DEBUG - [_new_conn] - Starting new HTTPS connection (1): catalog.api.2gis.com:443
2025-10-30 20:32:57,764 - DEBUG - [_make_request] - https://catalog.api.2gis.com:443 "GET /3.0/items?key=2e3b8ee1-dca8-47ab-99a0-bb8cfce53698&q=%D0%BF%D0%BE%D0%BB%D0%B8%D0%BA%D0%BB%D0%B8%D0%BD%D0%B8%D0%BA%D0%B0&district_id=4504209512726610&type=branch&page=1&page_size=10&fields=items.point%2Citems.name%2Citems.address_name%2Citems.reviews HTTP/1.1" 200 None
2025-10-30 20:32:57,765 - DEBUG - [получить_поликлиники_в_районе] - Статус ответа: 200
2025-10-30 20:32:57,765 - INFO - [получить_поликлиники_в_районе] - Загружено 9 поликлиник со страницы 1
2025-10-30 20:32:58,266 - DEBUG - [получить_поликлиники_в_районе] - Запрос страницы 2 для района Орехово-Борисово Южное
2025-10-30 20:32:58,267 - DEBUG - [_new_conn] - Starting new HTTPS connection (1): catalog.api.2gis.com:443
2025-10-30 20:32:58,645 - DEBUG - [_make_request] - https://catalog.api.2gis.com:443 "GET /3.0/items?key=2e3b8ee1-dca8-47ab-99a0-bb8cfce53698&q=%D0%BF%D0%BE%D0%BB%D0%B8%D0%BA%D0%BB%D0%B8%D0%BD%D0%B8%D0%BA%D0%B0&district_id=4504209512726610&type=branch&page=2&page_size=10&fields=items.point%2Citems.name%2Citems.address_name%2Citems.reviews HTTP/1.1" 200 133
2025-10-30 20:32:58,646 - DEBUG - [получить_поликлиники_в_районе] - Статус ответа: 200
2025-10-30 20:32:58,646 - WARNING - [получить_поликлиники_в_районе] - На странице 2 нет данных в ожидаемом формате
2025-10-30 20:32:59,147 - DEBUG - [получить_поликлиники_в_районе] - Запрос страницы 3 для района Орехово-Борисово Южное
2025-10-30 20:32:59,148 - DEBUG - [_new_conn] - Starting new HTTPS connection (1): catalog.api.2gis.com:443
2025-10-30 20:32:59,534 - DEBUG - [_make_request] - https://catalog.api.2gis.com:443 "GET /3.0/items?key=2e3b8ee1-dca8-47ab-99a0-bb8cfce53698&q=%D0%BF%D0%BE%D0%BB%D0%B8%D0%BA%D0%BB%D0%B8%D0%BD%D0%B8%D0%BA%D0%B0&district_id=4504209512726610&type=branch&page=3&page_size=10&fields=items.point%2Citems.name%2Citems.address_name%2Citems.reviews HTTP/1.1" 200 133
2025-10-30 20:32:59,535 - DEBUG - [получить_поликлиники_в_районе] - Статус ответа: 200
2025-10-30 20:32:59,535 - WARNING - [получить_поликлиники_в_районе] - На странице 3 нет данных в ожидаемом формате
2025-10-30 20:33:00,037 - DEBUG - [получить_поликлиники_в_районе] - Запрос страницы 4 для района Орехово-Борисово Южное
2025-10-30 20:33:00,038 - DEBUG - [_new_conn] - Starting new HTTPS connection (1): catalog.api.2gis.com:443
2025-10-30 20:33:00,414 - DEBUG - [_make_request] - https://catalog.api.2gis.com:443 "GET /3.0/items?key=2e3b8ee1-dca8-47ab-99a0-bb8cfce53698&q=%D0%BF%D0%BE%D0%BB%D0%B8%D0%BA%D0%BB%D0%B8%D0%BD%D0%B8%D0%BA%D0%B0&district_id=4504209512726610&type=branch&page=4&page_size=10&fields=items.point%2Citems.name%2Citems.address_name%2Citems.reviews HTTP/1.1" 200 133
2025-10-30 20:33:00,415 - DEBUG - [получить_поликлиники_в_районе] - Статус ответа: 200
2025-10-30 20:33:00,415 - WARNING - [получить_поликлиники_в_районе] - На странице 4 нет данных в ожидаемом формате
2025-10-30 20:33:00,916 - DEBUG - [получить_поликлиники_в_районе] - Запрос страницы 5 для района Орехово-Борисово Южное
2025-10-30 20:33:00,917 - DEBUG - [_new_conn] - Starting new HTTPS connection (1): catalog.api.2gis.com:443
2025-10-30 20:33:01,308 - DEBUG - [_make_request] - https://catalog.api.2gis.com:443 "GET /3.0/items?key=2e3b8ee1-dca8-47ab-99a0-bb8cfce53698&q=%D0%BF%D0%BE%D0%BB%D0%B8%D0%BA%D0%BB%D0%B8%D0%BD%D0%B8%D0%BA%D0%B0&district_id=4504209512726610&type=branch&page=5&page_size=10&fields=items.point%2Citems.name%2Citems.address_name%2Citems.reviews HTTP/1.1" 200 133
2025-10-30 20:33:01,309 - DEBUG - [получить_поликлиники_в_районе] - Статус ответа: 200
2025-10-30 20:33:01,310 - WARNING - [получить_поликлиники_в_районе] - На странице 5 нет данных в ожидаемом формате
2025-10-30 20:33:01,310 - INFO - [получить_поликлиники_в_районе] - Завершение сбора для района Орехово-Борисово Южное. Найдено поликлиник: 9
2025-10-30 20:33:01,313 - INFO - [<cell line: 0>] - Район 'Орехово-Борисово Южное' завершен. Поликлиник: 9
2025-10-30 20:33:02,314 - INFO - [<cell line: 0>] - [78/132] Обработка района: Останкинский
2025-10-30 20:33:02,315 - INFO - [получить_поликлиники_в_районе] - Начало сбора поликлиник для района: Останкинский (ID: 4504209512726572)
2025-10-30 20:33:02,316 - DEBUG - [получить_поликлиники_в_районе] - Запрос страницы 1 для района Останкинский
2025-10-30 20:33:02,318 - DEBUG - [_new_conn] - Starting new HTTPS connection (1): catalog.api.2gis.com:443
2025-10-30 20:33:02,701 - DEBUG - [_make_request] - https://catalog.api.2gis.com:443 "GET /3.0/items?key=2e3b8ee1-dca8-47ab-99a0-bb8cfce53698&q=%D0%BF%D0%BE%D0%BB%D0%B8%D0%BA%D0%BB%D0%B8%D0%BD%D0%B8%D0%BA%D0%B0&district_id=4504209512726572&type=branch&page=1&page_size=10&fields=items.point%2Citems.name%2Citems.address_name%2Citems.reviews HTTP/1.1" 200 None
2025-10-30 20:33:02,701 - DEBUG - [получить_поликлиники_в_районе] - Статус ответа: 200
2025-10-30 20:33:02,702 - INFO - [получить_поликлиники_в_районе] - Загружено 4 поликлиник со страницы 1
2025-10-30 20:33:03,203 - DEBUG - [получить_поликлиники_в_районе] - Запрос страницы 2 для района Останкинский
2025-10-30 20:33:03,204 - DEBUG - [_new_conn] - Starting new HTTPS connection (1): catalog.api.2gis.com:443
2025-10-30 20:33:03,577 - DEBUG - [_make_request] - https://catalog.api.2gis.com:443 "GET /3.0/items?key=2e3b8ee1-dca8-47ab-99a0-bb8cfce53698&q=%D0%BF%D0%BE%D0%BB%D0%B8%D0%BA%D0%BB%D0%B8%D0%BD%D0%B8%D0%BA%D0%B0&district_id=4504209512726572&type=branch&page=2&page_size=10&fields=items.point%2Citems.name%2Citems.address_name%2Citems.reviews HTTP/1.1" 200 133
2025-10-30 20:33:03,578 - DEBUG - [получить_поликлиники_в_районе] - Статус ответа: 200
2025-10-30 20:33:03,578 - WARNING - [получить_поликлиники_в_районе] - На странице 2 нет данных в ожидаемом формате
2025-10-30 20:33:04,079 - DEBUG - [получить_поликлиники_в_районе] - Запрос страницы 3 для района Останкинский
2025-10-30 20:33:04,081 - DEBUG - [_new_conn] - Starting new HTTPS connection (1): catalog.api.2gis.com:443
2025-10-30 20:33:04,476 - DEBUG - [_make_request] - https://catalog.api.2gis.com:443 "GET /3.0/items?key=2e3b8ee1-dca8-47ab-99a0-bb8cfce53698&q=%D0%BF%D0%BE%D0%BB%D0%B8%D0%BA%D0%BB%D0%B8%D0%BD%D0%B8%D0%BA%D0%B0&district_id=4504209512726572&type=branch&page=3&page_size=10&fields=items.point%2Citems.name%2Citems.address_name%2Citems.reviews HTTP/1.1" 200 133
2025-10-30 20:33:04,477 - DEBUG - [получить_поликлиники_в_районе] - Статус ответа: 200
2025-10-30 20:33:04,477 - WARNING - [получить_поликлиники_в_районе] - На странице 3 нет данных в ожидаемом формате
2025-10-30 20:33:04,979 - DEBUG - [получить_поликлиники_в_районе] - Запрос страницы 4 для района Останкинский
2025-10-30 20:33:04,981 - DEBUG - [_new_conn] - Starting new HTTPS connection (1): catalog.api.2gis.com:443
2025-10-30 20:33:05,361 - DEBUG - [_make_request] - https://catalog.api.2gis.com:443 "GET /3.0/items?key=2e3b8ee1-dca8-47ab-99a0-bb8cfce53698&q=%D0%BF%D0%BE%D0%BB%D0%B8%D0%BA%D0%BB%D0%B8%D0%BD%D0%B8%D0%BA%D0%B0&district_id=4504209512726572&type=branch&page=4&page_size=10&fields=items.point%2Citems.name%2Citems.address_name%2Citems.reviews HTTP/1.1" 200 133
2025-10-30 20:33:05,363 - DEBUG - [получить_поликлиники_в_районе] - Статус ответа: 200
2025-10-30 20:33:05,363 - WARNING - [получить_поликлиники_в_районе] - На странице 4 нет данных в ожидаемом формате
2025-10-30 20:33:05,864 - DEBUG - [получить_поликлиники_в_районе] - Запрос страницы 5 для района Останкинский
2025-10-30 20:33:05,865 - DEBUG - [_new_conn] - Starting new HTTPS connection (1): catalog.api.2gis.com:443
2025-10-30 20:33:06,240 - DEBUG - [_make_request] - https://catalog.api.2gis.com:443 "GET /3.0/items?key=2e3b8ee1-dca8-47ab-99a0-bb8cfce53698&q=%D0%BF%D0%BE%D0%BB%D0%B8%D0%BA%D0%BB%D0%B8%D0%BD%D0%B8%D0%BA%D0%B0&district_id=4504209512726572&type=branch&page=5&page_size=10&fields=items.point%2Citems.name%2Citems.address_name%2Citems.reviews HTTP/1.1" 200 133
2025-10-30 20:33:06,241 - DEBUG - [получить_поликлиники_в_районе] - Статус ответа: 200
2025-10-30 20:33:06,242 - WARNING - [получить_поликлиники_в_районе] - На странице 5 нет данных в ожидаемом формате
2025-10-30 20:33:06,243 - INFO - [получить_поликлиники_в_районе] - Завершение сбора для района Останкинский. Найдено поликлиник: 4
2025-10-30 20:33:06,244 - INFO - [<cell line: 0>] - Район 'Останкинский' завершен. Поликлиник: 4
2025-10-30 20:33:07,246 - INFO - [<cell line: 0>] - [79/132] Обработка района: Отрадное
2025-10-30 20:33:07,247 - INFO - [получить_поликлиники_в_районе] - Начало сбора поликлиник для района: Отрадное (ID: 4504209512726569)
2025-10-30 20:33:07,248 - DEBUG - [получить_поликлиники_в_районе] - Запрос страницы 1 для района Отрадное
2025-10-30 20:33:07,250 - DEBUG - [_new_conn] - Starting new HTTPS connection (1): catalog.api.2gis.com:443
2025-10-30 20:33:07,642 - DEBUG - [_make_request] - https://catalog.api.2gis.com:443 "GET /3.0/items?key=2e3b8ee1-dca8-47ab-99a0-bb8cfce53698&q=%D0%BF%D0%BE%D0%BB%D0%B8%D0%BA%D0%BB%D0%B8%D0%BD%D0%B8%D0%BA%D0%B0&district_id=4504209512726569&type=branch&page=1&page_size=10&fields=items.point%2Citems.name%2Citems.address_name%2Citems.reviews HTTP/1.1" 200 None
2025-10-30 20:33:07,643 - DEBUG - [получить_поликлиники_в_районе] - Статус ответа: 200
2025-10-30 20:33:07,643 - INFO - [получить_поликлиники_в_районе] - Загружено 9 поликлиник со страницы 1
2025-10-30 20:33:08,144 - DEBUG - [получить_поликлиники_в_районе] - Запрос страницы 2 для района Отрадное
2025-10-30 20:33:08,145 - DEBUG - [_new_conn] - Starting new HTTPS connection (1): catalog.api.2gis.com:443
2025-10-30 20:33:08,547 - DEBUG - [_make_request] - https://catalog.api.2gis.com:443 "GET /3.0/items?key=2e3b8ee1-dca8-47ab-99a0-bb8cfce53698&q=%D0%BF%D0%BE%D0%BB%D0%B8%D0%BA%D0%BB%D0%B8%D0%BD%D0%B8%D0%BA%D0%B0&district_id=4504209512726569&type=branch&page=2&page_size=10&fields=items.point%2Citems.name%2Citems.address_name%2Citems.reviews HTTP/1.1" 200 133
2025-10-30 20:33:08,548 - DEBUG - [получить_поликлиники_в_районе] - Статус ответа: 200
2025-10-30 20:33:08,548 - WARNING - [получить_поликлиники_в_районе] - На странице 2 нет данных в ожидаемом формате
2025-10-30 20:33:09,049 - DEBUG - [получить_поликлиники_в_районе] - Запрос страницы 3 для района Отрадное
2025-10-30 20:33:09,050 - DEBUG - [_new_conn] - Starting new HTTPS connection (1): catalog.api.2gis.com:443
2025-10-30 20:33:09,525 - DEBUG - [_make_request] - https://catalog.api.2gis.com:443 "GET /3.0/items?key=2e3b8ee1-dca8-47ab-99a0-bb8cfce53698&q=%D0%BF%D0%BE%D0%BB%D0%B8%D0%BA%D0%BB%D0%B8%D0%BD%D0%B8%D0%BA%D0%B0&district_id=4504209512726569&type=branch&page=3&page_size=10&fields=items.point%2Citems.name%2Citems.address_name%2Citems.reviews HTTP/1.1" 200 133
2025-10-30 20:33:09,526 - DEBUG - [получить_поликлиники_в_районе] - Статус ответа: 200
2025-10-30 20:33:09,526 - WARNING - [получить_поликлиники_в_районе] - На странице 3 нет данных в ожидаемом формате
2025-10-30 20:33:10,027 - DEBUG - [получить_поликлиники_в_районе] - Запрос страницы 4 для района Отрадное
2025-10-30 20:33:10,028 - DEBUG - [_new_conn] - Starting new HTTPS connection (1): catalog.api.2gis.com:443
2025-10-30 20:33:10,424 - DEBUG - [_make_request] - https://catalog.api.2gis.com:443 "GET /3.0/items?key=2e3b8ee1-dca8-47ab-99a0-bb8cfce53698&q=%D0%BF%D0%BE%D0%BB%D0%B8%D0%BA%D0%BB%D0%B8%D0%BD%D0%B8%D0%BA%D0%B0&district_id=4504209512726569&type=branch&page=4&page_size=10&fields=items.point%2Citems.name%2Citems.address_name%2Citems.reviews HTTP/1.1" 200 133
2025-10-30 20:33:10,425 - DEBUG - [получить_поликлиники_в_районе] - Статус ответа: 200
2025-10-30 20:33:10,425 - WARNING - [получить_поликлиники_в_районе] - На странице 4 нет данных в ожидаемом формате
2025-10-30 20:33:10,926 - DEBUG - [получить_поликлиники_в_районе] - Запрос страницы 5 для района Отрадное
2025-10-30 20:33:10,927 - DEBUG - [_new_conn] - Starting new HTTPS connection (1): catalog.api.2gis.com:443
2025-10-30 20:33:11,306 - DEBUG - [_make_request] - https://catalog.api.2gis.com:443 "GET /3.0/items?key=2e3b8ee1-dca8-47ab-99a0-bb8cfce53698&q=%D0%BF%D0%BE%D0%BB%D0%B8%D0%BA%D0%BB%D0%B8%D0%BD%D0%B8%D0%BA%D0%B0&district_id=4504209512726569&type=branch&page=5&page_size=10&fields=items.point%2Citems.name%2Citems.address_name%2Citems.reviews HTTP/1.1" 200 133
2025-10-30 20:33:11,307 - DEBUG - [получить_поликлиники_в_районе] - Статус ответа: 200
2025-10-30 20:33:11,307 - WARNING - [получить_поликлиники_в_районе] - На странице 5 нет данных в ожидаемом формате
2025-10-30 20:33:11,308 - INFO - [получить_поликлиники_в_районе] - Завершение сбора для района Отрадное. Найдено поликлиник: 9
2025-10-30 20:33:11,309 - INFO - [<cell line: 0>] - Район 'Отрадное' завершен. Поликлиник: 9
2025-10-30 20:33:12,310 - INFO - [<cell line: 0>] - [80/132] Обработка района: Очаково-Матвеевское
2025-10-30 20:33:12,312 - INFO - [получить_поликлиники_в_районе] - Начало сбора поликлиник для района: Очаково-Матвеевское (ID: 4504209512726632)
2025-10-30 20:33:12,313 - DEBUG - [получить_поликлиники_в_районе] - Запрос страницы 1 для района Очаково-Матвеевское
2025-10-30 20:33:12,315 - DEBUG - [_new_conn] - Starting new HTTPS connection (1): catalog.api.2gis.com:443
2025-10-30 20:33:12,815 - DEBUG - [_make_request] - https://catalog.api.2gis.com:443 "GET /3.0/items?key=2e3b8ee1-dca8-47ab-99a0-bb8cfce53698&q=%D0%BF%D0%BE%D0%BB%D0%B8%D0%BA%D0%BB%D0%B8%D0%BD%D0%B8%D0%BA%D0%B0&district_id=4504209512726632&type=branch&page=1&page_size=10&fields=items.point%2Citems.name%2Citems.address_name%2Citems.reviews HTTP/1.1" 200 None
2025-10-30 20:33:12,815 - DEBUG - [получить_поликлиники_в_районе] - Статус ответа: 200
2025-10-30 20:33:12,815 - INFO - [получить_поликлиники_в_районе] - Загружено 6 поликлиник со страницы 1
2025-10-30 20:33:13,316 - DEBUG - [получить_поликлиники_в_районе] - Запрос страницы 2 для района Очаково-Матвеевское
2025-10-30 20:33:13,318 - DEBUG - [_new_conn] - Starting new HTTPS connection (1): catalog.api.2gis.com:443
2025-10-30 20:33:13,697 - DEBUG - [_make_request] - https://catalog.api.2gis.com:443 "GET /3.0/items?key=2e3b8ee1-dca8-47ab-99a0-bb8cfce53698&q=%D0%BF%D0%BE%D0%BB%D0%B8%D0%BA%D0%BB%D0%B8%D0%BD%D0%B8%D0%BA%D0%B0&district_id=4504209512726632&type=branch&page=2&page_size=10&fields=items.point%2Citems.name%2Citems.address_name%2Citems.reviews HTTP/1.1" 200 133
2025-10-30 20:33:13,698 - DEBUG - [получить_поликлиники_в_районе] - Статус ответа: 200
2025-10-30 20:33:13,698 - WARNING - [получить_поликлиники_в_районе] - На странице 2 нет данных в ожидаемом формате
2025-10-30 20:33:14,199 - DEBUG - [получить_поликлиники_в_районе] - Запрос страницы 3 для района Очаково-Матвеевское
2025-10-30 20:33:14,201 - DEBUG - [_new_conn] - Starting new HTTPS connection (1): catalog.api.2gis.com:443
2025-10-30 20:33:14,572 - DEBUG - [_make_request] - https://catalog.api.2gis.com:443 "GET /3.0/items?key=2e3b8ee1-dca8-47ab-99a0-bb8cfce53698&q=%D0%BF%D0%BE%D0%BB%D0%B8%D0%BA%D0%BB%D0%B8%D0%BD%D0%B8%D0%BA%D0%B0&district_id=4504209512726632&type=branch&page=3&page_size=10&fields=items.point%2Citems.name%2Citems.address_name%2Citems.reviews HTTP/1.1" 200 133
2025-10-30 20:33:14,573 - DEBUG - [получить_поликлиники_в_районе] - Статус ответа: 200
2025-10-30 20:33:14,573 - WARNING - [получить_поликлиники_в_районе] - На странице 3 нет данных в ожидаемом формате
2025-10-30 20:33:15,074 - DEBUG - [получить_поликлиники_в_районе] - Запрос страницы 4 для района Очаково-Матвеевское
2025-10-30 20:33:15,075 - DEBUG - [_new_conn] - Starting new HTTPS connection (1): catalog.api.2gis.com:443
2025-10-30 20:33:15,465 - DEBUG - [_make_request] - https://catalog.api.2gis.com:443 "GET /3.0/items?key=2e3b8ee1-dca8-47ab-99a0-bb8cfce53698&q=%D0%BF%D0%BE%D0%BB%D0%B8%D0%BA%D0%BB%D0%B8%D0%BD%D0%B8%D0%BA%D0%B0&district_id=4504209512726632&type=branch&page=4&page_size=10&fields=items.point%2Citems.name%2Citems.address_name%2Citems.reviews HTTP/1.1" 200 133
2025-10-30 20:33:15,466 - DEBUG - [получить_поликлиники_в_районе] - Статус ответа: 200
2025-10-30 20:33:15,466 - WARNING - [получить_поликлиники_в_районе] - На странице 4 нет данных в ожидаемом формате
2025-10-30 20:33:15,967 - DEBUG - [получить_поликлиники_в_районе] - Запрос страницы 5 для района Очаково-Матвеевское
2025-10-30 20:33:15,969 - DEBUG - [_new_conn] - Starting new HTTPS connection (1): catalog.api.2gis.com:443
2025-10-30 20:33:16,354 - DEBUG - [_make_request] - https://catalog.api.2gis.com:443 "GET /3.0/items?key=2e3b8ee1-dca8-47ab-99a0-bb8cfce53698&q=%D0%BF%D0%BE%D0%BB%D0%B8%D0%BA%D0%BB%D0%B8%D0%BD%D0%B8%D0%BA%D0%B0&district_id=4504209512726632&type=branch&page=5&page_size=10&fields=items.point%2Citems.name%2Citems.address_name%2Citems.reviews HTTP/1.1" 200 133
2025-10-30 20:33:16,355 - DEBUG - [получить_поликлиники_в_районе] - Статус ответа: 200
2025-10-30 20:33:16,355 - WARNING - [получить_поликлиники_в_районе] - На странице 5 нет данных в ожидаемом формате
2025-10-30 20:33:16,356 - INFO - [получить_поликлиники_в_районе] - Завершение сбора для района Очаково-Матвеевское. Найдено поликлиник: 6
2025-10-30 20:33:16,357 - INFO - [<cell line: 0>] - Район 'Очаково-Матвеевское' завершен. Поликлиник: 6
2025-10-30 20:33:17,359 - INFO - [<cell line: 0>] - [81/132] Обработка района: Перово
2025-10-30 20:33:17,361 - INFO - [получить_поликлиники_в_районе] - Начало сбора поликлиник для района: Перово (ID: 4504209512726581)
2025-10-30 20:33:17,362 - DEBUG - [получить_поликлиники_в_районе] - Запрос страницы 1 для района Перово
2025-10-30 20:33:17,365 - DEBUG - [_new_conn] - Starting new HTTPS connection (1): catalog.api.2gis.com:443
2025-10-30 20:33:17,751 - DEBUG - [_make_request] - https://catalog.api.2gis.com:443 "GET /3.0/items?key=2e3b8ee1-dca8-47ab-99a0-bb8cfce53698&q=%D0%BF%D0%BE%D0%BB%D0%B8%D0%BA%D0%BB%D0%B8%D0%BD%D0%B8%D0%BA%D0%B0&district_id=4504209512726581&type=branch&page=1&page_size=10&fields=items.point%2Citems.name%2Citems.address_name%2Citems.reviews HTTP/1.1" 200 None
2025-10-30 20:33:17,752 - DEBUG - [получить_поликлиники_в_районе] - Статус ответа: 200
2025-10-30 20:33:17,753 - INFO - [получить_поликлиники_в_районе] - Загружено 6 поликлиник со страницы 1
2025-10-30 20:33:18,254 - DEBUG - [получить_поликлиники_в_районе] - Запрос страницы 2 для района Перово
2025-10-30 20:33:18,256 - DEBUG - [_new_conn] - Starting new HTTPS connection (1): catalog.api.2gis.com:443
2025-10-30 20:33:18,635 - DEBUG - [_make_request] - https://catalog.api.2gis.com:443 "GET /3.0/items?key=2e3b8ee1-dca8-47ab-99a0-bb8cfce53698&q=%D0%BF%D0%BE%D0%BB%D0%B8%D0%BA%D0%BB%D0%B8%D0%BD%D0%B8%D0%BA%D0%B0&district_id=4504209512726581&type=branch&page=2&page_size=10&fields=items.point%2Citems.name%2Citems.address_name%2Citems.reviews HTTP/1.1" 200 133
2025-10-30 20:33:18,636 - DEBUG - [получить_поликлиники_в_районе] - Статус ответа: 200
2025-10-30 20:33:18,636 - WARNING - [получить_поликлиники_в_районе] - На странице 2 нет данных в ожидаемом формате
2025-10-30 20:33:19,137 - DEBUG - [получить_поликлиники_в_районе] - Запрос страницы 3 для района Перово
2025-10-30 20:33:19,139 - DEBUG - [_new_conn] - Starting new HTTPS connection (1): catalog.api.2gis.com:443
2025-10-30 20:33:19,539 - DEBUG - [_make_request] - https://catalog.api.2gis.com:443 "GET /3.0/items?key=2e3b8ee1-dca8-47ab-99a0-bb8cfce53698&q=%D0%BF%D0%BE%D0%BB%D0%B8%D0%BA%D0%BB%D0%B8%D0%BD%D0%B8%D0%BA%D0%B0&district_id=4504209512726581&type=branch&page=3&page_size=10&fields=items.point%2Citems.name%2Citems.address_name%2Citems.reviews HTTP/1.1" 200 133
2025-10-30 20:33:19,540 - DEBUG - [получить_поликлиники_в_районе] - Статус ответа: 200
2025-10-30 20:33:19,540 - WARNING - [получить_поликлиники_в_районе] - На странице 3 нет данных в ожидаемом формате
2025-10-30 20:33:20,041 - DEBUG - [получить_поликлиники_в_районе] - Запрос страницы 4 для района Перово
2025-10-30 20:33:20,042 - DEBUG - [_new_conn] - Starting new HTTPS connection (1): catalog.api.2gis.com:443
2025-10-30 20:33:20,421 - DEBUG - [_make_request] - https://catalog.api.2gis.com:443 "GET /3.0/items?key=2e3b8ee1-dca8-47ab-99a0-bb8cfce53698&q=%D0%BF%D0%BE%D0%BB%D0%B8%D0%BA%D0%BB%D0%B8%D0%BD%D0%B8%D0%BA%D0%B0&district_id=4504209512726581&type=branch&page=4&page_size=10&fields=items.point%2Citems.name%2Citems.address_name%2Citems.reviews HTTP/1.1" 200 133
2025-10-30 20:33:20,422 - DEBUG - [получить_поликлиники_в_районе] - Статус ответа: 200
2025-10-30 20:33:20,422 - WARNING - [получить_поликлиники_в_районе] - На странице 4 нет данных в ожидаемом формате
2025-10-30 20:33:20,923 - DEBUG - [получить_поликлиники_в_районе] - Запрос страницы 5 для района Перово
2025-10-30 20:33:20,924 - DEBUG - [_new_conn] - Starting new HTTPS connection (1): catalog.api.2gis.com:443
2025-10-30 20:33:21,301 - DEBUG - [_make_request] - https://catalog.api.2gis.com:443 "GET /3.0/items?key=2e3b8ee1-dca8-47ab-99a0-bb8cfce53698&q=%D0%BF%D0%BE%D0%BB%D0%B8%D0%BA%D0%BB%D0%B8%D0%BD%D0%B8%D0%BA%D0%B0&district_id=4504209512726581&type=branch&page=5&page_size=10&fields=items.point%2Citems.name%2Citems.address_name%2Citems.reviews HTTP/1.1" 200 133
2025-10-30 20:33:21,302 - DEBUG - [получить_поликлиники_в_районе] - Статус ответа: 200
2025-10-30 20:33:21,302 - WARNING - [получить_поликлиники_в_районе] - На странице 5 нет данных в ожидаемом формате
2025-10-30 20:33:21,303 - INFO - [получить_поликлиники_в_районе] - Завершение сбора для района Перово. Найдено поликлиник: 6
2025-10-30 20:33:21,304 - INFO - [<cell line: 0>] - Район 'Перово' завершен. Поликлиник: 6
2025-10-30 20:33:22,305 - INFO - [<cell line: 0>] - [82/132] Обработка района: Печатники
2025-10-30 20:33:22,306 - INFO - [получить_поликлиники_в_районе] - Начало сбора поликлиник для района: Печатники (ID: 4504209512726593)
2025-10-30 20:33:22,307 - DEBUG - [получить_поликлиники_в_районе] - Запрос страницы 1 для района Печатники
2025-10-30 20:33:22,310 - DEBUG - [_new_conn] - Starting new HTTPS connection (1): catalog.api.2gis.com:443
2025-10-30 20:33:22,689 - DEBUG - [_make_request] - https://catalog.api.2gis.com:443 "GET /3.0/items?key=2e3b8ee1-dca8-47ab-99a0-bb8cfce53698&q=%D0%BF%D0%BE%D0%BB%D0%B8%D0%BA%D0%BB%D0%B8%D0%BD%D0%B8%D0%BA%D0%B0&district_id=4504209512726593&type=branch&page=1&page_size=10&fields=items.point%2Citems.name%2Citems.address_name%2Citems.reviews HTTP/1.1" 200 None
2025-10-30 20:33:22,689 - DEBUG - [получить_поликлиники_в_районе] - Статус ответа: 200
2025-10-30 20:33:22,690 - INFO - [получить_поликлиники_в_районе] - Загружено 5 поликлиник со страницы 1
2025-10-30 20:33:23,191 - DEBUG - [получить_поликлиники_в_районе] - Запрос страницы 2 для района Печатники
2025-10-30 20:33:23,192 - DEBUG - [_new_conn] - Starting new HTTPS connection (1): catalog.api.2gis.com:443
2025-10-30 20:33:23,582 - DEBUG - [_make_request] - https://catalog.api.2gis.com:443 "GET /3.0/items?key=2e3b8ee1-dca8-47ab-99a0-bb8cfce53698&q=%D0%BF%D0%BE%D0%BB%D0%B8%D0%BA%D0%BB%D0%B8%D0%BD%D0%B8%D0%BA%D0%B0&district_id=4504209512726593&type=branch&page=2&page_size=10&fields=items.point%2Citems.name%2Citems.address_name%2Citems.reviews HTTP/1.1" 200 133
2025-10-30 20:33:23,583 - DEBUG - [получить_поликлиники_в_районе] - Статус ответа: 200
2025-10-30 20:33:23,583 - WARNING - [получить_поликлиники_в_районе] - На странице 2 нет данных в ожидаемом формате
2025-10-30 20:33:24,084 - DEBUG - [получить_поликлиники_в_районе] - Запрос страницы 3 для района Печатники
2025-10-30 20:33:24,085 - DEBUG - [_new_conn] - Starting new HTTPS connection (1): catalog.api.2gis.com:443
2025-10-30 20:33:24,467 - DEBUG - [_make_request] - https://catalog.api.2gis.com:443 "GET /3.0/items?key=2e3b8ee1-dca8-47ab-99a0-bb8cfce53698&q=%D0%BF%D0%BE%D0%BB%D0%B8%D0%BA%D0%BB%D0%B8%D0%BD%D0%B8%D0%BA%D0%B0&district_id=4504209512726593&type=branch&page=3&page_size=10&fields=items.point%2Citems.name%2Citems.address_name%2Citems.reviews HTTP/1.1" 200 133
2025-10-30 20:33:24,468 - DEBUG - [получить_поликлиники_в_районе] - Статус ответа: 200
2025-10-30 20:33:24,468 - WARNING - [получить_поликлиники_в_районе] - На странице 3 нет данных в ожидаемом формате
2025-10-30 20:33:24,969 - DEBUG - [получить_поликлиники_в_районе] - Запрос страницы 4 для района Печатники
2025-10-30 20:33:24,970 - DEBUG - [_new_conn] - Starting new HTTPS connection (1): catalog.api.2gis.com:443
2025-10-30 20:33:25,356 - DEBUG - [_make_request] - https://catalog.api.2gis.com:443 "GET /3.0/items?key=2e3b8ee1-dca8-47ab-99a0-bb8cfce53698&q=%D0%BF%D0%BE%D0%BB%D0%B8%D0%BA%D0%BB%D0%B8%D0%BD%D0%B8%D0%BA%D0%B0&district_id=4504209512726593&type=branch&page=4&page_size=10&fields=items.point%2Citems.name%2Citems.address_name%2Citems.reviews HTTP/1.1" 200 133
2025-10-30 20:33:25,357 - DEBUG - [получить_поликлиники_в_районе] - Статус ответа: 200
2025-10-30 20:33:25,357 - WARNING - [получить_поликлиники_в_районе] - На странице 4 нет данных в ожидаемом формате
2025-10-30 20:33:25,858 - DEBUG - [получить_поликлиники_в_районе] - Запрос страницы 5 для района Печатники
2025-10-30 20:33:25,859 - DEBUG - [_new_conn] - Starting new HTTPS connection (1): catalog.api.2gis.com:443
2025-10-30 20:33:26,240 - DEBUG - [_make_request] - https://catalog.api.2gis.com:443 "GET /3.0/items?key=2e3b8ee1-dca8-47ab-99a0-bb8cfce53698&q=%D0%BF%D0%BE%D0%BB%D0%B8%D0%BA%D0%BB%D0%B8%D0%BD%D0%B8%D0%BA%D0%B0&district_id=4504209512726593&type=branch&page=5&page_size=10&fields=items.point%2Citems.name%2Citems.address_name%2Citems.reviews HTTP/1.1" 200 133
2025-10-30 20:33:26,241 - DEBUG - [получить_поликлиники_в_районе] - Статус ответа: 200
2025-10-30 20:33:26,241 - WARNING - [получить_поликлиники_в_районе] - На странице 5 нет данных в ожидаемом формате
2025-10-30 20:33:26,242 - INFO - [получить_поликлиники_в_районе] - Завершение сбора для района Печатники. Найдено поликлиник: 5
2025-10-30 20:33:26,244 - INFO - [<cell line: 0>] - Район 'Печатники' завершен. Поликлиник: 5
2025-10-30 20:33:27,246 - INFO - [<cell line: 0>] - [83/132] Обработка района: Покровское-Стрешнево
2025-10-30 20:33:27,247 - INFO - [получить_поликлиники_в_районе] - Начало сбора поликлиник для района: Покровское-Стрешнево (ID: 4504209512726650)
2025-10-30 20:33:27,248 - DEBUG - [получить_поликлиники_в_районе] - Запрос страницы 1 для района Покровское-Стрешнево
2025-10-30 20:33:27,250 - DEBUG - [_new_conn] - Starting new HTTPS connection (1): catalog.api.2gis.com:443
2025-10-30 20:33:27,647 - DEBUG - [_make_request] - https://catalog.api.2gis.com:443 "GET /3.0/items?key=2e3b8ee1-dca8-47ab-99a0-bb8cfce53698&q=%D0%BF%D0%BE%D0%BB%D0%B8%D0%BA%D0%BB%D0%B8%D0%BD%D0%B8%D0%BA%D0%B0&district_id=4504209512726650&type=branch&page=1&page_size=10&fields=items.point%2Citems.name%2Citems.address_name%2Citems.reviews HTTP/1.1" 200 None
2025-10-30 20:33:27,648 - DEBUG - [получить_поликлиники_в_районе] - Статус ответа: 200
2025-10-30 20:33:27,648 - INFO - [получить_поликлиники_в_районе] - Загружено 9 поликлиник со страницы 1
2025-10-30 20:33:28,149 - DEBUG - [получить_поликлиники_в_районе] - Запрос страницы 2 для района Покровское-Стрешнево
2025-10-30 20:33:28,150 - DEBUG - [_new_conn] - Starting new HTTPS connection (1): catalog.api.2gis.com:443
2025-10-30 20:33:28,519 - DEBUG - [_make_request] - https://catalog.api.2gis.com:443 "GET /3.0/items?key=2e3b8ee1-dca8-47ab-99a0-bb8cfce53698&q=%D0%BF%D0%BE%D0%BB%D0%B8%D0%BA%D0%BB%D0%B8%D0%BD%D0%B8%D0%BA%D0%B0&district_id=4504209512726650&type=branch&page=2&page_size=10&fields=items.point%2Citems.name%2Citems.address_name%2Citems.reviews HTTP/1.1" 200 133
2025-10-30 20:33:28,520 - DEBUG - [получить_поликлиники_в_районе] - Статус ответа: 200
2025-10-30 20:33:28,521 - WARNING - [получить_поликлиники_в_районе] - На странице 2 нет данных в ожидаемом формате
2025-10-30 20:33:29,023 - DEBUG - [получить_поликлиники_в_районе] - Запрос страницы 3 для района Покровское-Стрешнево
2025-10-30 20:33:29,025 - DEBUG - [_new_conn] - Starting new HTTPS connection (1): catalog.api.2gis.com:443
2025-10-30 20:33:29,424 - DEBUG - [_make_request] - https://catalog.api.2gis.com:443 "GET /3.0/items?key=2e3b8ee1-dca8-47ab-99a0-bb8cfce53698&q=%D0%BF%D0%BE%D0%BB%D0%B8%D0%BA%D0%BB%D0%B8%D0%BD%D0%B8%D0%BA%D0%B0&district_id=4504209512726650&type=branch&page=3&page_size=10&fields=items.point%2Citems.name%2Citems.address_name%2Citems.reviews HTTP/1.1" 200 133
2025-10-30 20:33:29,425 - DEBUG - [получить_поликлиники_в_районе] - Статус ответа: 200
2025-10-30 20:33:29,425 - WARNING - [получить_поликлиники_в_районе] - На странице 3 нет данных в ожидаемом формате
2025-10-30 20:33:29,926 - DEBUG - [получить_поликлиники_в_районе] - Запрос страницы 4 для района Покровское-Стрешнево
2025-10-30 20:33:29,928 - DEBUG - [_new_conn] - Starting new HTTPS connection (1): catalog.api.2gis.com:443
2025-10-30 20:33:30,308 - DEBUG - [_make_request] - https://catalog.api.2gis.com:443 "GET /3.0/items?key=2e3b8ee1-dca8-47ab-99a0-bb8cfce53698&q=%D0%BF%D0%BE%D0%BB%D0%B8%D0%BA%D0%BB%D0%B8%D0%BD%D0%B8%D0%BA%D0%B0&district_id=4504209512726650&type=branch&page=4&page_size=10&fields=items.point%2Citems.name%2Citems.address_name%2Citems.reviews HTTP/1.1" 200 133
2025-10-30 20:33:30,309 - DEBUG - [получить_поликлиники_в_районе] - Статус ответа: 200
2025-10-30 20:33:30,310 - WARNING - [получить_поликлиники_в_районе] - На странице 4 нет данных в ожидаемом формате
2025-10-30 20:33:30,811 - DEBUG - [получить_поликлиники_в_районе] - Запрос страницы 5 для района Покровское-Стрешнево
2025-10-30 20:33:30,812 - DEBUG - [_new_conn] - Starting new HTTPS connection (1): catalog.api.2gis.com:443
2025-10-30 20:33:31,205 - DEBUG - [_make_request] - https://catalog.api.2gis.com:443 "GET /3.0/items?key=2e3b8ee1-dca8-47ab-99a0-bb8cfce53698&q=%D0%BF%D0%BE%D0%BB%D0%B8%D0%BA%D0%BB%D0%B8%D0%BD%D0%B8%D0%BA%D0%B0&district_id=4504209512726650&type=branch&page=5&page_size=10&fields=items.point%2Citems.name%2Citems.address_name%2Citems.reviews HTTP/1.1" 200 133
2025-10-30 20:33:31,206 - DEBUG - [получить_поликлиники_в_районе] - Статус ответа: 200
2025-10-30 20:33:31,206 - WARNING - [получить_поликлиники_в_районе] - На странице 5 нет данных в ожидаемом формате
2025-10-30 20:33:31,207 - INFO - [получить_поликлиники_в_районе] - Завершение сбора для района Покровское-Стрешнево. Найдено поликлиник: 9
2025-10-30 20:33:31,210 - INFO - [<cell line: 0>] - Район 'Покровское-Стрешнево' завершен. Поликлиник: 9
2025-10-30 20:33:32,211 - INFO - [<cell line: 0>] - [84/132] Обработка района: Преображенское
2025-10-30 20:33:32,212 - INFO - [получить_поликлиники_в_районе] - Начало сбора поликлиник для района: Преображенское (ID: 4504209512726584)
2025-10-30 20:33:32,213 - DEBUG - [получить_поликлиники_в_районе] - Запрос страницы 1 для района Преображенское
2025-10-30 20:33:32,214 - DEBUG - [_new_conn] - Starting new HTTPS connection (1): catalog.api.2gis.com:443
2025-10-30 20:33:32,590 - DEBUG - [_make_request] - https://catalog.api.2gis.com:443 "GET /3.0/items?key=2e3b8ee1-dca8-47ab-99a0-bb8cfce53698&q=%D0%BF%D0%BE%D0%BB%D0%B8%D0%BA%D0%BB%D0%B8%D0%BD%D0%B8%D0%BA%D0%B0&district_id=4504209512726584&type=branch&page=1&page_size=10&fields=items.point%2Citems.name%2Citems.address_name%2Citems.reviews HTTP/1.1" 200 None
2025-10-30 20:33:32,591 - DEBUG - [получить_поликлиники_в_районе] - Статус ответа: 200
2025-10-30 20:33:32,591 - INFO - [получить_поликлиники_в_районе] - Загружено 5 поликлиник со страницы 1
2025-10-30 20:33:33,092 - DEBUG - [получить_поликлиники_в_районе] - Запрос страницы 2 для района Преображенское
2025-10-30 20:33:33,093 - DEBUG - [_new_conn] - Starting new HTTPS connection (1): catalog.api.2gis.com:443
2025-10-30 20:33:33,484 - DEBUG - [_make_request] - https://catalog.api.2gis.com:443 "GET /3.0/items?key=2e3b8ee1-dca8-47ab-99a0-bb8cfce53698&q=%D0%BF%D0%BE%D0%BB%D0%B8%D0%BA%D0%BB%D0%B8%D0%BD%D0%B8%D0%BA%D0%B0&district_id=4504209512726584&type=branch&page=2&page_size=10&fields=items.point%2Citems.name%2Citems.address_name%2Citems.reviews HTTP/1.1" 200 133
2025-10-30 20:33:33,485 - DEBUG - [получить_поликлиники_в_районе] - Статус ответа: 200
2025-10-30 20:33:33,485 - WARNING - [получить_поликлиники_в_районе] - На странице 2 нет данных в ожидаемом формате
2025-10-30 20:33:33,986 - DEBUG - [получить_поликлиники_в_районе] - Запрос страницы 3 для района Преображенское
2025-10-30 20:33:33,987 - DEBUG - [_new_conn] - Starting new HTTPS connection (1): catalog.api.2gis.com:443
2025-10-30 20:33:34,368 - DEBUG - [_make_request] - https://catalog.api.2gis.com:443 "GET /3.0/items?key=2e3b8ee1-dca8-47ab-99a0-bb8cfce53698&q=%D0%BF%D0%BE%D0%BB%D0%B8%D0%BA%D0%BB%D0%B8%D0%BD%D0%B8%D0%BA%D0%B0&district_id=4504209512726584&type=branch&page=3&page_size=10&fields=items.point%2Citems.name%2Citems.address_name%2Citems.reviews HTTP/1.1" 200 133
2025-10-30 20:33:34,369 - DEBUG - [получить_поликлиники_в_районе] - Статус ответа: 200
2025-10-30 20:33:34,369 - WARNING - [получить_поликлиники_в_районе] - На странице 3 нет данных в ожидаемом формате
2025-10-30 20:33:34,870 - DEBUG - [получить_поликлиники_в_районе] - Запрос страницы 4 для района Преображенское
2025-10-30 20:33:34,871 - DEBUG - [_new_conn] - Starting new HTTPS connection (1): catalog.api.2gis.com:443
2025-10-30 20:33:35,249 - DEBUG - [_make_request] - https://catalog.api.2gis.com:443 "GET /3.0/items?key=2e3b8ee1-dca8-47ab-99a0-bb8cfce53698&q=%D0%BF%D0%BE%D0%BB%D0%B8%D0%BA%D0%BB%D0%B8%D0%BD%D0%B8%D0%BA%D0%B0&district_id=4504209512726584&type=branch&page=4&page_size=10&fields=items.point%2Citems.name%2Citems.address_name%2Citems.reviews HTTP/1.1" 200 133
2025-10-30 20:33:35,250 - DEBUG - [получить_поликлиники_в_районе] - Статус ответа: 200
2025-10-30 20:33:35,251 - WARNING - [получить_поликлиники_в_районе] - На странице 4 нет данных в ожидаемом формате
2025-10-30 20:33:35,752 - DEBUG - [получить_поликлиники_в_районе] - Запрос страницы 5 для района Преображенское
2025-10-30 20:33:35,753 - DEBUG - [_new_conn] - Starting new HTTPS connection (1): catalog.api.2gis.com:443
2025-10-30 20:33:36,154 - DEBUG - [_make_request] - https://catalog.api.2gis.com:443 "GET /3.0/items?key=2e3b8ee1-dca8-47ab-99a0-bb8cfce53698&q=%D0%BF%D0%BE%D0%BB%D0%B8%D0%BA%D0%BB%D0%B8%D0%BD%D0%B8%D0%BA%D0%B0&district_id=4504209512726584&type=branch&page=5&page_size=10&fields=items.point%2Citems.name%2Citems.address_name%2Citems.reviews HTTP/1.1" 200 133
2025-10-30 20:33:36,155 - DEBUG - [получить_поликлиники_в_районе] - Статус ответа: 200
2025-10-30 20:33:36,155 - WARNING - [получить_поликлиники_в_районе] - На странице 5 нет данных в ожидаемом формате
2025-10-30 20:33:36,156 - INFO - [получить_поликлиники_в_районе] - Завершение сбора для района Преображенское. Найдено поликлиник: 5
2025-10-30 20:33:36,157 - INFO - [<cell line: 0>] - Район 'Преображенское' завершен. Поликлиник: 5
2025-10-30 20:33:37,158 - INFO - [<cell line: 0>] - [85/132] Обработка района: Пресненский
2025-10-30 20:33:37,159 - INFO - [получить_поликлиники_в_районе] - Начало сбора поликлиник для района: Пресненский (ID: 4504209512726539)
2025-10-30 20:33:37,161 - DEBUG - [получить_поликлиники_в_районе] - Запрос страницы 1 для района Пресненский
2025-10-30 20:33:37,162 - DEBUG - [_new_conn] - Starting new HTTPS connection (1): catalog.api.2gis.com:443
2025-10-30 20:33:37,554 - DEBUG - [_make_request] - https://catalog.api.2gis.com:443 "GET /3.0/items?key=2e3b8ee1-dca8-47ab-99a0-bb8cfce53698&q=%D0%BF%D0%BE%D0%BB%D0%B8%D0%BA%D0%BB%D0%B8%D0%BD%D0%B8%D0%BA%D0%B0&district_id=4504209512726539&type=branch&page=1&page_size=10&fields=items.point%2Citems.name%2Citems.address_name%2Citems.reviews HTTP/1.1" 200 None
2025-10-30 20:33:37,555 - DEBUG - [получить_поликлиники_в_районе] - Статус ответа: 200
2025-10-30 20:33:37,555 - INFO - [получить_поликлиники_в_районе] - Загружено 10 поликлиник со страницы 1
2025-10-30 20:33:38,056 - DEBUG - [получить_поликлиники_в_районе] - Запрос страницы 2 для района Пресненский
2025-10-30 20:33:38,057 - DEBUG - [_new_conn] - Starting new HTTPS connection (1): catalog.api.2gis.com:443
2025-10-30 20:33:38,466 - DEBUG - [_make_request] - https://catalog.api.2gis.com:443 "GET /3.0/items?key=2e3b8ee1-dca8-47ab-99a0-bb8cfce53698&q=%D0%BF%D0%BE%D0%BB%D0%B8%D0%BA%D0%BB%D0%B8%D0%BD%D0%B8%D0%BA%D0%B0&district_id=4504209512726539&type=branch&page=2&page_size=10&fields=items.point%2Citems.name%2Citems.address_name%2Citems.reviews HTTP/1.1" 200 None
2025-10-30 20:33:38,467 - DEBUG - [получить_поликлиники_в_районе] - Статус ответа: 200
2025-10-30 20:33:38,467 - INFO - [получить_поликлиники_в_районе] - Загружено 10 поликлиник со страницы 2
2025-10-30 20:33:38,968 - DEBUG - [получить_поликлиники_в_районе] - Запрос страницы 3 для района Пресненский
2025-10-30 20:33:38,970 - DEBUG - [_new_conn] - Starting new HTTPS connection (1): catalog.api.2gis.com:443
2025-10-30 20:33:39,365 - DEBUG - [_make_request] - https://catalog.api.2gis.com:443 "GET /3.0/items?key=2e3b8ee1-dca8-47ab-99a0-bb8cfce53698&q=%D0%BF%D0%BE%D0%BB%D0%B8%D0%BA%D0%BB%D0%B8%D0%BD%D0%B8%D0%BA%D0%B0&district_id=4504209512726539&type=branch&page=3&page_size=10&fields=items.point%2Citems.name%2Citems.address_name%2Citems.reviews HTTP/1.1" 200 None
2025-10-30 20:33:39,366 - DEBUG - [получить_поликлиники_в_районе] - Статус ответа: 200
2025-10-30 20:33:39,366 - INFO - [получить_поликлиники_в_районе] - Загружено 10 поликлиник со страницы 3
2025-10-30 20:33:39,867 - DEBUG - [получить_поликлиники_в_районе] - Запрос страницы 4 для района Пресненский
2025-10-30 20:33:39,869 - DEBUG - [_new_conn] - Starting new HTTPS connection (1): catalog.api.2gis.com:443
2025-10-30 20:33:40,367 - DEBUG - [_make_request] - https://catalog.api.2gis.com:443 "GET /3.0/items?key=2e3b8ee1-dca8-47ab-99a0-bb8cfce53698&q=%D0%BF%D0%BE%D0%BB%D0%B8%D0%BA%D0%BB%D0%B8%D0%BD%D0%B8%D0%BA%D0%B0&district_id=4504209512726539&type=branch&page=4&page_size=10&fields=items.point%2Citems.name%2Citems.address_name%2Citems.reviews HTTP/1.1" 200 None
2025-10-30 20:33:40,368 - DEBUG - [получить_поликлиники_в_районе] - Статус ответа: 200
2025-10-30 20:33:40,369 - INFO - [получить_поликлиники_в_районе] - Загружено 10 поликлиник со страницы 4
2025-10-30 20:33:40,870 - DEBUG - [получить_поликлиники_в_районе] - Запрос страницы 5 для района Пресненский
2025-10-30 20:33:40,871 - DEBUG - [_new_conn] - Starting new HTTPS connection (1): catalog.api.2gis.com:443
2025-10-30 20:33:41,249 - DEBUG - [_make_request] - https://catalog.api.2gis.com:443 "GET /3.0/items?key=2e3b8ee1-dca8-47ab-99a0-bb8cfce53698&q=%D0%BF%D0%BE%D0%BB%D0%B8%D0%BA%D0%BB%D0%B8%D0%BD%D0%B8%D0%BA%D0%B0&district_id=4504209512726539&type=branch&page=5&page_size=10&fields=items.point%2Citems.name%2Citems.address_name%2Citems.reviews HTTP/1.1" 200 None
2025-10-30 20:33:41,251 - DEBUG - [получить_поликлиники_в_районе] - Статус ответа: 200
2025-10-30 20:33:41,251 - INFO - [получить_поликлиники_в_районе] - Загружено 3 поликлиник со страницы 5
2025-10-30 20:33:41,252 - INFO - [получить_поликлиники_в_районе] - Завершение сбора для района Пресненский. Найдено поликлиник: 43
2025-10-30 20:33:41,255 - INFO - [<cell line: 0>] - Район 'Пресненский' завершен. Поликлиник: 43
2025-10-30 20:33:42,258 - INFO - [<cell line: 0>] - [86/132] Обработка района: Проспект Вернадского
2025-10-30 20:33:42,259 - INFO - [получить_поликлиники_в_районе] - Начало сбора поликлиник для района: Проспект Вернадского (ID: 4504209512726631)
2025-10-30 20:33:42,260 - DEBUG - [получить_поликлиники_в_районе] - Запрос страницы 1 для района Проспект Вернадского
2025-10-30 20:33:42,261 - DEBUG - [_new_conn] - Starting new HTTPS connection (1): catalog.api.2gis.com:443
2025-10-30 20:33:42,750 - DEBUG - [_make_request] - https://catalog.api.2gis.com:443 "GET /3.0/items?key=2e3b8ee1-dca8-47ab-99a0-bb8cfce53698&q=%D0%BF%D0%BE%D0%BB%D0%B8%D0%BA%D0%BB%D0%B8%D0%BD%D0%B8%D0%BA%D0%B0&district_id=4504209512726631&type=branch&page=1&page_size=10&fields=items.point%2Citems.name%2Citems.address_name%2Citems.reviews HTTP/1.1" 200 None
2025-10-30 20:33:42,751 - DEBUG - [получить_поликлиники_в_районе] - Статус ответа: 200
2025-10-30 20:33:42,751 - INFO - [получить_поликлиники_в_районе] - Загружено 6 поликлиник со страницы 1
2025-10-30 20:33:43,252 - DEBUG - [получить_поликлиники_в_районе] - Запрос страницы 2 для района Проспект Вернадского
2025-10-30 20:33:43,253 - DEBUG - [_new_conn] - Starting new HTTPS connection (1): catalog.api.2gis.com:443
2025-10-30 20:33:43,631 - DEBUG - [_make_request] - https://catalog.api.2gis.com:443 "GET /3.0/items?key=2e3b8ee1-dca8-47ab-99a0-bb8cfce53698&q=%D0%BF%D0%BE%D0%BB%D0%B8%D0%BA%D0%BB%D0%B8%D0%BD%D0%B8%D0%BA%D0%B0&district_id=4504209512726631&type=branch&page=2&page_size=10&fields=items.point%2Citems.name%2Citems.address_name%2Citems.reviews HTTP/1.1" 200 133
2025-10-30 20:33:43,632 - DEBUG - [получить_поликлиники_в_районе] - Статус ответа: 200
2025-10-30 20:33:43,633 - WARNING - [получить_поликлиники_в_районе] - На странице 2 нет данных в ожидаемом формате
2025-10-30 20:33:44,134 - DEBUG - [получить_поликлиники_в_районе] - Запрос страницы 3 для района Проспект Вернадского
2025-10-30 20:33:44,135 - DEBUG - [_new_conn] - Starting new HTTPS connection (1): catalog.api.2gis.com:443
2025-10-30 20:33:44,521 - DEBUG - [_make_request] - https://catalog.api.2gis.com:443 "GET /3.0/items?key=2e3b8ee1-dca8-47ab-99a0-bb8cfce53698&q=%D0%BF%D0%BE%D0%BB%D0%B8%D0%BA%D0%BB%D0%B8%D0%BD%D0%B8%D0%BA%D0%B0&district_id=4504209512726631&type=branch&page=3&page_size=10&fields=items.point%2Citems.name%2Citems.address_name%2Citems.reviews HTTP/1.1" 200 133
2025-10-30 20:33:44,522 - DEBUG - [получить_поликлиники_в_районе] - Статус ответа: 200
2025-10-30 20:33:44,522 - WARNING - [получить_поликлиники_в_районе] - На странице 3 нет данных в ожидаемом формате
2025-10-30 20:33:45,023 - DEBUG - [получить_поликлиники_в_районе] - Запрос страницы 4 для района Проспект Вернадского
2025-10-30 20:33:45,025 - DEBUG - [_new_conn] - Starting new HTTPS connection (1): catalog.api.2gis.com:443
2025-10-30 20:33:45,397 - DEBUG - [_make_request] - https://catalog.api.2gis.com:443 "GET /3.0/items?key=2e3b8ee1-dca8-47ab-99a0-bb8cfce53698&q=%D0%BF%D0%BE%D0%BB%D0%B8%D0%BA%D0%BB%D0%B8%D0%BD%D0%B8%D0%BA%D0%B0&district_id=4504209512726631&type=branch&page=4&page_size=10&fields=items.point%2Citems.name%2Citems.address_name%2Citems.reviews HTTP/1.1" 200 133
2025-10-30 20:33:45,398 - DEBUG - [получить_поликлиники_в_районе] - Статус ответа: 200
2025-10-30 20:33:45,398 - WARNING - [получить_поликлиники_в_районе] - На странице 4 нет данных в ожидаемом формате
2025-10-30 20:33:45,899 - DEBUG - [получить_поликлиники_в_районе] - Запрос страницы 5 для района Проспект Вернадского
2025-10-30 20:33:45,901 - DEBUG - [_new_conn] - Starting new HTTPS connection (1): catalog.api.2gis.com:443
2025-10-30 20:33:46,278 - DEBUG - [_make_request] - https://catalog.api.2gis.com:443 "GET /3.0/items?key=2e3b8ee1-dca8-47ab-99a0-bb8cfce53698&q=%D0%BF%D0%BE%D0%BB%D0%B8%D0%BA%D0%BB%D0%B8%D0%BD%D0%B8%D0%BA%D0%B0&district_id=4504209512726631&type=branch&page=5&page_size=10&fields=items.point%2Citems.name%2Citems.address_name%2Citems.reviews HTTP/1.1" 200 133
2025-10-30 20:33:46,279 - DEBUG - [получить_поликлиники_в_районе] - Статус ответа: 200
2025-10-30 20:33:46,279 - WARNING - [получить_поликлиники_в_районе] - На странице 5 нет данных в ожидаемом формате
2025-10-30 20:33:46,280 - INFO - [получить_поликлиники_в_районе] - Завершение сбора для района Проспект Вернадского. Найдено поликлиник: 6
2025-10-30 20:33:46,281 - INFO - [<cell line: 0>] - Район 'Проспект Вернадского' завершен. Поликлиник: 6
2025-10-30 20:33:47,282 - INFO - [<cell line: 0>] - [87/132] Обработка района: Раменки
2025-10-30 20:33:47,284 - INFO - [получить_поликлиники_в_районе] - Начало сбора поликлиник для района: Раменки (ID: 4504209512726639)
2025-10-30 20:33:47,286 - DEBUG - [получить_поликлиники_в_районе] - Запрос страницы 1 для района Раменки
2025-10-30 20:33:47,287 - DEBUG - [_new_conn] - Starting new HTTPS connection (1): catalog.api.2gis.com:443
2025-10-30 20:33:47,667 - DEBUG - [_make_request] - https://catalog.api.2gis.com:443 "GET /3.0/items?key=2e3b8ee1-dca8-47ab-99a0-bb8cfce53698&q=%D0%BF%D0%BE%D0%BB%D0%B8%D0%BA%D0%BB%D0%B8%D0%BD%D0%B8%D0%BA%D0%B0&district_id=4504209512726639&type=branch&page=1&page_size=10&fields=items.point%2Citems.name%2Citems.address_name%2Citems.reviews HTTP/1.1" 200 None
2025-10-30 20:33:47,668 - DEBUG - [получить_поликлиники_в_районе] - Статус ответа: 200
2025-10-30 20:33:47,668 - INFO - [получить_поликлиники_в_районе] - Загружено 10 поликлиник со страницы 1
2025-10-30 20:33:48,169 - DEBUG - [получить_поликлиники_в_районе] - Запрос страницы 2 для района Раменки
2025-10-30 20:33:48,170 - DEBUG - [_new_conn] - Starting new HTTPS connection (1): catalog.api.2gis.com:443
2025-10-30 20:33:48,549 - DEBUG - [_make_request] - https://catalog.api.2gis.com:443 "GET /3.0/items?key=2e3b8ee1-dca8-47ab-99a0-bb8cfce53698&q=%D0%BF%D0%BE%D0%BB%D0%B8%D0%BA%D0%BB%D0%B8%D0%BD%D0%B8%D0%BA%D0%B0&district_id=4504209512726639&type=branch&page=2&page_size=10&fields=items.point%2Citems.name%2Citems.address_name%2Citems.reviews HTTP/1.1" 200 None
2025-10-30 20:33:48,551 - DEBUG - [получить_поликлиники_в_районе] - Статус ответа: 200
2025-10-30 20:33:48,551 - INFO - [получить_поликлиники_в_районе] - Загружено 10 поликлиник со страницы 2
2025-10-30 20:33:49,052 - DEBUG - [получить_поликлиники_в_районе] - Запрос страницы 3 для района Раменки
2025-10-30 20:33:49,053 - DEBUG - [_new_conn] - Starting new HTTPS connection (1): catalog.api.2gis.com:443
2025-10-30 20:33:49,434 - DEBUG - [_make_request] - https://catalog.api.2gis.com:443 "GET /3.0/items?key=2e3b8ee1-dca8-47ab-99a0-bb8cfce53698&q=%D0%BF%D0%BE%D0%BB%D0%B8%D0%BA%D0%BB%D0%B8%D0%BD%D0%B8%D0%BA%D0%B0&district_id=4504209512726639&type=branch&page=3&page_size=10&fields=items.point%2Citems.name%2Citems.address_name%2Citems.reviews HTTP/1.1" 200 None
2025-10-30 20:33:49,435 - DEBUG - [получить_поликлиники_в_районе] - Статус ответа: 200
2025-10-30 20:33:49,435 - INFO - [получить_поликлиники_в_районе] - Загружено 4 поликлиник со страницы 3
2025-10-30 20:33:49,936 - DEBUG - [получить_поликлиники_в_районе] - Запрос страницы 4 для района Раменки
2025-10-30 20:33:49,937 - DEBUG - [_new_conn] - Starting new HTTPS connection (1): catalog.api.2gis.com:443
2025-10-30 20:33:50,317 - DEBUG - [_make_request] - https://catalog.api.2gis.com:443 "GET /3.0/items?key=2e3b8ee1-dca8-47ab-99a0-bb8cfce53698&q=%D0%BF%D0%BE%D0%BB%D0%B8%D0%BA%D0%BB%D0%B8%D0%BD%D0%B8%D0%BA%D0%B0&district_id=4504209512726639&type=branch&page=4&page_size=10&fields=items.point%2Citems.name%2Citems.address_name%2Citems.reviews HTTP/1.1" 200 133
2025-10-30 20:33:50,318 - DEBUG - [получить_поликлиники_в_районе] - Статус ответа: 200
2025-10-30 20:33:50,318 - WARNING - [получить_поликлиники_в_районе] - На странице 4 нет данных в ожидаемом формате
2025-10-30 20:33:50,819 - DEBUG - [получить_поликлиники_в_районе] - Запрос страницы 5 для района Раменки
2025-10-30 20:33:50,820 - DEBUG - [_new_conn] - Starting new HTTPS connection (1): catalog.api.2gis.com:443
2025-10-30 20:33:51,203 - DEBUG - [_make_request] - https://catalog.api.2gis.com:443 "GET /3.0/items?key=2e3b8ee1-dca8-47ab-99a0-bb8cfce53698&q=%D0%BF%D0%BE%D0%BB%D0%B8%D0%BA%D0%BB%D0%B8%D0%BD%D0%B8%D0%BA%D0%B0&district_id=4504209512726639&type=branch&page=5&page_size=10&fields=items.point%2Citems.name%2Citems.address_name%2Citems.reviews HTTP/1.1" 200 133
2025-10-30 20:33:51,204 - DEBUG - [получить_поликлиники_в_районе] - Статус ответа: 200
2025-10-30 20:33:51,204 - WARNING - [получить_поликлиники_в_районе] - На странице 5 нет данных в ожидаемом формате
2025-10-30 20:33:51,205 - INFO - [получить_поликлиники_в_районе] - Завершение сбора для района Раменки. Найдено поликлиник: 24
2025-10-30 20:33:51,207 - INFO - [<cell line: 0>] - Район 'Раменки' завершен. Поликлиник: 24
2025-10-30 20:33:52,209 - INFO - [<cell line: 0>] - [88/132] Обработка района: Ростокино
2025-10-30 20:33:52,210 - INFO - [получить_поликлиники_в_районе] - Начало сбора поликлиник для района: Ростокино (ID: 4504209512726558)
2025-10-30 20:33:52,211 - DEBUG - [получить_поликлиники_в_районе] - Запрос страницы 1 для района Ростокино
2025-10-30 20:33:52,212 - DEBUG - [_new_conn] - Starting new HTTPS connection (1): catalog.api.2gis.com:443
2025-10-30 20:33:52,601 - DEBUG - [_make_request] - https://catalog.api.2gis.com:443 "GET /3.0/items?key=2e3b8ee1-dca8-47ab-99a0-bb8cfce53698&q=%D0%BF%D0%BE%D0%BB%D0%B8%D0%BA%D0%BB%D0%B8%D0%BD%D0%B8%D0%BA%D0%B0&district_id=4504209512726558&type=branch&page=1&page_size=10&fields=items.point%2Citems.name%2Citems.address_name%2Citems.reviews HTTP/1.1" 200 None
2025-10-30 20:33:52,601 - DEBUG - [получить_поликлиники_в_районе] - Статус ответа: 200
2025-10-30 20:33:52,602 - INFO - [получить_поликлиники_в_районе] - Загружено 5 поликлиник со страницы 1
2025-10-30 20:33:53,103 - DEBUG - [получить_поликлиники_в_районе] - Запрос страницы 2 для района Ростокино
2025-10-30 20:33:53,106 - DEBUG - [_new_conn] - Starting new HTTPS connection (1): catalog.api.2gis.com:443
2025-10-30 20:33:53,483 - DEBUG - [_make_request] - https://catalog.api.2gis.com:443 "GET /3.0/items?key=2e3b8ee1-dca8-47ab-99a0-bb8cfce53698&q=%D0%BF%D0%BE%D0%BB%D0%B8%D0%BA%D0%BB%D0%B8%D0%BD%D0%B8%D0%BA%D0%B0&district_id=4504209512726558&type=branch&page=2&page_size=10&fields=items.point%2Citems.name%2Citems.address_name%2Citems.reviews HTTP/1.1" 200 133
2025-10-30 20:33:53,485 - DEBUG - [получить_поликлиники_в_районе] - Статус ответа: 200
2025-10-30 20:33:53,485 - WARNING - [получить_поликлиники_в_районе] - На странице 2 нет данных в ожидаемом формате
2025-10-30 20:33:53,986 - DEBUG - [получить_поликлиники_в_районе] - Запрос страницы 3 для района Ростокино
2025-10-30 20:33:53,987 - DEBUG - [_new_conn] - Starting new HTTPS connection (1): catalog.api.2gis.com:443
2025-10-30 20:33:54,372 - DEBUG - [_make_request] - https://catalog.api.2gis.com:443 "GET /3.0/items?key=2e3b8ee1-dca8-47ab-99a0-bb8cfce53698&q=%D0%BF%D0%BE%D0%BB%D0%B8%D0%BA%D0%BB%D0%B8%D0%BD%D0%B8%D0%BA%D0%B0&district_id=4504209512726558&type=branch&page=3&page_size=10&fields=items.point%2Citems.name%2Citems.address_name%2Citems.reviews HTTP/1.1" 200 133
2025-10-30 20:33:54,373 - DEBUG - [получить_поликлиники_в_районе] - Статус ответа: 200
2025-10-30 20:33:54,374 - WARNING - [получить_поликлиники_в_районе] - На странице 3 нет данных в ожидаемом формате
2025-10-30 20:33:54,874 - DEBUG - [получить_поликлиники_в_районе] - Запрос страницы 4 для района Ростокино
2025-10-30 20:33:54,876 - DEBUG - [_new_conn] - Starting new HTTPS connection (1): catalog.api.2gis.com:443
2025-10-30 20:33:55,255 - DEBUG - [_make_request] - https://catalog.api.2gis.com:443 "GET /3.0/items?key=2e3b8ee1-dca8-47ab-99a0-bb8cfce53698&q=%D0%BF%D0%BE%D0%BB%D0%B8%D0%BA%D0%BB%D0%B8%D0%BD%D0%B8%D0%BA%D0%B0&district_id=4504209512726558&type=branch&page=4&page_size=10&fields=items.point%2Citems.name%2Citems.address_name%2Citems.reviews HTTP/1.1" 200 133
2025-10-30 20:33:55,256 - DEBUG - [получить_поликлиники_в_районе] - Статус ответа: 200
2025-10-30 20:33:55,256 - WARNING - [получить_поликлиники_в_районе] - На странице 4 нет данных в ожидаемом формате
2025-10-30 20:33:55,757 - DEBUG - [получить_поликлиники_в_районе] - Запрос страницы 5 для района Ростокино
2025-10-30 20:33:55,758 - DEBUG - [_new_conn] - Starting new HTTPS connection (1): catalog.api.2gis.com:443
2025-10-30 20:33:56,145 - DEBUG - [_make_request] - https://catalog.api.2gis.com:443 "GET /3.0/items?key=2e3b8ee1-dca8-47ab-99a0-bb8cfce53698&q=%D0%BF%D0%BE%D0%BB%D0%B8%D0%BA%D0%BB%D0%B8%D0%BD%D0%B8%D0%BA%D0%B0&district_id=4504209512726558&type=branch&page=5&page_size=10&fields=items.point%2Citems.name%2Citems.address_name%2Citems.reviews HTTP/1.1" 200 133
2025-10-30 20:33:56,146 - DEBUG - [получить_поликлиники_в_районе] - Статус ответа: 200
2025-10-30 20:33:56,146 - WARNING - [получить_поликлиники_в_районе] - На странице 5 нет данных в ожидаемом формате
2025-10-30 20:33:56,147 - INFO - [получить_поликлиники_в_районе] - Завершение сбора для района Ростокино. Найдено поликлиник: 5
2025-10-30 20:33:56,149 - INFO - [<cell line: 0>] - Район 'Ростокино' завершен. Поликлиник: 5
2025-10-30 20:33:57,150 - INFO - [<cell line: 0>] - [89/132] Обработка района: Рязанский
2025-10-30 20:33:57,151 - INFO - [получить_поликлиники_в_районе] - Начало сбора поликлиник для района: Рязанский (ID: 4504209512726595)
2025-10-30 20:33:57,152 - DEBUG - [получить_поликлиники_в_районе] - Запрос страницы 1 для района Рязанский
2025-10-30 20:33:57,154 - DEBUG - [_new_conn] - Starting new HTTPS connection (1): catalog.api.2gis.com:443
2025-10-30 20:33:57,544 - DEBUG - [_make_request] - https://catalog.api.2gis.com:443 "GET /3.0/items?key=2e3b8ee1-dca8-47ab-99a0-bb8cfce53698&q=%D0%BF%D0%BE%D0%BB%D0%B8%D0%BA%D0%BB%D0%B8%D0%BD%D0%B8%D0%BA%D0%B0&district_id=4504209512726595&type=branch&page=1&page_size=10&fields=items.point%2Citems.name%2Citems.address_name%2Citems.reviews HTTP/1.1" 200 None
2025-10-30 20:33:57,544 - DEBUG - [получить_поликлиники_в_районе] - Статус ответа: 200
2025-10-30 20:33:57,544 - INFO - [получить_поликлиники_в_районе] - Загружено 5 поликлиник со страницы 1
2025-10-30 20:33:58,045 - DEBUG - [получить_поликлиники_в_районе] - Запрос страницы 2 для района Рязанский
2025-10-30 20:33:58,047 - DEBUG - [_new_conn] - Starting new HTTPS connection (1): catalog.api.2gis.com:443
2025-10-30 20:33:58,425 - DEBUG - [_make_request] - https://catalog.api.2gis.com:443 "GET /3.0/items?key=2e3b8ee1-dca8-47ab-99a0-bb8cfce53698&q=%D0%BF%D0%BE%D0%BB%D0%B8%D0%BA%D0%BB%D0%B8%D0%BD%D0%B8%D0%BA%D0%B0&district_id=4504209512726595&type=branch&page=2&page_size=10&fields=items.point%2Citems.name%2Citems.address_name%2Citems.reviews HTTP/1.1" 200 133
2025-10-30 20:33:58,426 - DEBUG - [получить_поликлиники_в_районе] - Статус ответа: 200
2025-10-30 20:33:58,426 - WARNING - [получить_поликлиники_в_районе] - На странице 2 нет данных в ожидаемом формате
2025-10-30 20:33:58,927 - DEBUG - [получить_поликлиники_в_районе] - Запрос страницы 3 для района Рязанский
2025-10-30 20:33:58,928 - DEBUG - [_new_conn] - Starting new HTTPS connection (1): catalog.api.2gis.com:443
2025-10-30 20:33:59,302 - DEBUG - [_make_request] - https://catalog.api.2gis.com:443 "GET /3.0/items?key=2e3b8ee1-dca8-47ab-99a0-bb8cfce53698&q=%D0%BF%D0%BE%D0%BB%D0%B8%D0%BA%D0%BB%D0%B8%D0%BD%D0%B8%D0%BA%D0%B0&district_id=4504209512726595&type=branch&page=3&page_size=10&fields=items.point%2Citems.name%2Citems.address_name%2Citems.reviews HTTP/1.1" 200 133
2025-10-30 20:33:59,304 - DEBUG - [получить_поликлиники_в_районе] - Статус ответа: 200
2025-10-30 20:33:59,304 - WARNING - [получить_поликлиники_в_районе] - На странице 3 нет данных в ожидаемом формате
2025-10-30 20:33:59,805 - DEBUG - [получить_поликлиники_в_районе] - Запрос страницы 4 для района Рязанский
2025-10-30 20:33:59,807 - DEBUG - [_new_conn] - Starting new HTTPS connection (1): catalog.api.2gis.com:443
2025-10-30 20:34:00,185 - DEBUG - [_make_request] - https://catalog.api.2gis.com:443 "GET /3.0/items?key=2e3b8ee1-dca8-47ab-99a0-bb8cfce53698&q=%D0%BF%D0%BE%D0%BB%D0%B8%D0%BA%D0%BB%D0%B8%D0%BD%D0%B8%D0%BA%D0%B0&district_id=4504209512726595&type=branch&page=4&page_size=10&fields=items.point%2Citems.name%2Citems.address_name%2Citems.reviews HTTP/1.1" 200 133
2025-10-30 20:34:00,186 - DEBUG - [получить_поликлиники_в_районе] - Статус ответа: 200
2025-10-30 20:34:00,186 - WARNING - [получить_поликлиники_в_районе] - На странице 4 нет данных в ожидаемом формате
2025-10-30 20:34:00,687 - DEBUG - [получить_поликлиники_в_районе] - Запрос страницы 5 для района Рязанский
2025-10-30 20:34:00,688 - DEBUG - [_new_conn] - Starting new HTTPS connection (1): catalog.api.2gis.com:443
2025-10-30 20:34:01,064 - DEBUG - [_make_request] - https://catalog.api.2gis.com:443 "GET /3.0/items?key=2e3b8ee1-dca8-47ab-99a0-bb8cfce53698&q=%D0%BF%D0%BE%D0%BB%D0%B8%D0%BA%D0%BB%D0%B8%D0%BD%D0%B8%D0%BA%D0%B0&district_id=4504209512726595&type=branch&page=5&page_size=10&fields=items.point%2Citems.name%2Citems.address_name%2Citems.reviews HTTP/1.1" 200 133
2025-10-30 20:34:01,065 - DEBUG - [получить_поликлиники_в_районе] - Статус ответа: 200
2025-10-30 20:34:01,065 - WARNING - [получить_поликлиники_в_районе] - На странице 5 нет данных в ожидаемом формате
2025-10-30 20:34:01,066 - INFO - [получить_поликлиники_в_районе] - Завершение сбора для района Рязанский. Найдено поликлиник: 5
2025-10-30 20:34:01,069 - INFO - [<cell line: 0>] - Район 'Рязанский' завершен. Поликлиник: 5
2025-10-30 20:34:02,070 - INFO - [<cell line: 0>] - [90/132] Обработка района: Савёлки
2025-10-30 20:34:02,071 - INFO - [получить_поликлиники_в_районе] - Начало сбора поликлиник для района: Савёлки (ID: 4504209512726658)
2025-10-30 20:34:02,073 - DEBUG - [получить_поликлиники_в_районе] - Запрос страницы 1 для района Савёлки
2025-10-30 20:34:02,075 - DEBUG - [_new_conn] - Starting new HTTPS connection (1): catalog.api.2gis.com:443
2025-10-30 20:34:02,464 - DEBUG - [_make_request] - https://catalog.api.2gis.com:443 "GET /3.0/items?key=2e3b8ee1-dca8-47ab-99a0-bb8cfce53698&q=%D0%BF%D0%BE%D0%BB%D0%B8%D0%BA%D0%BB%D0%B8%D0%BD%D0%B8%D0%BA%D0%B0&district_id=4504209512726658&type=branch&page=1&page_size=10&fields=items.point%2Citems.name%2Citems.address_name%2Citems.reviews HTTP/1.1" 200 None
2025-10-30 20:34:02,465 - DEBUG - [получить_поликлиники_в_районе] - Статус ответа: 200
2025-10-30 20:34:02,465 - INFO - [получить_поликлиники_в_районе] - Загружено 5 поликлиник со страницы 1
2025-10-30 20:34:02,966 - DEBUG - [получить_поликлиники_в_районе] - Запрос страницы 2 для района Савёлки
2025-10-30 20:34:02,967 - DEBUG - [_new_conn] - Starting new HTTPS connection (1): catalog.api.2gis.com:443
2025-10-30 20:34:03,345 - DEBUG - [_make_request] - https://catalog.api.2gis.com:443 "GET /3.0/items?key=2e3b8ee1-dca8-47ab-99a0-bb8cfce53698&q=%D0%BF%D0%BE%D0%BB%D0%B8%D0%BA%D0%BB%D0%B8%D0%BD%D0%B8%D0%BA%D0%B0&district_id=4504209512726658&type=branch&page=2&page_size=10&fields=items.point%2Citems.name%2Citems.address_name%2Citems.reviews HTTP/1.1" 200 133
2025-10-30 20:34:03,346 - DEBUG - [получить_поликлиники_в_районе] - Статус ответа: 200
2025-10-30 20:34:03,346 - WARNING - [получить_поликлиники_в_районе] - На странице 2 нет данных в ожидаемом формате
2025-10-30 20:34:03,847 - DEBUG - [получить_поликлиники_в_районе] - Запрос страницы 3 для района Савёлки
2025-10-30 20:34:03,848 - DEBUG - [_new_conn] - Starting new HTTPS connection (1): catalog.api.2gis.com:443
2025-10-30 20:34:04,223 - DEBUG - [_make_request] - https://catalog.api.2gis.com:443 "GET /3.0/items?key=2e3b8ee1-dca8-47ab-99a0-bb8cfce53698&q=%D0%BF%D0%BE%D0%BB%D0%B8%D0%BA%D0%BB%D0%B8%D0%BD%D0%B8%D0%BA%D0%B0&district_id=4504209512726658&type=branch&page=3&page_size=10&fields=items.point%2Citems.name%2Citems.address_name%2Citems.reviews HTTP/1.1" 200 133
2025-10-30 20:34:04,224 - DEBUG - [получить_поликлиники_в_районе] - Статус ответа: 200
2025-10-30 20:34:04,224 - WARNING - [получить_поликлиники_в_районе] - На странице 3 нет данных в ожидаемом формате
2025-10-30 20:34:04,725 - DEBUG - [получить_поликлиники_в_районе] - Запрос страницы 4 для района Савёлки
2025-10-30 20:34:04,727 - DEBUG - [_new_conn] - Starting new HTTPS connection (1): catalog.api.2gis.com:443
2025-10-30 20:34:05,107 - DEBUG - [_make_request] - https://catalog.api.2gis.com:443 "GET /3.0/items?key=2e3b8ee1-dca8-47ab-99a0-bb8cfce53698&q=%D0%BF%D0%BE%D0%BB%D0%B8%D0%BA%D0%BB%D0%B8%D0%BD%D0%B8%D0%BA%D0%B0&district_id=4504209512726658&type=branch&page=4&page_size=10&fields=items.point%2Citems.name%2Citems.address_name%2Citems.reviews HTTP/1.1" 200 133
2025-10-30 20:34:05,108 - DEBUG - [получить_поликлиники_в_районе] - Статус ответа: 200
2025-10-30 20:34:05,108 - WARNING - [получить_поликлиники_в_районе] - На странице 4 нет данных в ожидаемом формате
2025-10-30 20:34:05,609 - DEBUG - [получить_поликлиники_в_районе] - Запрос страницы 5 для района Савёлки
2025-10-30 20:34:05,611 - DEBUG - [_new_conn] - Starting new HTTPS connection (1): catalog.api.2gis.com:443
2025-10-30 20:34:05,993 - DEBUG - [_make_request] - https://catalog.api.2gis.com:443 "GET /3.0/items?key=2e3b8ee1-dca8-47ab-99a0-bb8cfce53698&q=%D0%BF%D0%BE%D0%BB%D0%B8%D0%BA%D0%BB%D0%B8%D0%BD%D0%B8%D0%BA%D0%B0&district_id=4504209512726658&type=branch&page=5&page_size=10&fields=items.point%2Citems.name%2Citems.address_name%2Citems.reviews HTTP/1.1" 200 133
2025-10-30 20:34:05,994 - DEBUG - [получить_поликлиники_в_районе] - Статус ответа: 200
2025-10-30 20:34:05,994 - WARNING - [получить_поликлиники_в_районе] - На странице 5 нет данных в ожидаемом формате
2025-10-30 20:34:05,995 - INFO - [получить_поликлиники_в_районе] - Завершение сбора для района Савёлки. Найдено поликлиник: 5
2025-10-30 20:34:05,996 - INFO - [<cell line: 0>] - Район 'Савёлки' завершен. Поликлиник: 5
2025-10-30 20:34:06,997 - INFO - [<cell line: 0>] - [91/132] Обработка района: Савёловский
2025-10-30 20:34:06,998 - INFO - [получить_поликлиники_в_районе] - Начало сбора поликлиник для района: Савёловский (ID: 4504209512726548)
2025-10-30 20:34:07,000 - DEBUG - [получить_поликлиники_в_районе] - Запрос страницы 1 для района Савёловский
2025-10-30 20:34:07,002 - DEBUG - [_new_conn] - Starting new HTTPS connection (1): catalog.api.2gis.com:443
2025-10-30 20:34:07,398 - DEBUG - [_make_request] - https://catalog.api.2gis.com:443 "GET /3.0/items?key=2e3b8ee1-dca8-47ab-99a0-bb8cfce53698&q=%D0%BF%D0%BE%D0%BB%D0%B8%D0%BA%D0%BB%D0%B8%D0%BD%D0%B8%D0%BA%D0%B0&district_id=4504209512726548&type=branch&page=1&page_size=10&fields=items.point%2Citems.name%2Citems.address_name%2Citems.reviews HTTP/1.1" 200 None
2025-10-30 20:34:07,399 - DEBUG - [получить_поликлиники_в_районе] - Статус ответа: 200
2025-10-30 20:34:07,399 - INFO - [получить_поликлиники_в_районе] - Загружено 4 поликлиник со страницы 1
2025-10-30 20:34:07,900 - DEBUG - [получить_поликлиники_в_районе] - Запрос страницы 2 для района Савёловский
2025-10-30 20:34:07,902 - DEBUG - [_new_conn] - Starting new HTTPS connection (1): catalog.api.2gis.com:443
2025-10-30 20:34:08,286 - DEBUG - [_make_request] - https://catalog.api.2gis.com:443 "GET /3.0/items?key=2e3b8ee1-dca8-47ab-99a0-bb8cfce53698&q=%D0%BF%D0%BE%D0%BB%D0%B8%D0%BA%D0%BB%D0%B8%D0%BD%D0%B8%D0%BA%D0%B0&district_id=4504209512726548&type=branch&page=2&page_size=10&fields=items.point%2Citems.name%2Citems.address_name%2Citems.reviews HTTP/1.1" 200 133
2025-10-30 20:34:08,287 - DEBUG - [получить_поликлиники_в_районе] - Статус ответа: 200
2025-10-30 20:34:08,287 - WARNING - [получить_поликлиники_в_районе] - На странице 2 нет данных в ожидаемом формате
2025-10-30 20:34:08,788 - DEBUG - [получить_поликлиники_в_районе] - Запрос страницы 3 для района Савёловский
2025-10-30 20:34:08,789 - DEBUG - [_new_conn] - Starting new HTTPS connection (1): catalog.api.2gis.com:443
2025-10-30 20:34:09,169 - DEBUG - [_make_request] - https://catalog.api.2gis.com:443 "GET /3.0/items?key=2e3b8ee1-dca8-47ab-99a0-bb8cfce53698&q=%D0%BF%D0%BE%D0%BB%D0%B8%D0%BA%D0%BB%D0%B8%D0%BD%D0%B8%D0%BA%D0%B0&district_id=4504209512726548&type=branch&page=3&page_size=10&fields=items.point%2Citems.name%2Citems.address_name%2Citems.reviews HTTP/1.1" 200 133
2025-10-30 20:34:09,170 - DEBUG - [получить_поликлиники_в_районе] - Статус ответа: 200
2025-10-30 20:34:09,170 - WARNING - [получить_поликлиники_в_районе] - На странице 3 нет данных в ожидаемом формате
2025-10-30 20:34:09,671 - DEBUG - [получить_поликлиники_в_районе] - Запрос страницы 4 для района Савёловский
2025-10-30 20:34:09,672 - DEBUG - [_new_conn] - Starting new HTTPS connection (1): catalog.api.2gis.com:443
2025-10-30 20:34:10,138 - DEBUG - [_make_request] - https://catalog.api.2gis.com:443 "GET /3.0/items?key=2e3b8ee1-dca8-47ab-99a0-bb8cfce53698&q=%D0%BF%D0%BE%D0%BB%D0%B8%D0%BA%D0%BB%D0%B8%D0%BD%D0%B8%D0%BA%D0%B0&district_id=4504209512726548&type=branch&page=4&page_size=10&fields=items.point%2Citems.name%2Citems.address_name%2Citems.reviews HTTP/1.1" 200 133
2025-10-30 20:34:10,139 - DEBUG - [получить_поликлиники_в_районе] - Статус ответа: 200
2025-10-30 20:34:10,139 - WARNING - [получить_поликлиники_в_районе] - На странице 4 нет данных в ожидаемом формате
2025-10-30 20:34:10,640 - DEBUG - [получить_поликлиники_в_районе] - Запрос страницы 5 для района Савёловский
2025-10-30 20:34:10,641 - DEBUG - [_new_conn] - Starting new HTTPS connection (1): catalog.api.2gis.com:443
2025-10-30 20:34:11,034 - DEBUG - [_make_request] - https://catalog.api.2gis.com:443 "GET /3.0/items?key=2e3b8ee1-dca8-47ab-99a0-bb8cfce53698&q=%D0%BF%D0%BE%D0%BB%D0%B8%D0%BA%D0%BB%D0%B8%D0%BD%D0%B8%D0%BA%D0%B0&district_id=4504209512726548&type=branch&page=5&page_size=10&fields=items.point%2Citems.name%2Citems.address_name%2Citems.reviews HTTP/1.1" 200 133
2025-10-30 20:34:11,035 - DEBUG - [получить_поликлиники_в_районе] - Статус ответа: 200
2025-10-30 20:34:11,035 - WARNING - [получить_поликлиники_в_районе] - На странице 5 нет данных в ожидаемом формате
2025-10-30 20:34:11,035 - INFO - [получить_поликлиники_в_районе] - Завершение сбора для района Савёловский. Найдено поликлиник: 4
2025-10-30 20:34:11,037 - INFO - [<cell line: 0>] - Район 'Савёловский' завершен. Поликлиник: 4
2025-10-30 20:34:12,038 - INFO - [<cell line: 0>] - [92/132] Обработка района: Свиблово
2025-10-30 20:34:12,039 - INFO - [получить_поликлиники_в_районе] - Начало сбора поликлиник для района: Свиблово (ID: 4504209512726563)
2025-10-30 20:34:12,040 - DEBUG - [получить_поликлиники_в_районе] - Запрос страницы 1 для района Свиблово
2025-10-30 20:34:12,042 - DEBUG - [_new_conn] - Starting new HTTPS connection (1): catalog.api.2gis.com:443
2025-10-30 20:34:12,647 - DEBUG - [_make_request] - https://catalog.api.2gis.com:443 "GET /3.0/items?key=2e3b8ee1-dca8-47ab-99a0-bb8cfce53698&q=%D0%BF%D0%BE%D0%BB%D0%B8%D0%BA%D0%BB%D0%B8%D0%BD%D0%B8%D0%BA%D0%B0&district_id=4504209512726563&type=branch&page=1&page_size=10&fields=items.point%2Citems.name%2Citems.address_name%2Citems.reviews HTTP/1.1" 200 None
2025-10-30 20:34:12,647 - DEBUG - [получить_поликлиники_в_районе] - Статус ответа: 200
2025-10-30 20:34:12,648 - INFO - [получить_поликлиники_в_районе] - Загружено 4 поликлиник со страницы 1
2025-10-30 20:34:13,149 - DEBUG - [получить_поликлиники_в_районе] - Запрос страницы 2 для района Свиблово
2025-10-30 20:34:13,150 - DEBUG - [_new_conn] - Starting new HTTPS connection (1): catalog.api.2gis.com:443
2025-10-30 20:34:13,540 - DEBUG - [_make_request] - https://catalog.api.2gis.com:443 "GET /3.0/items?key=2e3b8ee1-dca8-47ab-99a0-bb8cfce53698&q=%D0%BF%D0%BE%D0%BB%D0%B8%D0%BA%D0%BB%D0%B8%D0%BD%D0%B8%D0%BA%D0%B0&district_id=4504209512726563&type=branch&page=2&page_size=10&fields=items.point%2Citems.name%2Citems.address_name%2Citems.reviews HTTP/1.1" 200 133
2025-10-30 20:34:13,541 - DEBUG - [получить_поликлиники_в_районе] - Статус ответа: 200
2025-10-30 20:34:13,541 - WARNING - [получить_поликлиники_в_районе] - На странице 2 нет данных в ожидаемом формате
2025-10-30 20:34:14,042 - DEBUG - [получить_поликлиники_в_районе] - Запрос страницы 3 для района Свиблово
2025-10-30 20:34:14,043 - DEBUG - [_new_conn] - Starting new HTTPS connection (1): catalog.api.2gis.com:443
2025-10-30 20:34:14,420 - DEBUG - [_make_request] - https://catalog.api.2gis.com:443 "GET /3.0/items?key=2e3b8ee1-dca8-47ab-99a0-bb8cfce53698&q=%D0%BF%D0%BE%D0%BB%D0%B8%D0%BA%D0%BB%D0%B8%D0%BD%D0%B8%D0%BA%D0%B0&district_id=4504209512726563&type=branch&page=3&page_size=10&fields=items.point%2Citems.name%2Citems.address_name%2Citems.reviews HTTP/1.1" 200 133
2025-10-30 20:34:14,421 - DEBUG - [получить_поликлиники_в_районе] - Статус ответа: 200
2025-10-30 20:34:14,421 - WARNING - [получить_поликлиники_в_районе] - На странице 3 нет данных в ожидаемом формате
2025-10-30 20:34:14,922 - DEBUG - [получить_поликлиники_в_районе] - Запрос страницы 4 для района Свиблово
2025-10-30 20:34:14,923 - DEBUG - [_new_conn] - Starting new HTTPS connection (1): catalog.api.2gis.com:443
2025-10-30 20:34:15,318 - DEBUG - [_make_request] - https://catalog.api.2gis.com:443 "GET /3.0/items?key=2e3b8ee1-dca8-47ab-99a0-bb8cfce53698&q=%D0%BF%D0%BE%D0%BB%D0%B8%D0%BA%D0%BB%D0%B8%D0%BD%D0%B8%D0%BA%D0%B0&district_id=4504209512726563&type=branch&page=4&page_size=10&fields=items.point%2Citems.name%2Citems.address_name%2Citems.reviews HTTP/1.1" 200 133
2025-10-30 20:34:15,319 - DEBUG - [получить_поликлиники_в_районе] - Статус ответа: 200
2025-10-30 20:34:15,319 - WARNING - [получить_поликлиники_в_районе] - На странице 4 нет данных в ожидаемом формате
2025-10-30 20:34:15,820 - DEBUG - [получить_поликлиники_в_районе] - Запрос страницы 5 для района Свиблово
2025-10-30 20:34:15,822 - DEBUG - [_new_conn] - Starting new HTTPS connection (1): catalog.api.2gis.com:443
2025-10-30 20:34:16,205 - DEBUG - [_make_request] - https://catalog.api.2gis.com:443 "GET /3.0/items?key=2e3b8ee1-dca8-47ab-99a0-bb8cfce53698&q=%D0%BF%D0%BE%D0%BB%D0%B8%D0%BA%D0%BB%D0%B8%D0%BD%D0%B8%D0%BA%D0%B0&district_id=4504209512726563&type=branch&page=5&page_size=10&fields=items.point%2Citems.name%2Citems.address_name%2Citems.reviews HTTP/1.1" 200 133
2025-10-30 20:34:16,206 - DEBUG - [получить_поликлиники_в_районе] - Статус ответа: 200
2025-10-30 20:34:16,207 - WARNING - [получить_поликлиники_в_районе] - На странице 5 нет данных в ожидаемом формате
2025-10-30 20:34:16,207 - INFO - [получить_поликлиники_в_районе] - Завершение сбора для района Свиблово. Найдено поликлиник: 4
2025-10-30 20:34:16,209 - INFO - [<cell line: 0>] - Район 'Свиблово' завершен. Поликлиник: 4
2025-10-30 20:34:17,210 - INFO - [<cell line: 0>] - [93/132] Обработка района: Северное Бутово
2025-10-30 20:34:17,212 - INFO - [получить_поликлиники_в_районе] - Начало сбора поликлиник для района: Северное Бутово (ID: 4504209512726618)
2025-10-30 20:34:17,213 - DEBUG - [получить_поликлиники_в_районе] - Запрос страницы 1 для района Северное Бутово
2025-10-30 20:34:17,215 - DEBUG - [_new_conn] - Starting new HTTPS connection (1): catalog.api.2gis.com:443
2025-10-30 20:34:17,609 - DEBUG - [_make_request] - https://catalog.api.2gis.com:443 "GET /3.0/items?key=2e3b8ee1-dca8-47ab-99a0-bb8cfce53698&q=%D0%BF%D0%BE%D0%BB%D0%B8%D0%BA%D0%BB%D0%B8%D0%BD%D0%B8%D0%BA%D0%B0&district_id=4504209512726618&type=branch&page=1&page_size=10&fields=items.point%2Citems.name%2Citems.address_name%2Citems.reviews HTTP/1.1" 200 None
2025-10-30 20:34:17,610 - DEBUG - [получить_поликлиники_в_районе] - Статус ответа: 200
2025-10-30 20:34:17,610 - INFO - [получить_поликлиники_в_районе] - Загружено 6 поликлиник со страницы 1
2025-10-30 20:34:18,111 - DEBUG - [получить_поликлиники_в_районе] - Запрос страницы 2 для района Северное Бутово
2025-10-30 20:34:18,112 - DEBUG - [_new_conn] - Starting new HTTPS connection (1): catalog.api.2gis.com:443
2025-10-30 20:34:18,555 - DEBUG - [_make_request] - https://catalog.api.2gis.com:443 "GET /3.0/items?key=2e3b8ee1-dca8-47ab-99a0-bb8cfce53698&q=%D0%BF%D0%BE%D0%BB%D0%B8%D0%BA%D0%BB%D0%B8%D0%BD%D0%B8%D0%BA%D0%B0&district_id=4504209512726618&type=branch&page=2&page_size=10&fields=items.point%2Citems.name%2Citems.address_name%2Citems.reviews HTTP/1.1" 200 133
2025-10-30 20:34:18,556 - DEBUG - [получить_поликлиники_в_районе] - Статус ответа: 200
2025-10-30 20:34:18,556 - WARNING - [получить_поликлиники_в_районе] - На странице 2 нет данных в ожидаемом формате
2025-10-30 20:34:19,058 - DEBUG - [получить_поликлиники_в_районе] - Запрос страницы 3 для района Северное Бутово
2025-10-30 20:34:19,059 - DEBUG - [_new_conn] - Starting new HTTPS connection (1): catalog.api.2gis.com:443
2025-10-30 20:34:19,439 - DEBUG - [_make_request] - https://catalog.api.2gis.com:443 "GET /3.0/items?key=2e3b8ee1-dca8-47ab-99a0-bb8cfce53698&q=%D0%BF%D0%BE%D0%BB%D0%B8%D0%BA%D0%BB%D0%B8%D0%BD%D0%B8%D0%BA%D0%B0&district_id=4504209512726618&type=branch&page=3&page_size=10&fields=items.point%2Citems.name%2Citems.address_name%2Citems.reviews HTTP/1.1" 200 133
2025-10-30 20:34:19,440 - DEBUG - [получить_поликлиники_в_районе] - Статус ответа: 200
2025-10-30 20:34:19,440 - WARNING - [получить_поликлиники_в_районе] - На странице 3 нет данных в ожидаемом формате
2025-10-30 20:34:19,942 - DEBUG - [получить_поликлиники_в_районе] - Запрос страницы 4 для района Северное Бутово
2025-10-30 20:34:19,943 - DEBUG - [_new_conn] - Starting new HTTPS connection (1): catalog.api.2gis.com:443
2025-10-30 20:34:20,317 - DEBUG - [_make_request] - https://catalog.api.2gis.com:443 "GET /3.0/items?key=2e3b8ee1-dca8-47ab-99a0-bb8cfce53698&q=%D0%BF%D0%BE%D0%BB%D0%B8%D0%BA%D0%BB%D0%B8%D0%BD%D0%B8%D0%BA%D0%B0&district_id=4504209512726618&type=branch&page=4&page_size=10&fields=items.point%2Citems.name%2Citems.address_name%2Citems.reviews HTTP/1.1" 200 133
2025-10-30 20:34:20,318 - DEBUG - [получить_поликлиники_в_районе] - Статус ответа: 200
2025-10-30 20:34:20,318 - WARNING - [получить_поликлиники_в_районе] - На странице 4 нет данных в ожидаемом формате
2025-10-30 20:34:20,819 - DEBUG - [получить_поликлиники_в_районе] - Запрос страницы 5 для района Северное Бутово
2025-10-30 20:34:20,821 - DEBUG - [_new_conn] - Starting new HTTPS connection (1): catalog.api.2gis.com:443
2025-10-30 20:34:21,196 - DEBUG - [_make_request] - https://catalog.api.2gis.com:443 "GET /3.0/items?key=2e3b8ee1-dca8-47ab-99a0-bb8cfce53698&q=%D0%BF%D0%BE%D0%BB%D0%B8%D0%BA%D0%BB%D0%B8%D0%BD%D0%B8%D0%BA%D0%B0&district_id=4504209512726618&type=branch&page=5&page_size=10&fields=items.point%2Citems.name%2Citems.address_name%2Citems.reviews HTTP/1.1" 200 133
2025-10-30 20:34:21,198 - DEBUG - [получить_поликлиники_в_районе] - Статус ответа: 200
2025-10-30 20:34:21,198 - WARNING - [получить_поликлиники_в_районе] - На странице 5 нет данных в ожидаемом формате
2025-10-30 20:34:21,199 - INFO - [получить_поликлиники_в_районе] - Завершение сбора для района Северное Бутово. Найдено поликлиник: 6
2025-10-30 20:34:21,200 - INFO - [<cell line: 0>] - Район 'Северное Бутово' завершен. Поликлиник: 6
2025-10-30 20:34:22,201 - INFO - [<cell line: 0>] - [94/132] Обработка района: Северное Измайлово
2025-10-30 20:34:22,202 - INFO - [получить_поликлиники_в_районе] - Начало сбора поликлиник для района: Северное Измайлово (ID: 4504209512726583)
2025-10-30 20:34:22,204 - DEBUG - [получить_поликлиники_в_районе] - Запрос страницы 1 для района Северное Измайлово
2025-10-30 20:34:22,206 - DEBUG - [_new_conn] - Starting new HTTPS connection (1): catalog.api.2gis.com:443
2025-10-30 20:34:22,588 - DEBUG - [_make_request] - https://catalog.api.2gis.com:443 "GET /3.0/items?key=2e3b8ee1-dca8-47ab-99a0-bb8cfce53698&q=%D0%BF%D0%BE%D0%BB%D0%B8%D0%BA%D0%BB%D0%B8%D0%BD%D0%B8%D0%BA%D0%B0&district_id=4504209512726583&type=branch&page=1&page_size=10&fields=items.point%2Citems.name%2Citems.address_name%2Citems.reviews HTTP/1.1" 200 None
2025-10-30 20:34:22,588 - DEBUG - [получить_поликлиники_в_районе] - Статус ответа: 200
2025-10-30 20:34:22,588 - INFO - [получить_поликлиники_в_районе] - Загружено 3 поликлиник со страницы 1
2025-10-30 20:34:23,089 - DEBUG - [получить_поликлиники_в_районе] - Запрос страницы 2 для района Северное Измайлово
2025-10-30 20:34:23,091 - DEBUG - [_new_conn] - Starting new HTTPS connection (1): catalog.api.2gis.com:443
2025-10-30 20:34:23,470 - DEBUG - [_make_request] - https://catalog.api.2gis.com:443 "GET /3.0/items?key=2e3b8ee1-dca8-47ab-99a0-bb8cfce53698&q=%D0%BF%D0%BE%D0%BB%D0%B8%D0%BA%D0%BB%D0%B8%D0%BD%D0%B8%D0%BA%D0%B0&district_id=4504209512726583&type=branch&page=2&page_size=10&fields=items.point%2Citems.name%2Citems.address_name%2Citems.reviews HTTP/1.1" 200 133
2025-10-30 20:34:23,471 - DEBUG - [получить_поликлиники_в_районе] - Статус ответа: 200
2025-10-30 20:34:23,471 - WARNING - [получить_поликлиники_в_районе] - На странице 2 нет данных в ожидаемом формате
2025-10-30 20:34:23,972 - DEBUG - [получить_поликлиники_в_районе] - Запрос страницы 3 для района Северное Измайлово
2025-10-30 20:34:23,974 - DEBUG - [_new_conn] - Starting new HTTPS connection (1): catalog.api.2gis.com:443
2025-10-30 20:34:24,365 - DEBUG - [_make_request] - https://catalog.api.2gis.com:443 "GET /3.0/items?key=2e3b8ee1-dca8-47ab-99a0-bb8cfce53698&q=%D0%BF%D0%BE%D0%BB%D0%B8%D0%BA%D0%BB%D0%B8%D0%BD%D0%B8%D0%BA%D0%B0&district_id=4504209512726583&type=branch&page=3&page_size=10&fields=items.point%2Citems.name%2Citems.address_name%2Citems.reviews HTTP/1.1" 200 133
2025-10-30 20:34:24,366 - DEBUG - [получить_поликлиники_в_районе] - Статус ответа: 200
2025-10-30 20:34:24,366 - WARNING - [получить_поликлиники_в_районе] - На странице 3 нет данных в ожидаемом формате
2025-10-30 20:34:24,867 - DEBUG - [получить_поликлиники_в_районе] - Запрос страницы 4 для района Северное Измайлово
2025-10-30 20:34:24,868 - DEBUG - [_new_conn] - Starting new HTTPS connection (1): catalog.api.2gis.com:443
2025-10-30 20:34:25,259 - DEBUG - [_make_request] - https://catalog.api.2gis.com:443 "GET /3.0/items?key=2e3b8ee1-dca8-47ab-99a0-bb8cfce53698&q=%D0%BF%D0%BE%D0%BB%D0%B8%D0%BA%D0%BB%D0%B8%D0%BD%D0%B8%D0%BA%D0%B0&district_id=4504209512726583&type=branch&page=4&page_size=10&fields=items.point%2Citems.name%2Citems.address_name%2Citems.reviews HTTP/1.1" 200 133
2025-10-30 20:34:25,260 - DEBUG - [получить_поликлиники_в_районе] - Статус ответа: 200
2025-10-30 20:34:25,260 - WARNING - [получить_поликлиники_в_районе] - На странице 4 нет данных в ожидаемом формате
2025-10-30 20:34:25,761 - DEBUG - [получить_поликлиники_в_районе] - Запрос страницы 5 для района Северное Измайлово
2025-10-30 20:34:25,763 - DEBUG - [_new_conn] - Starting new HTTPS connection (1): catalog.api.2gis.com:443
2025-10-30 20:34:26,135 - DEBUG - [_make_request] - https://catalog.api.2gis.com:443 "GET /3.0/items?key=2e3b8ee1-dca8-47ab-99a0-bb8cfce53698&q=%D0%BF%D0%BE%D0%BB%D0%B8%D0%BA%D0%BB%D0%B8%D0%BD%D0%B8%D0%BA%D0%B0&district_id=4504209512726583&type=branch&page=5&page_size=10&fields=items.point%2Citems.name%2Citems.address_name%2Citems.reviews HTTP/1.1" 200 133
2025-10-30 20:34:26,136 - DEBUG - [получить_поликлиники_в_районе] - Статус ответа: 200
2025-10-30 20:34:26,136 - WARNING - [получить_поликлиники_в_районе] - На странице 5 нет данных в ожидаемом формате
2025-10-30 20:34:26,137 - INFO - [получить_поликлиники_в_районе] - Завершение сбора для района Северное Измайлово. Найдено поликлиник: 3
2025-10-30 20:34:26,140 - INFO - [<cell line: 0>] - Район 'Северное Измайлово' завершен. Поликлиник: 3
2025-10-30 20:34:27,143 - INFO - [<cell line: 0>] - [95/132] Обработка района: Северное Медведково
2025-10-30 20:34:27,144 - INFO - [получить_поликлиники_в_районе] - Начало сбора поликлиник для района: Северное Медведково (ID: 4504209512726566)
2025-10-30 20:34:27,146 - DEBUG - [получить_поликлиники_в_районе] - Запрос страницы 1 для района Северное Медведково
2025-10-30 20:34:27,148 - DEBUG - [_new_conn] - Starting new HTTPS connection (1): catalog.api.2gis.com:443
2025-10-30 20:34:27,561 - DEBUG - [_make_request] - https://catalog.api.2gis.com:443 "GET /3.0/items?key=2e3b8ee1-dca8-47ab-99a0-bb8cfce53698&q=%D0%BF%D0%BE%D0%BB%D0%B8%D0%BA%D0%BB%D0%B8%D0%BD%D0%B8%D0%BA%D0%B0&district_id=4504209512726566&type=branch&page=1&page_size=10&fields=items.point%2Citems.name%2Citems.address_name%2Citems.reviews HTTP/1.1" 200 None
2025-10-30 20:34:27,562 - DEBUG - [получить_поликлиники_в_районе] - Статус ответа: 200
2025-10-30 20:34:27,563 - INFO - [получить_поликлиники_в_районе] - Загружено 6 поликлиник со страницы 1
2025-10-30 20:34:28,065 - DEBUG - [получить_поликлиники_в_районе] - Запрос страницы 2 для района Северное Медведково
2025-10-30 20:34:28,066 - DEBUG - [_new_conn] - Starting new HTTPS connection (1): catalog.api.2gis.com:443
2025-10-30 20:34:28,438 - DEBUG - [_make_request] - https://catalog.api.2gis.com:443 "GET /3.0/items?key=2e3b8ee1-dca8-47ab-99a0-bb8cfce53698&q=%D0%BF%D0%BE%D0%BB%D0%B8%D0%BA%D0%BB%D0%B8%D0%BD%D0%B8%D0%BA%D0%B0&district_id=4504209512726566&type=branch&page=2&page_size=10&fields=items.point%2Citems.name%2Citems.address_name%2Citems.reviews HTTP/1.1" 200 133
2025-10-30 20:34:28,440 - DEBUG - [получить_поликлиники_в_районе] - Статус ответа: 200
2025-10-30 20:34:28,440 - WARNING - [получить_поликлиники_в_районе] - На странице 2 нет данных в ожидаемом формате
2025-10-30 20:34:28,941 - DEBUG - [получить_поликлиники_в_районе] - Запрос страницы 3 для района Северное Медведково
2025-10-30 20:34:28,942 - DEBUG - [_new_conn] - Starting new HTTPS connection (1): catalog.api.2gis.com:443
2025-10-30 20:34:29,316 - DEBUG - [_make_request] - https://catalog.api.2gis.com:443 "GET /3.0/items?key=2e3b8ee1-dca8-47ab-99a0-bb8cfce53698&q=%D0%BF%D0%BE%D0%BB%D0%B8%D0%BA%D0%BB%D0%B8%D0%BD%D0%B8%D0%BA%D0%B0&district_id=4504209512726566&type=branch&page=3&page_size=10&fields=items.point%2Citems.name%2Citems.address_name%2Citems.reviews HTTP/1.1" 200 133
2025-10-30 20:34:29,317 - DEBUG - [получить_поликлиники_в_районе] - Статус ответа: 200
2025-10-30 20:34:29,317 - WARNING - [получить_поликлиники_в_районе] - На странице 3 нет данных в ожидаемом формате
2025-10-30 20:34:29,818 - DEBUG - [получить_поликлиники_в_районе] - Запрос страницы 4 для района Северное Медведково
2025-10-30 20:34:29,820 - DEBUG - [_new_conn] - Starting new HTTPS connection (1): catalog.api.2gis.com:443
2025-10-30 20:34:30,203 - DEBUG - [_make_request] - https://catalog.api.2gis.com:443 "GET /3.0/items?key=2e3b8ee1-dca8-47ab-99a0-bb8cfce53698&q=%D0%BF%D0%BE%D0%BB%D0%B8%D0%BA%D0%BB%D0%B8%D0%BD%D0%B8%D0%BA%D0%B0&district_id=4504209512726566&type=branch&page=4&page_size=10&fields=items.point%2Citems.name%2Citems.address_name%2Citems.reviews HTTP/1.1" 200 133
2025-10-30 20:34:30,204 - DEBUG - [получить_поликлиники_в_районе] - Статус ответа: 200
2025-10-30 20:34:30,204 - WARNING - [получить_поликлиники_в_районе] - На странице 4 нет данных в ожидаемом формате
2025-10-30 20:34:30,705 - DEBUG - [получить_поликлиники_в_районе] - Запрос страницы 5 для района Северное Медведково
2025-10-30 20:34:30,706 - DEBUG - [_new_conn] - Starting new HTTPS connection (1): catalog.api.2gis.com:443
2025-10-30 20:34:31,094 - DEBUG - [_make_request] - https://catalog.api.2gis.com:443 "GET /3.0/items?key=2e3b8ee1-dca8-47ab-99a0-bb8cfce53698&q=%D0%BF%D0%BE%D0%BB%D0%B8%D0%BA%D0%BB%D0%B8%D0%BD%D0%B8%D0%BA%D0%B0&district_id=4504209512726566&type=branch&page=5&page_size=10&fields=items.point%2Citems.name%2Citems.address_name%2Citems.reviews HTTP/1.1" 200 133
2025-10-30 20:34:31,095 - DEBUG - [получить_поликлиники_в_районе] - Статус ответа: 200
2025-10-30 20:34:31,096 - WARNING - [получить_поликлиники_в_районе] - На странице 5 нет данных в ожидаемом формате
2025-10-30 20:34:31,097 - INFO - [получить_поликлиники_в_районе] - Завершение сбора для района Северное Медведково. Найдено поликлиник: 6
2025-10-30 20:34:31,098 - INFO - [<cell line: 0>] - Район 'Северное Медведково' завершен. Поликлиник: 6
2025-10-30 20:34:32,099 - INFO - [<cell line: 0>] - [96/132] Обработка района: Северное Тушино
2025-10-30 20:34:32,100 - INFO - [получить_поликлиники_в_районе] - Начало сбора поликлиник для района: Северное Тушино (ID: 4504209512726646)
2025-10-30 20:34:32,101 - DEBUG - [получить_поликлиники_в_районе] - Запрос страницы 1 для района Северное Тушино
2025-10-30 20:34:32,102 - DEBUG - [_new_conn] - Starting new HTTPS connection (1): catalog.api.2gis.com:443
2025-10-30 20:34:32,512 - DEBUG - [_make_request] - https://catalog.api.2gis.com:443 "GET /3.0/items?key=2e3b8ee1-dca8-47ab-99a0-bb8cfce53698&q=%D0%BF%D0%BE%D0%BB%D0%B8%D0%BA%D0%BB%D0%B8%D0%BD%D0%B8%D0%BA%D0%B0&district_id=4504209512726646&type=branch&page=1&page_size=10&fields=items.point%2Citems.name%2Citems.address_name%2Citems.reviews HTTP/1.1" 200 None
2025-10-30 20:34:32,513 - DEBUG - [получить_поликлиники_в_районе] - Статус ответа: 200
2025-10-30 20:34:32,513 - INFO - [получить_поликлиники_в_районе] - Загружено 8 поликлиник со страницы 1
2025-10-30 20:34:33,015 - DEBUG - [получить_поликлиники_в_районе] - Запрос страницы 2 для района Северное Тушино
2025-10-30 20:34:33,016 - DEBUG - [_new_conn] - Starting new HTTPS connection (1): catalog.api.2gis.com:443
2025-10-30 20:34:33,401 - DEBUG - [_make_request] - https://catalog.api.2gis.com:443 "GET /3.0/items?key=2e3b8ee1-dca8-47ab-99a0-bb8cfce53698&q=%D0%BF%D0%BE%D0%BB%D0%B8%D0%BA%D0%BB%D0%B8%D0%BD%D0%B8%D0%BA%D0%B0&district_id=4504209512726646&type=branch&page=2&page_size=10&fields=items.point%2Citems.name%2Citems.address_name%2Citems.reviews HTTP/1.1" 200 133
2025-10-30 20:34:33,402 - DEBUG - [получить_поликлиники_в_районе] - Статус ответа: 200
2025-10-30 20:34:33,402 - WARNING - [получить_поликлиники_в_районе] - На странице 2 нет данных в ожидаемом формате
2025-10-30 20:34:33,903 - DEBUG - [получить_поликлиники_в_районе] - Запрос страницы 3 для района Северное Тушино
2025-10-30 20:34:33,904 - DEBUG - [_new_conn] - Starting new HTTPS connection (1): catalog.api.2gis.com:443
2025-10-30 20:34:34,294 - DEBUG - [_make_request] - https://catalog.api.2gis.com:443 "GET /3.0/items?key=2e3b8ee1-dca8-47ab-99a0-bb8cfce53698&q=%D0%BF%D0%BE%D0%BB%D0%B8%D0%BA%D0%BB%D0%B8%D0%BD%D0%B8%D0%BA%D0%B0&district_id=4504209512726646&type=branch&page=3&page_size=10&fields=items.point%2Citems.name%2Citems.address_name%2Citems.reviews HTTP/1.1" 200 133
2025-10-30 20:34:34,295 - DEBUG - [получить_поликлиники_в_районе] - Статус ответа: 200
2025-10-30 20:34:34,296 - WARNING - [получить_поликлиники_в_районе] - На странице 3 нет данных в ожидаемом формате
2025-10-30 20:34:34,797 - DEBUG - [получить_поликлиники_в_районе] - Запрос страницы 4 для района Северное Тушино
2025-10-30 20:34:34,798 - DEBUG - [_new_conn] - Starting new HTTPS connection (1): catalog.api.2gis.com:443
2025-10-30 20:34:35,179 - DEBUG - [_make_request] - https://catalog.api.2gis.com:443 "GET /3.0/items?key=2e3b8ee1-dca8-47ab-99a0-bb8cfce53698&q=%D0%BF%D0%BE%D0%BB%D0%B8%D0%BA%D0%BB%D0%B8%D0%BD%D0%B8%D0%BA%D0%B0&district_id=4504209512726646&type=branch&page=4&page_size=10&fields=items.point%2Citems.name%2Citems.address_name%2Citems.reviews HTTP/1.1" 200 133
2025-10-30 20:34:35,181 - DEBUG - [получить_поликлиники_в_районе] - Статус ответа: 200
2025-10-30 20:34:35,181 - WARNING - [получить_поликлиники_в_районе] - На странице 4 нет данных в ожидаемом формате
2025-10-30 20:34:35,682 - DEBUG - [получить_поликлиники_в_районе] - Запрос страницы 5 для района Северное Тушино
2025-10-30 20:34:35,683 - DEBUG - [_new_conn] - Starting new HTTPS connection (1): catalog.api.2gis.com:443
2025-10-30 20:34:36,055 - DEBUG - [_make_request] - https://catalog.api.2gis.com:443 "GET /3.0/items?key=2e3b8ee1-dca8-47ab-99a0-bb8cfce53698&q=%D0%BF%D0%BE%D0%BB%D0%B8%D0%BA%D0%BB%D0%B8%D0%BD%D0%B8%D0%BA%D0%B0&district_id=4504209512726646&type=branch&page=5&page_size=10&fields=items.point%2Citems.name%2Citems.address_name%2Citems.reviews HTTP/1.1" 200 133
2025-10-30 20:34:36,056 - DEBUG - [получить_поликлиники_в_районе] - Статус ответа: 200
2025-10-30 20:34:36,056 - WARNING - [получить_поликлиники_в_районе] - На странице 5 нет данных в ожидаемом формате
2025-10-30 20:34:36,057 - INFO - [получить_поликлиники_в_районе] - Завершение сбора для района Северное Тушино. Найдено поликлиник: 8
2025-10-30 20:34:36,058 - INFO - [<cell line: 0>] - Район 'Северное Тушино' завершен. Поликлиник: 8
2025-10-30 20:34:37,059 - INFO - [<cell line: 0>] - [97/132] Обработка района: Северный
2025-10-30 20:34:37,060 - INFO - [получить_поликлиники_в_районе] - Начало сбора поликлиник для района: Северный (ID: 4504209512726573)
2025-10-30 20:34:37,062 - DEBUG - [получить_поликлиники_в_районе] - Запрос страницы 1 для района Северный
2025-10-30 20:34:37,065 - DEBUG - [_new_conn] - Starting new HTTPS connection (1): catalog.api.2gis.com:443
2025-10-30 20:34:37,446 - DEBUG - [_make_request] - https://catalog.api.2gis.com:443 "GET /3.0/items?key=2e3b8ee1-dca8-47ab-99a0-bb8cfce53698&q=%D0%BF%D0%BE%D0%BB%D0%B8%D0%BA%D0%BB%D0%B8%D0%BD%D0%B8%D0%BA%D0%B0&district_id=4504209512726573&type=branch&page=1&page_size=10&fields=items.point%2Citems.name%2Citems.address_name%2Citems.reviews HTTP/1.1" 200 None
2025-10-30 20:34:37,447 - DEBUG - [получить_поликлиники_в_районе] - Статус ответа: 200
2025-10-30 20:34:37,447 - INFO - [получить_поликлиники_в_районе] - Загружено 2 поликлиник со страницы 1
2025-10-30 20:34:37,948 - DEBUG - [получить_поликлиники_в_районе] - Запрос страницы 2 для района Северный
2025-10-30 20:34:37,949 - DEBUG - [_new_conn] - Starting new HTTPS connection (1): catalog.api.2gis.com:443
2025-10-30 20:34:38,334 - DEBUG - [_make_request] - https://catalog.api.2gis.com:443 "GET /3.0/items?key=2e3b8ee1-dca8-47ab-99a0-bb8cfce53698&q=%D0%BF%D0%BE%D0%BB%D0%B8%D0%BA%D0%BB%D0%B8%D0%BD%D0%B8%D0%BA%D0%B0&district_id=4504209512726573&type=branch&page=2&page_size=10&fields=items.point%2Citems.name%2Citems.address_name%2Citems.reviews HTTP/1.1" 200 133
2025-10-30 20:34:38,335 - DEBUG - [получить_поликлиники_в_районе] - Статус ответа: 200
2025-10-30 20:34:38,335 - WARNING - [получить_поликлиники_в_районе] - На странице 2 нет данных в ожидаемом формате
2025-10-30 20:34:38,836 - DEBUG - [получить_поликлиники_в_районе] - Запрос страницы 3 для района Северный
2025-10-30 20:34:38,837 - DEBUG - [_new_conn] - Starting new HTTPS connection (1): catalog.api.2gis.com:443
2025-10-30 20:34:39,231 - DEBUG - [_make_request] - https://catalog.api.2gis.com:443 "GET /3.0/items?key=2e3b8ee1-dca8-47ab-99a0-bb8cfce53698&q=%D0%BF%D0%BE%D0%BB%D0%B8%D0%BA%D0%BB%D0%B8%D0%BD%D0%B8%D0%BA%D0%B0&district_id=4504209512726573&type=branch&page=3&page_size=10&fields=items.point%2Citems.name%2Citems.address_name%2Citems.reviews HTTP/1.1" 200 133
2025-10-30 20:34:39,232 - DEBUG - [получить_поликлиники_в_районе] - Статус ответа: 200
2025-10-30 20:34:39,232 - WARNING - [получить_поликлиники_в_районе] - На странице 3 нет данных в ожидаемом формате
2025-10-30 20:34:39,733 - DEBUG - [получить_поликлиники_в_районе] - Запрос страницы 4 для района Северный
2025-10-30 20:34:39,735 - DEBUG - [_new_conn] - Starting new HTTPS connection (1): catalog.api.2gis.com:443
2025-10-30 20:34:40,221 - DEBUG - [_make_request] - https://catalog.api.2gis.com:443 "GET /3.0/items?key=2e3b8ee1-dca8-47ab-99a0-bb8cfce53698&q=%D0%BF%D0%BE%D0%BB%D0%B8%D0%BA%D0%BB%D0%B8%D0%BD%D0%B8%D0%BA%D0%B0&district_id=4504209512726573&type=branch&page=4&page_size=10&fields=items.point%2Citems.name%2Citems.address_name%2Citems.reviews HTTP/1.1" 200 133
2025-10-30 20:34:40,222 - DEBUG - [получить_поликлиники_в_районе] - Статус ответа: 200
2025-10-30 20:34:40,222 - WARNING - [получить_поликлиники_в_районе] - На странице 4 нет данных в ожидаемом формате
2025-10-30 20:34:40,723 - DEBUG - [получить_поликлиники_в_районе] - Запрос страницы 5 для района Северный
2025-10-30 20:34:40,725 - DEBUG - [_new_conn] - Starting new HTTPS connection (1): catalog.api.2gis.com:443
2025-10-30 20:34:41,099 - DEBUG - [_make_request] - https://catalog.api.2gis.com:443 "GET /3.0/items?key=2e3b8ee1-dca8-47ab-99a0-bb8cfce53698&q=%D0%BF%D0%BE%D0%BB%D0%B8%D0%BA%D0%BB%D0%B8%D0%BD%D0%B8%D0%BA%D0%B0&district_id=4504209512726573&type=branch&page=5&page_size=10&fields=items.point%2Citems.name%2Citems.address_name%2Citems.reviews HTTP/1.1" 200 133
2025-10-30 20:34:41,100 - DEBUG - [получить_поликлиники_в_районе] - Статус ответа: 200
2025-10-30 20:34:41,100 - WARNING - [получить_поликлиники_в_районе] - На странице 5 нет данных в ожидаемом формате
2025-10-30 20:34:41,101 - INFO - [получить_поликлиники_в_районе] - Завершение сбора для района Северный. Найдено поликлиник: 2
2025-10-30 20:34:41,103 - INFO - [<cell line: 0>] - Район 'Северный' завершен. Поликлиник: 2
2025-10-30 20:34:42,105 - INFO - [<cell line: 0>] - [98/132] Обработка района: Силино
2025-10-30 20:34:42,107 - INFO - [получить_поликлиники_в_районе] - Начало сбора поликлиник для района: Силино (ID: 4504209512726656)
2025-10-30 20:34:42,108 - DEBUG - [получить_поликлиники_в_районе] - Запрос страницы 1 для района Силино
2025-10-30 20:34:42,109 - DEBUG - [_new_conn] - Starting new HTTPS connection (1): catalog.api.2gis.com:443
2025-10-30 20:34:42,681 - DEBUG - [_make_request] - https://catalog.api.2gis.com:443 "GET /3.0/items?key=2e3b8ee1-dca8-47ab-99a0-bb8cfce53698&q=%D0%BF%D0%BE%D0%BB%D0%B8%D0%BA%D0%BB%D0%B8%D0%BD%D0%B8%D0%BA%D0%B0&district_id=4504209512726656&type=branch&page=1&page_size=10&fields=items.point%2Citems.name%2Citems.address_name%2Citems.reviews HTTP/1.1" 200 133
2025-10-30 20:34:42,682 - DEBUG - [получить_поликлиники_в_районе] - Статус ответа: 200
2025-10-30 20:34:42,682 - WARNING - [получить_поликлиники_в_районе] - На странице 1 нет данных в ожидаемом формате
2025-10-30 20:34:43,183 - DEBUG - [получить_поликлиники_в_районе] - Запрос страницы 2 для района Силино
2025-10-30 20:34:43,184 - DEBUG - [_new_conn] - Starting new HTTPS connection (1): catalog.api.2gis.com:443
2025-10-30 20:34:43,560 - DEBUG - [_make_request] - https://catalog.api.2gis.com:443 "GET /3.0/items?key=2e3b8ee1-dca8-47ab-99a0-bb8cfce53698&q=%D0%BF%D0%BE%D0%BB%D0%B8%D0%BA%D0%BB%D0%B8%D0%BD%D0%B8%D0%BA%D0%B0&district_id=4504209512726656&type=branch&page=2&page_size=10&fields=items.point%2Citems.name%2Citems.address_name%2Citems.reviews HTTP/1.1" 200 133
2025-10-30 20:34:43,561 - DEBUG - [получить_поликлиники_в_районе] - Статус ответа: 200
2025-10-30 20:34:43,561 - WARNING - [получить_поликлиники_в_районе] - На странице 2 нет данных в ожидаемом формате
2025-10-30 20:34:44,062 - DEBUG - [получить_поликлиники_в_районе] - Запрос страницы 3 для района Силино
2025-10-30 20:34:44,063 - DEBUG - [_new_conn] - Starting new HTTPS connection (1): catalog.api.2gis.com:443
2025-10-30 20:34:44,469 - DEBUG - [_make_request] - https://catalog.api.2gis.com:443 "GET /3.0/items?key=2e3b8ee1-dca8-47ab-99a0-bb8cfce53698&q=%D0%BF%D0%BE%D0%BB%D0%B8%D0%BA%D0%BB%D0%B8%D0%BD%D0%B8%D0%BA%D0%B0&district_id=4504209512726656&type=branch&page=3&page_size=10&fields=items.point%2Citems.name%2Citems.address_name%2Citems.reviews HTTP/1.1" 200 133
2025-10-30 20:34:44,470 - DEBUG - [получить_поликлиники_в_районе] - Статус ответа: 200
2025-10-30 20:34:44,470 - WARNING - [получить_поликлиники_в_районе] - На странице 3 нет данных в ожидаемом формате
2025-10-30 20:34:44,971 - DEBUG - [получить_поликлиники_в_районе] - Запрос страницы 4 для района Силино
2025-10-30 20:34:44,972 - DEBUG - [_new_conn] - Starting new HTTPS connection (1): catalog.api.2gis.com:443
2025-10-30 20:34:45,345 - DEBUG - [_make_request] - https://catalog.api.2gis.com:443 "GET /3.0/items?key=2e3b8ee1-dca8-47ab-99a0-bb8cfce53698&q=%D0%BF%D0%BE%D0%BB%D0%B8%D0%BA%D0%BB%D0%B8%D0%BD%D0%B8%D0%BA%D0%B0&district_id=4504209512726656&type=branch&page=4&page_size=10&fields=items.point%2Citems.name%2Citems.address_name%2Citems.reviews HTTP/1.1" 200 133
2025-10-30 20:34:45,346 - DEBUG - [получить_поликлиники_в_районе] - Статус ответа: 200
2025-10-30 20:34:45,346 - WARNING - [получить_поликлиники_в_районе] - На странице 4 нет данных в ожидаемом формате
2025-10-30 20:34:45,847 - DEBUG - [получить_поликлиники_в_районе] - Запрос страницы 5 для района Силино
2025-10-30 20:34:45,848 - DEBUG - [_new_conn] - Starting new HTTPS connection (1): catalog.api.2gis.com:443
2025-10-30 20:34:46,240 - DEBUG - [_make_request] - https://catalog.api.2gis.com:443 "GET /3.0/items?key=2e3b8ee1-dca8-47ab-99a0-bb8cfce53698&q=%D0%BF%D0%BE%D0%BB%D0%B8%D0%BA%D0%BB%D0%B8%D0%BD%D0%B8%D0%BA%D0%B0&district_id=4504209512726656&type=branch&page=5&page_size=10&fields=items.point%2Citems.name%2Citems.address_name%2Citems.reviews HTTP/1.1" 200 133
2025-10-30 20:34:46,241 - DEBUG - [получить_поликлиники_в_районе] - Статус ответа: 200
2025-10-30 20:34:46,242 - WARNING - [получить_поликлиники_в_районе] - На странице 5 нет данных в ожидаемом формате
2025-10-30 20:34:46,242 - INFO - [получить_поликлиники_в_районе] - Завершение сбора для района Силино. Найдено поликлиник: 0
2025-10-30 20:34:46,243 - INFO - [<cell line: 0>] - Район 'Силино' завершен. Поликлиник: 0
2025-10-30 20:34:47,246 - INFO - [<cell line: 0>] - [99/132] Обработка района: Сокол
2025-10-30 20:34:47,247 - INFO - [получить_поликлиники_в_районе] - Начало сбора поликлиник для района: Сокол (ID: 4504209512726552)
2025-10-30 20:34:47,248 - DEBUG - [получить_поликлиники_в_районе] - Запрос страницы 1 для района Сокол
2025-10-30 20:34:47,249 - DEBUG - [_new_conn] - Starting new HTTPS connection (1): catalog.api.2gis.com:443
2025-10-30 20:34:47,637 - DEBUG - [_make_request] - https://catalog.api.2gis.com:443 "GET /3.0/items?key=2e3b8ee1-dca8-47ab-99a0-bb8cfce53698&q=%D0%BF%D0%BE%D0%BB%D0%B8%D0%BA%D0%BB%D0%B8%D0%BD%D0%B8%D0%BA%D0%B0&district_id=4504209512726552&type=branch&page=1&page_size=10&fields=items.point%2Citems.name%2Citems.address_name%2Citems.reviews HTTP/1.1" 200 None
2025-10-30 20:34:47,637 - DEBUG - [получить_поликлиники_в_районе] - Статус ответа: 200
2025-10-30 20:34:47,638 - INFO - [получить_поликлиники_в_районе] - Загружено 3 поликлиник со страницы 1
2025-10-30 20:34:48,138 - DEBUG - [получить_поликлиники_в_районе] - Запрос страницы 2 для района Сокол
2025-10-30 20:34:48,140 - DEBUG - [_new_conn] - Starting new HTTPS connection (1): catalog.api.2gis.com:443
2025-10-30 20:34:48,534 - DEBUG - [_make_request] - https://catalog.api.2gis.com:443 "GET /3.0/items?key=2e3b8ee1-dca8-47ab-99a0-bb8cfce53698&q=%D0%BF%D0%BE%D0%BB%D0%B8%D0%BA%D0%BB%D0%B8%D0%BD%D0%B8%D0%BA%D0%B0&district_id=4504209512726552&type=branch&page=2&page_size=10&fields=items.point%2Citems.name%2Citems.address_name%2Citems.reviews HTTP/1.1" 200 133
2025-10-30 20:34:48,535 - DEBUG - [получить_поликлиники_в_районе] - Статус ответа: 200
2025-10-30 20:34:48,535 - WARNING - [получить_поликлиники_в_районе] - На странице 2 нет данных в ожидаемом формате
2025-10-30 20:34:49,036 - DEBUG - [получить_поликлиники_в_районе] - Запрос страницы 3 для района Сокол
2025-10-30 20:34:49,037 - DEBUG - [_new_conn] - Starting new HTTPS connection (1): catalog.api.2gis.com:443
2025-10-30 20:34:49,410 - DEBUG - [_make_request] - https://catalog.api.2gis.com:443 "GET /3.0/items?key=2e3b8ee1-dca8-47ab-99a0-bb8cfce53698&q=%D0%BF%D0%BE%D0%BB%D0%B8%D0%BA%D0%BB%D0%B8%D0%BD%D0%B8%D0%BA%D0%B0&district_id=4504209512726552&type=branch&page=3&page_size=10&fields=items.point%2Citems.name%2Citems.address_name%2Citems.reviews HTTP/1.1" 200 133
2025-10-30 20:34:49,411 - DEBUG - [получить_поликлиники_в_районе] - Статус ответа: 200
2025-10-30 20:34:49,411 - WARNING - [получить_поликлиники_в_районе] - На странице 3 нет данных в ожидаемом формате
2025-10-30 20:34:49,912 - DEBUG - [получить_поликлиники_в_районе] - Запрос страницы 4 для района Сокол
2025-10-30 20:34:49,913 - DEBUG - [_new_conn] - Starting new HTTPS connection (1): catalog.api.2gis.com:443
2025-10-30 20:34:50,300 - DEBUG - [_make_request] - https://catalog.api.2gis.com:443 "GET /3.0/items?key=2e3b8ee1-dca8-47ab-99a0-bb8cfce53698&q=%D0%BF%D0%BE%D0%BB%D0%B8%D0%BA%D0%BB%D0%B8%D0%BD%D0%B8%D0%BA%D0%B0&district_id=4504209512726552&type=branch&page=4&page_size=10&fields=items.point%2Citems.name%2Citems.address_name%2Citems.reviews HTTP/1.1" 200 133
2025-10-30 20:34:50,302 - DEBUG - [получить_поликлиники_в_районе] - Статус ответа: 200
2025-10-30 20:34:50,302 - WARNING - [получить_поликлиники_в_районе] - На странице 4 нет данных в ожидаемом формате
2025-10-30 20:34:50,803 - DEBUG - [получить_поликлиники_в_районе] - Запрос страницы 5 для района Сокол
2025-10-30 20:34:50,804 - DEBUG - [_new_conn] - Starting new HTTPS connection (1): catalog.api.2gis.com:443
2025-10-30 20:34:51,193 - DEBUG - [_make_request] - https://catalog.api.2gis.com:443 "GET /3.0/items?key=2e3b8ee1-dca8-47ab-99a0-bb8cfce53698&q=%D0%BF%D0%BE%D0%BB%D0%B8%D0%BA%D0%BB%D0%B8%D0%BD%D0%B8%D0%BA%D0%B0&district_id=4504209512726552&type=branch&page=5&page_size=10&fields=items.point%2Citems.name%2Citems.address_name%2Citems.reviews HTTP/1.1" 200 133
2025-10-30 20:34:51,195 - DEBUG - [получить_поликлиники_в_районе] - Статус ответа: 200
2025-10-30 20:34:51,195 - WARNING - [получить_поликлиники_в_районе] - На странице 5 нет данных в ожидаемом формате
2025-10-30 20:34:51,196 - INFO - [получить_поликлиники_в_районе] - Завершение сбора для района Сокол. Найдено поликлиник: 3
2025-10-30 20:34:51,198 - INFO - [<cell line: 0>] - Район 'Сокол' завершен. Поликлиник: 3
2025-10-30 20:34:52,200 - INFO - [<cell line: 0>] - [100/132] Обработка района: Соколиная Гора
2025-10-30 20:34:52,201 - INFO - [получить_поликлиники_в_районе] - Начало сбора поликлиник для района: Соколиная Гора (ID: 4504209512726585)
2025-10-30 20:34:52,202 - DEBUG - [получить_поликлиники_в_районе] - Запрос страницы 1 для района Соколиная Гора
2025-10-30 20:34:52,204 - DEBUG - [_new_conn] - Starting new HTTPS connection (1): catalog.api.2gis.com:443
2025-10-30 20:34:52,597 - DEBUG - [_make_request] - https://catalog.api.2gis.com:443 "GET /3.0/items?key=2e3b8ee1-dca8-47ab-99a0-bb8cfce53698&q=%D0%BF%D0%BE%D0%BB%D0%B8%D0%BA%D0%BB%D0%B8%D0%BD%D0%B8%D0%BA%D0%B0&district_id=4504209512726585&type=branch&page=1&page_size=10&fields=items.point%2Citems.name%2Citems.address_name%2Citems.reviews HTTP/1.1" 200 None
2025-10-30 20:34:52,598 - DEBUG - [получить_поликлиники_в_районе] - Статус ответа: 200
2025-10-30 20:34:52,598 - INFO - [получить_поликлиники_в_районе] - Загружено 6 поликлиник со страницы 1
2025-10-30 20:34:53,101 - DEBUG - [получить_поликлиники_в_районе] - Запрос страницы 2 для района Соколиная Гора
2025-10-30 20:34:53,102 - DEBUG - [_new_conn] - Starting new HTTPS connection (1): catalog.api.2gis.com:443
2025-10-30 20:34:53,478 - DEBUG - [_make_request] - https://catalog.api.2gis.com:443 "GET /3.0/items?key=2e3b8ee1-dca8-47ab-99a0-bb8cfce53698&q=%D0%BF%D0%BE%D0%BB%D0%B8%D0%BA%D0%BB%D0%B8%D0%BD%D0%B8%D0%BA%D0%B0&district_id=4504209512726585&type=branch&page=2&page_size=10&fields=items.point%2Citems.name%2Citems.address_name%2Citems.reviews HTTP/1.1" 200 133
2025-10-30 20:34:53,479 - DEBUG - [получить_поликлиники_в_районе] - Статус ответа: 200
2025-10-30 20:34:53,480 - WARNING - [получить_поликлиники_в_районе] - На странице 2 нет данных в ожидаемом формате
2025-10-30 20:34:53,981 - DEBUG - [получить_поликлиники_в_районе] - Запрос страницы 3 для района Соколиная Гора
2025-10-30 20:34:53,982 - DEBUG - [_new_conn] - Starting new HTTPS connection (1): catalog.api.2gis.com:443
2025-10-30 20:34:54,377 - DEBUG - [_make_request] - https://catalog.api.2gis.com:443 "GET /3.0/items?key=2e3b8ee1-dca8-47ab-99a0-bb8cfce53698&q=%D0%BF%D0%BE%D0%BB%D0%B8%D0%BA%D0%BB%D0%B8%D0%BD%D0%B8%D0%BA%D0%B0&district_id=4504209512726585&type=branch&page=3&page_size=10&fields=items.point%2Citems.name%2Citems.address_name%2Citems.reviews HTTP/1.1" 200 133
2025-10-30 20:34:54,378 - DEBUG - [получить_поликлиники_в_районе] - Статус ответа: 200
2025-10-30 20:34:54,379 - WARNING - [получить_поликлиники_в_районе] - На странице 3 нет данных в ожидаемом формате
2025-10-30 20:34:54,880 - DEBUG - [получить_поликлиники_в_районе] - Запрос страницы 4 для района Соколиная Гора
2025-10-30 20:34:54,881 - DEBUG - [_new_conn] - Starting new HTTPS connection (1): catalog.api.2gis.com:443
2025-10-30 20:34:55,257 - DEBUG - [_make_request] - https://catalog.api.2gis.com:443 "GET /3.0/items?key=2e3b8ee1-dca8-47ab-99a0-bb8cfce53698&q=%D0%BF%D0%BE%D0%BB%D0%B8%D0%BA%D0%BB%D0%B8%D0%BD%D0%B8%D0%BA%D0%B0&district_id=4504209512726585&type=branch&page=4&page_size=10&fields=items.point%2Citems.name%2Citems.address_name%2Citems.reviews HTTP/1.1" 200 133
2025-10-30 20:34:55,258 - DEBUG - [получить_поликлиники_в_районе] - Статус ответа: 200
2025-10-30 20:34:55,258 - WARNING - [получить_поликлиники_в_районе] - На странице 4 нет данных в ожидаемом формате
2025-10-30 20:34:55,759 - DEBUG - [получить_поликлиники_в_районе] - Запрос страницы 5 для района Соколиная Гора
2025-10-30 20:34:55,760 - DEBUG - [_new_conn] - Starting new HTTPS connection (1): catalog.api.2gis.com:443
2025-10-30 20:34:56,152 - DEBUG - [_make_request] - https://catalog.api.2gis.com:443 "GET /3.0/items?key=2e3b8ee1-dca8-47ab-99a0-bb8cfce53698&q=%D0%BF%D0%BE%D0%BB%D0%B8%D0%BA%D0%BB%D0%B8%D0%BD%D0%B8%D0%BA%D0%B0&district_id=4504209512726585&type=branch&page=5&page_size=10&fields=items.point%2Citems.name%2Citems.address_name%2Citems.reviews HTTP/1.1" 200 133
2025-10-30 20:34:56,153 - DEBUG - [получить_поликлиники_в_районе] - Статус ответа: 200
2025-10-30 20:34:56,153 - WARNING - [получить_поликлиники_в_районе] - На странице 5 нет данных в ожидаемом формате
2025-10-30 20:34:56,154 - INFO - [получить_поликлиники_в_районе] - Завершение сбора для района Соколиная Гора. Найдено поликлиник: 6
2025-10-30 20:34:56,156 - INFO - [<cell line: 0>] - Район 'Соколиная Гора' завершен. Поликлиник: 6
2025-10-30 20:34:57,157 - INFO - [<cell line: 0>] - [101/132] Обработка района: Сокольники
2025-10-30 20:34:57,158 - INFO - [получить_поликлиники_в_районе] - Начало сбора поликлиник для района: Сокольники (ID: 4504209512726582)
2025-10-30 20:34:57,159 - DEBUG - [получить_поликлиники_в_районе] - Запрос страницы 1 для района Сокольники
2025-10-30 20:34:57,162 - DEBUG - [_new_conn] - Starting new HTTPS connection (1): catalog.api.2gis.com:443
2025-10-30 20:34:57,548 - DEBUG - [_make_request] - https://catalog.api.2gis.com:443 "GET /3.0/items?key=2e3b8ee1-dca8-47ab-99a0-bb8cfce53698&q=%D0%BF%D0%BE%D0%BB%D0%B8%D0%BA%D0%BB%D0%B8%D0%BD%D0%B8%D0%BA%D0%B0&district_id=4504209512726582&type=branch&page=1&page_size=10&fields=items.point%2Citems.name%2Citems.address_name%2Citems.reviews HTTP/1.1" 200 None
2025-10-30 20:34:57,548 - DEBUG - [получить_поликлиники_в_районе] - Статус ответа: 200
2025-10-30 20:34:57,549 - INFO - [получить_поликлиники_в_районе] - Загружено 4 поликлиник со страницы 1
2025-10-30 20:34:58,050 - DEBUG - [получить_поликлиники_в_районе] - Запрос страницы 2 для района Сокольники
2025-10-30 20:34:58,051 - DEBUG - [_new_conn] - Starting new HTTPS connection (1): catalog.api.2gis.com:443
2025-10-30 20:34:58,433 - DEBUG - [_make_request] - https://catalog.api.2gis.com:443 "GET /3.0/items?key=2e3b8ee1-dca8-47ab-99a0-bb8cfce53698&q=%D0%BF%D0%BE%D0%BB%D0%B8%D0%BA%D0%BB%D0%B8%D0%BD%D0%B8%D0%BA%D0%B0&district_id=4504209512726582&type=branch&page=2&page_size=10&fields=items.point%2Citems.name%2Citems.address_name%2Citems.reviews HTTP/1.1" 200 133
2025-10-30 20:34:58,434 - DEBUG - [получить_поликлиники_в_районе] - Статус ответа: 200
2025-10-30 20:34:58,434 - WARNING - [получить_поликлиники_в_районе] - На странице 2 нет данных в ожидаемом формате
2025-10-30 20:34:58,935 - DEBUG - [получить_поликлиники_в_районе] - Запрос страницы 3 для района Сокольники
2025-10-30 20:34:58,936 - DEBUG - [_new_conn] - Starting new HTTPS connection (1): catalog.api.2gis.com:443
2025-10-30 20:34:59,312 - DEBUG - [_make_request] - https://catalog.api.2gis.com:443 "GET /3.0/items?key=2e3b8ee1-dca8-47ab-99a0-bb8cfce53698&q=%D0%BF%D0%BE%D0%BB%D0%B8%D0%BA%D0%BB%D0%B8%D0%BD%D0%B8%D0%BA%D0%B0&district_id=4504209512726582&type=branch&page=3&page_size=10&fields=items.point%2Citems.name%2Citems.address_name%2Citems.reviews HTTP/1.1" 200 133
2025-10-30 20:34:59,313 - DEBUG - [получить_поликлиники_в_районе] - Статус ответа: 200
2025-10-30 20:34:59,313 - WARNING - [получить_поликлиники_в_районе] - На странице 3 нет данных в ожидаемом формате
2025-10-30 20:34:59,814 - DEBUG - [получить_поликлиники_в_районе] - Запрос страницы 4 для района Сокольники
2025-10-30 20:34:59,815 - DEBUG - [_new_conn] - Starting new HTTPS connection (1): catalog.api.2gis.com:443
2025-10-30 20:35:00,193 - DEBUG - [_make_request] - https://catalog.api.2gis.com:443 "GET /3.0/items?key=2e3b8ee1-dca8-47ab-99a0-bb8cfce53698&q=%D0%BF%D0%BE%D0%BB%D0%B8%D0%BA%D0%BB%D0%B8%D0%BD%D0%B8%D0%BA%D0%B0&district_id=4504209512726582&type=branch&page=4&page_size=10&fields=items.point%2Citems.name%2Citems.address_name%2Citems.reviews HTTP/1.1" 200 133
2025-10-30 20:35:00,194 - DEBUG - [получить_поликлиники_в_районе] - Статус ответа: 200
2025-10-30 20:35:00,194 - WARNING - [получить_поликлиники_в_районе] - На странице 4 нет данных в ожидаемом формате
2025-10-30 20:35:00,695 - DEBUG - [получить_поликлиники_в_районе] - Запрос страницы 5 для района Сокольники
2025-10-30 20:35:00,696 - DEBUG - [_new_conn] - Starting new HTTPS connection (1): catalog.api.2gis.com:443
2025-10-30 20:35:01,125 - DEBUG - [_make_request] - https://catalog.api.2gis.com:443 "GET /3.0/items?key=2e3b8ee1-dca8-47ab-99a0-bb8cfce53698&q=%D0%BF%D0%BE%D0%BB%D0%B8%D0%BA%D0%BB%D0%B8%D0%BD%D0%B8%D0%BA%D0%B0&district_id=4504209512726582&type=branch&page=5&page_size=10&fields=items.point%2Citems.name%2Citems.address_name%2Citems.reviews HTTP/1.1" 200 133
2025-10-30 20:35:01,126 - DEBUG - [получить_поликлиники_в_районе] - Статус ответа: 200
2025-10-30 20:35:01,126 - WARNING - [получить_поликлиники_в_районе] - На странице 5 нет данных в ожидаемом формате
2025-10-30 20:35:01,127 - INFO - [получить_поликлиники_в_районе] - Завершение сбора для района Сокольники. Найдено поликлиник: 4
2025-10-30 20:35:01,129 - INFO - [<cell line: 0>] - Район 'Сокольники' завершен. Поликлиник: 4
2025-10-30 20:35:02,131 - INFO - [<cell line: 0>] - [102/132] Обработка района: Солнцево
2025-10-30 20:35:02,132 - INFO - [получить_поликлиники_в_районе] - Начало сбора поликлиник для района: Солнцево (ID: 4504209512726640)
2025-10-30 20:35:02,133 - DEBUG - [получить_поликлиники_в_районе] - Запрос страницы 1 для района Солнцево
2025-10-30 20:35:02,135 - DEBUG - [_new_conn] - Starting new HTTPS connection (1): catalog.api.2gis.com:443
2025-10-30 20:35:02,529 - DEBUG - [_make_request] - https://catalog.api.2gis.com:443 "GET /3.0/items?key=2e3b8ee1-dca8-47ab-99a0-bb8cfce53698&q=%D0%BF%D0%BE%D0%BB%D0%B8%D0%BA%D0%BB%D0%B8%D0%BD%D0%B8%D0%BA%D0%B0&district_id=4504209512726640&type=branch&page=1&page_size=10&fields=items.point%2Citems.name%2Citems.address_name%2Citems.reviews HTTP/1.1" 200 None
2025-10-30 20:35:02,529 - DEBUG - [получить_поликлиники_в_районе] - Статус ответа: 200
2025-10-30 20:35:02,530 - INFO - [получить_поликлиники_в_районе] - Загружено 9 поликлиник со страницы 1
2025-10-30 20:35:03,031 - DEBUG - [получить_поликлиники_в_районе] - Запрос страницы 2 для района Солнцево
2025-10-30 20:35:03,033 - DEBUG - [_new_conn] - Starting new HTTPS connection (1): catalog.api.2gis.com:443
2025-10-30 20:35:03,422 - DEBUG - [_make_request] - https://catalog.api.2gis.com:443 "GET /3.0/items?key=2e3b8ee1-dca8-47ab-99a0-bb8cfce53698&q=%D0%BF%D0%BE%D0%BB%D0%B8%D0%BA%D0%BB%D0%B8%D0%BD%D0%B8%D0%BA%D0%B0&district_id=4504209512726640&type=branch&page=2&page_size=10&fields=items.point%2Citems.name%2Citems.address_name%2Citems.reviews HTTP/1.1" 200 133
2025-10-30 20:35:03,423 - DEBUG - [получить_поликлиники_в_районе] - Статус ответа: 200
2025-10-30 20:35:03,423 - WARNING - [получить_поликлиники_в_районе] - На странице 2 нет данных в ожидаемом формате
2025-10-30 20:35:03,924 - DEBUG - [получить_поликлиники_в_районе] - Запрос страницы 3 для района Солнцево
2025-10-30 20:35:03,926 - DEBUG - [_new_conn] - Starting new HTTPS connection (1): catalog.api.2gis.com:443
2025-10-30 20:35:04,314 - DEBUG - [_make_request] - https://catalog.api.2gis.com:443 "GET /3.0/items?key=2e3b8ee1-dca8-47ab-99a0-bb8cfce53698&q=%D0%BF%D0%BE%D0%BB%D0%B8%D0%BA%D0%BB%D0%B8%D0%BD%D0%B8%D0%BA%D0%B0&district_id=4504209512726640&type=branch&page=3&page_size=10&fields=items.point%2Citems.name%2Citems.address_name%2Citems.reviews HTTP/1.1" 200 133
2025-10-30 20:35:04,315 - DEBUG - [получить_поликлиники_в_районе] - Статус ответа: 200
2025-10-30 20:35:04,315 - WARNING - [получить_поликлиники_в_районе] - На странице 3 нет данных в ожидаемом формате
2025-10-30 20:35:04,816 - DEBUG - [получить_поликлиники_в_районе] - Запрос страницы 4 для района Солнцево
2025-10-30 20:35:04,817 - DEBUG - [_new_conn] - Starting new HTTPS connection (1): catalog.api.2gis.com:443
2025-10-30 20:35:05,189 - DEBUG - [_make_request] - https://catalog.api.2gis.com:443 "GET /3.0/items?key=2e3b8ee1-dca8-47ab-99a0-bb8cfce53698&q=%D0%BF%D0%BE%D0%BB%D0%B8%D0%BA%D0%BB%D0%B8%D0%BD%D0%B8%D0%BA%D0%B0&district_id=4504209512726640&type=branch&page=4&page_size=10&fields=items.point%2Citems.name%2Citems.address_name%2Citems.reviews HTTP/1.1" 200 133
2025-10-30 20:35:05,190 - DEBUG - [получить_поликлиники_в_районе] - Статус ответа: 200
2025-10-30 20:35:05,190 - WARNING - [получить_поликлиники_в_районе] - На странице 4 нет данных в ожидаемом формате
2025-10-30 20:35:05,691 - DEBUG - [получить_поликлиники_в_районе] - Запрос страницы 5 для района Солнцево
2025-10-30 20:35:05,692 - DEBUG - [_new_conn] - Starting new HTTPS connection (1): catalog.api.2gis.com:443
2025-10-30 20:35:06,065 - DEBUG - [_make_request] - https://catalog.api.2gis.com:443 "GET /3.0/items?key=2e3b8ee1-dca8-47ab-99a0-bb8cfce53698&q=%D0%BF%D0%BE%D0%BB%D0%B8%D0%BA%D0%BB%D0%B8%D0%BD%D0%B8%D0%BA%D0%B0&district_id=4504209512726640&type=branch&page=5&page_size=10&fields=items.point%2Citems.name%2Citems.address_name%2Citems.reviews HTTP/1.1" 200 133
2025-10-30 20:35:06,066 - DEBUG - [получить_поликлиники_в_районе] - Статус ответа: 200
2025-10-30 20:35:06,066 - WARNING - [получить_поликлиники_в_районе] - На странице 5 нет данных в ожидаемом формате
2025-10-30 20:35:06,067 - INFO - [получить_поликлиники_в_районе] - Завершение сбора для района Солнцево. Найдено поликлиник: 9
2025-10-30 20:35:06,069 - INFO - [<cell line: 0>] - Район 'Солнцево' завершен. Поликлиник: 9
2025-10-30 20:35:07,070 - INFO - [<cell line: 0>] - [103/132] Обработка района: Старое Крюково
2025-10-30 20:35:07,071 - INFO - [получить_поликлиники_в_районе] - Начало сбора поликлиник для района: Старое Крюково (ID: 4504209512726655)
2025-10-30 20:35:07,072 - DEBUG - [получить_поликлиники_в_районе] - Запрос страницы 1 для района Старое Крюково
2025-10-30 20:35:07,074 - DEBUG - [_new_conn] - Starting new HTTPS connection (1): catalog.api.2gis.com:443
2025-10-30 20:35:07,459 - DEBUG - [_make_request] - https://catalog.api.2gis.com:443 "GET /3.0/items?key=2e3b8ee1-dca8-47ab-99a0-bb8cfce53698&q=%D0%BF%D0%BE%D0%BB%D0%B8%D0%BA%D0%BB%D0%B8%D0%BD%D0%B8%D0%BA%D0%B0&district_id=4504209512726655&type=branch&page=1&page_size=10&fields=items.point%2Citems.name%2Citems.address_name%2Citems.reviews HTTP/1.1" 200 None
2025-10-30 20:35:07,460 - DEBUG - [получить_поликлиники_в_районе] - Статус ответа: 200
2025-10-30 20:35:07,460 - INFO - [получить_поликлиники_в_районе] - Загружено 5 поликлиник со страницы 1
2025-10-30 20:35:07,961 - DEBUG - [получить_поликлиники_в_районе] - Запрос страницы 2 для района Старое Крюково
2025-10-30 20:35:07,962 - DEBUG - [_new_conn] - Starting new HTTPS connection (1): catalog.api.2gis.com:443
2025-10-30 20:35:08,339 - DEBUG - [_make_request] - https://catalog.api.2gis.com:443 "GET /3.0/items?key=2e3b8ee1-dca8-47ab-99a0-bb8cfce53698&q=%D0%BF%D0%BE%D0%BB%D0%B8%D0%BA%D0%BB%D0%B8%D0%BD%D0%B8%D0%BA%D0%B0&district_id=4504209512726655&type=branch&page=2&page_size=10&fields=items.point%2Citems.name%2Citems.address_name%2Citems.reviews HTTP/1.1" 200 133
2025-10-30 20:35:08,340 - DEBUG - [получить_поликлиники_в_районе] - Статус ответа: 200
2025-10-30 20:35:08,341 - WARNING - [получить_поликлиники_в_районе] - На странице 2 нет данных в ожидаемом формате
2025-10-30 20:35:08,842 - DEBUG - [получить_поликлиники_в_районе] - Запрос страницы 3 для района Старое Крюково
2025-10-30 20:35:08,843 - DEBUG - [_new_conn] - Starting new HTTPS connection (1): catalog.api.2gis.com:443
2025-10-30 20:35:09,212 - DEBUG - [_make_request] - https://catalog.api.2gis.com:443 "GET /3.0/items?key=2e3b8ee1-dca8-47ab-99a0-bb8cfce53698&q=%D0%BF%D0%BE%D0%BB%D0%B8%D0%BA%D0%BB%D0%B8%D0%BD%D0%B8%D0%BA%D0%B0&district_id=4504209512726655&type=branch&page=3&page_size=10&fields=items.point%2Citems.name%2Citems.address_name%2Citems.reviews HTTP/1.1" 200 133
2025-10-30 20:35:09,213 - DEBUG - [получить_поликлиники_в_районе] - Статус ответа: 200
2025-10-30 20:35:09,213 - WARNING - [получить_поликлиники_в_районе] - На странице 3 нет данных в ожидаемом формате
2025-10-30 20:35:09,714 - DEBUG - [получить_поликлиники_в_районе] - Запрос страницы 4 для района Старое Крюково
2025-10-30 20:35:09,715 - DEBUG - [_new_conn] - Starting new HTTPS connection (1): catalog.api.2gis.com:443
2025-10-30 20:35:10,194 - DEBUG - [_make_request] - https://catalog.api.2gis.com:443 "GET /3.0/items?key=2e3b8ee1-dca8-47ab-99a0-bb8cfce53698&q=%D0%BF%D0%BE%D0%BB%D0%B8%D0%BA%D0%BB%D0%B8%D0%BD%D0%B8%D0%BA%D0%B0&district_id=4504209512726655&type=branch&page=4&page_size=10&fields=items.point%2Citems.name%2Citems.address_name%2Citems.reviews HTTP/1.1" 200 133
2025-10-30 20:35:10,195 - DEBUG - [получить_поликлиники_в_районе] - Статус ответа: 200
2025-10-30 20:35:10,195 - WARNING - [получить_поликлиники_в_районе] - На странице 4 нет данных в ожидаемом формате
2025-10-30 20:35:10,696 - DEBUG - [получить_поликлиники_в_районе] - Запрос страницы 5 для района Старое Крюково
2025-10-30 20:35:10,697 - DEBUG - [_new_conn] - Starting new HTTPS connection (1): catalog.api.2gis.com:443
2025-10-30 20:35:11,088 - DEBUG - [_make_request] - https://catalog.api.2gis.com:443 "GET /3.0/items?key=2e3b8ee1-dca8-47ab-99a0-bb8cfce53698&q=%D0%BF%D0%BE%D0%BB%D0%B8%D0%BA%D0%BB%D0%B8%D0%BD%D0%B8%D0%BA%D0%B0&district_id=4504209512726655&type=branch&page=5&page_size=10&fields=items.point%2Citems.name%2Citems.address_name%2Citems.reviews HTTP/1.1" 200 133
2025-10-30 20:35:11,090 - DEBUG - [получить_поликлиники_в_районе] - Статус ответа: 200
2025-10-30 20:35:11,090 - WARNING - [получить_поликлиники_в_районе] - На странице 5 нет данных в ожидаемом формате
2025-10-30 20:35:11,091 - INFO - [получить_поликлиники_в_районе] - Завершение сбора для района Старое Крюково. Найдено поликлиник: 5
2025-10-30 20:35:11,092 - INFO - [<cell line: 0>] - Район 'Старое Крюково' завершен. Поликлиник: 5
2025-10-30 20:35:12,094 - INFO - [<cell line: 0>] - [104/132] Обработка района: Строгино
2025-10-30 20:35:12,095 - INFO - [получить_поликлиники_в_районе] - Начало сбора поликлиник для района: Строгино (ID: 4504209512726644)
2025-10-30 20:35:12,098 - DEBUG - [получить_поликлиники_в_районе] - Запрос страницы 1 для района Строгино
2025-10-30 20:35:12,100 - DEBUG - [_new_conn] - Starting new HTTPS connection (1): catalog.api.2gis.com:443
2025-10-30 20:35:12,578 - DEBUG - [_make_request] - https://catalog.api.2gis.com:443 "GET /3.0/items?key=2e3b8ee1-dca8-47ab-99a0-bb8cfce53698&q=%D0%BF%D0%BE%D0%BB%D0%B8%D0%BA%D0%BB%D0%B8%D0%BD%D0%B8%D0%BA%D0%B0&district_id=4504209512726644&type=branch&page=1&page_size=10&fields=items.point%2Citems.name%2Citems.address_name%2Citems.reviews HTTP/1.1" 200 None
2025-10-30 20:35:12,578 - DEBUG - [получить_поликлиники_в_районе] - Статус ответа: 200
2025-10-30 20:35:12,579 - INFO - [получить_поликлиники_в_районе] - Загружено 9 поликлиник со страницы 1
2025-10-30 20:35:13,079 - DEBUG - [получить_поликлиники_в_районе] - Запрос страницы 2 для района Строгино
2025-10-30 20:35:13,081 - DEBUG - [_new_conn] - Starting new HTTPS connection (1): catalog.api.2gis.com:443
2025-10-30 20:35:13,466 - DEBUG - [_make_request] - https://catalog.api.2gis.com:443 "GET /3.0/items?key=2e3b8ee1-dca8-47ab-99a0-bb8cfce53698&q=%D0%BF%D0%BE%D0%BB%D0%B8%D0%BA%D0%BB%D0%B8%D0%BD%D0%B8%D0%BA%D0%B0&district_id=4504209512726644&type=branch&page=2&page_size=10&fields=items.point%2Citems.name%2Citems.address_name%2Citems.reviews HTTP/1.1" 200 133
2025-10-30 20:35:13,467 - DEBUG - [получить_поликлиники_в_районе] - Статус ответа: 200
2025-10-30 20:35:13,467 - WARNING - [получить_поликлиники_в_районе] - На странице 2 нет данных в ожидаемом формате
2025-10-30 20:35:13,968 - DEBUG - [получить_поликлиники_в_районе] - Запрос страницы 3 для района Строгино
2025-10-30 20:35:13,970 - DEBUG - [_new_conn] - Starting new HTTPS connection (1): catalog.api.2gis.com:443
2025-10-30 20:35:14,351 - DEBUG - [_make_request] - https://catalog.api.2gis.com:443 "GET /3.0/items?key=2e3b8ee1-dca8-47ab-99a0-bb8cfce53698&q=%D0%BF%D0%BE%D0%BB%D0%B8%D0%BA%D0%BB%D0%B8%D0%BD%D0%B8%D0%BA%D0%B0&district_id=4504209512726644&type=branch&page=3&page_size=10&fields=items.point%2Citems.name%2Citems.address_name%2Citems.reviews HTTP/1.1" 200 133
2025-10-30 20:35:14,352 - DEBUG - [получить_поликлиники_в_районе] - Статус ответа: 200
2025-10-30 20:35:14,353 - WARNING - [получить_поликлиники_в_районе] - На странице 3 нет данных в ожидаемом формате
2025-10-30 20:35:14,854 - DEBUG - [получить_поликлиники_в_районе] - Запрос страницы 4 для района Строгино
2025-10-30 20:35:14,855 - DEBUG - [_new_conn] - Starting new HTTPS connection (1): catalog.api.2gis.com:443
2025-10-30 20:35:15,235 - DEBUG - [_make_request] - https://catalog.api.2gis.com:443 "GET /3.0/items?key=2e3b8ee1-dca8-47ab-99a0-bb8cfce53698&q=%D0%BF%D0%BE%D0%BB%D0%B8%D0%BA%D0%BB%D0%B8%D0%BD%D0%B8%D0%BA%D0%B0&district_id=4504209512726644&type=branch&page=4&page_size=10&fields=items.point%2Citems.name%2Citems.address_name%2Citems.reviews HTTP/1.1" 200 133
2025-10-30 20:35:15,237 - DEBUG - [получить_поликлиники_в_районе] - Статус ответа: 200
2025-10-30 20:35:15,237 - WARNING - [получить_поликлиники_в_районе] - На странице 4 нет данных в ожидаемом формате
2025-10-30 20:35:15,738 - DEBUG - [получить_поликлиники_в_районе] - Запрос страницы 5 для района Строгино
2025-10-30 20:35:15,739 - DEBUG - [_new_conn] - Starting new HTTPS connection (1): catalog.api.2gis.com:443
2025-10-30 20:35:16,159 - DEBUG - [_make_request] - https://catalog.api.2gis.com:443 "GET /3.0/items?key=2e3b8ee1-dca8-47ab-99a0-bb8cfce53698&q=%D0%BF%D0%BE%D0%BB%D0%B8%D0%BA%D0%BB%D0%B8%D0%BD%D0%B8%D0%BA%D0%B0&district_id=4504209512726644&type=branch&page=5&page_size=10&fields=items.point%2Citems.name%2Citems.address_name%2Citems.reviews HTTP/1.1" 200 133
2025-10-30 20:35:16,161 - DEBUG - [получить_поликлиники_в_районе] - Статус ответа: 200
2025-10-30 20:35:16,161 - WARNING - [получить_поликлиники_в_районе] - На странице 5 нет данных в ожидаемом формате
2025-10-30 20:35:16,162 - INFO - [получить_поликлиники_в_районе] - Завершение сбора для района Строгино. Найдено поликлиник: 9
2025-10-30 20:35:16,164 - INFO - [<cell line: 0>] - Район 'Строгино' завершен. Поликлиник: 9
2025-10-30 20:35:17,166 - INFO - [<cell line: 0>] - [105/132] Обработка района: Таганский
2025-10-30 20:35:17,167 - INFO - [получить_поликлиники_в_районе] - Начало сбора поликлиник для района: Таганский (ID: 4504209512726538)
2025-10-30 20:35:17,168 - DEBUG - [получить_поликлиники_в_районе] - Запрос страницы 1 для района Таганский
2025-10-30 20:35:17,171 - DEBUG - [_new_conn] - Starting new HTTPS connection (1): catalog.api.2gis.com:443
2025-10-30 20:35:17,556 - DEBUG - [_make_request] - https://catalog.api.2gis.com:443 "GET /3.0/items?key=2e3b8ee1-dca8-47ab-99a0-bb8cfce53698&q=%D0%BF%D0%BE%D0%BB%D0%B8%D0%BA%D0%BB%D0%B8%D0%BD%D0%B8%D0%BA%D0%B0&district_id=4504209512726538&type=branch&page=1&page_size=10&fields=items.point%2Citems.name%2Citems.address_name%2Citems.reviews HTTP/1.1" 200 None
2025-10-30 20:35:17,556 - DEBUG - [получить_поликлиники_в_районе] - Статус ответа: 200
2025-10-30 20:35:17,557 - INFO - [получить_поликлиники_в_районе] - Загружено 10 поликлиник со страницы 1
2025-10-30 20:35:18,058 - DEBUG - [получить_поликлиники_в_районе] - Запрос страницы 2 для района Таганский
2025-10-30 20:35:18,059 - DEBUG - [_new_conn] - Starting new HTTPS connection (1): catalog.api.2gis.com:443
2025-10-30 20:35:18,443 - DEBUG - [_make_request] - https://catalog.api.2gis.com:443 "GET /3.0/items?key=2e3b8ee1-dca8-47ab-99a0-bb8cfce53698&q=%D0%BF%D0%BE%D0%BB%D0%B8%D0%BA%D0%BB%D0%B8%D0%BD%D0%B8%D0%BA%D0%B0&district_id=4504209512726538&type=branch&page=2&page_size=10&fields=items.point%2Citems.name%2Citems.address_name%2Citems.reviews HTTP/1.1" 200 None
2025-10-30 20:35:18,444 - DEBUG - [получить_поликлиники_в_районе] - Статус ответа: 200
2025-10-30 20:35:18,444 - INFO - [получить_поликлиники_в_районе] - Загружено 10 поликлиник со страницы 2
2025-10-30 20:35:18,945 - DEBUG - [получить_поликлиники_в_районе] - Запрос страницы 3 для района Таганский
2025-10-30 20:35:18,947 - DEBUG - [_new_conn] - Starting new HTTPS connection (1): catalog.api.2gis.com:443
2025-10-30 20:35:19,323 - DEBUG - [_make_request] - https://catalog.api.2gis.com:443 "GET /3.0/items?key=2e3b8ee1-dca8-47ab-99a0-bb8cfce53698&q=%D0%BF%D0%BE%D0%BB%D0%B8%D0%BA%D0%BB%D0%B8%D0%BD%D0%B8%D0%BA%D0%B0&district_id=4504209512726538&type=branch&page=3&page_size=10&fields=items.point%2Citems.name%2Citems.address_name%2Citems.reviews HTTP/1.1" 200 133
2025-10-30 20:35:19,324 - DEBUG - [получить_поликлиники_в_районе] - Статус ответа: 200
2025-10-30 20:35:19,324 - WARNING - [получить_поликлиники_в_районе] - На странице 3 нет данных в ожидаемом формате
2025-10-30 20:35:19,825 - DEBUG - [получить_поликлиники_в_районе] - Запрос страницы 4 для района Таганский
2025-10-30 20:35:19,826 - DEBUG - [_new_conn] - Starting new HTTPS connection (1): catalog.api.2gis.com:443
2025-10-30 20:35:20,205 - DEBUG - [_make_request] - https://catalog.api.2gis.com:443 "GET /3.0/items?key=2e3b8ee1-dca8-47ab-99a0-bb8cfce53698&q=%D0%BF%D0%BE%D0%BB%D0%B8%D0%BA%D0%BB%D0%B8%D0%BD%D0%B8%D0%BA%D0%B0&district_id=4504209512726538&type=branch&page=4&page_size=10&fields=items.point%2Citems.name%2Citems.address_name%2Citems.reviews HTTP/1.1" 200 133
2025-10-30 20:35:20,206 - DEBUG - [получить_поликлиники_в_районе] - Статус ответа: 200
2025-10-30 20:35:20,206 - WARNING - [получить_поликлиники_в_районе] - На странице 4 нет данных в ожидаемом формате
2025-10-30 20:35:20,707 - DEBUG - [получить_поликлиники_в_районе] - Запрос страницы 5 для района Таганский
2025-10-30 20:35:20,709 - DEBUG - [_new_conn] - Starting new HTTPS connection (1): catalog.api.2gis.com:443
2025-10-30 20:35:21,080 - DEBUG - [_make_request] - https://catalog.api.2gis.com:443 "GET /3.0/items?key=2e3b8ee1-dca8-47ab-99a0-bb8cfce53698&q=%D0%BF%D0%BE%D0%BB%D0%B8%D0%BA%D0%BB%D0%B8%D0%BD%D0%B8%D0%BA%D0%B0&district_id=4504209512726538&type=branch&page=5&page_size=10&fields=items.point%2Citems.name%2Citems.address_name%2Citems.reviews HTTP/1.1" 200 133
2025-10-30 20:35:21,081 - DEBUG - [получить_поликлиники_в_районе] - Статус ответа: 200
2025-10-30 20:35:21,081 - WARNING - [получить_поликлиники_в_районе] - На странице 5 нет данных в ожидаемом формате
2025-10-30 20:35:21,082 - INFO - [получить_поликлиники_в_районе] - Завершение сбора для района Таганский. Найдено поликлиник: 20
2025-10-30 20:35:21,084 - INFO - [<cell line: 0>] - Район 'Таганский' завершен. Поликлиник: 20
2025-10-30 20:35:22,086 - INFO - [<cell line: 0>] - [106/132] Обработка района: Тверской
2025-10-30 20:35:22,087 - INFO - [получить_поликлиники_в_районе] - Начало сбора поликлиник для района: Тверской (ID: 4504209512726536)
2025-10-30 20:35:22,088 - DEBUG - [получить_поликлиники_в_районе] - Запрос страницы 1 для района Тверской
2025-10-30 20:35:22,090 - DEBUG - [_new_conn] - Starting new HTTPS connection (1): catalog.api.2gis.com:443
2025-10-30 20:35:22,505 - DEBUG - [_make_request] - https://catalog.api.2gis.com:443 "GET /3.0/items?key=2e3b8ee1-dca8-47ab-99a0-bb8cfce53698&q=%D0%BF%D0%BE%D0%BB%D0%B8%D0%BA%D0%BB%D0%B8%D0%BD%D0%B8%D0%BA%D0%B0&district_id=4504209512726536&type=branch&page=1&page_size=10&fields=items.point%2Citems.name%2Citems.address_name%2Citems.reviews HTTP/1.1" 200 None
2025-10-30 20:35:22,506 - DEBUG - [получить_поликлиники_в_районе] - Статус ответа: 200
2025-10-30 20:35:22,506 - INFO - [получить_поликлиники_в_районе] - Загружено 9 поликлиник со страницы 1
2025-10-30 20:35:23,007 - DEBUG - [получить_поликлиники_в_районе] - Запрос страницы 2 для района Тверской
2025-10-30 20:35:23,009 - DEBUG - [_new_conn] - Starting new HTTPS connection (1): catalog.api.2gis.com:443
2025-10-30 20:35:23,389 - DEBUG - [_make_request] - https://catalog.api.2gis.com:443 "GET /3.0/items?key=2e3b8ee1-dca8-47ab-99a0-bb8cfce53698&q=%D0%BF%D0%BE%D0%BB%D0%B8%D0%BA%D0%BB%D0%B8%D0%BD%D0%B8%D0%BA%D0%B0&district_id=4504209512726536&type=branch&page=2&page_size=10&fields=items.point%2Citems.name%2Citems.address_name%2Citems.reviews HTTP/1.1" 200 133
2025-10-30 20:35:23,390 - DEBUG - [получить_поликлиники_в_районе] - Статус ответа: 200
2025-10-30 20:35:23,390 - WARNING - [получить_поликлиники_в_районе] - На странице 2 нет данных в ожидаемом формате
2025-10-30 20:35:23,891 - DEBUG - [получить_поликлиники_в_районе] - Запрос страницы 3 для района Тверской
2025-10-30 20:35:23,892 - DEBUG - [_new_conn] - Starting new HTTPS connection (1): catalog.api.2gis.com:443
2025-10-30 20:35:24,270 - DEBUG - [_make_request] - https://catalog.api.2gis.com:443 "GET /3.0/items?key=2e3b8ee1-dca8-47ab-99a0-bb8cfce53698&q=%D0%BF%D0%BE%D0%BB%D0%B8%D0%BA%D0%BB%D0%B8%D0%BD%D0%B8%D0%BA%D0%B0&district_id=4504209512726536&type=branch&page=3&page_size=10&fields=items.point%2Citems.name%2Citems.address_name%2Citems.reviews HTTP/1.1" 200 133
2025-10-30 20:35:24,271 - DEBUG - [получить_поликлиники_в_районе] - Статус ответа: 200
2025-10-30 20:35:24,271 - WARNING - [получить_поликлиники_в_районе] - На странице 3 нет данных в ожидаемом формате
2025-10-30 20:35:24,772 - DEBUG - [получить_поликлиники_в_районе] - Запрос страницы 4 для района Тверской
2025-10-30 20:35:24,773 - DEBUG - [_new_conn] - Starting new HTTPS connection (1): catalog.api.2gis.com:443
2025-10-30 20:35:25,154 - DEBUG - [_make_request] - https://catalog.api.2gis.com:443 "GET /3.0/items?key=2e3b8ee1-dca8-47ab-99a0-bb8cfce53698&q=%D0%BF%D0%BE%D0%BB%D0%B8%D0%BA%D0%BB%D0%B8%D0%BD%D0%B8%D0%BA%D0%B0&district_id=4504209512726536&type=branch&page=4&page_size=10&fields=items.point%2Citems.name%2Citems.address_name%2Citems.reviews HTTP/1.1" 200 133
2025-10-30 20:35:25,155 - DEBUG - [получить_поликлиники_в_районе] - Статус ответа: 200
2025-10-30 20:35:25,155 - WARNING - [получить_поликлиники_в_районе] - На странице 4 нет данных в ожидаемом формате
2025-10-30 20:35:25,656 - DEBUG - [получить_поликлиники_в_районе] - Запрос страницы 5 для района Тверской
2025-10-30 20:35:25,657 - DEBUG - [_new_conn] - Starting new HTTPS connection (1): catalog.api.2gis.com:443
2025-10-30 20:35:26,050 - DEBUG - [_make_request] - https://catalog.api.2gis.com:443 "GET /3.0/items?key=2e3b8ee1-dca8-47ab-99a0-bb8cfce53698&q=%D0%BF%D0%BE%D0%BB%D0%B8%D0%BA%D0%BB%D0%B8%D0%BD%D0%B8%D0%BA%D0%B0&district_id=4504209512726536&type=branch&page=5&page_size=10&fields=items.point%2Citems.name%2Citems.address_name%2Citems.reviews HTTP/1.1" 200 133
2025-10-30 20:35:26,051 - DEBUG - [получить_поликлиники_в_районе] - Статус ответа: 200
2025-10-30 20:35:26,051 - WARNING - [получить_поликлиники_в_районе] - На странице 5 нет данных в ожидаемом формате
2025-10-30 20:35:26,052 - INFO - [получить_поликлиники_в_районе] - Завершение сбора для района Тверской. Найдено поликлиник: 9
2025-10-30 20:35:26,054 - INFO - [<cell line: 0>] - Район 'Тверской' завершен. Поликлиник: 9
2025-10-30 20:35:27,057 - INFO - [<cell line: 0>] - [107/132] Обработка района: Текстильщики
2025-10-30 20:35:27,058 - INFO - [получить_поликлиники_в_районе] - Начало сбора поликлиник для района: Текстильщики (ID: 4504209512726594)
2025-10-30 20:35:27,059 - DEBUG - [получить_поликлиники_в_районе] - Запрос страницы 1 для района Текстильщики
2025-10-30 20:35:27,061 - DEBUG - [_new_conn] - Starting new HTTPS connection (1): catalog.api.2gis.com:443
2025-10-30 20:35:27,444 - DEBUG - [_make_request] - https://catalog.api.2gis.com:443 "GET /3.0/items?key=2e3b8ee1-dca8-47ab-99a0-bb8cfce53698&q=%D0%BF%D0%BE%D0%BB%D0%B8%D0%BA%D0%BB%D0%B8%D0%BD%D0%B8%D0%BA%D0%B0&district_id=4504209512726594&type=branch&page=1&page_size=10&fields=items.point%2Citems.name%2Citems.address_name%2Citems.reviews HTTP/1.1" 200 None
2025-10-30 20:35:27,445 - DEBUG - [получить_поликлиники_в_районе] - Статус ответа: 200
2025-10-30 20:35:27,445 - INFO - [получить_поликлиники_в_районе] - Загружено 6 поликлиник со страницы 1
2025-10-30 20:35:27,947 - DEBUG - [получить_поликлиники_в_районе] - Запрос страницы 2 для района Текстильщики
2025-10-30 20:35:27,949 - DEBUG - [_new_conn] - Starting new HTTPS connection (1): catalog.api.2gis.com:443
2025-10-30 20:35:28,322 - DEBUG - [_make_request] - https://catalog.api.2gis.com:443 "GET /3.0/items?key=2e3b8ee1-dca8-47ab-99a0-bb8cfce53698&q=%D0%BF%D0%BE%D0%BB%D0%B8%D0%BA%D0%BB%D0%B8%D0%BD%D0%B8%D0%BA%D0%B0&district_id=4504209512726594&type=branch&page=2&page_size=10&fields=items.point%2Citems.name%2Citems.address_name%2Citems.reviews HTTP/1.1" 200 133
2025-10-30 20:35:28,323 - DEBUG - [получить_поликлиники_в_районе] - Статус ответа: 200
2025-10-30 20:35:28,323 - WARNING - [получить_поликлиники_в_районе] - На странице 2 нет данных в ожидаемом формате
2025-10-30 20:35:28,824 - DEBUG - [получить_поликлиники_в_районе] - Запрос страницы 3 для района Текстильщики
2025-10-30 20:35:28,826 - DEBUG - [_new_conn] - Starting new HTTPS connection (1): catalog.api.2gis.com:443
2025-10-30 20:35:29,204 - DEBUG - [_make_request] - https://catalog.api.2gis.com:443 "GET /3.0/items?key=2e3b8ee1-dca8-47ab-99a0-bb8cfce53698&q=%D0%BF%D0%BE%D0%BB%D0%B8%D0%BA%D0%BB%D0%B8%D0%BD%D0%B8%D0%BA%D0%B0&district_id=4504209512726594&type=branch&page=3&page_size=10&fields=items.point%2Citems.name%2Citems.address_name%2Citems.reviews HTTP/1.1" 200 133
2025-10-30 20:35:29,205 - DEBUG - [получить_поликлиники_в_районе] - Статус ответа: 200
2025-10-30 20:35:29,205 - WARNING - [получить_поликлиники_в_районе] - На странице 3 нет данных в ожидаемом формате
2025-10-30 20:35:29,706 - DEBUG - [получить_поликлиники_в_районе] - Запрос страницы 4 для района Текстильщики
2025-10-30 20:35:29,707 - DEBUG - [_new_conn] - Starting new HTTPS connection (1): catalog.api.2gis.com:443
2025-10-30 20:35:30,095 - DEBUG - [_make_request] - https://catalog.api.2gis.com:443 "GET /3.0/items?key=2e3b8ee1-dca8-47ab-99a0-bb8cfce53698&q=%D0%BF%D0%BE%D0%BB%D0%B8%D0%BA%D0%BB%D0%B8%D0%BD%D0%B8%D0%BA%D0%B0&district_id=4504209512726594&type=branch&page=4&page_size=10&fields=items.point%2Citems.name%2Citems.address_name%2Citems.reviews HTTP/1.1" 200 133
2025-10-30 20:35:30,096 - DEBUG - [получить_поликлиники_в_районе] - Статус ответа: 200
2025-10-30 20:35:30,097 - WARNING - [получить_поликлиники_в_районе] - На странице 4 нет данных в ожидаемом формате
2025-10-30 20:35:30,597 - DEBUG - [получить_поликлиники_в_районе] - Запрос страницы 5 для района Текстильщики
2025-10-30 20:35:30,599 - DEBUG - [_new_conn] - Starting new HTTPS connection (1): catalog.api.2gis.com:443
2025-10-30 20:35:30,990 - DEBUG - [_make_request] - https://catalog.api.2gis.com:443 "GET /3.0/items?key=2e3b8ee1-dca8-47ab-99a0-bb8cfce53698&q=%D0%BF%D0%BE%D0%BB%D0%B8%D0%BA%D0%BB%D0%B8%D0%BD%D0%B8%D0%BA%D0%B0&district_id=4504209512726594&type=branch&page=5&page_size=10&fields=items.point%2Citems.name%2Citems.address_name%2Citems.reviews HTTP/1.1" 200 133
2025-10-30 20:35:30,991 - DEBUG - [получить_поликлиники_в_районе] - Статус ответа: 200
2025-10-30 20:35:30,992 - WARNING - [получить_поликлиники_в_районе] - На странице 5 нет данных в ожидаемом формате
2025-10-30 20:35:30,992 - INFO - [получить_поликлиники_в_районе] - Завершение сбора для района Текстильщики. Найдено поликлиник: 6
2025-10-30 20:35:30,994 - INFO - [<cell line: 0>] - Район 'Текстильщики' завершен. Поликлиник: 6
2025-10-30 20:35:31,995 - INFO - [<cell line: 0>] - [108/132] Обработка района: Тёплый Стан
2025-10-30 20:35:31,996 - INFO - [получить_поликлиники_в_районе] - Начало сбора поликлиник для района: Тёплый Стан (ID: 4504209512726621)
2025-10-30 20:35:31,997 - DEBUG - [получить_поликлиники_в_районе] - Запрос страницы 1 для района Тёплый Стан
2025-10-30 20:35:31,999 - DEBUG - [_new_conn] - Starting new HTTPS connection (1): catalog.api.2gis.com:443
2025-10-30 20:35:32,380 - DEBUG - [_make_request] - https://catalog.api.2gis.com:443 "GET /3.0/items?key=2e3b8ee1-dca8-47ab-99a0-bb8cfce53698&q=%D0%BF%D0%BE%D0%BB%D0%B8%D0%BA%D0%BB%D0%B8%D0%BD%D0%B8%D0%BA%D0%B0&district_id=4504209512726621&type=branch&page=1&page_size=10&fields=items.point%2Citems.name%2Citems.address_name%2Citems.reviews HTTP/1.1" 200 None
2025-10-30 20:35:32,381 - DEBUG - [получить_поликлиники_в_районе] - Статус ответа: 200
2025-10-30 20:35:32,381 - INFO - [получить_поликлиники_в_районе] - Загружено 5 поликлиник со страницы 1
2025-10-30 20:35:32,882 - DEBUG - [получить_поликлиники_в_районе] - Запрос страницы 2 для района Тёплый Стан
2025-10-30 20:35:32,883 - DEBUG - [_new_conn] - Starting new HTTPS connection (1): catalog.api.2gis.com:443
2025-10-30 20:35:33,259 - DEBUG - [_make_request] - https://catalog.api.2gis.com:443 "GET /3.0/items?key=2e3b8ee1-dca8-47ab-99a0-bb8cfce53698&q=%D0%BF%D0%BE%D0%BB%D0%B8%D0%BA%D0%BB%D0%B8%D0%BD%D0%B8%D0%BA%D0%B0&district_id=4504209512726621&type=branch&page=2&page_size=10&fields=items.point%2Citems.name%2Citems.address_name%2Citems.reviews HTTP/1.1" 200 133
2025-10-30 20:35:33,260 - DEBUG - [получить_поликлиники_в_районе] - Статус ответа: 200
2025-10-30 20:35:33,260 - WARNING - [получить_поликлиники_в_районе] - На странице 2 нет данных в ожидаемом формате
2025-10-30 20:35:33,761 - DEBUG - [получить_поликлиники_в_районе] - Запрос страницы 3 для района Тёплый Стан
2025-10-30 20:35:33,762 - DEBUG - [_new_conn] - Starting new HTTPS connection (1): catalog.api.2gis.com:443
2025-10-30 20:35:34,136 - DEBUG - [_make_request] - https://catalog.api.2gis.com:443 "GET /3.0/items?key=2e3b8ee1-dca8-47ab-99a0-bb8cfce53698&q=%D0%BF%D0%BE%D0%BB%D0%B8%D0%BA%D0%BB%D0%B8%D0%BD%D0%B8%D0%BA%D0%B0&district_id=4504209512726621&type=branch&page=3&page_size=10&fields=items.point%2Citems.name%2Citems.address_name%2Citems.reviews HTTP/1.1" 200 133
2025-10-30 20:35:34,137 - DEBUG - [получить_поликлиники_в_районе] - Статус ответа: 200
2025-10-30 20:35:34,137 - WARNING - [получить_поликлиники_в_районе] - На странице 3 нет данных в ожидаемом формате
2025-10-30 20:35:34,638 - DEBUG - [получить_поликлиники_в_районе] - Запрос страницы 4 для района Тёплый Стан
2025-10-30 20:35:34,640 - DEBUG - [_new_conn] - Starting new HTTPS connection (1): catalog.api.2gis.com:443
2025-10-30 20:35:35,016 - DEBUG - [_make_request] - https://catalog.api.2gis.com:443 "GET /3.0/items?key=2e3b8ee1-dca8-47ab-99a0-bb8cfce53698&q=%D0%BF%D0%BE%D0%BB%D0%B8%D0%BA%D0%BB%D0%B8%D0%BD%D0%B8%D0%BA%D0%B0&district_id=4504209512726621&type=branch&page=4&page_size=10&fields=items.point%2Citems.name%2Citems.address_name%2Citems.reviews HTTP/1.1" 200 133
2025-10-30 20:35:35,017 - DEBUG - [получить_поликлиники_в_районе] - Статус ответа: 200
2025-10-30 20:35:35,017 - WARNING - [получить_поликлиники_в_районе] - На странице 4 нет данных в ожидаемом формате
2025-10-30 20:35:35,518 - DEBUG - [получить_поликлиники_в_районе] - Запрос страницы 5 для района Тёплый Стан
2025-10-30 20:35:35,519 - DEBUG - [_new_conn] - Starting new HTTPS connection (1): catalog.api.2gis.com:443
2025-10-30 20:35:35,901 - DEBUG - [_make_request] - https://catalog.api.2gis.com:443 "GET /3.0/items?key=2e3b8ee1-dca8-47ab-99a0-bb8cfce53698&q=%D0%BF%D0%BE%D0%BB%D0%B8%D0%BA%D0%BB%D0%B8%D0%BD%D0%B8%D0%BA%D0%B0&district_id=4504209512726621&type=branch&page=5&page_size=10&fields=items.point%2Citems.name%2Citems.address_name%2Citems.reviews HTTP/1.1" 200 133
2025-10-30 20:35:35,902 - DEBUG - [получить_поликлиники_в_районе] - Статус ответа: 200
2025-10-30 20:35:35,902 - WARNING - [получить_поликлиники_в_районе] - На странице 5 нет данных в ожидаемом формате
2025-10-30 20:35:35,903 - INFO - [получить_поликлиники_в_районе] - Завершение сбора для района Тёплый Стан. Найдено поликлиник: 5
2025-10-30 20:35:35,905 - INFO - [<cell line: 0>] - Район 'Тёплый Стан' завершен. Поликлиник: 5
2025-10-30 20:35:36,906 - INFO - [<cell line: 0>] - [109/132] Обработка района: Тимирязевский
2025-10-30 20:35:36,907 - INFO - [получить_поликлиники_в_районе] - Начало сбора поликлиник для района: Тимирязевский (ID: 4504209512726547)
2025-10-30 20:35:36,909 - DEBUG - [получить_поликлиники_в_районе] - Запрос страницы 1 для района Тимирязевский
2025-10-30 20:35:36,912 - DEBUG - [_new_conn] - Starting new HTTPS connection (1): catalog.api.2gis.com:443
2025-10-30 20:35:37,318 - DEBUG - [_make_request] - https://catalog.api.2gis.com:443 "GET /3.0/items?key=2e3b8ee1-dca8-47ab-99a0-bb8cfce53698&q=%D0%BF%D0%BE%D0%BB%D0%B8%D0%BA%D0%BB%D0%B8%D0%BD%D0%B8%D0%BA%D0%B0&district_id=4504209512726547&type=branch&page=1&page_size=10&fields=items.point%2Citems.name%2Citems.address_name%2Citems.reviews HTTP/1.1" 200 None
2025-10-30 20:35:37,319 - DEBUG - [получить_поликлиники_в_районе] - Статус ответа: 200
2025-10-30 20:35:37,319 - INFO - [получить_поликлиники_в_районе] - Загружено 9 поликлиник со страницы 1
2025-10-30 20:35:37,820 - DEBUG - [получить_поликлиники_в_районе] - Запрос страницы 2 для района Тимирязевский
2025-10-30 20:35:37,821 - DEBUG - [_new_conn] - Starting new HTTPS connection (1): catalog.api.2gis.com:443
2025-10-30 20:35:38,210 - DEBUG - [_make_request] - https://catalog.api.2gis.com:443 "GET /3.0/items?key=2e3b8ee1-dca8-47ab-99a0-bb8cfce53698&q=%D0%BF%D0%BE%D0%BB%D0%B8%D0%BA%D0%BB%D0%B8%D0%BD%D0%B8%D0%BA%D0%B0&district_id=4504209512726547&type=branch&page=2&page_size=10&fields=items.point%2Citems.name%2Citems.address_name%2Citems.reviews HTTP/1.1" 200 133
2025-10-30 20:35:38,211 - DEBUG - [получить_поликлиники_в_районе] - Статус ответа: 200
2025-10-30 20:35:38,211 - WARNING - [получить_поликлиники_в_районе] - На странице 2 нет данных в ожидаемом формате
2025-10-30 20:35:38,712 - DEBUG - [получить_поликлиники_в_районе] - Запрос страницы 3 для района Тимирязевский
2025-10-30 20:35:38,713 - DEBUG - [_new_conn] - Starting new HTTPS connection (1): catalog.api.2gis.com:443
2025-10-30 20:35:39,092 - DEBUG - [_make_request] - https://catalog.api.2gis.com:443 "GET /3.0/items?key=2e3b8ee1-dca8-47ab-99a0-bb8cfce53698&q=%D0%BF%D0%BE%D0%BB%D0%B8%D0%BA%D0%BB%D0%B8%D0%BD%D0%B8%D0%BA%D0%B0&district_id=4504209512726547&type=branch&page=3&page_size=10&fields=items.point%2Citems.name%2Citems.address_name%2Citems.reviews HTTP/1.1" 200 133
2025-10-30 20:35:39,093 - DEBUG - [получить_поликлиники_в_районе] - Статус ответа: 200
2025-10-30 20:35:39,093 - WARNING - [получить_поликлиники_в_районе] - На странице 3 нет данных в ожидаемом формате
2025-10-30 20:35:39,594 - DEBUG - [получить_поликлиники_в_районе] - Запрос страницы 4 для района Тимирязевский
2025-10-30 20:35:39,596 - DEBUG - [_new_conn] - Starting new HTTPS connection (1): catalog.api.2gis.com:443
2025-10-30 20:35:40,158 - DEBUG - [_make_request] - https://catalog.api.2gis.com:443 "GET /3.0/items?key=2e3b8ee1-dca8-47ab-99a0-bb8cfce53698&q=%D0%BF%D0%BE%D0%BB%D0%B8%D0%BA%D0%BB%D0%B8%D0%BD%D0%B8%D0%BA%D0%B0&district_id=4504209512726547&type=branch&page=4&page_size=10&fields=items.point%2Citems.name%2Citems.address_name%2Citems.reviews HTTP/1.1" 200 133
2025-10-30 20:35:40,160 - DEBUG - [получить_поликлиники_в_районе] - Статус ответа: 200
2025-10-30 20:35:40,161 - WARNING - [получить_поликлиники_в_районе] - На странице 4 нет данных в ожидаемом формате
2025-10-30 20:35:40,662 - DEBUG - [получить_поликлиники_в_районе] - Запрос страницы 5 для района Тимирязевский
2025-10-30 20:35:40,663 - DEBUG - [_new_conn] - Starting new HTTPS connection (1): catalog.api.2gis.com:443
2025-10-30 20:35:41,045 - DEBUG - [_make_request] - https://catalog.api.2gis.com:443 "GET /3.0/items?key=2e3b8ee1-dca8-47ab-99a0-bb8cfce53698&q=%D0%BF%D0%BE%D0%BB%D0%B8%D0%BA%D0%BB%D0%B8%D0%BD%D0%B8%D0%BA%D0%B0&district_id=4504209512726547&type=branch&page=5&page_size=10&fields=items.point%2Citems.name%2Citems.address_name%2Citems.reviews HTTP/1.1" 200 133
2025-10-30 20:35:41,046 - DEBUG - [получить_поликлиники_в_районе] - Статус ответа: 200
2025-10-30 20:35:41,046 - WARNING - [получить_поликлиники_в_районе] - На странице 5 нет данных в ожидаемом формате
2025-10-30 20:35:41,047 - INFO - [получить_поликлиники_в_районе] - Завершение сбора для района Тимирязевский. Найдено поликлиник: 9
2025-10-30 20:35:41,048 - INFO - [<cell line: 0>] - Район 'Тимирязевский' завершен. Поликлиник: 9
2025-10-30 20:35:42,052 - INFO - [<cell line: 0>] - [110/132] Обработка района: Троицк
2025-10-30 20:35:42,053 - INFO - [получить_поликлиники_в_районе] - Начало сбора поликлиник для района: Троицк (ID: 4504209520933741)
2025-10-30 20:35:42,054 - DEBUG - [получить_поликлиники_в_районе] - Запрос страницы 1 для района Троицк
2025-10-30 20:35:42,056 - DEBUG - [_new_conn] - Starting new HTTPS connection (1): catalog.api.2gis.com:443
2025-10-30 20:35:42,581 - DEBUG - [_make_request] - https://catalog.api.2gis.com:443 "GET /3.0/items?key=2e3b8ee1-dca8-47ab-99a0-bb8cfce53698&q=%D0%BF%D0%BE%D0%BB%D0%B8%D0%BA%D0%BB%D0%B8%D0%BD%D0%B8%D0%BA%D0%B0&district_id=4504209520933741&type=branch&page=1&page_size=10&fields=items.point%2Citems.name%2Citems.address_name%2Citems.reviews HTTP/1.1" 200 None
2025-10-30 20:35:42,582 - DEBUG - [получить_поликлиники_в_районе] - Статус ответа: 200
2025-10-30 20:35:42,582 - INFO - [получить_поликлиники_в_районе] - Загружено 5 поликлиник со страницы 1
2025-10-30 20:35:43,083 - DEBUG - [получить_поликлиники_в_районе] - Запрос страницы 2 для района Троицк
2025-10-30 20:35:43,084 - DEBUG - [_new_conn] - Starting new HTTPS connection (1): catalog.api.2gis.com:443
2025-10-30 20:35:43,456 - DEBUG - [_make_request] - https://catalog.api.2gis.com:443 "GET /3.0/items?key=2e3b8ee1-dca8-47ab-99a0-bb8cfce53698&q=%D0%BF%D0%BE%D0%BB%D0%B8%D0%BA%D0%BB%D0%B8%D0%BD%D0%B8%D0%BA%D0%B0&district_id=4504209520933741&type=branch&page=2&page_size=10&fields=items.point%2Citems.name%2Citems.address_name%2Citems.reviews HTTP/1.1" 200 133
2025-10-30 20:35:43,457 - DEBUG - [получить_поликлиники_в_районе] - Статус ответа: 200
2025-10-30 20:35:43,457 - WARNING - [получить_поликлиники_в_районе] - На странице 2 нет данных в ожидаемом формате
2025-10-30 20:35:43,958 - DEBUG - [получить_поликлиники_в_районе] - Запрос страницы 3 для района Троицк
2025-10-30 20:35:43,960 - DEBUG - [_new_conn] - Starting new HTTPS connection (1): catalog.api.2gis.com:443
2025-10-30 20:35:44,341 - DEBUG - [_make_request] - https://catalog.api.2gis.com:443 "GET /3.0/items?key=2e3b8ee1-dca8-47ab-99a0-bb8cfce53698&q=%D0%BF%D0%BE%D0%BB%D0%B8%D0%BA%D0%BB%D0%B8%D0%BD%D0%B8%D0%BA%D0%B0&district_id=4504209520933741&type=branch&page=3&page_size=10&fields=items.point%2Citems.name%2Citems.address_name%2Citems.reviews HTTP/1.1" 200 133
2025-10-30 20:35:44,343 - DEBUG - [получить_поликлиники_в_районе] - Статус ответа: 200
2025-10-30 20:35:44,343 - WARNING - [получить_поликлиники_в_районе] - На странице 3 нет данных в ожидаемом формате
2025-10-30 20:35:44,844 - DEBUG - [получить_поликлиники_в_районе] - Запрос страницы 4 для района Троицк
2025-10-30 20:35:44,845 - DEBUG - [_new_conn] - Starting new HTTPS connection (1): catalog.api.2gis.com:443
2025-10-30 20:35:45,234 - DEBUG - [_make_request] - https://catalog.api.2gis.com:443 "GET /3.0/items?key=2e3b8ee1-dca8-47ab-99a0-bb8cfce53698&q=%D0%BF%D0%BE%D0%BB%D0%B8%D0%BA%D0%BB%D0%B8%D0%BD%D0%B8%D0%BA%D0%B0&district_id=4504209520933741&type=branch&page=4&page_size=10&fields=items.point%2Citems.name%2Citems.address_name%2Citems.reviews HTTP/1.1" 200 133
2025-10-30 20:35:45,235 - DEBUG - [получить_поликлиники_в_районе] - Статус ответа: 200
2025-10-30 20:35:45,236 - WARNING - [получить_поликлиники_в_районе] - На странице 4 нет данных в ожидаемом формате
2025-10-30 20:35:45,736 - DEBUG - [получить_поликлиники_в_районе] - Запрос страницы 5 для района Троицк
2025-10-30 20:35:45,738 - DEBUG - [_new_conn] - Starting new HTTPS connection (1): catalog.api.2gis.com:443
2025-10-30 20:35:46,116 - DEBUG - [_make_request] - https://catalog.api.2gis.com:443 "GET /3.0/items?key=2e3b8ee1-dca8-47ab-99a0-bb8cfce53698&q=%D0%BF%D0%BE%D0%BB%D0%B8%D0%BA%D0%BB%D0%B8%D0%BD%D0%B8%D0%BA%D0%B0&district_id=4504209520933741&type=branch&page=5&page_size=10&fields=items.point%2Citems.name%2Citems.address_name%2Citems.reviews HTTP/1.1" 200 133
2025-10-30 20:35:46,117 - DEBUG - [получить_поликлиники_в_районе] - Статус ответа: 200
2025-10-30 20:35:46,117 - WARNING - [получить_поликлиники_в_районе] - На странице 5 нет данных в ожидаемом формате
2025-10-30 20:35:46,118 - INFO - [получить_поликлиники_в_районе] - Завершение сбора для района Троицк. Найдено поликлиник: 5
2025-10-30 20:35:46,121 - INFO - [<cell line: 0>] - Район 'Троицк' завершен. Поликлиник: 5
2025-10-30 20:35:47,122 - INFO - [<cell line: 0>] - [111/132] Обработка района: Тропарёво-Никулино
2025-10-30 20:35:47,123 - INFO - [получить_поликлиники_в_районе] - Начало сбора поликлиник для района: Тропарёво-Никулино (ID: 4504209512726630)
2025-10-30 20:35:47,124 - DEBUG - [получить_поликлиники_в_районе] - Запрос страницы 1 для района Тропарёво-Никулино
2025-10-30 20:35:47,126 - DEBUG - [_new_conn] - Starting new HTTPS connection (1): catalog.api.2gis.com:443
2025-10-30 20:35:47,504 - DEBUG - [_make_request] - https://catalog.api.2gis.com:443 "GET /3.0/items?key=2e3b8ee1-dca8-47ab-99a0-bb8cfce53698&q=%D0%BF%D0%BE%D0%BB%D0%B8%D0%BA%D0%BB%D0%B8%D0%BD%D0%B8%D0%BA%D0%B0&district_id=4504209512726630&type=branch&page=1&page_size=10&fields=items.point%2Citems.name%2Citems.address_name%2Citems.reviews HTTP/1.1" 200 None
2025-10-30 20:35:47,505 - DEBUG - [получить_поликлиники_в_районе] - Статус ответа: 200
2025-10-30 20:35:47,505 - INFO - [получить_поликлиники_в_районе] - Загружено 7 поликлиник со страницы 1
2025-10-30 20:35:48,006 - DEBUG - [получить_поликлиники_в_районе] - Запрос страницы 2 для района Тропарёво-Никулино
2025-10-30 20:35:48,008 - DEBUG - [_new_conn] - Starting new HTTPS connection (1): catalog.api.2gis.com:443
2025-10-30 20:35:48,382 - DEBUG - [_make_request] - https://catalog.api.2gis.com:443 "GET /3.0/items?key=2e3b8ee1-dca8-47ab-99a0-bb8cfce53698&q=%D0%BF%D0%BE%D0%BB%D0%B8%D0%BA%D0%BB%D0%B8%D0%BD%D0%B8%D0%BA%D0%B0&district_id=4504209512726630&type=branch&page=2&page_size=10&fields=items.point%2Citems.name%2Citems.address_name%2Citems.reviews HTTP/1.1" 200 133
2025-10-30 20:35:48,383 - DEBUG - [получить_поликлиники_в_районе] - Статус ответа: 200
2025-10-30 20:35:48,383 - WARNING - [получить_поликлиники_в_районе] - На странице 2 нет данных в ожидаемом формате
2025-10-30 20:35:48,884 - DEBUG - [получить_поликлиники_в_районе] - Запрос страницы 3 для района Тропарёво-Никулино
2025-10-30 20:35:48,885 - DEBUG - [_new_conn] - Starting new HTTPS connection (1): catalog.api.2gis.com:443
2025-10-30 20:35:49,285 - DEBUG - [_make_request] - https://catalog.api.2gis.com:443 "GET /3.0/items?key=2e3b8ee1-dca8-47ab-99a0-bb8cfce53698&q=%D0%BF%D0%BE%D0%BB%D0%B8%D0%BA%D0%BB%D0%B8%D0%BD%D0%B8%D0%BA%D0%B0&district_id=4504209512726630&type=branch&page=3&page_size=10&fields=items.point%2Citems.name%2Citems.address_name%2Citems.reviews HTTP/1.1" 200 133
2025-10-30 20:35:49,286 - DEBUG - [получить_поликлиники_в_районе] - Статус ответа: 200
2025-10-30 20:35:49,287 - WARNING - [получить_поликлиники_в_районе] - На странице 3 нет данных в ожидаемом формате
2025-10-30 20:35:49,788 - DEBUG - [получить_поликлиники_в_районе] - Запрос страницы 4 для района Тропарёво-Никулино
2025-10-30 20:35:49,789 - DEBUG - [_new_conn] - Starting new HTTPS connection (1): catalog.api.2gis.com:443
2025-10-30 20:35:50,187 - DEBUG - [_make_request] - https://catalog.api.2gis.com:443 "GET /3.0/items?key=2e3b8ee1-dca8-47ab-99a0-bb8cfce53698&q=%D0%BF%D0%BE%D0%BB%D0%B8%D0%BA%D0%BB%D0%B8%D0%BD%D0%B8%D0%BA%D0%B0&district_id=4504209512726630&type=branch&page=4&page_size=10&fields=items.point%2Citems.name%2Citems.address_name%2Citems.reviews HTTP/1.1" 200 133
2025-10-30 20:35:50,188 - DEBUG - [получить_поликлиники_в_районе] - Статус ответа: 200
2025-10-30 20:35:50,188 - WARNING - [получить_поликлиники_в_районе] - На странице 4 нет данных в ожидаемом формате
2025-10-30 20:35:50,689 - DEBUG - [получить_поликлиники_в_районе] - Запрос страницы 5 для района Тропарёво-Никулино
2025-10-30 20:35:50,690 - DEBUG - [_new_conn] - Starting new HTTPS connection (1): catalog.api.2gis.com:443
2025-10-30 20:35:51,069 - DEBUG - [_make_request] - https://catalog.api.2gis.com:443 "GET /3.0/items?key=2e3b8ee1-dca8-47ab-99a0-bb8cfce53698&q=%D0%BF%D0%BE%D0%BB%D0%B8%D0%BA%D0%BB%D0%B8%D0%BD%D0%B8%D0%BA%D0%B0&district_id=4504209512726630&type=branch&page=5&page_size=10&fields=items.point%2Citems.name%2Citems.address_name%2Citems.reviews HTTP/1.1" 200 133
2025-10-30 20:35:51,071 - DEBUG - [получить_поликлиники_в_районе] - Статус ответа: 200
2025-10-30 20:35:51,071 - WARNING - [получить_поликлиники_в_районе] - На странице 5 нет данных в ожидаемом формате
2025-10-30 20:35:51,072 - INFO - [получить_поликлиники_в_районе] - Завершение сбора для района Тропарёво-Никулино. Найдено поликлиник: 7
2025-10-30 20:35:51,074 - INFO - [<cell line: 0>] - Район 'Тропарёво-Никулино' завершен. Поликлиник: 7
2025-10-30 20:35:52,075 - INFO - [<cell line: 0>] - [112/132] Обработка района: Филёвский Парк
2025-10-30 20:35:52,076 - INFO - [получить_поликлиники_в_районе] - Начало сбора поликлиник для района: Филёвский Парк (ID: 4504209512726636)
2025-10-30 20:35:52,077 - DEBUG - [получить_поликлиники_в_районе] - Запрос страницы 1 для района Филёвский Парк
2025-10-30 20:35:52,080 - DEBUG - [_new_conn] - Starting new HTTPS connection (1): catalog.api.2gis.com:443
2025-10-30 20:35:52,478 - DEBUG - [_make_request] - https://catalog.api.2gis.com:443 "GET /3.0/items?key=2e3b8ee1-dca8-47ab-99a0-bb8cfce53698&q=%D0%BF%D0%BE%D0%BB%D0%B8%D0%BA%D0%BB%D0%B8%D0%BD%D0%B8%D0%BA%D0%B0&district_id=4504209512726636&type=branch&page=1&page_size=10&fields=items.point%2Citems.name%2Citems.address_name%2Citems.reviews HTTP/1.1" 200 None
2025-10-30 20:35:52,479 - DEBUG - [получить_поликлиники_в_районе] - Статус ответа: 200
2025-10-30 20:35:52,479 - INFO - [получить_поликлиники_в_районе] - Загружено 5 поликлиник со страницы 1
2025-10-30 20:35:52,980 - DEBUG - [получить_поликлиники_в_районе] - Запрос страницы 2 для района Филёвский Парк
2025-10-30 20:35:52,981 - DEBUG - [_new_conn] - Starting new HTTPS connection (1): catalog.api.2gis.com:443
2025-10-30 20:35:53,360 - DEBUG - [_make_request] - https://catalog.api.2gis.com:443 "GET /3.0/items?key=2e3b8ee1-dca8-47ab-99a0-bb8cfce53698&q=%D0%BF%D0%BE%D0%BB%D0%B8%D0%BA%D0%BB%D0%B8%D0%BD%D0%B8%D0%BA%D0%B0&district_id=4504209512726636&type=branch&page=2&page_size=10&fields=items.point%2Citems.name%2Citems.address_name%2Citems.reviews HTTP/1.1" 200 133
2025-10-30 20:35:53,361 - DEBUG - [получить_поликлиники_в_районе] - Статус ответа: 200
2025-10-30 20:35:53,361 - WARNING - [получить_поликлиники_в_районе] - На странице 2 нет данных в ожидаемом формате
2025-10-30 20:35:53,863 - DEBUG - [получить_поликлиники_в_районе] - Запрос страницы 3 для района Филёвский Парк
2025-10-30 20:35:53,864 - DEBUG - [_new_conn] - Starting new HTTPS connection (1): catalog.api.2gis.com:443
2025-10-30 20:35:54,245 - DEBUG - [_make_request] - https://catalog.api.2gis.com:443 "GET /3.0/items?key=2e3b8ee1-dca8-47ab-99a0-bb8cfce53698&q=%D0%BF%D0%BE%D0%BB%D0%B8%D0%BA%D0%BB%D0%B8%D0%BD%D0%B8%D0%BA%D0%B0&district_id=4504209512726636&type=branch&page=3&page_size=10&fields=items.point%2Citems.name%2Citems.address_name%2Citems.reviews HTTP/1.1" 200 133
2025-10-30 20:35:54,246 - DEBUG - [получить_поликлиники_в_районе] - Статус ответа: 200
2025-10-30 20:35:54,246 - WARNING - [получить_поликлиники_в_районе] - На странице 3 нет данных в ожидаемом формате
2025-10-30 20:35:54,747 - DEBUG - [получить_поликлиники_в_районе] - Запрос страницы 4 для района Филёвский Парк
2025-10-30 20:35:54,748 - DEBUG - [_new_conn] - Starting new HTTPS connection (1): catalog.api.2gis.com:443
2025-10-30 20:35:55,119 - DEBUG - [_make_request] - https://catalog.api.2gis.com:443 "GET /3.0/items?key=2e3b8ee1-dca8-47ab-99a0-bb8cfce53698&q=%D0%BF%D0%BE%D0%BB%D0%B8%D0%BA%D0%BB%D0%B8%D0%BD%D0%B8%D0%BA%D0%B0&district_id=4504209512726636&type=branch&page=4&page_size=10&fields=items.point%2Citems.name%2Citems.address_name%2Citems.reviews HTTP/1.1" 200 133
2025-10-30 20:35:55,121 - DEBUG - [получить_поликлиники_в_районе] - Статус ответа: 200
2025-10-30 20:35:55,121 - WARNING - [получить_поликлиники_в_районе] - На странице 4 нет данных в ожидаемом формате
2025-10-30 20:35:55,622 - DEBUG - [получить_поликлиники_в_районе] - Запрос страницы 5 для района Филёвский Парк
2025-10-30 20:35:55,623 - DEBUG - [_new_conn] - Starting new HTTPS connection (1): catalog.api.2gis.com:443
2025-10-30 20:35:56,023 - DEBUG - [_make_request] - https://catalog.api.2gis.com:443 "GET /3.0/items?key=2e3b8ee1-dca8-47ab-99a0-bb8cfce53698&q=%D0%BF%D0%BE%D0%BB%D0%B8%D0%BA%D0%BB%D0%B8%D0%BD%D0%B8%D0%BA%D0%B0&district_id=4504209512726636&type=branch&page=5&page_size=10&fields=items.point%2Citems.name%2Citems.address_name%2Citems.reviews HTTP/1.1" 200 133
2025-10-30 20:35:56,024 - DEBUG - [получить_поликлиники_в_районе] - Статус ответа: 200
2025-10-30 20:35:56,024 - WARNING - [получить_поликлиники_в_районе] - На странице 5 нет данных в ожидаемом формате
2025-10-30 20:35:56,025 - INFO - [получить_поликлиники_в_районе] - Завершение сбора для района Филёвский Парк. Найдено поликлиник: 5
2025-10-30 20:35:56,027 - INFO - [<cell line: 0>] - Район 'Филёвский Парк' завершен. Поликлиник: 5
2025-10-30 20:35:57,028 - INFO - [<cell line: 0>] - [113/132] Обработка района: Фили-Давыдково
2025-10-30 20:35:57,029 - INFO - [получить_поликлиники_в_районе] - Начало сбора поликлиник для района: Фили-Давыдково (ID: 4504209512726638)
2025-10-30 20:35:57,031 - DEBUG - [получить_поликлиники_в_районе] - Запрос страницы 1 для района Фили-Давыдково
2025-10-30 20:35:57,033 - DEBUG - [_new_conn] - Starting new HTTPS connection (1): catalog.api.2gis.com:443
2025-10-30 20:35:57,432 - DEBUG - [_make_request] - https://catalog.api.2gis.com:443 "GET /3.0/items?key=2e3b8ee1-dca8-47ab-99a0-bb8cfce53698&q=%D0%BF%D0%BE%D0%BB%D0%B8%D0%BA%D0%BB%D0%B8%D0%BD%D0%B8%D0%BA%D0%B0&district_id=4504209512726638&type=branch&page=1&page_size=10&fields=items.point%2Citems.name%2Citems.address_name%2Citems.reviews HTTP/1.1" 200 None
2025-10-30 20:35:57,433 - DEBUG - [получить_поликлиники_в_районе] - Статус ответа: 200
2025-10-30 20:35:57,433 - INFO - [получить_поликлиники_в_районе] - Загружено 8 поликлиник со страницы 1
2025-10-30 20:35:57,934 - DEBUG - [получить_поликлиники_в_районе] - Запрос страницы 2 для района Фили-Давыдково
2025-10-30 20:35:57,935 - DEBUG - [_new_conn] - Starting new HTTPS connection (1): catalog.api.2gis.com:443
2025-10-30 20:35:58,310 - DEBUG - [_make_request] - https://catalog.api.2gis.com:443 "GET /3.0/items?key=2e3b8ee1-dca8-47ab-99a0-bb8cfce53698&q=%D0%BF%D0%BE%D0%BB%D0%B8%D0%BA%D0%BB%D0%B8%D0%BD%D0%B8%D0%BA%D0%B0&district_id=4504209512726638&type=branch&page=2&page_size=10&fields=items.point%2Citems.name%2Citems.address_name%2Citems.reviews HTTP/1.1" 200 133
2025-10-30 20:35:58,311 - DEBUG - [получить_поликлиники_в_районе] - Статус ответа: 200
2025-10-30 20:35:58,311 - WARNING - [получить_поликлиники_в_районе] - На странице 2 нет данных в ожидаемом формате
2025-10-30 20:35:58,812 - DEBUG - [получить_поликлиники_в_районе] - Запрос страницы 3 для района Фили-Давыдково
2025-10-30 20:35:58,814 - DEBUG - [_new_conn] - Starting new HTTPS connection (1): catalog.api.2gis.com:443
2025-10-30 20:35:59,194 - DEBUG - [_make_request] - https://catalog.api.2gis.com:443 "GET /3.0/items?key=2e3b8ee1-dca8-47ab-99a0-bb8cfce53698&q=%D0%BF%D0%BE%D0%BB%D0%B8%D0%BA%D0%BB%D0%B8%D0%BD%D0%B8%D0%BA%D0%B0&district_id=4504209512726638&type=branch&page=3&page_size=10&fields=items.point%2Citems.name%2Citems.address_name%2Citems.reviews HTTP/1.1" 200 133
2025-10-30 20:35:59,195 - DEBUG - [получить_поликлиники_в_районе] - Статус ответа: 200
2025-10-30 20:35:59,195 - WARNING - [получить_поликлиники_в_районе] - На странице 3 нет данных в ожидаемом формате
2025-10-30 20:35:59,696 - DEBUG - [получить_поликлиники_в_районе] - Запрос страницы 4 для района Фили-Давыдково
2025-10-30 20:35:59,697 - DEBUG - [_new_conn] - Starting new HTTPS connection (1): catalog.api.2gis.com:443
2025-10-30 20:36:00,086 - DEBUG - [_make_request] - https://catalog.api.2gis.com:443 "GET /3.0/items?key=2e3b8ee1-dca8-47ab-99a0-bb8cfce53698&q=%D0%BF%D0%BE%D0%BB%D0%B8%D0%BA%D0%BB%D0%B8%D0%BD%D0%B8%D0%BA%D0%B0&district_id=4504209512726638&type=branch&page=4&page_size=10&fields=items.point%2Citems.name%2Citems.address_name%2Citems.reviews HTTP/1.1" 200 133
2025-10-30 20:36:00,087 - DEBUG - [получить_поликлиники_в_районе] - Статус ответа: 200
2025-10-30 20:36:00,087 - WARNING - [получить_поликлиники_в_районе] - На странице 4 нет данных в ожидаемом формате
2025-10-30 20:36:00,588 - DEBUG - [получить_поликлиники_в_районе] - Запрос страницы 5 для района Фили-Давыдково
2025-10-30 20:36:00,589 - DEBUG - [_new_conn] - Starting new HTTPS connection (1): catalog.api.2gis.com:443
2025-10-30 20:36:00,983 - DEBUG - [_make_request] - https://catalog.api.2gis.com:443 "GET /3.0/items?key=2e3b8ee1-dca8-47ab-99a0-bb8cfce53698&q=%D0%BF%D0%BE%D0%BB%D0%B8%D0%BA%D0%BB%D0%B8%D0%BD%D0%B8%D0%BA%D0%B0&district_id=4504209512726638&type=branch&page=5&page_size=10&fields=items.point%2Citems.name%2Citems.address_name%2Citems.reviews HTTP/1.1" 200 133
2025-10-30 20:36:00,984 - DEBUG - [получить_поликлиники_в_районе] - Статус ответа: 200
2025-10-30 20:36:00,984 - WARNING - [получить_поликлиники_в_районе] - На странице 5 нет данных в ожидаемом формате
2025-10-30 20:36:00,985 - INFO - [получить_поликлиники_в_районе] - Завершение сбора для района Фили-Давыдково. Найдено поликлиник: 8
2025-10-30 20:36:00,987 - INFO - [<cell line: 0>] - Район 'Фили-Давыдково' завершен. Поликлиник: 8
2025-10-30 20:36:01,989 - INFO - [<cell line: 0>] - [114/132] Обработка района: Филимонковский
2025-10-30 20:36:01,990 - INFO - [получить_поликлиники_в_районе] - Начало сбора поликлиник для района: Филимонковский (ID: 4504209520929329)
2025-10-30 20:36:01,991 - DEBUG - [получить_поликлиники_в_районе] - Запрос страницы 1 для района Филимонковский
2025-10-30 20:36:01,992 - DEBUG - [_new_conn] - Starting new HTTPS connection (1): catalog.api.2gis.com:443
2025-10-30 20:36:02,382 - DEBUG - [_make_request] - https://catalog.api.2gis.com:443 "GET /3.0/items?key=2e3b8ee1-dca8-47ab-99a0-bb8cfce53698&q=%D0%BF%D0%BE%D0%BB%D0%B8%D0%BA%D0%BB%D0%B8%D0%BD%D0%B8%D0%BA%D0%B0&district_id=4504209520929329&type=branch&page=1&page_size=10&fields=items.point%2Citems.name%2Citems.address_name%2Citems.reviews HTTP/1.1" 200 None
2025-10-30 20:36:02,383 - DEBUG - [получить_поликлиники_в_районе] - Статус ответа: 200
2025-10-30 20:36:02,383 - INFO - [получить_поликлиники_в_районе] - Загружено 10 поликлиник со страницы 1
2025-10-30 20:36:02,884 - DEBUG - [получить_поликлиники_в_районе] - Запрос страницы 2 для района Филимонковский
2025-10-30 20:36:02,886 - DEBUG - [_new_conn] - Starting new HTTPS connection (1): catalog.api.2gis.com:443
2025-10-30 20:36:03,294 - DEBUG - [_make_request] - https://catalog.api.2gis.com:443 "GET /3.0/items?key=2e3b8ee1-dca8-47ab-99a0-bb8cfce53698&q=%D0%BF%D0%BE%D0%BB%D0%B8%D0%BA%D0%BB%D0%B8%D0%BD%D0%B8%D0%BA%D0%B0&district_id=4504209520929329&type=branch&page=2&page_size=10&fields=items.point%2Citems.name%2Citems.address_name%2Citems.reviews HTTP/1.1" 200 None
2025-10-30 20:36:03,295 - DEBUG - [получить_поликлиники_в_районе] - Статус ответа: 200
2025-10-30 20:36:03,296 - INFO - [получить_поликлиники_в_районе] - Загружено 4 поликлиник со страницы 2
2025-10-30 20:36:03,797 - DEBUG - [получить_поликлиники_в_районе] - Запрос страницы 3 для района Филимонковский
2025-10-30 20:36:03,799 - DEBUG - [_new_conn] - Starting new HTTPS connection (1): catalog.api.2gis.com:443
2025-10-30 20:36:04,171 - DEBUG - [_make_request] - https://catalog.api.2gis.com:443 "GET /3.0/items?key=2e3b8ee1-dca8-47ab-99a0-bb8cfce53698&q=%D0%BF%D0%BE%D0%BB%D0%B8%D0%BA%D0%BB%D0%B8%D0%BD%D0%B8%D0%BA%D0%B0&district_id=4504209520929329&type=branch&page=3&page_size=10&fields=items.point%2Citems.name%2Citems.address_name%2Citems.reviews HTTP/1.1" 200 133
2025-10-30 20:36:04,173 - DEBUG - [получить_поликлиники_в_районе] - Статус ответа: 200
2025-10-30 20:36:04,173 - WARNING - [получить_поликлиники_в_районе] - На странице 3 нет данных в ожидаемом формате
2025-10-30 20:36:04,674 - DEBUG - [получить_поликлиники_в_районе] - Запрос страницы 4 для района Филимонковский
2025-10-30 20:36:04,675 - DEBUG - [_new_conn] - Starting new HTTPS connection (1): catalog.api.2gis.com:443
2025-10-30 20:36:05,096 - DEBUG - [_make_request] - https://catalog.api.2gis.com:443 "GET /3.0/items?key=2e3b8ee1-dca8-47ab-99a0-bb8cfce53698&q=%D0%BF%D0%BE%D0%BB%D0%B8%D0%BA%D0%BB%D0%B8%D0%BD%D0%B8%D0%BA%D0%B0&district_id=4504209520929329&type=branch&page=4&page_size=10&fields=items.point%2Citems.name%2Citems.address_name%2Citems.reviews HTTP/1.1" 200 133
2025-10-30 20:36:05,097 - DEBUG - [получить_поликлиники_в_районе] - Статус ответа: 200
2025-10-30 20:36:05,097 - WARNING - [получить_поликлиники_в_районе] - На странице 4 нет данных в ожидаемом формате
2025-10-30 20:36:05,598 - DEBUG - [получить_поликлиники_в_районе] - Запрос страницы 5 для района Филимонковский
2025-10-30 20:36:05,599 - DEBUG - [_new_conn] - Starting new HTTPS connection (1): catalog.api.2gis.com:443
2025-10-30 20:36:05,971 - DEBUG - [_make_request] - https://catalog.api.2gis.com:443 "GET /3.0/items?key=2e3b8ee1-dca8-47ab-99a0-bb8cfce53698&q=%D0%BF%D0%BE%D0%BB%D0%B8%D0%BA%D0%BB%D0%B8%D0%BD%D0%B8%D0%BA%D0%B0&district_id=4504209520929329&type=branch&page=5&page_size=10&fields=items.point%2Citems.name%2Citems.address_name%2Citems.reviews HTTP/1.1" 200 133
2025-10-30 20:36:05,972 - DEBUG - [получить_поликлиники_в_районе] - Статус ответа: 200
2025-10-30 20:36:05,972 - WARNING - [получить_поликлиники_в_районе] - На странице 5 нет данных в ожидаемом формате
2025-10-30 20:36:05,972 - INFO - [получить_поликлиники_в_районе] - Завершение сбора для района Филимонковский. Найдено поликлиник: 14
2025-10-30 20:36:05,975 - INFO - [<cell line: 0>] - Район 'Филимонковский' завершен. Поликлиник: 14
2025-10-30 20:36:06,976 - INFO - [<cell line: 0>] - [115/132] Обработка района: Хамовники
2025-10-30 20:36:06,976 - INFO - [получить_поликлиники_в_районе] - Начало сбора поликлиник для района: Хамовники (ID: 4504209512726533)
2025-10-30 20:36:06,978 - DEBUG - [получить_поликлиники_в_районе] - Запрос страницы 1 для района Хамовники
2025-10-30 20:36:06,979 - DEBUG - [_new_conn] - Starting new HTTPS connection (1): catalog.api.2gis.com:443
2025-10-30 20:36:07,392 - DEBUG - [_make_request] - https://catalog.api.2gis.com:443 "GET /3.0/items?key=2e3b8ee1-dca8-47ab-99a0-bb8cfce53698&q=%D0%BF%D0%BE%D0%BB%D0%B8%D0%BA%D0%BB%D0%B8%D0%BD%D0%B8%D0%BA%D0%B0&district_id=4504209512726533&type=branch&page=1&page_size=10&fields=items.point%2Citems.name%2Citems.address_name%2Citems.reviews HTTP/1.1" 200 None
2025-10-30 20:36:07,392 - DEBUG - [получить_поликлиники_в_районе] - Статус ответа: 200
2025-10-30 20:36:07,393 - INFO - [получить_поликлиники_в_районе] - Загружено 10 поликлиник со страницы 1
2025-10-30 20:36:07,894 - DEBUG - [получить_поликлиники_в_районе] - Запрос страницы 2 для района Хамовники
2025-10-30 20:36:07,896 - DEBUG - [_new_conn] - Starting new HTTPS connection (1): catalog.api.2gis.com:443
2025-10-30 20:36:08,288 - DEBUG - [_make_request] - https://catalog.api.2gis.com:443 "GET /3.0/items?key=2e3b8ee1-dca8-47ab-99a0-bb8cfce53698&q=%D0%BF%D0%BE%D0%BB%D0%B8%D0%BA%D0%BB%D0%B8%D0%BD%D0%B8%D0%BA%D0%B0&district_id=4504209512726533&type=branch&page=2&page_size=10&fields=items.point%2Citems.name%2Citems.address_name%2Citems.reviews HTTP/1.1" 200 None
2025-10-30 20:36:08,289 - DEBUG - [получить_поликлиники_в_районе] - Статус ответа: 200
2025-10-30 20:36:08,289 - INFO - [получить_поликлиники_в_районе] - Загружено 10 поликлиник со страницы 2
2025-10-30 20:36:08,790 - DEBUG - [получить_поликлиники_в_районе] - Запрос страницы 3 для района Хамовники
2025-10-30 20:36:08,792 - DEBUG - [_new_conn] - Starting new HTTPS connection (1): catalog.api.2gis.com:443
2025-10-30 20:36:09,162 - DEBUG - [_make_request] - https://catalog.api.2gis.com:443 "GET /3.0/items?key=2e3b8ee1-dca8-47ab-99a0-bb8cfce53698&q=%D0%BF%D0%BE%D0%BB%D0%B8%D0%BA%D0%BB%D0%B8%D0%BD%D0%B8%D0%BA%D0%B0&district_id=4504209512726533&type=branch&page=3&page_size=10&fields=items.point%2Citems.name%2Citems.address_name%2Citems.reviews HTTP/1.1" 200 133
2025-10-30 20:36:09,163 - DEBUG - [получить_поликлиники_в_районе] - Статус ответа: 200
2025-10-30 20:36:09,163 - WARNING - [получить_поликлиники_в_районе] - На странице 3 нет данных в ожидаемом формате
2025-10-30 20:36:09,664 - DEBUG - [получить_поликлиники_в_районе] - Запрос страницы 4 для района Хамовники
2025-10-30 20:36:09,666 - DEBUG - [_new_conn] - Starting new HTTPS connection (1): catalog.api.2gis.com:443
2025-10-30 20:36:10,151 - DEBUG - [_make_request] - https://catalog.api.2gis.com:443 "GET /3.0/items?key=2e3b8ee1-dca8-47ab-99a0-bb8cfce53698&q=%D0%BF%D0%BE%D0%BB%D0%B8%D0%BA%D0%BB%D0%B8%D0%BD%D0%B8%D0%BA%D0%B0&district_id=4504209512726533&type=branch&page=4&page_size=10&fields=items.point%2Citems.name%2Citems.address_name%2Citems.reviews HTTP/1.1" 200 133
2025-10-30 20:36:10,152 - DEBUG - [получить_поликлиники_в_районе] - Статус ответа: 200
2025-10-30 20:36:10,152 - WARNING - [получить_поликлиники_в_районе] - На странице 4 нет данных в ожидаемом формате
2025-10-30 20:36:10,653 - DEBUG - [получить_поликлиники_в_районе] - Запрос страницы 5 для района Хамовники
2025-10-30 20:36:10,654 - DEBUG - [_new_conn] - Starting new HTTPS connection (1): catalog.api.2gis.com:443
2025-10-30 20:36:11,030 - DEBUG - [_make_request] - https://catalog.api.2gis.com:443 "GET /3.0/items?key=2e3b8ee1-dca8-47ab-99a0-bb8cfce53698&q=%D0%BF%D0%BE%D0%BB%D0%B8%D0%BA%D0%BB%D0%B8%D0%BD%D0%B8%D0%BA%D0%B0&district_id=4504209512726533&type=branch&page=5&page_size=10&fields=items.point%2Citems.name%2Citems.address_name%2Citems.reviews HTTP/1.1" 200 133
2025-10-30 20:36:11,031 - DEBUG - [получить_поликлиники_в_районе] - Статус ответа: 200
2025-10-30 20:36:11,031 - WARNING - [получить_поликлиники_в_районе] - На странице 5 нет данных в ожидаемом формате
2025-10-30 20:36:11,031 - INFO - [получить_поликлиники_в_районе] - Завершение сбора для района Хамовники. Найдено поликлиник: 20
2025-10-30 20:36:11,033 - INFO - [<cell line: 0>] - Район 'Хамовники' завершен. Поликлиник: 20
2025-10-30 20:36:12,034 - INFO - [<cell line: 0>] - [116/132] Обработка района: Ховрино
2025-10-30 20:36:12,035 - INFO - [получить_поликлиники_в_районе] - Начало сбора поликлиник для района: Ховрино (ID: 4504209512726555)
2025-10-30 20:36:12,036 - DEBUG - [получить_поликлиники_в_районе] - Запрос страницы 1 для района Ховрино
2025-10-30 20:36:12,038 - DEBUG - [_new_conn] - Starting new HTTPS connection (1): catalog.api.2gis.com:443
2025-10-30 20:36:12,636 - DEBUG - [_make_request] - https://catalog.api.2gis.com:443 "GET /3.0/items?key=2e3b8ee1-dca8-47ab-99a0-bb8cfce53698&q=%D0%BF%D0%BE%D0%BB%D0%B8%D0%BA%D0%BB%D0%B8%D0%BD%D0%B8%D0%BA%D0%B0&district_id=4504209512726555&type=branch&page=1&page_size=10&fields=items.point%2Citems.name%2Citems.address_name%2Citems.reviews HTTP/1.1" 200 None
2025-10-30 20:36:12,637 - DEBUG - [получить_поликлиники_в_районе] - Статус ответа: 200
2025-10-30 20:36:12,637 - INFO - [получить_поликлиники_в_районе] - Загружено 6 поликлиник со страницы 1
2025-10-30 20:36:13,138 - DEBUG - [получить_поликлиники_в_районе] - Запрос страницы 2 для района Ховрино
2025-10-30 20:36:13,139 - DEBUG - [_new_conn] - Starting new HTTPS connection (1): catalog.api.2gis.com:443
2025-10-30 20:36:13,540 - DEBUG - [_make_request] - https://catalog.api.2gis.com:443 "GET /3.0/items?key=2e3b8ee1-dca8-47ab-99a0-bb8cfce53698&q=%D0%BF%D0%BE%D0%BB%D0%B8%D0%BA%D0%BB%D0%B8%D0%BD%D0%B8%D0%BA%D0%B0&district_id=4504209512726555&type=branch&page=2&page_size=10&fields=items.point%2Citems.name%2Citems.address_name%2Citems.reviews HTTP/1.1" 200 133
2025-10-30 20:36:13,541 - DEBUG - [получить_поликлиники_в_районе] - Статус ответа: 200
2025-10-30 20:36:13,541 - WARNING - [получить_поликлиники_в_районе] - На странице 2 нет данных в ожидаемом формате
2025-10-30 20:36:14,042 - DEBUG - [получить_поликлиники_в_районе] - Запрос страницы 3 для района Ховрино
2025-10-30 20:36:14,044 - DEBUG - [_new_conn] - Starting new HTTPS connection (1): catalog.api.2gis.com:443
2025-10-30 20:36:14,436 - DEBUG - [_make_request] - https://catalog.api.2gis.com:443 "GET /3.0/items?key=2e3b8ee1-dca8-47ab-99a0-bb8cfce53698&q=%D0%BF%D0%BE%D0%BB%D0%B8%D0%BA%D0%BB%D0%B8%D0%BD%D0%B8%D0%BA%D0%B0&district_id=4504209512726555&type=branch&page=3&page_size=10&fields=items.point%2Citems.name%2Citems.address_name%2Citems.reviews HTTP/1.1" 200 133
2025-10-30 20:36:14,437 - DEBUG - [получить_поликлиники_в_районе] - Статус ответа: 200
2025-10-30 20:36:14,437 - WARNING - [получить_поликлиники_в_районе] - На странице 3 нет данных в ожидаемом формате
2025-10-30 20:36:14,938 - DEBUG - [получить_поликлиники_в_районе] - Запрос страницы 4 для района Ховрино
2025-10-30 20:36:14,940 - DEBUG - [_new_conn] - Starting new HTTPS connection (1): catalog.api.2gis.com:443
2025-10-30 20:36:15,318 - DEBUG - [_make_request] - https://catalog.api.2gis.com:443 "GET /3.0/items?key=2e3b8ee1-dca8-47ab-99a0-bb8cfce53698&q=%D0%BF%D0%BE%D0%BB%D0%B8%D0%BA%D0%BB%D0%B8%D0%BD%D0%B8%D0%BA%D0%B0&district_id=4504209512726555&type=branch&page=4&page_size=10&fields=items.point%2Citems.name%2Citems.address_name%2Citems.reviews HTTP/1.1" 200 133
2025-10-30 20:36:15,319 - DEBUG - [получить_поликлиники_в_районе] - Статус ответа: 200
2025-10-30 20:36:15,320 - WARNING - [получить_поликлиники_в_районе] - На странице 4 нет данных в ожидаемом формате
2025-10-30 20:36:15,821 - DEBUG - [получить_поликлиники_в_районе] - Запрос страницы 5 для района Ховрино
2025-10-30 20:36:15,822 - DEBUG - [_new_conn] - Starting new HTTPS connection (1): catalog.api.2gis.com:443
2025-10-30 20:36:16,199 - DEBUG - [_make_request] - https://catalog.api.2gis.com:443 "GET /3.0/items?key=2e3b8ee1-dca8-47ab-99a0-bb8cfce53698&q=%D0%BF%D0%BE%D0%BB%D0%B8%D0%BA%D0%BB%D0%B8%D0%BD%D0%B8%D0%BA%D0%B0&district_id=4504209512726555&type=branch&page=5&page_size=10&fields=items.point%2Citems.name%2Citems.address_name%2Citems.reviews HTTP/1.1" 200 133
2025-10-30 20:36:16,200 - DEBUG - [получить_поликлиники_в_районе] - Статус ответа: 200
2025-10-30 20:36:16,200 - WARNING - [получить_поликлиники_в_районе] - На странице 5 нет данных в ожидаемом формате
2025-10-30 20:36:16,201 - INFO - [получить_поликлиники_в_районе] - Завершение сбора для района Ховрино. Найдено поликлиник: 6
2025-10-30 20:36:16,203 - INFO - [<cell line: 0>] - Район 'Ховрино' завершен. Поликлиник: 6
2025-10-30 20:36:17,205 - INFO - [<cell line: 0>] - [117/132] Обработка района: Хорошёво-Мнёвники
2025-10-30 20:36:17,206 - INFO - [получить_поликлиники_в_районе] - Начало сбора поликлиник для района: Хорошёво-Мнёвники (ID: 4504209512726647)
2025-10-30 20:36:17,207 - DEBUG - [получить_поликлиники_в_районе] - Запрос страницы 1 для района Хорошёво-Мнёвники
2025-10-30 20:36:17,209 - DEBUG - [_new_conn] - Starting new HTTPS connection (1): catalog.api.2gis.com:443
2025-10-30 20:36:17,588 - DEBUG - [_make_request] - https://catalog.api.2gis.com:443 "GET /3.0/items?key=2e3b8ee1-dca8-47ab-99a0-bb8cfce53698&q=%D0%BF%D0%BE%D0%BB%D0%B8%D0%BA%D0%BB%D0%B8%D0%BD%D0%B8%D0%BA%D0%B0&district_id=4504209512726647&type=branch&page=1&page_size=10&fields=items.point%2Citems.name%2Citems.address_name%2Citems.reviews HTTP/1.1" 200 None
2025-10-30 20:36:17,589 - DEBUG - [получить_поликлиники_в_районе] - Статус ответа: 200
2025-10-30 20:36:17,589 - INFO - [получить_поликлиники_в_районе] - Загружено 10 поликлиник со страницы 1
2025-10-30 20:36:18,090 - DEBUG - [получить_поликлиники_в_районе] - Запрос страницы 2 для района Хорошёво-Мнёвники
2025-10-30 20:36:18,091 - DEBUG - [_new_conn] - Starting new HTTPS connection (1): catalog.api.2gis.com:443
2025-10-30 20:36:18,471 - DEBUG - [_make_request] - https://catalog.api.2gis.com:443 "GET /3.0/items?key=2e3b8ee1-dca8-47ab-99a0-bb8cfce53698&q=%D0%BF%D0%BE%D0%BB%D0%B8%D0%BA%D0%BB%D0%B8%D0%BD%D0%B8%D0%BA%D0%B0&district_id=4504209512726647&type=branch&page=2&page_size=10&fields=items.point%2Citems.name%2Citems.address_name%2Citems.reviews HTTP/1.1" 200 None
2025-10-30 20:36:18,472 - DEBUG - [получить_поликлиники_в_районе] - Статус ответа: 200
2025-10-30 20:36:18,473 - INFO - [получить_поликлиники_в_районе] - Загружено 5 поликлиник со страницы 2
2025-10-30 20:36:18,974 - DEBUG - [получить_поликлиники_в_районе] - Запрос страницы 3 для района Хорошёво-Мнёвники
2025-10-30 20:36:18,975 - DEBUG - [_new_conn] - Starting new HTTPS connection (1): catalog.api.2gis.com:443
2025-10-30 20:36:19,363 - DEBUG - [_make_request] - https://catalog.api.2gis.com:443 "GET /3.0/items?key=2e3b8ee1-dca8-47ab-99a0-bb8cfce53698&q=%D0%BF%D0%BE%D0%BB%D0%B8%D0%BA%D0%BB%D0%B8%D0%BD%D0%B8%D0%BA%D0%B0&district_id=4504209512726647&type=branch&page=3&page_size=10&fields=items.point%2Citems.name%2Citems.address_name%2Citems.reviews HTTP/1.1" 200 133
2025-10-30 20:36:19,364 - DEBUG - [получить_поликлиники_в_районе] - Статус ответа: 200
2025-10-30 20:36:19,364 - WARNING - [получить_поликлиники_в_районе] - На странице 3 нет данных в ожидаемом формате
2025-10-30 20:36:19,865 - DEBUG - [получить_поликлиники_в_районе] - Запрос страницы 4 для района Хорошёво-Мнёвники
2025-10-30 20:36:19,867 - DEBUG - [_new_conn] - Starting new HTTPS connection (1): catalog.api.2gis.com:443
2025-10-30 20:36:20,253 - DEBUG - [_make_request] - https://catalog.api.2gis.com:443 "GET /3.0/items?key=2e3b8ee1-dca8-47ab-99a0-bb8cfce53698&q=%D0%BF%D0%BE%D0%BB%D0%B8%D0%BA%D0%BB%D0%B8%D0%BD%D0%B8%D0%BA%D0%B0&district_id=4504209512726647&type=branch&page=4&page_size=10&fields=items.point%2Citems.name%2Citems.address_name%2Citems.reviews HTTP/1.1" 200 133
2025-10-30 20:36:20,254 - DEBUG - [получить_поликлиники_в_районе] - Статус ответа: 200
2025-10-30 20:36:20,254 - WARNING - [получить_поликлиники_в_районе] - На странице 4 нет данных в ожидаемом формате
2025-10-30 20:36:20,755 - DEBUG - [получить_поликлиники_в_районе] - Запрос страницы 5 для района Хорошёво-Мнёвники
2025-10-30 20:36:20,757 - DEBUG - [_new_conn] - Starting new HTTPS connection (1): catalog.api.2gis.com:443
2025-10-30 20:36:21,135 - DEBUG - [_make_request] - https://catalog.api.2gis.com:443 "GET /3.0/items?key=2e3b8ee1-dca8-47ab-99a0-bb8cfce53698&q=%D0%BF%D0%BE%D0%BB%D0%B8%D0%BA%D0%BB%D0%B8%D0%BD%D0%B8%D0%BA%D0%B0&district_id=4504209512726647&type=branch&page=5&page_size=10&fields=items.point%2Citems.name%2Citems.address_name%2Citems.reviews HTTP/1.1" 200 133
2025-10-30 20:36:21,136 - DEBUG - [получить_поликлиники_в_районе] - Статус ответа: 200
2025-10-30 20:36:21,136 - WARNING - [получить_поликлиники_в_районе] - На странице 5 нет данных в ожидаемом формате
2025-10-30 20:36:21,137 - INFO - [получить_поликлиники_в_районе] - Завершение сбора для района Хорошёво-Мнёвники. Найдено поликлиник: 15
2025-10-30 20:36:21,139 - INFO - [<cell line: 0>] - Район 'Хорошёво-Мнёвники' завершен. Поликлиник: 15
2025-10-30 20:36:22,140 - INFO - [<cell line: 0>] - [118/132] Обработка района: Хорошёвский
2025-10-30 20:36:22,141 - INFO - [получить_поликлиники_в_районе] - Начало сбора поликлиник для района: Хорошёвский (ID: 4504209512726553)
2025-10-30 20:36:22,142 - DEBUG - [получить_поликлиники_в_районе] - Запрос страницы 1 для района Хорошёвский
2025-10-30 20:36:22,143 - DEBUG - [_new_conn] - Starting new HTTPS connection (1): catalog.api.2gis.com:443
2025-10-30 20:36:22,530 - DEBUG - [_make_request] - https://catalog.api.2gis.com:443 "GET /3.0/items?key=2e3b8ee1-dca8-47ab-99a0-bb8cfce53698&q=%D0%BF%D0%BE%D0%BB%D0%B8%D0%BA%D0%BB%D0%B8%D0%BD%D0%B8%D0%BA%D0%B0&district_id=4504209512726553&type=branch&page=1&page_size=10&fields=items.point%2Citems.name%2Citems.address_name%2Citems.reviews HTTP/1.1" 200 None
2025-10-30 20:36:22,531 - DEBUG - [получить_поликлиники_в_районе] - Статус ответа: 200
2025-10-30 20:36:22,531 - INFO - [получить_поликлиники_в_районе] - Загружено 8 поликлиник со страницы 1
2025-10-30 20:36:23,032 - DEBUG - [получить_поликлиники_в_районе] - Запрос страницы 2 для района Хорошёвский
2025-10-30 20:36:23,034 - DEBUG - [_new_conn] - Starting new HTTPS connection (1): catalog.api.2gis.com:443
2025-10-30 20:36:23,408 - DEBUG - [_make_request] - https://catalog.api.2gis.com:443 "GET /3.0/items?key=2e3b8ee1-dca8-47ab-99a0-bb8cfce53698&q=%D0%BF%D0%BE%D0%BB%D0%B8%D0%BA%D0%BB%D0%B8%D0%BD%D0%B8%D0%BA%D0%B0&district_id=4504209512726553&type=branch&page=2&page_size=10&fields=items.point%2Citems.name%2Citems.address_name%2Citems.reviews HTTP/1.1" 200 133
2025-10-30 20:36:23,409 - DEBUG - [получить_поликлиники_в_районе] - Статус ответа: 200
2025-10-30 20:36:23,409 - WARNING - [получить_поликлиники_в_районе] - На странице 2 нет данных в ожидаемом формате
2025-10-30 20:36:23,910 - DEBUG - [получить_поликлиники_в_районе] - Запрос страницы 3 для района Хорошёвский
2025-10-30 20:36:23,911 - DEBUG - [_new_conn] - Starting new HTTPS connection (1): catalog.api.2gis.com:443
2025-10-30 20:36:24,299 - DEBUG - [_make_request] - https://catalog.api.2gis.com:443 "GET /3.0/items?key=2e3b8ee1-dca8-47ab-99a0-bb8cfce53698&q=%D0%BF%D0%BE%D0%BB%D0%B8%D0%BA%D0%BB%D0%B8%D0%BD%D0%B8%D0%BA%D0%B0&district_id=4504209512726553&type=branch&page=3&page_size=10&fields=items.point%2Citems.name%2Citems.address_name%2Citems.reviews HTTP/1.1" 200 133
2025-10-30 20:36:24,300 - DEBUG - [получить_поликлиники_в_районе] - Статус ответа: 200
2025-10-30 20:36:24,300 - WARNING - [получить_поликлиники_в_районе] - На странице 3 нет данных в ожидаемом формате
2025-10-30 20:36:24,801 - DEBUG - [получить_поликлиники_в_районе] - Запрос страницы 4 для района Хорошёвский
2025-10-30 20:36:24,803 - DEBUG - [_new_conn] - Starting new HTTPS connection (1): catalog.api.2gis.com:443
2025-10-30 20:36:25,178 - DEBUG - [_make_request] - https://catalog.api.2gis.com:443 "GET /3.0/items?key=2e3b8ee1-dca8-47ab-99a0-bb8cfce53698&q=%D0%BF%D0%BE%D0%BB%D0%B8%D0%BA%D0%BB%D0%B8%D0%BD%D0%B8%D0%BA%D0%B0&district_id=4504209512726553&type=branch&page=4&page_size=10&fields=items.point%2Citems.name%2Citems.address_name%2Citems.reviews HTTP/1.1" 200 133
2025-10-30 20:36:25,179 - DEBUG - [получить_поликлиники_в_районе] - Статус ответа: 200
2025-10-30 20:36:25,179 - WARNING - [получить_поликлиники_в_районе] - На странице 4 нет данных в ожидаемом формате
2025-10-30 20:36:25,680 - DEBUG - [получить_поликлиники_в_районе] - Запрос страницы 5 для района Хорошёвский
2025-10-30 20:36:25,681 - DEBUG - [_new_conn] - Starting new HTTPS connection (1): catalog.api.2gis.com:443
2025-10-30 20:36:26,076 - DEBUG - [_make_request] - https://catalog.api.2gis.com:443 "GET /3.0/items?key=2e3b8ee1-dca8-47ab-99a0-bb8cfce53698&q=%D0%BF%D0%BE%D0%BB%D0%B8%D0%BA%D0%BB%D0%B8%D0%BD%D0%B8%D0%BA%D0%B0&district_id=4504209512726553&type=branch&page=5&page_size=10&fields=items.point%2Citems.name%2Citems.address_name%2Citems.reviews HTTP/1.1" 200 133
2025-10-30 20:36:26,077 - DEBUG - [получить_поликлиники_в_районе] - Статус ответа: 200
2025-10-30 20:36:26,077 - WARNING - [получить_поликлиники_в_районе] - На странице 5 нет данных в ожидаемом формате
2025-10-30 20:36:26,078 - INFO - [получить_поликлиники_в_районе] - Завершение сбора для района Хорошёвский. Найдено поликлиник: 8
2025-10-30 20:36:26,080 - INFO - [<cell line: 0>] - Район 'Хорошёвский' завершен. Поликлиник: 8
2025-10-30 20:36:27,085 - INFO - [<cell line: 0>] - [119/132] Обработка района: Царицыно
2025-10-30 20:36:27,089 - INFO - [получить_поликлиники_в_районе] - Начало сбора поликлиник для района: Царицыно (ID: 4504209512726608)
2025-10-30 20:36:27,098 - DEBUG - [получить_поликлиники_в_районе] - Запрос страницы 1 для района Царицыно
2025-10-30 20:36:27,100 - DEBUG - [_new_conn] - Starting new HTTPS connection (1): catalog.api.2gis.com:443
2025-10-30 20:36:27,527 - DEBUG - [_make_request] - https://catalog.api.2gis.com:443 "GET /3.0/items?key=2e3b8ee1-dca8-47ab-99a0-bb8cfce53698&q=%D0%BF%D0%BE%D0%BB%D0%B8%D0%BA%D0%BB%D0%B8%D0%BD%D0%B8%D0%BA%D0%B0&district_id=4504209512726608&type=branch&page=1&page_size=10&fields=items.point%2Citems.name%2Citems.address_name%2Citems.reviews HTTP/1.1" 200 None
2025-10-30 20:36:27,528 - DEBUG - [получить_поликлиники_в_районе] - Статус ответа: 200
2025-10-30 20:36:27,528 - INFO - [получить_поликлиники_в_районе] - Загружено 7 поликлиник со страницы 1
2025-10-30 20:36:28,040 - DEBUG - [получить_поликлиники_в_районе] - Запрос страницы 2 для района Царицыно
2025-10-30 20:36:28,041 - DEBUG - [_new_conn] - Starting new HTTPS connection (1): catalog.api.2gis.com:443
2025-10-30 20:36:28,434 - DEBUG - [_make_request] - https://catalog.api.2gis.com:443 "GET /3.0/items?key=2e3b8ee1-dca8-47ab-99a0-bb8cfce53698&q=%D0%BF%D0%BE%D0%BB%D0%B8%D0%BA%D0%BB%D0%B8%D0%BD%D0%B8%D0%BA%D0%B0&district_id=4504209512726608&type=branch&page=2&page_size=10&fields=items.point%2Citems.name%2Citems.address_name%2Citems.reviews HTTP/1.1" 200 133
2025-10-30 20:36:28,442 - DEBUG - [получить_поликлиники_в_районе] - Статус ответа: 200
2025-10-30 20:36:28,442 - WARNING - [получить_поликлиники_в_районе] - На странице 2 нет данных в ожидаемом формате
2025-10-30 20:36:28,945 - DEBUG - [получить_поликлиники_в_районе] - Запрос страницы 3 для района Царицыно
2025-10-30 20:36:28,946 - DEBUG - [_new_conn] - Starting new HTTPS connection (1): catalog.api.2gis.com:443
2025-10-30 20:36:29,331 - DEBUG - [_make_request] - https://catalog.api.2gis.com:443 "GET /3.0/items?key=2e3b8ee1-dca8-47ab-99a0-bb8cfce53698&q=%D0%BF%D0%BE%D0%BB%D0%B8%D0%BA%D0%BB%D0%B8%D0%BD%D0%B8%D0%BA%D0%B0&district_id=4504209512726608&type=branch&page=3&page_size=10&fields=items.point%2Citems.name%2Citems.address_name%2Citems.reviews HTTP/1.1" 200 133
2025-10-30 20:36:29,333 - DEBUG - [получить_поликлиники_в_районе] - Статус ответа: 200
2025-10-30 20:36:29,333 - WARNING - [получить_поликлиники_в_районе] - На странице 3 нет данных в ожидаемом формате
2025-10-30 20:36:29,840 - DEBUG - [получить_поликлиники_в_районе] - Запрос страницы 4 для района Царицыно
2025-10-30 20:36:29,842 - DEBUG - [_new_conn] - Starting new HTTPS connection (1): catalog.api.2gis.com:443
2025-10-30 20:36:30,261 - DEBUG - [_make_request] - https://catalog.api.2gis.com:443 "GET /3.0/items?key=2e3b8ee1-dca8-47ab-99a0-bb8cfce53698&q=%D0%BF%D0%BE%D0%BB%D0%B8%D0%BA%D0%BB%D0%B8%D0%BD%D0%B8%D0%BA%D0%B0&district_id=4504209512726608&type=branch&page=4&page_size=10&fields=items.point%2Citems.name%2Citems.address_name%2Citems.reviews HTTP/1.1" 200 133
2025-10-30 20:36:30,263 - DEBUG - [получить_поликлиники_в_районе] - Статус ответа: 200
2025-10-30 20:36:30,263 - WARNING - [получить_поликлиники_в_районе] - На странице 4 нет данных в ожидаемом формате
2025-10-30 20:36:30,770 - DEBUG - [получить_поликлиники_в_районе] - Запрос страницы 5 для района Царицыно
2025-10-30 20:36:30,771 - DEBUG - [_new_conn] - Starting new HTTPS connection (1): catalog.api.2gis.com:443
2025-10-30 20:36:31,151 - DEBUG - [_make_request] - https://catalog.api.2gis.com:443 "GET /3.0/items?key=2e3b8ee1-dca8-47ab-99a0-bb8cfce53698&q=%D0%BF%D0%BE%D0%BB%D0%B8%D0%BA%D0%BB%D0%B8%D0%BD%D0%B8%D0%BA%D0%B0&district_id=4504209512726608&type=branch&page=5&page_size=10&fields=items.point%2Citems.name%2Citems.address_name%2Citems.reviews HTTP/1.1" 200 133
2025-10-30 20:36:31,156 - DEBUG - [получить_поликлиники_в_районе] - Статус ответа: 200
2025-10-30 20:36:31,156 - WARNING - [получить_поликлиники_в_районе] - На странице 5 нет данных в ожидаемом формате
2025-10-30 20:36:31,160 - INFO - [получить_поликлиники_в_районе] - Завершение сбора для района Царицыно. Найдено поликлиник: 7
2025-10-30 20:36:31,163 - INFO - [<cell line: 0>] - Район 'Царицыно' завершен. Поликлиник: 7
2025-10-30 20:36:32,168 - INFO - [<cell line: 0>] - [120/132] Обработка района: Черёмушки
2025-10-30 20:36:32,169 - INFO - [получить_поликлиники_в_районе] - Начало сбора поликлиник для района: Черёмушки (ID: 4504209512726627)
2025-10-30 20:36:32,170 - DEBUG - [получить_поликлиники_в_районе] - Запрос страницы 1 для района Черёмушки
2025-10-30 20:36:32,172 - DEBUG - [_new_conn] - Starting new HTTPS connection (1): catalog.api.2gis.com:443
2025-10-30 20:36:32,568 - DEBUG - [_make_request] - https://catalog.api.2gis.com:443 "GET /3.0/items?key=2e3b8ee1-dca8-47ab-99a0-bb8cfce53698&q=%D0%BF%D0%BE%D0%BB%D0%B8%D0%BA%D0%BB%D0%B8%D0%BD%D0%B8%D0%BA%D0%B0&district_id=4504209512726627&type=branch&page=1&page_size=10&fields=items.point%2Citems.name%2Citems.address_name%2Citems.reviews HTTP/1.1" 200 None
2025-10-30 20:36:32,569 - DEBUG - [получить_поликлиники_в_районе] - Статус ответа: 200
2025-10-30 20:36:32,569 - INFO - [получить_поликлиники_в_районе] - Загружено 6 поликлиник со страницы 1
2025-10-30 20:36:33,070 - DEBUG - [получить_поликлиники_в_районе] - Запрос страницы 2 для района Черёмушки
2025-10-30 20:36:33,071 - DEBUG - [_new_conn] - Starting new HTTPS connection (1): catalog.api.2gis.com:443
2025-10-30 20:36:33,446 - DEBUG - [_make_request] - https://catalog.api.2gis.com:443 "GET /3.0/items?key=2e3b8ee1-dca8-47ab-99a0-bb8cfce53698&q=%D0%BF%D0%BE%D0%BB%D0%B8%D0%BA%D0%BB%D0%B8%D0%BD%D0%B8%D0%BA%D0%B0&district_id=4504209512726627&type=branch&page=2&page_size=10&fields=items.point%2Citems.name%2Citems.address_name%2Citems.reviews HTTP/1.1" 200 133
2025-10-30 20:36:33,447 - DEBUG - [получить_поликлиники_в_районе] - Статус ответа: 200
2025-10-30 20:36:33,447 - WARNING - [получить_поликлиники_в_районе] - На странице 2 нет данных в ожидаемом формате
2025-10-30 20:36:33,948 - DEBUG - [получить_поликлиники_в_районе] - Запрос страницы 3 для района Черёмушки
2025-10-30 20:36:33,949 - DEBUG - [_new_conn] - Starting new HTTPS connection (1): catalog.api.2gis.com:443
2025-10-30 20:36:34,328 - DEBUG - [_make_request] - https://catalog.api.2gis.com:443 "GET /3.0/items?key=2e3b8ee1-dca8-47ab-99a0-bb8cfce53698&q=%D0%BF%D0%BE%D0%BB%D0%B8%D0%BA%D0%BB%D0%B8%D0%BD%D0%B8%D0%BA%D0%B0&district_id=4504209512726627&type=branch&page=3&page_size=10&fields=items.point%2Citems.name%2Citems.address_name%2Citems.reviews HTTP/1.1" 200 133
2025-10-30 20:36:34,329 - DEBUG - [получить_поликлиники_в_районе] - Статус ответа: 200
2025-10-30 20:36:34,329 - WARNING - [получить_поликлиники_в_районе] - На странице 3 нет данных в ожидаемом формате
2025-10-30 20:36:34,830 - DEBUG - [получить_поликлиники_в_районе] - Запрос страницы 4 для района Черёмушки
2025-10-30 20:36:34,831 - DEBUG - [_new_conn] - Starting new HTTPS connection (1): catalog.api.2gis.com:443
2025-10-30 20:36:35,228 - DEBUG - [_make_request] - https://catalog.api.2gis.com:443 "GET /3.0/items?key=2e3b8ee1-dca8-47ab-99a0-bb8cfce53698&q=%D0%BF%D0%BE%D0%BB%D0%B8%D0%BA%D0%BB%D0%B8%D0%BD%D0%B8%D0%BA%D0%B0&district_id=4504209512726627&type=branch&page=4&page_size=10&fields=items.point%2Citems.name%2Citems.address_name%2Citems.reviews HTTP/1.1" 200 133
2025-10-30 20:36:35,229 - DEBUG - [получить_поликлиники_в_районе] - Статус ответа: 200
2025-10-30 20:36:35,230 - WARNING - [получить_поликлиники_в_районе] - На странице 4 нет данных в ожидаемом формате
2025-10-30 20:36:35,731 - DEBUG - [получить_поликлиники_в_районе] - Запрос страницы 5 для района Черёмушки
2025-10-30 20:36:35,732 - DEBUG - [_new_conn] - Starting new HTTPS connection (1): catalog.api.2gis.com:443
2025-10-30 20:36:36,126 - DEBUG - [_make_request] - https://catalog.api.2gis.com:443 "GET /3.0/items?key=2e3b8ee1-dca8-47ab-99a0-bb8cfce53698&q=%D0%BF%D0%BE%D0%BB%D0%B8%D0%BA%D0%BB%D0%B8%D0%BD%D0%B8%D0%BA%D0%B0&district_id=4504209512726627&type=branch&page=5&page_size=10&fields=items.point%2Citems.name%2Citems.address_name%2Citems.reviews HTTP/1.1" 200 133
2025-10-30 20:36:36,127 - DEBUG - [получить_поликлиники_в_районе] - Статус ответа: 200
2025-10-30 20:36:36,127 - WARNING - [получить_поликлиники_в_районе] - На странице 5 нет данных в ожидаемом формате
2025-10-30 20:36:36,128 - INFO - [получить_поликлиники_в_районе] - Завершение сбора для района Черёмушки. Найдено поликлиник: 6
2025-10-30 20:36:36,129 - INFO - [<cell line: 0>] - Район 'Черёмушки' завершен. Поликлиник: 6
2025-10-30 20:36:37,130 - INFO - [<cell line: 0>] - [121/132] Обработка района: Чертаново Северное
2025-10-30 20:36:37,131 - INFO - [получить_поликлиники_в_районе] - Начало сбора поликлиник для района: Чертаново Северное (ID: 4504209512726615)
2025-10-30 20:36:37,132 - DEBUG - [получить_поликлиники_в_районе] - Запрос страницы 1 для района Чертаново Северное
2025-10-30 20:36:37,134 - DEBUG - [_new_conn] - Starting new HTTPS connection (1): catalog.api.2gis.com:443
2025-10-30 20:36:37,510 - DEBUG - [_make_request] - https://catalog.api.2gis.com:443 "GET /3.0/items?key=2e3b8ee1-dca8-47ab-99a0-bb8cfce53698&q=%D0%BF%D0%BE%D0%BB%D0%B8%D0%BA%D0%BB%D0%B8%D0%BD%D0%B8%D0%BA%D0%B0&district_id=4504209512726615&type=branch&page=1&page_size=10&fields=items.point%2Citems.name%2Citems.address_name%2Citems.reviews HTTP/1.1" 200 None
2025-10-30 20:36:37,511 - DEBUG - [получить_поликлиники_в_районе] - Статус ответа: 200
2025-10-30 20:36:37,511 - INFO - [получить_поликлиники_в_районе] - Загружено 5 поликлиник со страницы 1
2025-10-30 20:36:38,012 - DEBUG - [получить_поликлиники_в_районе] - Запрос страницы 2 для района Чертаново Северное
2025-10-30 20:36:38,013 - DEBUG - [_new_conn] - Starting new HTTPS connection (1): catalog.api.2gis.com:443
2025-10-30 20:36:38,389 - DEBUG - [_make_request] - https://catalog.api.2gis.com:443 "GET /3.0/items?key=2e3b8ee1-dca8-47ab-99a0-bb8cfce53698&q=%D0%BF%D0%BE%D0%BB%D0%B8%D0%BA%D0%BB%D0%B8%D0%BD%D0%B8%D0%BA%D0%B0&district_id=4504209512726615&type=branch&page=2&page_size=10&fields=items.point%2Citems.name%2Citems.address_name%2Citems.reviews HTTP/1.1" 200 133
2025-10-30 20:36:38,390 - DEBUG - [получить_поликлиники_в_районе] - Статус ответа: 200
2025-10-30 20:36:38,390 - WARNING - [получить_поликлиники_в_районе] - На странице 2 нет данных в ожидаемом формате
2025-10-30 20:36:38,891 - DEBUG - [получить_поликлиники_в_районе] - Запрос страницы 3 для района Чертаново Северное
2025-10-30 20:36:38,893 - DEBUG - [_new_conn] - Starting new HTTPS connection (1): catalog.api.2gis.com:443
2025-10-30 20:36:39,269 - DEBUG - [_make_request] - https://catalog.api.2gis.com:443 "GET /3.0/items?key=2e3b8ee1-dca8-47ab-99a0-bb8cfce53698&q=%D0%BF%D0%BE%D0%BB%D0%B8%D0%BA%D0%BB%D0%B8%D0%BD%D0%B8%D0%BA%D0%B0&district_id=4504209512726615&type=branch&page=3&page_size=10&fields=items.point%2Citems.name%2Citems.address_name%2Citems.reviews HTTP/1.1" 200 133
2025-10-30 20:36:39,270 - DEBUG - [получить_поликлиники_в_районе] - Статус ответа: 200
2025-10-30 20:36:39,270 - WARNING - [получить_поликлиники_в_районе] - На странице 3 нет данных в ожидаемом формате
2025-10-30 20:36:39,771 - DEBUG - [получить_поликлиники_в_районе] - Запрос страницы 4 для района Чертаново Северное
2025-10-30 20:36:39,773 - DEBUG - [_new_conn] - Starting new HTTPS connection (1): catalog.api.2gis.com:443
2025-10-30 20:36:40,278 - DEBUG - [_make_request] - https://catalog.api.2gis.com:443 "GET /3.0/items?key=2e3b8ee1-dca8-47ab-99a0-bb8cfce53698&q=%D0%BF%D0%BE%D0%BB%D0%B8%D0%BA%D0%BB%D0%B8%D0%BD%D0%B8%D0%BA%D0%B0&district_id=4504209512726615&type=branch&page=4&page_size=10&fields=items.point%2Citems.name%2Citems.address_name%2Citems.reviews HTTP/1.1" 200 133
2025-10-30 20:36:40,279 - DEBUG - [получить_поликлиники_в_районе] - Статус ответа: 200
2025-10-30 20:36:40,279 - WARNING - [получить_поликлиники_в_районе] - На странице 4 нет данных в ожидаемом формате
2025-10-30 20:36:40,780 - DEBUG - [получить_поликлиники_в_районе] - Запрос страницы 5 для района Чертаново Северное
2025-10-30 20:36:40,782 - DEBUG - [_new_conn] - Starting new HTTPS connection (1): catalog.api.2gis.com:443
2025-10-30 20:36:41,163 - DEBUG - [_make_request] - https://catalog.api.2gis.com:443 "GET /3.0/items?key=2e3b8ee1-dca8-47ab-99a0-bb8cfce53698&q=%D0%BF%D0%BE%D0%BB%D0%B8%D0%BA%D0%BB%D0%B8%D0%BD%D0%B8%D0%BA%D0%B0&district_id=4504209512726615&type=branch&page=5&page_size=10&fields=items.point%2Citems.name%2Citems.address_name%2Citems.reviews HTTP/1.1" 200 133
2025-10-30 20:36:41,164 - DEBUG - [получить_поликлиники_в_районе] - Статус ответа: 200
2025-10-30 20:36:41,164 - WARNING - [получить_поликлиники_в_районе] - На странице 5 нет данных в ожидаемом формате
2025-10-30 20:36:41,165 - INFO - [получить_поликлиники_в_районе] - Завершение сбора для района Чертаново Северное. Найдено поликлиник: 5
2025-10-30 20:36:41,166 - INFO - [<cell line: 0>] - Район 'Чертаново Северное' завершен. Поликлиник: 5
2025-10-30 20:36:42,167 - INFO - [<cell line: 0>] - [122/132] Обработка района: Чертаново Центральное
2025-10-30 20:36:42,168 - INFO - [получить_поликлиники_в_районе] - Начало сбора поликлиник для района: Чертаново Центральное (ID: 4504209512726614)
2025-10-30 20:36:42,170 - DEBUG - [получить_поликлиники_в_районе] - Запрос страницы 1 для района Чертаново Центральное
2025-10-30 20:36:42,172 - DEBUG - [_new_conn] - Starting new HTTPS connection (1): catalog.api.2gis.com:443
2025-10-30 20:36:42,640 - DEBUG - [_make_request] - https://catalog.api.2gis.com:443 "GET /3.0/items?key=2e3b8ee1-dca8-47ab-99a0-bb8cfce53698&q=%D0%BF%D0%BE%D0%BB%D0%B8%D0%BA%D0%BB%D0%B8%D0%BD%D0%B8%D0%BA%D0%B0&district_id=4504209512726614&type=branch&page=1&page_size=10&fields=items.point%2Citems.name%2Citems.address_name%2Citems.reviews HTTP/1.1" 200 None
2025-10-30 20:36:42,641 - DEBUG - [получить_поликлиники_в_районе] - Статус ответа: 200
2025-10-30 20:36:42,641 - INFO - [получить_поликлиники_в_районе] - Загружено 5 поликлиник со страницы 1
2025-10-30 20:36:43,143 - DEBUG - [получить_поликлиники_в_районе] - Запрос страницы 2 для района Чертаново Центральное
2025-10-30 20:36:43,144 - DEBUG - [_new_conn] - Starting new HTTPS connection (1): catalog.api.2gis.com:443
2025-10-30 20:36:43,535 - DEBUG - [_make_request] - https://catalog.api.2gis.com:443 "GET /3.0/items?key=2e3b8ee1-dca8-47ab-99a0-bb8cfce53698&q=%D0%BF%D0%BE%D0%BB%D0%B8%D0%BA%D0%BB%D0%B8%D0%BD%D0%B8%D0%BA%D0%B0&district_id=4504209512726614&type=branch&page=2&page_size=10&fields=items.point%2Citems.name%2Citems.address_name%2Citems.reviews HTTP/1.1" 200 133
2025-10-30 20:36:43,536 - DEBUG - [получить_поликлиники_в_районе] - Статус ответа: 200
2025-10-30 20:36:43,537 - WARNING - [получить_поликлиники_в_районе] - На странице 2 нет данных в ожидаемом формате
2025-10-30 20:36:44,037 - DEBUG - [получить_поликлиники_в_районе] - Запрос страницы 3 для района Чертаново Центральное
2025-10-30 20:36:44,039 - DEBUG - [_new_conn] - Starting new HTTPS connection (1): catalog.api.2gis.com:443
2025-10-30 20:36:44,413 - DEBUG - [_make_request] - https://catalog.api.2gis.com:443 "GET /3.0/items?key=2e3b8ee1-dca8-47ab-99a0-bb8cfce53698&q=%D0%BF%D0%BE%D0%BB%D0%B8%D0%BA%D0%BB%D0%B8%D0%BD%D0%B8%D0%BA%D0%B0&district_id=4504209512726614&type=branch&page=3&page_size=10&fields=items.point%2Citems.name%2Citems.address_name%2Citems.reviews HTTP/1.1" 200 133
2025-10-30 20:36:44,414 - DEBUG - [получить_поликлиники_в_районе] - Статус ответа: 200
2025-10-30 20:36:44,414 - WARNING - [получить_поликлиники_в_районе] - На странице 3 нет данных в ожидаемом формате
2025-10-30 20:36:44,915 - DEBUG - [получить_поликлиники_в_районе] - Запрос страницы 4 для района Чертаново Центральное
2025-10-30 20:36:44,917 - DEBUG - [_new_conn] - Starting new HTTPS connection (1): catalog.api.2gis.com:443
2025-10-30 20:36:45,276 - DEBUG - [_make_request] - https://catalog.api.2gis.com:443 "GET /3.0/items?key=2e3b8ee1-dca8-47ab-99a0-bb8cfce53698&q=%D0%BF%D0%BE%D0%BB%D0%B8%D0%BA%D0%BB%D0%B8%D0%BD%D0%B8%D0%BA%D0%B0&district_id=4504209512726614&type=branch&page=4&page_size=10&fields=items.point%2Citems.name%2Citems.address_name%2Citems.reviews HTTP/1.1" 200 183
2025-10-30 20:36:45,277 - DEBUG - [получить_поликлиники_в_районе] - Статус ответа: 200
2025-10-30 20:36:45,277 - WARNING - [получить_поликлиники_в_районе] - На странице 4 нет данных в ожидаемом формате
2025-10-30 20:36:45,778 - DEBUG - [получить_поликлиники_в_районе] - Запрос страницы 5 для района Чертаново Центральное
2025-10-30 20:36:45,780 - DEBUG - [_new_conn] - Starting new HTTPS connection (1): catalog.api.2gis.com:443
2025-10-30 20:36:46,172 - DEBUG - [_make_request] - https://catalog.api.2gis.com:443 "GET /3.0/items?key=2e3b8ee1-dca8-47ab-99a0-bb8cfce53698&q=%D0%BF%D0%BE%D0%BB%D0%B8%D0%BA%D0%BB%D0%B8%D0%BD%D0%B8%D0%BA%D0%B0&district_id=4504209512726614&type=branch&page=5&page_size=10&fields=items.point%2Citems.name%2Citems.address_name%2Citems.reviews HTTP/1.1" 200 133
2025-10-30 20:36:46,173 - DEBUG - [получить_поликлиники_в_районе] - Статус ответа: 200
2025-10-30 20:36:46,173 - WARNING - [получить_поликлиники_в_районе] - На странице 5 нет данных в ожидаемом формате
2025-10-30 20:36:46,174 - INFO - [получить_поликлиники_в_районе] - Завершение сбора для района Чертаново Центральное. Найдено поликлиник: 5
2025-10-30 20:36:46,175 - INFO - [<cell line: 0>] - Район 'Чертаново Центральное' завершен. Поликлиник: 5
2025-10-30 20:36:47,177 - INFO - [<cell line: 0>] - [123/132] Обработка района: Чертаново Южное
2025-10-30 20:36:47,178 - INFO - [получить_поликлиники_в_районе] - Начало сбора поликлиник для района: Чертаново Южное (ID: 4504209512726659)
2025-10-30 20:36:47,178 - DEBUG - [получить_поликлиники_в_районе] - Запрос страницы 1 для района Чертаново Южное
2025-10-30 20:36:47,180 - DEBUG - [_new_conn] - Starting new HTTPS connection (1): catalog.api.2gis.com:443
2025-10-30 20:36:47,579 - DEBUG - [_make_request] - https://catalog.api.2gis.com:443 "GET /3.0/items?key=2e3b8ee1-dca8-47ab-99a0-bb8cfce53698&q=%D0%BF%D0%BE%D0%BB%D0%B8%D0%BA%D0%BB%D0%B8%D0%BD%D0%B8%D0%BA%D0%B0&district_id=4504209512726659&type=branch&page=1&page_size=10&fields=items.point%2Citems.name%2Citems.address_name%2Citems.reviews HTTP/1.1" 200 None
2025-10-30 20:36:47,580 - DEBUG - [получить_поликлиники_в_районе] - Статус ответа: 200
2025-10-30 20:36:47,580 - INFO - [получить_поликлиники_в_районе] - Загружено 10 поликлиник со страницы 1
2025-10-30 20:36:48,081 - DEBUG - [получить_поликлиники_в_районе] - Запрос страницы 2 для района Чертаново Южное
2025-10-30 20:36:48,083 - DEBUG - [_new_conn] - Starting new HTTPS connection (1): catalog.api.2gis.com:443
2025-10-30 20:36:48,478 - DEBUG - [_make_request] - https://catalog.api.2gis.com:443 "GET /3.0/items?key=2e3b8ee1-dca8-47ab-99a0-bb8cfce53698&q=%D0%BF%D0%BE%D0%BB%D0%B8%D0%BA%D0%BB%D0%B8%D0%BD%D0%B8%D0%BA%D0%B0&district_id=4504209512726659&type=branch&page=2&page_size=10&fields=items.point%2Citems.name%2Citems.address_name%2Citems.reviews HTTP/1.1" 200 None
2025-10-30 20:36:48,480 - DEBUG - [получить_поликлиники_в_районе] - Статус ответа: 200
2025-10-30 20:36:48,480 - INFO - [получить_поликлиники_в_районе] - Загружено 3 поликлиник со страницы 2
2025-10-30 20:36:48,982 - DEBUG - [получить_поликлиники_в_районе] - Запрос страницы 3 для района Чертаново Южное
2025-10-30 20:36:48,983 - DEBUG - [_new_conn] - Starting new HTTPS connection (1): catalog.api.2gis.com:443
2025-10-30 20:36:49,345 - DEBUG - [_make_request] - https://catalog.api.2gis.com:443 "GET /3.0/items?key=2e3b8ee1-dca8-47ab-99a0-bb8cfce53698&q=%D0%BF%D0%BE%D0%BB%D0%B8%D0%BA%D0%BB%D0%B8%D0%BD%D0%B8%D0%BA%D0%B0&district_id=4504209512726659&type=branch&page=3&page_size=10&fields=items.point%2Citems.name%2Citems.address_name%2Citems.reviews HTTP/1.1" 200 183
2025-10-30 20:36:49,346 - DEBUG - [получить_поликлиники_в_районе] - Статус ответа: 200
2025-10-30 20:36:49,346 - WARNING - [получить_поликлиники_в_районе] - На странице 3 нет данных в ожидаемом формате
2025-10-30 20:36:49,847 - DEBUG - [получить_поликлиники_в_районе] - Запрос страницы 4 для района Чертаново Южное
2025-10-30 20:36:49,848 - DEBUG - [_new_conn] - Starting new HTTPS connection (1): catalog.api.2gis.com:443
2025-10-30 20:36:50,315 - DEBUG - [_make_request] - https://catalog.api.2gis.com:443 "GET /3.0/items?key=2e3b8ee1-dca8-47ab-99a0-bb8cfce53698&q=%D0%BF%D0%BE%D0%BB%D0%B8%D0%BA%D0%BB%D0%B8%D0%BD%D0%B8%D0%BA%D0%B0&district_id=4504209512726659&type=branch&page=4&page_size=10&fields=items.point%2Citems.name%2Citems.address_name%2Citems.reviews HTTP/1.1" 200 133
2025-10-30 20:36:50,316 - DEBUG - [получить_поликлиники_в_районе] - Статус ответа: 200
2025-10-30 20:36:50,316 - WARNING - [получить_поликлиники_в_районе] - На странице 4 нет данных в ожидаемом формате
2025-10-30 20:36:50,817 - DEBUG - [получить_поликлиники_в_районе] - Запрос страницы 5 для района Чертаново Южное
2025-10-30 20:36:50,819 - DEBUG - [_new_conn] - Starting new HTTPS connection (1): catalog.api.2gis.com:443
2025-10-30 20:36:51,202 - DEBUG - [_make_request] - https://catalog.api.2gis.com:443 "GET /3.0/items?key=2e3b8ee1-dca8-47ab-99a0-bb8cfce53698&q=%D0%BF%D0%BE%D0%BB%D0%B8%D0%BA%D0%BB%D0%B8%D0%BD%D0%B8%D0%BA%D0%B0&district_id=4504209512726659&type=branch&page=5&page_size=10&fields=items.point%2Citems.name%2Citems.address_name%2Citems.reviews HTTP/1.1" 200 133
2025-10-30 20:36:51,204 - DEBUG - [получить_поликлиники_в_районе] - Статус ответа: 200
2025-10-30 20:36:51,204 - WARNING - [получить_поликлиники_в_районе] - На странице 5 нет данных в ожидаемом формате
2025-10-30 20:36:51,205 - INFO - [получить_поликлиники_в_районе] - Завершение сбора для района Чертаново Южное. Найдено поликлиник: 13
2025-10-30 20:36:51,206 - INFO - [<cell line: 0>] - Район 'Чертаново Южное' завершен. Поликлиник: 13
2025-10-30 20:36:52,208 - INFO - [<cell line: 0>] - [124/132] Обработка района: Щербинка
2025-10-30 20:36:52,209 - INFO - [получить_поликлиники_в_районе] - Начало сбора поликлиник для района: Щербинка (ID: 4504209520928047)
2025-10-30 20:36:52,210 - DEBUG - [получить_поликлиники_в_районе] - Запрос страницы 1 для района Щербинка
2025-10-30 20:36:52,212 - DEBUG - [_new_conn] - Starting new HTTPS connection (1): catalog.api.2gis.com:443
2025-10-30 20:36:52,604 - DEBUG - [_make_request] - https://catalog.api.2gis.com:443 "GET /3.0/items?key=2e3b8ee1-dca8-47ab-99a0-bb8cfce53698&q=%D0%BF%D0%BE%D0%BB%D0%B8%D0%BA%D0%BB%D0%B8%D0%BD%D0%B8%D0%BA%D0%B0&district_id=4504209520928047&type=branch&page=1&page_size=10&fields=items.point%2Citems.name%2Citems.address_name%2Citems.reviews HTTP/1.1" 200 None
2025-10-30 20:36:52,605 - DEBUG - [получить_поликлиники_в_районе] - Статус ответа: 200
2025-10-30 20:36:52,605 - INFO - [получить_поликлиники_в_районе] - Загружено 10 поликлиник со страницы 1
2025-10-30 20:36:53,106 - DEBUG - [получить_поликлиники_в_районе] - Запрос страницы 2 для района Щербинка
2025-10-30 20:36:53,108 - DEBUG - [_new_conn] - Starting new HTTPS connection (1): catalog.api.2gis.com:443
2025-10-30 20:36:53,508 - DEBUG - [_make_request] - https://catalog.api.2gis.com:443 "GET /3.0/items?key=2e3b8ee1-dca8-47ab-99a0-bb8cfce53698&q=%D0%BF%D0%BE%D0%BB%D0%B8%D0%BA%D0%BB%D0%B8%D0%BD%D0%B8%D0%BA%D0%B0&district_id=4504209520928047&type=branch&page=2&page_size=10&fields=items.point%2Citems.name%2Citems.address_name%2Citems.reviews HTTP/1.1" 200 None
2025-10-30 20:36:53,509 - DEBUG - [получить_поликлиники_в_районе] - Статус ответа: 200
2025-10-30 20:36:53,509 - INFO - [получить_поликлиники_в_районе] - Загружено 4 поликлиник со страницы 2
2025-10-30 20:36:54,010 - DEBUG - [получить_поликлиники_в_районе] - Запрос страницы 3 для района Щербинка
2025-10-30 20:36:54,011 - DEBUG - [_new_conn] - Starting new HTTPS connection (1): catalog.api.2gis.com:443
2025-10-30 20:36:54,383 - DEBUG - [_make_request] - https://catalog.api.2gis.com:443 "GET /3.0/items?key=2e3b8ee1-dca8-47ab-99a0-bb8cfce53698&q=%D0%BF%D0%BE%D0%BB%D0%B8%D0%BA%D0%BB%D0%B8%D0%BD%D0%B8%D0%BA%D0%B0&district_id=4504209520928047&type=branch&page=3&page_size=10&fields=items.point%2Citems.name%2Citems.address_name%2Citems.reviews HTTP/1.1" 200 133
2025-10-30 20:36:54,384 - DEBUG - [получить_поликлиники_в_районе] - Статус ответа: 200
2025-10-30 20:36:54,384 - WARNING - [получить_поликлиники_в_районе] - На странице 3 нет данных в ожидаемом формате
2025-10-30 20:36:54,885 - DEBUG - [получить_поликлиники_в_районе] - Запрос страницы 4 для района Щербинка
2025-10-30 20:36:54,886 - DEBUG - [_new_conn] - Starting new HTTPS connection (1): catalog.api.2gis.com:443
2025-10-30 20:36:55,250 - DEBUG - [_make_request] - https://catalog.api.2gis.com:443 "GET /3.0/items?key=2e3b8ee1-dca8-47ab-99a0-bb8cfce53698&q=%D0%BF%D0%BE%D0%BB%D0%B8%D0%BA%D0%BB%D0%B8%D0%BD%D0%B8%D0%BA%D0%B0&district_id=4504209520928047&type=branch&page=4&page_size=10&fields=items.point%2Citems.name%2Citems.address_name%2Citems.reviews HTTP/1.1" 200 183
2025-10-30 20:36:55,251 - DEBUG - [получить_поликлиники_в_районе] - Статус ответа: 200
2025-10-30 20:36:55,252 - WARNING - [получить_поликлиники_в_районе] - На странице 4 нет данных в ожидаемом формате
2025-10-30 20:36:55,752 - DEBUG - [получить_поликлиники_в_районе] - Запрос страницы 5 для района Щербинка
2025-10-30 20:36:55,754 - DEBUG - [_new_conn] - Starting new HTTPS connection (1): catalog.api.2gis.com:443
2025-10-30 20:36:56,111 - DEBUG - [_make_request] - https://catalog.api.2gis.com:443 "GET /3.0/items?key=2e3b8ee1-dca8-47ab-99a0-bb8cfce53698&q=%D0%BF%D0%BE%D0%BB%D0%B8%D0%BA%D0%BB%D0%B8%D0%BD%D0%B8%D0%BA%D0%B0&district_id=4504209520928047&type=branch&page=5&page_size=10&fields=items.point%2Citems.name%2Citems.address_name%2Citems.reviews HTTP/1.1" 200 183
2025-10-30 20:36:56,112 - DEBUG - [получить_поликлиники_в_районе] - Статус ответа: 200
2025-10-30 20:36:56,112 - WARNING - [получить_поликлиники_в_районе] - На странице 5 нет данных в ожидаемом формате
2025-10-30 20:36:56,112 - INFO - [получить_поликлиники_в_районе] - Завершение сбора для района Щербинка. Найдено поликлиник: 14
2025-10-30 20:36:56,115 - INFO - [<cell line: 0>] - Район 'Щербинка' завершен. Поликлиник: 14
2025-10-30 20:36:57,116 - INFO - [<cell line: 0>] - [125/132] Обработка района: Щукино
2025-10-30 20:36:57,117 - INFO - [получить_поликлиники_в_районе] - Начало сбора поликлиник для района: Щукино (ID: 4504209512726648)
2025-10-30 20:36:57,119 - DEBUG - [получить_поликлиники_в_районе] - Запрос страницы 1 для района Щукино
2025-10-30 20:36:57,120 - DEBUG - [_new_conn] - Starting new HTTPS connection (1): catalog.api.2gis.com:443
2025-10-30 20:36:57,521 - DEBUG - [_make_request] - https://catalog.api.2gis.com:443 "GET /3.0/items?key=2e3b8ee1-dca8-47ab-99a0-bb8cfce53698&q=%D0%BF%D0%BE%D0%BB%D0%B8%D0%BA%D0%BB%D0%B8%D0%BD%D0%B8%D0%BA%D0%B0&district_id=4504209512726648&type=branch&page=1&page_size=10&fields=items.point%2Citems.name%2Citems.address_name%2Citems.reviews HTTP/1.1" 200 None
2025-10-30 20:36:57,522 - DEBUG - [получить_поликлиники_в_районе] - Статус ответа: 200
2025-10-30 20:36:57,522 - INFO - [получить_поликлиники_в_районе] - Загружено 10 поликлиник со страницы 1
2025-10-30 20:36:58,023 - DEBUG - [получить_поликлиники_в_районе] - Запрос страницы 2 для района Щукино
2025-10-30 20:36:58,024 - DEBUG - [_new_conn] - Starting new HTTPS connection (1): catalog.api.2gis.com:443
2025-10-30 20:36:58,406 - DEBUG - [_make_request] - https://catalog.api.2gis.com:443 "GET /3.0/items?key=2e3b8ee1-dca8-47ab-99a0-bb8cfce53698&q=%D0%BF%D0%BE%D0%BB%D0%B8%D0%BA%D0%BB%D0%B8%D0%BD%D0%B8%D0%BA%D0%B0&district_id=4504209512726648&type=branch&page=2&page_size=10&fields=items.point%2Citems.name%2Citems.address_name%2Citems.reviews HTTP/1.1" 200 None
2025-10-30 20:36:58,408 - DEBUG - [получить_поликлиники_в_районе] - Статус ответа: 200
2025-10-30 20:36:58,408 - INFO - [получить_поликлиники_в_районе] - Загружено 5 поликлиник со страницы 2
2025-10-30 20:36:58,909 - DEBUG - [получить_поликлиники_в_районе] - Запрос страницы 3 для района Щукино
2025-10-30 20:36:58,910 - DEBUG - [_new_conn] - Starting new HTTPS connection (1): catalog.api.2gis.com:443
2025-10-30 20:36:59,292 - DEBUG - [_make_request] - https://catalog.api.2gis.com:443 "GET /3.0/items?key=2e3b8ee1-dca8-47ab-99a0-bb8cfce53698&q=%D0%BF%D0%BE%D0%BB%D0%B8%D0%BA%D0%BB%D0%B8%D0%BD%D0%B8%D0%BA%D0%B0&district_id=4504209512726648&type=branch&page=3&page_size=10&fields=items.point%2Citems.name%2Citems.address_name%2Citems.reviews HTTP/1.1" 200 133
2025-10-30 20:36:59,293 - DEBUG - [получить_поликлиники_в_районе] - Статус ответа: 200
2025-10-30 20:36:59,293 - WARNING - [получить_поликлиники_в_районе] - На странице 3 нет данных в ожидаемом формате
2025-10-30 20:36:59,794 - DEBUG - [получить_поликлиники_в_районе] - Запрос страницы 4 для района Щукино
2025-10-30 20:36:59,796 - DEBUG - [_new_conn] - Starting new HTTPS connection (1): catalog.api.2gis.com:443
2025-10-30 20:37:00,187 - DEBUG - [_make_request] - https://catalog.api.2gis.com:443 "GET /3.0/items?key=2e3b8ee1-dca8-47ab-99a0-bb8cfce53698&q=%D0%BF%D0%BE%D0%BB%D0%B8%D0%BA%D0%BB%D0%B8%D0%BD%D0%B8%D0%BA%D0%B0&district_id=4504209512726648&type=branch&page=4&page_size=10&fields=items.point%2Citems.name%2Citems.address_name%2Citems.reviews HTTP/1.1" 200 133
2025-10-30 20:37:00,188 - DEBUG - [получить_поликлиники_в_районе] - Статус ответа: 200
2025-10-30 20:37:00,188 - WARNING - [получить_поликлиники_в_районе] - На странице 4 нет данных в ожидаемом формате
2025-10-30 20:37:00,689 - DEBUG - [получить_поликлиники_в_районе] - Запрос страницы 5 для района Щукино
2025-10-30 20:37:00,690 - DEBUG - [_new_conn] - Starting new HTTPS connection (1): catalog.api.2gis.com:443
2025-10-30 20:37:01,084 - DEBUG - [_make_request] - https://catalog.api.2gis.com:443 "GET /3.0/items?key=2e3b8ee1-dca8-47ab-99a0-bb8cfce53698&q=%D0%BF%D0%BE%D0%BB%D0%B8%D0%BA%D0%BB%D0%B8%D0%BD%D0%B8%D0%BA%D0%B0&district_id=4504209512726648&type=branch&page=5&page_size=10&fields=items.point%2Citems.name%2Citems.address_name%2Citems.reviews HTTP/1.1" 200 133
2025-10-30 20:37:01,086 - DEBUG - [получить_поликлиники_в_районе] - Статус ответа: 200
2025-10-30 20:37:01,086 - WARNING - [получить_поликлиники_в_районе] - На странице 5 нет данных в ожидаемом формате
2025-10-30 20:37:01,087 - INFO - [получить_поликлиники_в_районе] - Завершение сбора для района Щукино. Найдено поликлиник: 15
2025-10-30 20:37:01,088 - INFO - [<cell line: 0>] - Район 'Щукино' завершен. Поликлиник: 15
2025-10-30 20:37:02,090 - INFO - [<cell line: 0>] - [126/132] Обработка района: Южное Бутово
2025-10-30 20:37:02,090 - INFO - [получить_поликлиники_в_районе] - Начало сбора поликлиник для района: Южное Бутово (ID: 4504209512726619)
2025-10-30 20:37:02,091 - DEBUG - [получить_поликлиники_в_районе] - Запрос страницы 1 для района Южное Бутово
2025-10-30 20:37:02,094 - DEBUG - [_new_conn] - Starting new HTTPS connection (1): catalog.api.2gis.com:443
2025-10-30 20:37:02,503 - DEBUG - [_make_request] - https://catalog.api.2gis.com:443 "GET /3.0/items?key=2e3b8ee1-dca8-47ab-99a0-bb8cfce53698&q=%D0%BF%D0%BE%D0%BB%D0%B8%D0%BA%D0%BB%D0%B8%D0%BD%D0%B8%D0%BA%D0%B0&district_id=4504209512726619&type=branch&page=1&page_size=10&fields=items.point%2Citems.name%2Citems.address_name%2Citems.reviews HTTP/1.1" 200 None
2025-10-30 20:37:02,504 - DEBUG - [получить_поликлиники_в_районе] - Статус ответа: 200
2025-10-30 20:37:02,505 - INFO - [получить_поликлиники_в_районе] - Загружено 10 поликлиник со страницы 1
2025-10-30 20:37:03,006 - DEBUG - [получить_поликлиники_в_районе] - Запрос страницы 2 для района Южное Бутово
2025-10-30 20:37:03,008 - DEBUG - [_new_conn] - Starting new HTTPS connection (1): catalog.api.2gis.com:443
2025-10-30 20:37:03,395 - DEBUG - [_make_request] - https://catalog.api.2gis.com:443 "GET /3.0/items?key=2e3b8ee1-dca8-47ab-99a0-bb8cfce53698&q=%D0%BF%D0%BE%D0%BB%D0%B8%D0%BA%D0%BB%D0%B8%D0%BD%D0%B8%D0%BA%D0%B0&district_id=4504209512726619&type=branch&page=2&page_size=10&fields=items.point%2Citems.name%2Citems.address_name%2Citems.reviews HTTP/1.1" 200 None
2025-10-30 20:37:03,396 - DEBUG - [получить_поликлиники_в_районе] - Статус ответа: 200
2025-10-30 20:37:03,396 - INFO - [получить_поликлиники_в_районе] - Загружено 10 поликлиник со страницы 2
2025-10-30 20:37:03,897 - DEBUG - [получить_поликлиники_в_районе] - Запрос страницы 3 для района Южное Бутово
2025-10-30 20:37:03,899 - DEBUG - [_new_conn] - Starting new HTTPS connection (1): catalog.api.2gis.com:443
2025-10-30 20:37:04,277 - DEBUG - [_make_request] - https://catalog.api.2gis.com:443 "GET /3.0/items?key=2e3b8ee1-dca8-47ab-99a0-bb8cfce53698&q=%D0%BF%D0%BE%D0%BB%D0%B8%D0%BA%D0%BB%D0%B8%D0%BD%D0%B8%D0%BA%D0%B0&district_id=4504209512726619&type=branch&page=3&page_size=10&fields=items.point%2Citems.name%2Citems.address_name%2Citems.reviews HTTP/1.1" 200 183
2025-10-30 20:37:04,278 - DEBUG - [получить_поликлиники_в_районе] - Статус ответа: 200
2025-10-30 20:37:04,278 - WARNING - [получить_поликлиники_в_районе] - На странице 3 нет данных в ожидаемом формате
2025-10-30 20:37:04,779 - DEBUG - [получить_поликлиники_в_районе] - Запрос страницы 4 для района Южное Бутово
2025-10-30 20:37:04,780 - DEBUG - [_new_conn] - Starting new HTTPS connection (1): catalog.api.2gis.com:443
2025-10-30 20:37:05,153 - DEBUG - [_make_request] - https://catalog.api.2gis.com:443 "GET /3.0/items?key=2e3b8ee1-dca8-47ab-99a0-bb8cfce53698&q=%D0%BF%D0%BE%D0%BB%D0%B8%D0%BA%D0%BB%D0%B8%D0%BD%D0%B8%D0%BA%D0%B0&district_id=4504209512726619&type=branch&page=4&page_size=10&fields=items.point%2Citems.name%2Citems.address_name%2Citems.reviews HTTP/1.1" 200 133
2025-10-30 20:37:05,154 - DEBUG - [получить_поликлиники_в_районе] - Статус ответа: 200
2025-10-30 20:37:05,154 - WARNING - [получить_поликлиники_в_районе] - На странице 4 нет данных в ожидаемом формате
2025-10-30 20:37:05,655 - DEBUG - [получить_поликлиники_в_районе] - Запрос страницы 5 для района Южное Бутово
2025-10-30 20:37:05,656 - DEBUG - [_new_conn] - Starting new HTTPS connection (1): catalog.api.2gis.com:443
2025-10-30 20:37:06,040 - DEBUG - [_make_request] - https://catalog.api.2gis.com:443 "GET /3.0/items?key=2e3b8ee1-dca8-47ab-99a0-bb8cfce53698&q=%D0%BF%D0%BE%D0%BB%D0%B8%D0%BA%D0%BB%D0%B8%D0%BD%D0%B8%D0%BA%D0%B0&district_id=4504209512726619&type=branch&page=5&page_size=10&fields=items.point%2Citems.name%2Citems.address_name%2Citems.reviews HTTP/1.1" 200 133
2025-10-30 20:37:06,041 - DEBUG - [получить_поликлиники_в_районе] - Статус ответа: 200
2025-10-30 20:37:06,041 - WARNING - [получить_поликлиники_в_районе] - На странице 5 нет данных в ожидаемом формате
2025-10-30 20:37:06,042 - INFO - [получить_поликлиники_в_районе] - Завершение сбора для района Южное Бутово. Найдено поликлиник: 20
2025-10-30 20:37:06,044 - INFO - [<cell line: 0>] - Район 'Южное Бутово' завершен. Поликлиник: 20
2025-10-30 20:37:07,045 - INFO - [<cell line: 0>] - [127/132] Обработка района: Южное Медведково
2025-10-30 20:37:07,046 - INFO - [получить_поликлиники_в_районе] - Начало сбора поликлиник для района: Южное Медведково (ID: 4504209512726561)
2025-10-30 20:37:07,049 - DEBUG - [получить_поликлиники_в_районе] - Запрос страницы 1 для района Южное Медведково
2025-10-30 20:37:07,051 - DEBUG - [_new_conn] - Starting new HTTPS connection (1): catalog.api.2gis.com:443
2025-10-30 20:37:07,430 - DEBUG - [_make_request] - https://catalog.api.2gis.com:443 "GET /3.0/items?key=2e3b8ee1-dca8-47ab-99a0-bb8cfce53698&q=%D0%BF%D0%BE%D0%BB%D0%B8%D0%BA%D0%BB%D0%B8%D0%BD%D0%B8%D0%BA%D0%B0&district_id=4504209512726561&type=branch&page=1&page_size=10&fields=items.point%2Citems.name%2Citems.address_name%2Citems.reviews HTTP/1.1" 200 None
2025-10-30 20:37:07,431 - DEBUG - [получить_поликлиники_в_районе] - Статус ответа: 200
2025-10-30 20:37:07,431 - INFO - [получить_поликлиники_в_районе] - Загружено 4 поликлиник со страницы 1
2025-10-30 20:37:07,932 - DEBUG - [получить_поликлиники_в_районе] - Запрос страницы 2 для района Южное Медведково
2025-10-30 20:37:07,933 - DEBUG - [_new_conn] - Starting new HTTPS connection (1): catalog.api.2gis.com:443
2025-10-30 20:37:08,308 - DEBUG - [_make_request] - https://catalog.api.2gis.com:443 "GET /3.0/items?key=2e3b8ee1-dca8-47ab-99a0-bb8cfce53698&q=%D0%BF%D0%BE%D0%BB%D0%B8%D0%BA%D0%BB%D0%B8%D0%BD%D0%B8%D0%BA%D0%B0&district_id=4504209512726561&type=branch&page=2&page_size=10&fields=items.point%2Citems.name%2Citems.address_name%2Citems.reviews HTTP/1.1" 200 133
2025-10-30 20:37:08,309 - DEBUG - [получить_поликлиники_в_районе] - Статус ответа: 200
2025-10-30 20:37:08,310 - WARNING - [получить_поликлиники_в_районе] - На странице 2 нет данных в ожидаемом формате
2025-10-30 20:37:08,811 - DEBUG - [получить_поликлиники_в_районе] - Запрос страницы 3 для района Южное Медведково
2025-10-30 20:37:08,812 - DEBUG - [_new_conn] - Starting new HTTPS connection (1): catalog.api.2gis.com:443
2025-10-30 20:37:09,168 - DEBUG - [_make_request] - https://catalog.api.2gis.com:443 "GET /3.0/items?key=2e3b8ee1-dca8-47ab-99a0-bb8cfce53698&q=%D0%BF%D0%BE%D0%BB%D0%B8%D0%BA%D0%BB%D0%B8%D0%BD%D0%B8%D0%BA%D0%B0&district_id=4504209512726561&type=branch&page=3&page_size=10&fields=items.point%2Citems.name%2Citems.address_name%2Citems.reviews HTTP/1.1" 200 183
2025-10-30 20:37:09,169 - DEBUG - [получить_поликлиники_в_районе] - Статус ответа: 200
2025-10-30 20:37:09,170 - WARNING - [получить_поликлиники_в_районе] - На странице 3 нет данных в ожидаемом формате
2025-10-30 20:37:09,671 - DEBUG - [получить_поликлиники_в_районе] - Запрос страницы 4 для района Южное Медведково
2025-10-30 20:37:09,672 - DEBUG - [_new_conn] - Starting new HTTPS connection (1): catalog.api.2gis.com:443
2025-10-30 20:37:10,258 - DEBUG - [_make_request] - https://catalog.api.2gis.com:443 "GET /3.0/items?key=2e3b8ee1-dca8-47ab-99a0-bb8cfce53698&q=%D0%BF%D0%BE%D0%BB%D0%B8%D0%BA%D0%BB%D0%B8%D0%BD%D0%B8%D0%BA%D0%B0&district_id=4504209512726561&type=branch&page=4&page_size=10&fields=items.point%2Citems.name%2Citems.address_name%2Citems.reviews HTTP/1.1" 200 133
2025-10-30 20:37:10,259 - DEBUG - [получить_поликлиники_в_районе] - Статус ответа: 200
2025-10-30 20:37:10,259 - WARNING - [получить_поликлиники_в_районе] - На странице 4 нет данных в ожидаемом формате
2025-10-30 20:37:10,760 - DEBUG - [получить_поликлиники_в_районе] - Запрос страницы 5 для района Южное Медведково
2025-10-30 20:37:10,761 - DEBUG - [_new_conn] - Starting new HTTPS connection (1): catalog.api.2gis.com:443
2025-10-30 20:37:11,117 - DEBUG - [_make_request] - https://catalog.api.2gis.com:443 "GET /3.0/items?key=2e3b8ee1-dca8-47ab-99a0-bb8cfce53698&q=%D0%BF%D0%BE%D0%BB%D0%B8%D0%BA%D0%BB%D0%B8%D0%BD%D0%B8%D0%BA%D0%B0&district_id=4504209512726561&type=branch&page=5&page_size=10&fields=items.point%2Citems.name%2Citems.address_name%2Citems.reviews HTTP/1.1" 200 183
2025-10-30 20:37:11,118 - DEBUG - [получить_поликлиники_в_районе] - Статус ответа: 200
2025-10-30 20:37:11,118 - WARNING - [получить_поликлиники_в_районе] - На странице 5 нет данных в ожидаемом формате
2025-10-30 20:37:11,119 - INFO - [получить_поликлиники_в_районе] - Завершение сбора для района Южное Медведково. Найдено поликлиник: 4
2025-10-30 20:37:11,121 - INFO - [<cell line: 0>] - Район 'Южное Медведково' завершен. Поликлиник: 4
2025-10-30 20:37:12,122 - INFO - [<cell line: 0>] - [128/132] Обработка района: Южное Тушино
2025-10-30 20:37:12,123 - INFO - [получить_поликлиники_в_районе] - Начало сбора поликлиник для района: Южное Тушино (ID: 4504209512726649)
2025-10-30 20:37:12,125 - DEBUG - [получить_поликлиники_в_районе] - Запрос страницы 1 для района Южное Тушино
2025-10-30 20:37:12,128 - DEBUG - [_new_conn] - Starting new HTTPS connection (1): catalog.api.2gis.com:443
2025-10-30 20:37:12,635 - DEBUG - [_make_request] - https://catalog.api.2gis.com:443 "GET /3.0/items?key=2e3b8ee1-dca8-47ab-99a0-bb8cfce53698&q=%D0%BF%D0%BE%D0%BB%D0%B8%D0%BA%D0%BB%D0%B8%D0%BD%D0%B8%D0%BA%D0%B0&district_id=4504209512726649&type=branch&page=1&page_size=10&fields=items.point%2Citems.name%2Citems.address_name%2Citems.reviews HTTP/1.1" 200 None
2025-10-30 20:37:12,635 - DEBUG - [получить_поликлиники_в_районе] - Статус ответа: 200
2025-10-30 20:37:12,635 - INFO - [получить_поликлиники_в_районе] - Загружено 3 поликлиник со страницы 1
2025-10-30 20:37:13,136 - DEBUG - [получить_поликлиники_в_районе] - Запрос страницы 2 для района Южное Тушино
2025-10-30 20:37:13,138 - DEBUG - [_new_conn] - Starting new HTTPS connection (1): catalog.api.2gis.com:443
2025-10-30 20:37:13,533 - DEBUG - [_make_request] - https://catalog.api.2gis.com:443 "GET /3.0/items?key=2e3b8ee1-dca8-47ab-99a0-bb8cfce53698&q=%D0%BF%D0%BE%D0%BB%D0%B8%D0%BA%D0%BB%D0%B8%D0%BD%D0%B8%D0%BA%D0%B0&district_id=4504209512726649&type=branch&page=2&page_size=10&fields=items.point%2Citems.name%2Citems.address_name%2Citems.reviews HTTP/1.1" 200 133
2025-10-30 20:37:13,534 - DEBUG - [получить_поликлиники_в_районе] - Статус ответа: 200
2025-10-30 20:37:13,534 - WARNING - [получить_поликлиники_в_районе] - На странице 2 нет данных в ожидаемом формате
2025-10-30 20:37:14,035 - DEBUG - [получить_поликлиники_в_районе] - Запрос страницы 3 для района Южное Тушино
2025-10-30 20:37:14,037 - DEBUG - [_new_conn] - Starting new HTTPS connection (1): catalog.api.2gis.com:443
2025-10-30 20:37:14,443 - DEBUG - [_make_request] - https://catalog.api.2gis.com:443 "GET /3.0/items?key=2e3b8ee1-dca8-47ab-99a0-bb8cfce53698&q=%D0%BF%D0%BE%D0%BB%D0%B8%D0%BA%D0%BB%D0%B8%D0%BD%D0%B8%D0%BA%D0%B0&district_id=4504209512726649&type=branch&page=3&page_size=10&fields=items.point%2Citems.name%2Citems.address_name%2Citems.reviews HTTP/1.1" 200 133
2025-10-30 20:37:14,444 - DEBUG - [получить_поликлиники_в_районе] - Статус ответа: 200
2025-10-30 20:37:14,444 - WARNING - [получить_поликлиники_в_районе] - На странице 3 нет данных в ожидаемом формате
2025-10-30 20:37:14,946 - DEBUG - [получить_поликлиники_в_районе] - Запрос страницы 4 для района Южное Тушино
2025-10-30 20:37:14,948 - DEBUG - [_new_conn] - Starting new HTTPS connection (1): catalog.api.2gis.com:443
2025-10-30 20:37:15,305 - DEBUG - [_make_request] - https://catalog.api.2gis.com:443 "GET /3.0/items?key=2e3b8ee1-dca8-47ab-99a0-bb8cfce53698&q=%D0%BF%D0%BE%D0%BB%D0%B8%D0%BA%D0%BB%D0%B8%D0%BD%D0%B8%D0%BA%D0%B0&district_id=4504209512726649&type=branch&page=4&page_size=10&fields=items.point%2Citems.name%2Citems.address_name%2Citems.reviews HTTP/1.1" 200 183
2025-10-30 20:37:15,307 - DEBUG - [получить_поликлиники_в_районе] - Статус ответа: 200
2025-10-30 20:37:15,308 - WARNING - [получить_поликлиники_в_районе] - На странице 4 нет данных в ожидаемом формате
2025-10-30 20:37:15,810 - DEBUG - [получить_поликлиники_в_районе] - Запрос страницы 5 для района Южное Тушино
2025-10-30 20:37:15,811 - DEBUG - [_new_conn] - Starting new HTTPS connection (1): catalog.api.2gis.com:443
2025-10-30 20:37:16,170 - DEBUG - [_make_request] - https://catalog.api.2gis.com:443 "GET /3.0/items?key=2e3b8ee1-dca8-47ab-99a0-bb8cfce53698&q=%D0%BF%D0%BE%D0%BB%D0%B8%D0%BA%D0%BB%D0%B8%D0%BD%D0%B8%D0%BA%D0%B0&district_id=4504209512726649&type=branch&page=5&page_size=10&fields=items.point%2Citems.name%2Citems.address_name%2Citems.reviews HTTP/1.1" 200 183
2025-10-30 20:37:16,171 - DEBUG - [получить_поликлиники_в_районе] - Статус ответа: 200
2025-10-30 20:37:16,171 - WARNING - [получить_поликлиники_в_районе] - На странице 5 нет данных в ожидаемом формате
2025-10-30 20:37:16,172 - INFO - [получить_поликлиники_в_районе] - Завершение сбора для района Южное Тушино. Найдено поликлиник: 3
2025-10-30 20:37:16,173 - INFO - [<cell line: 0>] - Район 'Южное Тушино' завершен. Поликлиник: 3
2025-10-30 20:37:17,174 - INFO - [<cell line: 0>] - [129/132] Обработка района: Южнопортовый
2025-10-30 20:37:17,175 - INFO - [получить_поликлиники_в_районе] - Начало сбора поликлиник для района: Южнопортовый (ID: 70030076266239145)
2025-10-30 20:37:17,177 - DEBUG - [получить_поликлиники_в_районе] - Запрос страницы 1 для района Южнопортовый
2025-10-30 20:37:17,178 - DEBUG - [_new_conn] - Starting new HTTPS connection (1): catalog.api.2gis.com:443
2025-10-30 20:37:17,571 - DEBUG - [_make_request] - https://catalog.api.2gis.com:443 "GET /3.0/items?key=2e3b8ee1-dca8-47ab-99a0-bb8cfce53698&q=%D0%BF%D0%BE%D0%BB%D0%B8%D0%BA%D0%BB%D0%B8%D0%BD%D0%B8%D0%BA%D0%B0&district_id=70030076266239145&type=branch&page=1&page_size=10&fields=items.point%2Citems.name%2Citems.address_name%2Citems.reviews HTTP/1.1" 200 None
2025-10-30 20:37:17,572 - DEBUG - [получить_поликлиники_в_районе] - Статус ответа: 200
2025-10-30 20:37:17,572 - INFO - [получить_поликлиники_в_районе] - Загружено 10 поликлиник со страницы 1
2025-10-30 20:37:18,073 - DEBUG - [получить_поликлиники_в_районе] - Запрос страницы 2 для района Южнопортовый
2025-10-30 20:37:18,074 - DEBUG - [_new_conn] - Starting new HTTPS connection (1): catalog.api.2gis.com:443
2025-10-30 20:37:18,430 - DEBUG - [_make_request] - https://catalog.api.2gis.com:443 "GET /3.0/items?key=2e3b8ee1-dca8-47ab-99a0-bb8cfce53698&q=%D0%BF%D0%BE%D0%BB%D0%B8%D0%BA%D0%BB%D0%B8%D0%BD%D0%B8%D0%BA%D0%B0&district_id=70030076266239145&type=branch&page=2&page_size=10&fields=items.point%2Citems.name%2Citems.address_name%2Citems.reviews HTTP/1.1" 200 183
2025-10-30 20:37:18,431 - DEBUG - [получить_поликлиники_в_районе] - Статус ответа: 200
2025-10-30 20:37:18,431 - WARNING - [получить_поликлиники_в_районе] - На странице 2 нет данных в ожидаемом формате
2025-10-30 20:37:18,932 - DEBUG - [получить_поликлиники_в_районе] - Запрос страницы 3 для района Южнопортовый
2025-10-30 20:37:18,933 - DEBUG - [_new_conn] - Starting new HTTPS connection (1): catalog.api.2gis.com:443
2025-10-30 20:37:19,311 - DEBUG - [_make_request] - https://catalog.api.2gis.com:443 "GET /3.0/items?key=2e3b8ee1-dca8-47ab-99a0-bb8cfce53698&q=%D0%BF%D0%BE%D0%BB%D0%B8%D0%BA%D0%BB%D0%B8%D0%BD%D0%B8%D0%BA%D0%B0&district_id=70030076266239145&type=branch&page=3&page_size=10&fields=items.point%2Citems.name%2Citems.address_name%2Citems.reviews HTTP/1.1" 200 133
2025-10-30 20:37:19,312 - DEBUG - [получить_поликлиники_в_районе] - Статус ответа: 200
2025-10-30 20:37:19,312 - WARNING - [получить_поликлиники_в_районе] - На странице 3 нет данных в ожидаемом формате
2025-10-30 20:37:19,813 - DEBUG - [получить_поликлиники_в_районе] - Запрос страницы 4 для района Южнопортовый
2025-10-30 20:37:19,814 - DEBUG - [_new_conn] - Starting new HTTPS connection (1): catalog.api.2gis.com:443
2025-10-30 20:37:20,188 - DEBUG - [_make_request] - https://catalog.api.2gis.com:443 "GET /3.0/items?key=2e3b8ee1-dca8-47ab-99a0-bb8cfce53698&q=%D0%BF%D0%BE%D0%BB%D0%B8%D0%BA%D0%BB%D0%B8%D0%BD%D0%B8%D0%BA%D0%B0&district_id=70030076266239145&type=branch&page=4&page_size=10&fields=items.point%2Citems.name%2Citems.address_name%2Citems.reviews HTTP/1.1" 200 133
2025-10-30 20:37:20,190 - DEBUG - [получить_поликлиники_в_районе] - Статус ответа: 200
2025-10-30 20:37:20,190 - WARNING - [получить_поликлиники_в_районе] - На странице 4 нет данных в ожидаемом формате
2025-10-30 20:37:20,691 - DEBUG - [получить_поликлиники_в_районе] - Запрос страницы 5 для района Южнопортовый
2025-10-30 20:37:20,692 - DEBUG - [_new_conn] - Starting new HTTPS connection (1): catalog.api.2gis.com:443
2025-10-30 20:37:21,053 - DEBUG - [_make_request] - https://catalog.api.2gis.com:443 "GET /3.0/items?key=2e3b8ee1-dca8-47ab-99a0-bb8cfce53698&q=%D0%BF%D0%BE%D0%BB%D0%B8%D0%BA%D0%BB%D0%B8%D0%BD%D0%B8%D0%BA%D0%B0&district_id=70030076266239145&type=branch&page=5&page_size=10&fields=items.point%2Citems.name%2Citems.address_name%2Citems.reviews HTTP/1.1" 200 183
2025-10-30 20:37:21,054 - DEBUG - [получить_поликлиники_в_районе] - Статус ответа: 200
2025-10-30 20:37:21,054 - WARNING - [получить_поликлиники_в_районе] - На странице 5 нет данных в ожидаемом формате
2025-10-30 20:37:21,055 - INFO - [получить_поликлиники_в_районе] - Завершение сбора для района Южнопортовый. Найдено поликлиник: 10
2025-10-30 20:37:21,056 - INFO - [<cell line: 0>] - Район 'Южнопортовый' завершен. Поликлиник: 10
2025-10-30 20:37:22,058 - INFO - [<cell line: 0>] - [130/132] Обработка района: Якиманка
2025-10-30 20:37:22,059 - INFO - [получить_поликлиники_в_районе] - Начало сбора поликлиник для района: Якиманка (ID: 4504209512726534)
2025-10-30 20:37:22,061 - DEBUG - [получить_поликлиники_в_районе] - Запрос страницы 1 для района Якиманка
2025-10-30 20:37:22,063 - DEBUG - [_new_conn] - Starting new HTTPS connection (1): catalog.api.2gis.com:443
2025-10-30 20:37:22,456 - DEBUG - [_make_request] - https://catalog.api.2gis.com:443 "GET /3.0/items?key=2e3b8ee1-dca8-47ab-99a0-bb8cfce53698&q=%D0%BF%D0%BE%D0%BB%D0%B8%D0%BA%D0%BB%D0%B8%D0%BD%D0%B8%D0%BA%D0%B0&district_id=4504209512726534&type=branch&page=1&page_size=10&fields=items.point%2Citems.name%2Citems.address_name%2Citems.reviews HTTP/1.1" 200 None
2025-10-30 20:37:22,457 - DEBUG - [получить_поликлиники_в_районе] - Статус ответа: 200
2025-10-30 20:37:22,457 - INFO - [получить_поликлиники_в_районе] - Загружено 6 поликлиник со страницы 1
2025-10-30 20:37:22,960 - DEBUG - [получить_поликлиники_в_районе] - Запрос страницы 2 для района Якиманка
2025-10-30 20:37:22,961 - DEBUG - [_new_conn] - Starting new HTTPS connection (1): catalog.api.2gis.com:443
2025-10-30 20:37:23,323 - DEBUG - [_make_request] - https://catalog.api.2gis.com:443 "GET /3.0/items?key=2e3b8ee1-dca8-47ab-99a0-bb8cfce53698&q=%D0%BF%D0%BE%D0%BB%D0%B8%D0%BA%D0%BB%D0%B8%D0%BD%D0%B8%D0%BA%D0%B0&district_id=4504209512726534&type=branch&page=2&page_size=10&fields=items.point%2Citems.name%2Citems.address_name%2Citems.reviews HTTP/1.1" 200 183
2025-10-30 20:37:23,324 - DEBUG - [получить_поликлиники_в_районе] - Статус ответа: 200
2025-10-30 20:37:23,324 - WARNING - [получить_поликлиники_в_районе] - На странице 2 нет данных в ожидаемом формате
2025-10-30 20:37:23,825 - DEBUG - [получить_поликлиники_в_районе] - Запрос страницы 3 для района Якиманка
2025-10-30 20:37:23,826 - DEBUG - [_new_conn] - Starting new HTTPS connection (1): catalog.api.2gis.com:443
2025-10-30 20:37:24,196 - DEBUG - [_make_request] - https://catalog.api.2gis.com:443 "GET /3.0/items?key=2e3b8ee1-dca8-47ab-99a0-bb8cfce53698&q=%D0%BF%D0%BE%D0%BB%D0%B8%D0%BA%D0%BB%D0%B8%D0%BD%D0%B8%D0%BA%D0%B0&district_id=4504209512726534&type=branch&page=3&page_size=10&fields=items.point%2Citems.name%2Citems.address_name%2Citems.reviews HTTP/1.1" 200 183
2025-10-30 20:37:24,197 - DEBUG - [получить_поликлиники_в_районе] - Статус ответа: 200
2025-10-30 20:37:24,197 - WARNING - [получить_поликлиники_в_районе] - На странице 3 нет данных в ожидаемом формате
2025-10-30 20:37:24,698 - DEBUG - [получить_поликлиники_в_районе] - Запрос страницы 4 для района Якиманка
2025-10-30 20:37:24,699 - DEBUG - [_new_conn] - Starting new HTTPS connection (1): catalog.api.2gis.com:443
2025-10-30 20:37:25,057 - DEBUG - [_make_request] - https://catalog.api.2gis.com:443 "GET /3.0/items?key=2e3b8ee1-dca8-47ab-99a0-bb8cfce53698&q=%D0%BF%D0%BE%D0%BB%D0%B8%D0%BA%D0%BB%D0%B8%D0%BD%D0%B8%D0%BA%D0%B0&district_id=4504209512726534&type=branch&page=4&page_size=10&fields=items.point%2Citems.name%2Citems.address_name%2Citems.reviews HTTP/1.1" 200 183
2025-10-30 20:37:25,058 - DEBUG - [получить_поликлиники_в_районе] - Статус ответа: 200
2025-10-30 20:37:25,058 - WARNING - [получить_поликлиники_в_районе] - На странице 4 нет данных в ожидаемом формате
2025-10-30 20:37:25,559 - DEBUG - [получить_поликлиники_в_районе] - Запрос страницы 5 для района Якиманка
2025-10-30 20:37:25,560 - DEBUG - [_new_conn] - Starting new HTTPS connection (1): catalog.api.2gis.com:443
2025-10-30 20:37:25,943 - DEBUG - [_make_request] - https://catalog.api.2gis.com:443 "GET /3.0/items?key=2e3b8ee1-dca8-47ab-99a0-bb8cfce53698&q=%D0%BF%D0%BE%D0%BB%D0%B8%D0%BA%D0%BB%D0%B8%D0%BD%D0%B8%D0%BA%D0%B0&district_id=4504209512726534&type=branch&page=5&page_size=10&fields=items.point%2Citems.name%2Citems.address_name%2Citems.reviews HTTP/1.1" 200 133
2025-10-30 20:37:25,944 - DEBUG - [получить_поликлиники_в_районе] - Статус ответа: 200
2025-10-30 20:37:25,945 - WARNING - [получить_поликлиники_в_районе] - На странице 5 нет данных в ожидаемом формате
2025-10-30 20:37:25,945 - INFO - [получить_поликлиники_в_районе] - Завершение сбора для района Якиманка. Найдено поликлиник: 6
2025-10-30 20:37:25,948 - INFO - [<cell line: 0>] - Район 'Якиманка' завершен. Поликлиник: 6
2025-10-30 20:37:26,949 - INFO - [<cell line: 0>] - [131/132] Обработка района: Ярославский
2025-10-30 20:37:26,951 - INFO - [получить_поликлиники_в_районе] - Начало сбора поликлиник для района: Ярославский (ID: 4504209512726562)
2025-10-30 20:37:26,952 - DEBUG - [получить_поликлиники_в_районе] - Запрос страницы 1 для района Ярославский
2025-10-30 20:37:26,954 - DEBUG - [_new_conn] - Starting new HTTPS connection (1): catalog.api.2gis.com:443
2025-10-30 20:37:27,335 - DEBUG - [_make_request] - https://catalog.api.2gis.com:443 "GET /3.0/items?key=2e3b8ee1-dca8-47ab-99a0-bb8cfce53698&q=%D0%BF%D0%BE%D0%BB%D0%B8%D0%BA%D0%BB%D0%B8%D0%BD%D0%B8%D0%BA%D0%B0&district_id=4504209512726562&type=branch&page=1&page_size=10&fields=items.point%2Citems.name%2Citems.address_name%2Citems.reviews HTTP/1.1" 200 None
2025-10-30 20:37:27,336 - DEBUG - [получить_поликлиники_в_районе] - Статус ответа: 200
2025-10-30 20:37:27,336 - INFO - [получить_поликлиники_в_районе] - Загружено 4 поликлиник со страницы 1
2025-10-30 20:37:27,837 - DEBUG - [получить_поликлиники_в_районе] - Запрос страницы 2 для района Ярославский
2025-10-30 20:37:27,840 - DEBUG - [_new_conn] - Starting new HTTPS connection (1): catalog.api.2gis.com:443
2025-10-30 20:37:28,220 - DEBUG - [_make_request] - https://catalog.api.2gis.com:443 "GET /3.0/items?key=2e3b8ee1-dca8-47ab-99a0-bb8cfce53698&q=%D0%BF%D0%BE%D0%BB%D0%B8%D0%BA%D0%BB%D0%B8%D0%BD%D0%B8%D0%BA%D0%B0&district_id=4504209512726562&type=branch&page=2&page_size=10&fields=items.point%2Citems.name%2Citems.address_name%2Citems.reviews HTTP/1.1" 200 133
2025-10-30 20:37:28,221 - DEBUG - [получить_поликлиники_в_районе] - Статус ответа: 200
2025-10-30 20:37:28,221 - WARNING - [получить_поликлиники_в_районе] - На странице 2 нет данных в ожидаемом формате
2025-10-30 20:37:28,722 - DEBUG - [получить_поликлиники_в_районе] - Запрос страницы 3 для района Ярославский
2025-10-30 20:37:28,723 - DEBUG - [_new_conn] - Starting new HTTPS connection (1): catalog.api.2gis.com:443
2025-10-30 20:37:29,095 - DEBUG - [_make_request] - https://catalog.api.2gis.com:443 "GET /3.0/items?key=2e3b8ee1-dca8-47ab-99a0-bb8cfce53698&q=%D0%BF%D0%BE%D0%BB%D0%B8%D0%BA%D0%BB%D0%B8%D0%BD%D0%B8%D0%BA%D0%B0&district_id=4504209512726562&type=branch&page=3&page_size=10&fields=items.point%2Citems.name%2Citems.address_name%2Citems.reviews HTTP/1.1" 200 183
2025-10-30 20:37:29,096 - DEBUG - [получить_поликлиники_в_районе] - Статус ответа: 200
2025-10-30 20:37:29,096 - WARNING - [получить_поликлиники_в_районе] - На странице 3 нет данных в ожидаемом формате
2025-10-30 20:37:29,597 - DEBUG - [получить_поликлиники_в_районе] - Запрос страницы 4 для района Ярославский
2025-10-30 20:37:29,598 - DEBUG - [_new_conn] - Starting new HTTPS connection (1): catalog.api.2gis.com:443
2025-10-30 20:37:29,975 - DEBUG - [_make_request] - https://catalog.api.2gis.com:443 "GET /3.0/items?key=2e3b8ee1-dca8-47ab-99a0-bb8cfce53698&q=%D0%BF%D0%BE%D0%BB%D0%B8%D0%BA%D0%BB%D0%B8%D0%BD%D0%B8%D0%BA%D0%B0&district_id=4504209512726562&type=branch&page=4&page_size=10&fields=items.point%2Citems.name%2Citems.address_name%2Citems.reviews HTTP/1.1" 200 183
2025-10-30 20:37:29,976 - DEBUG - [получить_поликлиники_в_районе] - Статус ответа: 200
2025-10-30 20:37:29,977 - WARNING - [получить_поликлиники_в_районе] - На странице 4 нет данных в ожидаемом формате
2025-10-30 20:37:30,478 - DEBUG - [получить_поликлиники_в_районе] - Запрос страницы 5 для района Ярославский
2025-10-30 20:37:30,479 - DEBUG - [_new_conn] - Starting new HTTPS connection (1): catalog.api.2gis.com:443
2025-10-30 20:37:30,835 - DEBUG - [_make_request] - https://catalog.api.2gis.com:443 "GET /3.0/items?key=2e3b8ee1-dca8-47ab-99a0-bb8cfce53698&q=%D0%BF%D0%BE%D0%BB%D0%B8%D0%BA%D0%BB%D0%B8%D0%BD%D0%B8%D0%BA%D0%B0&district_id=4504209512726562&type=branch&page=5&page_size=10&fields=items.point%2Citems.name%2Citems.address_name%2Citems.reviews HTTP/1.1" 200 183
2025-10-30 20:37:30,836 - DEBUG - [получить_поликлиники_в_районе] - Статус ответа: 200
2025-10-30 20:37:30,836 - WARNING - [получить_поликлиники_в_районе] - На странице 5 нет данных в ожидаемом формате
2025-10-30 20:37:30,836 - INFO - [получить_поликлиники_в_районе] - Завершение сбора для района Ярославский. Найдено поликлиник: 4
2025-10-30 20:37:30,838 - INFO - [<cell line: 0>] - Район 'Ярославский' завершен. Поликлиник: 4
2025-10-30 20:37:31,839 - INFO - [<cell line: 0>] - [132/132] Обработка района: Ясенево
2025-10-30 20:37:31,840 - INFO - [получить_поликлиники_в_районе] - Начало сбора поликлиник для района: Ясенево (ID: 4504209512726620)
2025-10-30 20:37:31,841 - DEBUG - [получить_поликлиники_в_районе] - Запрос страницы 1 для района Ясенево
2025-10-30 20:37:31,843 - DEBUG - [_new_conn] - Starting new HTTPS connection (1): catalog.api.2gis.com:443
2025-10-30 20:37:32,242 - DEBUG - [_make_request] - https://catalog.api.2gis.com:443 "GET /3.0/items?key=2e3b8ee1-dca8-47ab-99a0-bb8cfce53698&q=%D0%BF%D0%BE%D0%BB%D0%B8%D0%BA%D0%BB%D0%B8%D0%BD%D0%B8%D0%BA%D0%B0&district_id=4504209512726620&type=branch&page=1&page_size=10&fields=items.point%2Citems.name%2Citems.address_name%2Citems.reviews HTTP/1.1" 200 None
2025-10-30 20:37:32,243 - DEBUG - [получить_поликлиники_в_районе] - Статус ответа: 200
2025-10-30 20:37:32,243 - INFO - [получить_поликлиники_в_районе] - Загружено 10 поликлиник со страницы 1
2025-10-30 20:37:32,744 - DEBUG - [получить_поликлиники_в_районе] - Запрос страницы 2 для района Ясенево
2025-10-30 20:37:32,745 - DEBUG - [_new_conn] - Starting new HTTPS connection (1): catalog.api.2gis.com:443
2025-10-30 20:37:33,143 - DEBUG - [_make_request] - https://catalog.api.2gis.com:443 "GET /3.0/items?key=2e3b8ee1-dca8-47ab-99a0-bb8cfce53698&q=%D0%BF%D0%BE%D0%BB%D0%B8%D0%BA%D0%BB%D0%B8%D0%BD%D0%B8%D0%BA%D0%B0&district_id=4504209512726620&type=branch&page=2&page_size=10&fields=items.point%2Citems.name%2Citems.address_name%2Citems.reviews HTTP/1.1" 200 None
2025-10-30 20:37:33,144 - DEBUG - [получить_поликлиники_в_районе] - Статус ответа: 200
2025-10-30 20:37:33,144 - INFO - [получить_поликлиники_в_районе] - Загружено 3 поликлиник со страницы 2
2025-10-30 20:37:33,645 - DEBUG - [получить_поликлиники_в_районе] - Запрос страницы 3 для района Ясенево
2025-10-30 20:37:33,647 - DEBUG - [_new_conn] - Starting new HTTPS connection (1): catalog.api.2gis.com:443
2025-10-30 20:37:34,006 - DEBUG - [_make_request] - https://catalog.api.2gis.com:443 "GET /3.0/items?key=2e3b8ee1-dca8-47ab-99a0-bb8cfce53698&q=%D0%BF%D0%BE%D0%BB%D0%B8%D0%BA%D0%BB%D0%B8%D0%BD%D0%B8%D0%BA%D0%B0&district_id=4504209512726620&type=branch&page=3&page_size=10&fields=items.point%2Citems.name%2Citems.address_name%2Citems.reviews HTTP/1.1" 200 183
2025-10-30 20:37:34,007 - DEBUG - [получить_поликлиники_в_районе] - Статус ответа: 200
2025-10-30 20:37:34,007 - WARNING - [получить_поликлиники_в_районе] - На странице 3 нет данных в ожидаемом формате
2025-10-30 20:37:34,508 - DEBUG - [получить_поликлиники_в_районе] - Запрос страницы 4 для района Ясенево
2025-10-30 20:37:34,509 - DEBUG - [_new_conn] - Starting new HTTPS connection (1): catalog.api.2gis.com:443
2025-10-30 20:37:34,867 - DEBUG - [_make_request] - https://catalog.api.2gis.com:443 "GET /3.0/items?key=2e3b8ee1-dca8-47ab-99a0-bb8cfce53698&q=%D0%BF%D0%BE%D0%BB%D0%B8%D0%BA%D0%BB%D0%B8%D0%BD%D0%B8%D0%BA%D0%B0&district_id=4504209512726620&type=branch&page=4&page_size=10&fields=items.point%2Citems.name%2Citems.address_name%2Citems.reviews HTTP/1.1" 200 183
2025-10-30 20:37:34,868 - DEBUG - [получить_поликлиники_в_районе] - Статус ответа: 200
2025-10-30 20:37:34,868 - WARNING - [получить_поликлиники_в_районе] - На странице 4 нет данных в ожидаемом формате
2025-10-30 20:37:35,369 - DEBUG - [получить_поликлиники_в_районе] - Запрос страницы 5 для района Ясенево
2025-10-30 20:37:35,371 - DEBUG - [_new_conn] - Starting new HTTPS connection (1): catalog.api.2gis.com:443
2025-10-30 20:37:35,732 - DEBUG - [_make_request] - https://catalog.api.2gis.com:443 "GET /3.0/items?key=2e3b8ee1-dca8-47ab-99a0-bb8cfce53698&q=%D0%BF%D0%BE%D0%BB%D0%B8%D0%BA%D0%BB%D0%B8%D0%BD%D0%B8%D0%BA%D0%B0&district_id=4504209512726620&type=branch&page=5&page_size=10&fields=items.point%2Citems.name%2Citems.address_name%2Citems.reviews HTTP/1.1" 200 183
2025-10-30 20:37:35,733 - DEBUG - [получить_поликлиники_в_районе] - Статус ответа: 200
2025-10-30 20:37:35,733 - WARNING - [получить_поликлиники_в_районе] - На странице 5 нет данных в ожидаемом формате
2025-10-30 20:37:35,734 - INFO - [получить_поликлиники_в_районе] - Завершение сбора для района Ясенево. Найдено поликлиник: 13
2025-10-30 20:37:35,737 - INFO - [<cell line: 0>] - Район 'Ясенево' завершен. Поликлиник: 13
2025-10-30 20:37:35,738 - INFO - [<cell line: 0>] - ============================================================
2025-10-30 20:37:35,740 - INFO - [<cell line: 0>] - СБОР ДАННЫХ ЗАВЕРШЕН
2025-10-30 20:37:35,741 - INFO - [<cell line: 0>] - Время выполнения: 657.52 секунд
2025-10-30 20:37:35,741 - INFO - [<cell line: 0>] - Всего собрано поликлиник: 1065
2025-10-30 20:37:35,742 - INFO - [<cell line: 0>] - ============================================================
2025-10-30 20:37:35,745 - INFO - [создать_датасет_поликлиник] - Создание датасета из 1065 поликлиник
2025-10-30 20:37:35,751 - INFO - [создать_датасет_поликлиник] - Датасет поликлиник создан. Количество строк: 1065
2025-10-30 20:37:35,774 - INFO - [<cell line: 0>] - Данные сохранены в поликлиники_москвы_по_районам.csv
2025-10-30 20:37:35,776 - INFO - [<cell line: 0>] - СТАТИСТИКА: Всего поликлиник: 1065
2025-10-30 20:37:35,778 - INFO - [<cell line: 0>] - СТАТИСТИКА: Охвачено районов: 131
