2025-10-30 20:42:22,897 - INFO - [<cell line: 0>] - ============================================================
2025-10-30 20:42:22,898 - INFO - [<cell line: 0>] - ЗАПУСК СБОРА ДАННЫХ ПО ДЕТСКИМ САДАМ МОСКВЫ
2025-10-30 20:42:22,899 - INFO - [<cell line: 0>] - Конфигурация логирования: уровень=DEBUG, файл=True, консоль=True
2025-10-30 20:42:22,900 - INFO - [<cell line: 0>] - Количество районов для обработки: 132
2025-10-30 20:42:22,900 - INFO - [<cell line: 0>] - ============================================================
2025-10-30 20:42:22,902 - INFO - [<cell line: 0>] - [1/132] Обработка района: Академический
2025-10-30 20:42:22,902 - INFO - [получить_детские_сады_в_районе] - Начало сбора детских садов для района: Академический (ID: 4504209512726625)
2025-10-30 20:42:22,903 - DEBUG - [получить_детские_сады_в_районе] - Запрос страницы 1 для района Академический
2025-10-30 20:42:22,905 - DEBUG - [_new_conn] - Starting new HTTPS connection (1): catalog.api.2gis.com:443
2025-10-30 20:42:23,426 - DEBUG - [_make_request] - https://catalog.api.2gis.com:443 "GET /3.0/items?key=cdbda41e-e8e4-4e8d-9886-f12c075adc64&q=%D0%B4%D0%B5%D1%82%D1%81%D0%BA%D0%B8%D0%B9+%D1%81%D0%B0%D0%B4&district_id=4504209512726625&type=branch&page=1&page_size=10&fields=items.point%2Citems.name%2Citems.address_name%2Citems.reviews HTTP/1.1" 200 None
2025-10-30 20:42:23,427 - DEBUG - [получить_детские_сады_в_районе] - Статус ответа: 200
2025-10-30 20:42:23,427 - INFO - [получить_детские_сады_в_районе] - Загружено 10 детских садов со страницы 1
2025-10-30 20:42:23,928 - DEBUG - [получить_детские_сады_в_районе] - Запрос страницы 2 для района Академический
2025-10-30 20:42:23,930 - DEBUG - [_new_conn] - Starting new HTTPS connection (1): catalog.api.2gis.com:443
2025-10-30 20:42:24,334 - DEBUG - [_make_request] - https://catalog.api.2gis.com:443 "GET /3.0/items?key=cdbda41e-e8e4-4e8d-9886-f12c075adc64&q=%D0%B4%D0%B5%D1%82%D1%81%D0%BA%D0%B8%D0%B9+%D1%81%D0%B0%D0%B4&district_id=4504209512726625&type=branch&page=2&page_size=10&fields=items.point%2Citems.name%2Citems.address_name%2Citems.reviews HTTP/1.1" 200 None
2025-10-30 20:42:24,335 - DEBUG - [получить_детские_сады_в_районе] - Статус ответа: 200
2025-10-30 20:42:24,335 - INFO - [получить_детские_сады_в_районе] - Загружено 10 детских садов со страницы 2
2025-10-30 20:42:24,836 - DEBUG - [получить_детские_сады_в_районе] - Запрос страницы 3 для района Академический
2025-10-30 20:42:24,838 - DEBUG - [_new_conn] - Starting new HTTPS connection (1): catalog.api.2gis.com:443
2025-10-30 20:42:25,246 - DEBUG - [_make_request] - https://catalog.api.2gis.com:443 "GET /3.0/items?key=cdbda41e-e8e4-4e8d-9886-f12c075adc64&q=%D0%B4%D0%B5%D1%82%D1%81%D0%BA%D0%B8%D0%B9+%D1%81%D0%B0%D0%B4&district_id=4504209512726625&type=branch&page=3&page_size=10&fields=items.point%2Citems.name%2Citems.address_name%2Citems.reviews HTTP/1.1" 200 None
2025-10-30 20:42:25,247 - DEBUG - [получить_детские_сады_в_районе] - Статус ответа: 200
2025-10-30 20:42:25,247 - INFO - [получить_детские_сады_в_районе] - Загружено 10 детских садов со страницы 3
2025-10-30 20:42:25,748 - DEBUG - [получить_детские_сады_в_районе] - Запрос страницы 4 для района Академический
2025-10-30 20:42:25,750 - DEBUG - [_new_conn] - Starting new HTTPS connection (1): catalog.api.2gis.com:443
2025-10-30 20:42:26,147 - DEBUG - [_make_request] - https://catalog.api.2gis.com:443 "GET /3.0/items?key=cdbda41e-e8e4-4e8d-9886-f12c075adc64&q=%D0%B4%D0%B5%D1%82%D1%81%D0%BA%D0%B8%D0%B9+%D1%81%D0%B0%D0%B4&district_id=4504209512726625&type=branch&page=4&page_size=10&fields=items.point%2Citems.name%2Citems.address_name%2Citems.reviews HTTP/1.1" 200 133
2025-10-30 20:42:26,148 - DEBUG - [получить_детские_сады_в_районе] - Статус ответа: 200
2025-10-30 20:42:26,148 - WARNING - [получить_детские_сады_в_районе] - На странице 4 нет данных в ожидаемом формате
2025-10-30 20:42:26,649 - DEBUG - [получить_детские_сады_в_районе] - Запрос страницы 5 для района Академический
2025-10-30 20:42:26,650 - DEBUG - [_new_conn] - Starting new HTTPS connection (1): catalog.api.2gis.com:443
2025-10-30 20:42:27,216 - DEBUG - [_make_request] - https://catalog.api.2gis.com:443 "GET /3.0/items?key=cdbda41e-e8e4-4e8d-9886-f12c075adc64&q=%D0%B4%D0%B5%D1%82%D1%81%D0%BA%D0%B8%D0%B9+%D1%81%D0%B0%D0%B4&district_id=4504209512726625&type=branch&page=5&page_size=10&fields=items.point%2Citems.name%2Citems.address_name%2Citems.reviews HTTP/1.1" 200 133
2025-10-30 20:42:27,217 - DEBUG - [получить_детские_сады_в_районе] - Статус ответа: 200
2025-10-30 20:42:27,217 - WARNING - [получить_детские_сады_в_районе] - На странице 5 нет данных в ожидаемом формате
2025-10-30 20:42:27,218 - INFO - [получить_детские_сады_в_районе] - Завершение сбора для района Академический. Найдено детских садов: 30
2025-10-30 20:42:27,221 - INFO - [<cell line: 0>] - Район 'Академический' завершен. Детских садов: 30
2025-10-30 20:42:28,221 - INFO - [<cell line: 0>] - [2/132] Обработка района: Алексеевский
2025-10-30 20:42:28,223 - INFO - [получить_детские_сады_в_районе] - Начало сбора детских садов для района: Алексеевский (ID: 4504209512726568)
2025-10-30 20:42:28,224 - DEBUG - [получить_детские_сады_в_районе] - Запрос страницы 1 для района Алексеевский
2025-10-30 20:42:28,227 - DEBUG - [_new_conn] - Starting new HTTPS connection (1): catalog.api.2gis.com:443
2025-10-30 20:42:28,620 - DEBUG - [_make_request] - https://catalog.api.2gis.com:443 "GET /3.0/items?key=cdbda41e-e8e4-4e8d-9886-f12c075adc64&q=%D0%B4%D0%B5%D1%82%D1%81%D0%BA%D0%B8%D0%B9+%D1%81%D0%B0%D0%B4&district_id=4504209512726568&type=branch&page=1&page_size=10&fields=items.point%2Citems.name%2Citems.address_name%2Citems.reviews HTTP/1.1" 200 None
2025-10-30 20:42:28,621 - DEBUG - [получить_детские_сады_в_районе] - Статус ответа: 200
2025-10-30 20:42:28,621 - INFO - [получить_детские_сады_в_районе] - Загружено 10 детских садов со страницы 1
2025-10-30 20:42:29,122 - DEBUG - [получить_детские_сады_в_районе] - Запрос страницы 2 для района Алексеевский
2025-10-30 20:42:29,123 - DEBUG - [_new_conn] - Starting new HTTPS connection (1): catalog.api.2gis.com:443
2025-10-30 20:42:29,516 - DEBUG - [_make_request] - https://catalog.api.2gis.com:443 "GET /3.0/items?key=cdbda41e-e8e4-4e8d-9886-f12c075adc64&q=%D0%B4%D0%B5%D1%82%D1%81%D0%BA%D0%B8%D0%B9+%D1%81%D0%B0%D0%B4&district_id=4504209512726568&type=branch&page=2&page_size=10&fields=items.point%2Citems.name%2Citems.address_name%2Citems.reviews HTTP/1.1" 200 None
2025-10-30 20:42:29,517 - DEBUG - [получить_детские_сады_в_районе] - Статус ответа: 200
2025-10-30 20:42:29,517 - INFO - [получить_детские_сады_в_районе] - Загружено 10 детских садов со страницы 2
2025-10-30 20:42:30,018 - DEBUG - [получить_детские_сады_в_районе] - Запрос страницы 3 для района Алексеевский
2025-10-30 20:42:30,020 - DEBUG - [_new_conn] - Starting new HTTPS connection (1): catalog.api.2gis.com:443
2025-10-30 20:42:30,409 - DEBUG - [_make_request] - https://catalog.api.2gis.com:443 "GET /3.0/items?key=cdbda41e-e8e4-4e8d-9886-f12c075adc64&q=%D0%B4%D0%B5%D1%82%D1%81%D0%BA%D0%B8%D0%B9+%D1%81%D0%B0%D0%B4&district_id=4504209512726568&type=branch&page=3&page_size=10&fields=items.point%2Citems.name%2Citems.address_name%2Citems.reviews HTTP/1.1" 200 None
2025-10-30 20:42:30,411 - DEBUG - [получить_детские_сады_в_районе] - Статус ответа: 200
2025-10-30 20:42:30,411 - INFO - [получить_детские_сады_в_районе] - Загружено 1 детских садов со страницы 3
2025-10-30 20:42:30,912 - DEBUG - [получить_детские_сады_в_районе] - Запрос страницы 4 для района Алексеевский
2025-10-30 20:42:30,913 - DEBUG - [_new_conn] - Starting new HTTPS connection (1): catalog.api.2gis.com:443
2025-10-30 20:42:31,307 - DEBUG - [_make_request] - https://catalog.api.2gis.com:443 "GET /3.0/items?key=cdbda41e-e8e4-4e8d-9886-f12c075adc64&q=%D0%B4%D0%B5%D1%82%D1%81%D0%BA%D0%B8%D0%B9+%D1%81%D0%B0%D0%B4&district_id=4504209512726568&type=branch&page=4&page_size=10&fields=items.point%2Citems.name%2Citems.address_name%2Citems.reviews HTTP/1.1" 200 133
2025-10-30 20:42:31,308 - DEBUG - [получить_детские_сады_в_районе] - Статус ответа: 200
2025-10-30 20:42:31,308 - WARNING - [получить_детские_сады_в_районе] - На странице 4 нет данных в ожидаемом формате
2025-10-30 20:42:31,809 - DEBUG - [получить_детские_сады_в_районе] - Запрос страницы 5 для района Алексеевский
2025-10-30 20:42:31,810 - DEBUG - [_new_conn] - Starting new HTTPS connection (1): catalog.api.2gis.com:443
2025-10-30 20:42:32,205 - DEBUG - [_make_request] - https://catalog.api.2gis.com:443 "GET /3.0/items?key=cdbda41e-e8e4-4e8d-9886-f12c075adc64&q=%D0%B4%D0%B5%D1%82%D1%81%D0%BA%D0%B8%D0%B9+%D1%81%D0%B0%D0%B4&district_id=4504209512726568&type=branch&page=5&page_size=10&fields=items.point%2Citems.name%2Citems.address_name%2Citems.reviews HTTP/1.1" 200 133
2025-10-30 20:42:32,206 - DEBUG - [получить_детские_сады_в_районе] - Статус ответа: 200
2025-10-30 20:42:32,207 - WARNING - [получить_детские_сады_в_районе] - На странице 5 нет данных в ожидаемом формате
2025-10-30 20:42:32,207 - INFO - [получить_детские_сады_в_районе] - Завершение сбора для района Алексеевский. Найдено детских садов: 21
2025-10-30 20:42:32,208 - INFO - [<cell line: 0>] - Район 'Алексеевский' завершен. Детских садов: 21
2025-10-30 20:42:33,210 - INFO - [<cell line: 0>] - [3/132] Обработка района: Алтуфьевский
2025-10-30 20:42:33,211 - INFO - [получить_детские_сады_в_районе] - Начало сбора детских садов для района: Алтуфьевский (ID: 4504209512726557)
2025-10-30 20:42:33,212 - DEBUG - [получить_детские_сады_в_районе] - Запрос страницы 1 для района Алтуфьевский
2025-10-30 20:42:33,214 - DEBUG - [_new_conn] - Starting new HTTPS connection (1): catalog.api.2gis.com:443
2025-10-30 20:42:33,624 - DEBUG - [_make_request] - https://catalog.api.2gis.com:443 "GET /3.0/items?key=cdbda41e-e8e4-4e8d-9886-f12c075adc64&q=%D0%B4%D0%B5%D1%82%D1%81%D0%BA%D0%B8%D0%B9+%D1%81%D0%B0%D0%B4&district_id=4504209512726557&type=branch&page=1&page_size=10&fields=items.point%2Citems.name%2Citems.address_name%2Citems.reviews HTTP/1.1" 200 None
2025-10-30 20:42:33,625 - DEBUG - [получить_детские_сады_в_районе] - Статус ответа: 200
2025-10-30 20:42:33,625 - INFO - [получить_детские_сады_в_районе] - Загружено 10 детских садов со страницы 1
2025-10-30 20:42:34,126 - DEBUG - [получить_детские_сады_в_районе] - Запрос страницы 2 для района Алтуфьевский
2025-10-30 20:42:34,128 - DEBUG - [_new_conn] - Starting new HTTPS connection (1): catalog.api.2gis.com:443
2025-10-30 20:42:34,515 - DEBUG - [_make_request] - https://catalog.api.2gis.com:443 "GET /3.0/items?key=cdbda41e-e8e4-4e8d-9886-f12c075adc64&q=%D0%B4%D0%B5%D1%82%D1%81%D0%BA%D0%B8%D0%B9+%D1%81%D0%B0%D0%B4&district_id=4504209512726557&type=branch&page=2&page_size=10&fields=items.point%2Citems.name%2Citems.address_name%2Citems.reviews HTTP/1.1" 200 133
2025-10-30 20:42:34,516 - DEBUG - [получить_детские_сады_в_районе] - Статус ответа: 200
2025-10-30 20:42:34,516 - WARNING - [получить_детские_сады_в_районе] - На странице 2 нет данных в ожидаемом формате
2025-10-30 20:42:35,017 - DEBUG - [получить_детские_сады_в_районе] - Запрос страницы 3 для района Алтуфьевский
2025-10-30 20:42:35,019 - DEBUG - [_new_conn] - Starting new HTTPS connection (1): catalog.api.2gis.com:443
2025-10-30 20:42:35,414 - DEBUG - [_make_request] - https://catalog.api.2gis.com:443 "GET /3.0/items?key=cdbda41e-e8e4-4e8d-9886-f12c075adc64&q=%D0%B4%D0%B5%D1%82%D1%81%D0%BA%D0%B8%D0%B9+%D1%81%D0%B0%D0%B4&district_id=4504209512726557&type=branch&page=3&page_size=10&fields=items.point%2Citems.name%2Citems.address_name%2Citems.reviews HTTP/1.1" 200 133
2025-10-30 20:42:35,416 - DEBUG - [получить_детские_сады_в_районе] - Статус ответа: 200
2025-10-30 20:42:35,416 - WARNING - [получить_детские_сады_в_районе] - На странице 3 нет данных в ожидаемом формате
2025-10-30 20:42:35,917 - DEBUG - [получить_детские_сады_в_районе] - Запрос страницы 4 для района Алтуфьевский
2025-10-30 20:42:35,919 - DEBUG - [_new_conn] - Starting new HTTPS connection (1): catalog.api.2gis.com:443
2025-10-30 20:42:36,304 - DEBUG - [_make_request] - https://catalog.api.2gis.com:443 "GET /3.0/items?key=cdbda41e-e8e4-4e8d-9886-f12c075adc64&q=%D0%B4%D0%B5%D1%82%D1%81%D0%BA%D0%B8%D0%B9+%D1%81%D0%B0%D0%B4&district_id=4504209512726557&type=branch&page=4&page_size=10&fields=items.point%2Citems.name%2Citems.address_name%2Citems.reviews HTTP/1.1" 200 133
2025-10-30 20:42:36,306 - DEBUG - [получить_детские_сады_в_районе] - Статус ответа: 200
2025-10-30 20:42:36,306 - WARNING - [получить_детские_сады_в_районе] - На странице 4 нет данных в ожидаемом формате
2025-10-30 20:42:36,807 - DEBUG - [получить_детские_сады_в_районе] - Запрос страницы 5 для района Алтуфьевский
2025-10-30 20:42:36,809 - DEBUG - [_new_conn] - Starting new HTTPS connection (1): catalog.api.2gis.com:443
2025-10-30 20:42:37,195 - DEBUG - [_make_request] - https://catalog.api.2gis.com:443 "GET /3.0/items?key=cdbda41e-e8e4-4e8d-9886-f12c075adc64&q=%D0%B4%D0%B5%D1%82%D1%81%D0%BA%D0%B8%D0%B9+%D1%81%D0%B0%D0%B4&district_id=4504209512726557&type=branch&page=5&page_size=10&fields=items.point%2Citems.name%2Citems.address_name%2Citems.reviews HTTP/1.1" 200 133
2025-10-30 20:42:37,197 - DEBUG - [получить_детские_сады_в_районе] - Статус ответа: 200
2025-10-30 20:42:37,197 - WARNING - [получить_детские_сады_в_районе] - На странице 5 нет данных в ожидаемом формате
2025-10-30 20:42:37,198 - INFO - [получить_детские_сады_в_районе] - Завершение сбора для района Алтуфьевский. Найдено детских садов: 10
2025-10-30 20:42:37,199 - INFO - [<cell line: 0>] - Район 'Алтуфьевский' завершен. Детских садов: 10
2025-10-30 20:42:38,202 - INFO - [<cell line: 0>] - [4/132] Обработка района: Арбат
2025-10-30 20:42:38,203 - INFO - [получить_детские_сады_в_районе] - Начало сбора детских садов для района: Арбат (ID: 4504209512726530)
2025-10-30 20:42:38,204 - DEBUG - [получить_детские_сады_в_районе] - Запрос страницы 1 для района Арбат
2025-10-30 20:42:38,206 - DEBUG - [_new_conn] - Starting new HTTPS connection (1): catalog.api.2gis.com:443
2025-10-30 20:42:38,595 - DEBUG - [_make_request] - https://catalog.api.2gis.com:443 "GET /3.0/items?key=cdbda41e-e8e4-4e8d-9886-f12c075adc64&q=%D0%B4%D0%B5%D1%82%D1%81%D0%BA%D0%B8%D0%B9+%D1%81%D0%B0%D0%B4&district_id=4504209512726530&type=branch&page=1&page_size=10&fields=items.point%2Citems.name%2Citems.address_name%2Citems.reviews HTTP/1.1" 200 None
2025-10-30 20:42:38,596 - DEBUG - [получить_детские_сады_в_районе] - Статус ответа: 200
2025-10-30 20:42:38,596 - INFO - [получить_детские_сады_в_районе] - Загружено 10 детских садов со страницы 1
2025-10-30 20:42:39,097 - DEBUG - [получить_детские_сады_в_районе] - Запрос страницы 2 для района Арбат
2025-10-30 20:42:39,099 - DEBUG - [_new_conn] - Starting new HTTPS connection (1): catalog.api.2gis.com:443
2025-10-30 20:42:39,479 - DEBUG - [_make_request] - https://catalog.api.2gis.com:443 "GET /3.0/items?key=cdbda41e-e8e4-4e8d-9886-f12c075adc64&q=%D0%B4%D0%B5%D1%82%D1%81%D0%BA%D0%B8%D0%B9+%D1%81%D0%B0%D0%B4&district_id=4504209512726530&type=branch&page=2&page_size=10&fields=items.point%2Citems.name%2Citems.address_name%2Citems.reviews HTTP/1.1" 200 None
2025-10-30 20:42:39,480 - DEBUG - [получить_детские_сады_в_районе] - Статус ответа: 200
2025-10-30 20:42:39,480 - INFO - [получить_детские_сады_в_районе] - Загружено 1 детских садов со страницы 2
2025-10-30 20:42:39,981 - DEBUG - [получить_детские_сады_в_районе] - Запрос страницы 3 для района Арбат
2025-10-30 20:42:39,982 - DEBUG - [_new_conn] - Starting new HTTPS connection (1): catalog.api.2gis.com:443
2025-10-30 20:42:40,399 - DEBUG - [_make_request] - https://catalog.api.2gis.com:443 "GET /3.0/items?key=cdbda41e-e8e4-4e8d-9886-f12c075adc64&q=%D0%B4%D0%B5%D1%82%D1%81%D0%BA%D0%B8%D0%B9+%D1%81%D0%B0%D0%B4&district_id=4504209512726530&type=branch&page=3&page_size=10&fields=items.point%2Citems.name%2Citems.address_name%2Citems.reviews HTTP/1.1" 200 133
2025-10-30 20:42:40,400 - DEBUG - [получить_детские_сады_в_районе] - Статус ответа: 200
2025-10-30 20:42:40,400 - WARNING - [получить_детские_сады_в_районе] - На странице 3 нет данных в ожидаемом формате
2025-10-30 20:42:40,901 - DEBUG - [получить_детские_сады_в_районе] - Запрос страницы 4 для района Арбат
2025-10-30 20:42:40,903 - DEBUG - [_new_conn] - Starting new HTTPS connection (1): catalog.api.2gis.com:443
2025-10-30 20:42:41,296 - DEBUG - [_make_request] - https://catalog.api.2gis.com:443 "GET /3.0/items?key=cdbda41e-e8e4-4e8d-9886-f12c075adc64&q=%D0%B4%D0%B5%D1%82%D1%81%D0%BA%D0%B8%D0%B9+%D1%81%D0%B0%D0%B4&district_id=4504209512726530&type=branch&page=4&page_size=10&fields=items.point%2Citems.name%2Citems.address_name%2Citems.reviews HTTP/1.1" 200 133
2025-10-30 20:42:41,297 - DEBUG - [получить_детские_сады_в_районе] - Статус ответа: 200
2025-10-30 20:42:41,297 - WARNING - [получить_детские_сады_в_районе] - На странице 4 нет данных в ожидаемом формате
2025-10-30 20:42:41,798 - DEBUG - [получить_детские_сады_в_районе] - Запрос страницы 5 для района Арбат
2025-10-30 20:42:41,800 - DEBUG - [_new_conn] - Starting new HTTPS connection (1): catalog.api.2gis.com:443
2025-10-30 20:42:42,192 - DEBUG - [_make_request] - https://catalog.api.2gis.com:443 "GET /3.0/items?key=cdbda41e-e8e4-4e8d-9886-f12c075adc64&q=%D0%B4%D0%B5%D1%82%D1%81%D0%BA%D0%B8%D0%B9+%D1%81%D0%B0%D0%B4&district_id=4504209512726530&type=branch&page=5&page_size=10&fields=items.point%2Citems.name%2Citems.address_name%2Citems.reviews HTTP/1.1" 200 133
2025-10-30 20:42:42,193 - DEBUG - [получить_детские_сады_в_районе] - Статус ответа: 200
2025-10-30 20:42:42,193 - WARNING - [получить_детские_сады_в_районе] - На странице 5 нет данных в ожидаемом формате
2025-10-30 20:42:42,194 - INFO - [получить_детские_сады_в_районе] - Завершение сбора для района Арбат. Найдено детских садов: 11
2025-10-30 20:42:42,196 - INFO - [<cell line: 0>] - Район 'Арбат' завершен. Детских садов: 11
2025-10-30 20:42:43,198 - INFO - [<cell line: 0>] - [5/132] Обработка района: Аэропорт
2025-10-30 20:42:43,199 - INFO - [получить_детские_сады_в_районе] - Начало сбора детских садов для района: Аэропорт (ID: 4504209512726541)
2025-10-30 20:42:43,200 - DEBUG - [получить_детские_сады_в_районе] - Запрос страницы 1 для района Аэропорт
2025-10-30 20:42:43,203 - DEBUG - [_new_conn] - Starting new HTTPS connection (1): catalog.api.2gis.com:443
2025-10-30 20:42:43,608 - DEBUG - [_make_request] - https://catalog.api.2gis.com:443 "GET /3.0/items?key=cdbda41e-e8e4-4e8d-9886-f12c075adc64&q=%D0%B4%D0%B5%D1%82%D1%81%D0%BA%D0%B8%D0%B9+%D1%81%D0%B0%D0%B4&district_id=4504209512726541&type=branch&page=1&page_size=10&fields=items.point%2Citems.name%2Citems.address_name%2Citems.reviews HTTP/1.1" 200 None
2025-10-30 20:42:43,609 - DEBUG - [получить_детские_сады_в_районе] - Статус ответа: 200
2025-10-30 20:42:43,609 - INFO - [получить_детские_сады_в_районе] - Загружено 10 детских садов со страницы 1
2025-10-30 20:42:44,110 - DEBUG - [получить_детские_сады_в_районе] - Запрос страницы 2 для района Аэропорт
2025-10-30 20:42:44,111 - DEBUG - [_new_conn] - Starting new HTTPS connection (1): catalog.api.2gis.com:443
2025-10-30 20:42:44,527 - DEBUG - [_make_request] - https://catalog.api.2gis.com:443 "GET /3.0/items?key=cdbda41e-e8e4-4e8d-9886-f12c075adc64&q=%D0%B4%D0%B5%D1%82%D1%81%D0%BA%D0%B8%D0%B9+%D1%81%D0%B0%D0%B4&district_id=4504209512726541&type=branch&page=2&page_size=10&fields=items.point%2Citems.name%2Citems.address_name%2Citems.reviews HTTP/1.1" 200 None
2025-10-30 20:42:44,528 - DEBUG - [получить_детские_сады_в_районе] - Статус ответа: 200
2025-10-30 20:42:44,528 - INFO - [получить_детские_сады_в_районе] - Загружено 10 детских садов со страницы 2
2025-10-30 20:42:45,029 - DEBUG - [получить_детские_сады_в_районе] - Запрос страницы 3 для района Аэропорт
2025-10-30 20:42:45,031 - DEBUG - [_new_conn] - Starting new HTTPS connection (1): catalog.api.2gis.com:443
2025-10-30 20:42:45,464 - DEBUG - [_make_request] - https://catalog.api.2gis.com:443 "GET /3.0/items?key=cdbda41e-e8e4-4e8d-9886-f12c075adc64&q=%D0%B4%D0%B5%D1%82%D1%81%D0%BA%D0%B8%D0%B9+%D1%81%D0%B0%D0%B4&district_id=4504209512726541&type=branch&page=3&page_size=10&fields=items.point%2Citems.name%2Citems.address_name%2Citems.reviews HTTP/1.1" 200 None
2025-10-30 20:42:45,465 - DEBUG - [получить_детские_сады_в_районе] - Статус ответа: 200
2025-10-30 20:42:45,465 - INFO - [получить_детские_сады_в_районе] - Загружено 10 детских садов со страницы 3
2025-10-30 20:42:45,966 - DEBUG - [получить_детские_сады_в_районе] - Запрос страницы 4 для района Аэропорт
2025-10-30 20:42:45,967 - DEBUG - [_new_conn] - Starting new HTTPS connection (1): catalog.api.2gis.com:443
2025-10-30 20:42:46,365 - DEBUG - [_make_request] - https://catalog.api.2gis.com:443 "GET /3.0/items?key=cdbda41e-e8e4-4e8d-9886-f12c075adc64&q=%D0%B4%D0%B5%D1%82%D1%81%D0%BA%D0%B8%D0%B9+%D1%81%D0%B0%D0%B4&district_id=4504209512726541&type=branch&page=4&page_size=10&fields=items.point%2Citems.name%2Citems.address_name%2Citems.reviews HTTP/1.1" 200 None
2025-10-30 20:42:46,366 - DEBUG - [получить_детские_сады_в_районе] - Статус ответа: 200
2025-10-30 20:42:46,366 - INFO - [получить_детские_сады_в_районе] - Загружено 2 детских садов со страницы 4
2025-10-30 20:42:46,867 - DEBUG - [получить_детские_сады_в_районе] - Запрос страницы 5 для района Аэропорт
2025-10-30 20:42:46,868 - DEBUG - [_new_conn] - Starting new HTTPS connection (1): catalog.api.2gis.com:443
2025-10-30 20:42:47,265 - DEBUG - [_make_request] - https://catalog.api.2gis.com:443 "GET /3.0/items?key=cdbda41e-e8e4-4e8d-9886-f12c075adc64&q=%D0%B4%D0%B5%D1%82%D1%81%D0%BA%D0%B8%D0%B9+%D1%81%D0%B0%D0%B4&district_id=4504209512726541&type=branch&page=5&page_size=10&fields=items.point%2Citems.name%2Citems.address_name%2Citems.reviews HTTP/1.1" 200 133
2025-10-30 20:42:47,266 - DEBUG - [получить_детские_сады_в_районе] - Статус ответа: 200
2025-10-30 20:42:47,266 - WARNING - [получить_детские_сады_в_районе] - На странице 5 нет данных в ожидаемом формате
2025-10-30 20:42:47,267 - INFO - [получить_детские_сады_в_районе] - Завершение сбора для района Аэропорт. Найдено детских садов: 32
2025-10-30 20:42:47,268 - INFO - [<cell line: 0>] - Район 'Аэропорт' завершен. Детских садов: 32
2025-10-30 20:42:48,270 - INFO - [<cell line: 0>] - [6/132] Обработка района: Бабушкинский
2025-10-30 20:42:48,271 - INFO - [получить_детские_сады_в_районе] - Начало сбора детских садов для района: Бабушкинский (ID: 4504209512726564)
2025-10-30 20:42:48,273 - DEBUG - [получить_детские_сады_в_районе] - Запрос страницы 1 для района Бабушкинский
2025-10-30 20:42:48,275 - DEBUG - [_new_conn] - Starting new HTTPS connection (1): catalog.api.2gis.com:443
2025-10-30 20:42:48,674 - DEBUG - [_make_request] - https://catalog.api.2gis.com:443 "GET /3.0/items?key=cdbda41e-e8e4-4e8d-9886-f12c075adc64&q=%D0%B4%D0%B5%D1%82%D1%81%D0%BA%D0%B8%D0%B9+%D1%81%D0%B0%D0%B4&district_id=4504209512726564&type=branch&page=1&page_size=10&fields=items.point%2Citems.name%2Citems.address_name%2Citems.reviews HTTP/1.1" 200 None
2025-10-30 20:42:48,674 - DEBUG - [получить_детские_сады_в_районе] - Статус ответа: 200
2025-10-30 20:42:48,675 - INFO - [получить_детские_сады_в_районе] - Загружено 10 детских садов со страницы 1
2025-10-30 20:42:49,176 - DEBUG - [получить_детские_сады_в_районе] - Запрос страницы 2 для района Бабушкинский
2025-10-30 20:42:49,177 - DEBUG - [_new_conn] - Starting new HTTPS connection (1): catalog.api.2gis.com:443
2025-10-30 20:42:49,572 - DEBUG - [_make_request] - https://catalog.api.2gis.com:443 "GET /3.0/items?key=cdbda41e-e8e4-4e8d-9886-f12c075adc64&q=%D0%B4%D0%B5%D1%82%D1%81%D0%BA%D0%B8%D0%B9+%D1%81%D0%B0%D0%B4&district_id=4504209512726564&type=branch&page=2&page_size=10&fields=items.point%2Citems.name%2Citems.address_name%2Citems.reviews HTTP/1.1" 200 None
2025-10-30 20:42:49,573 - DEBUG - [получить_детские_сады_в_районе] - Статус ответа: 200
2025-10-30 20:42:49,573 - INFO - [получить_детские_сады_в_районе] - Загружено 10 детских садов со страницы 2
2025-10-30 20:42:50,074 - DEBUG - [получить_детские_сады_в_районе] - Запрос страницы 3 для района Бабушкинский
2025-10-30 20:42:50,076 - DEBUG - [_new_conn] - Starting new HTTPS connection (1): catalog.api.2gis.com:443
2025-10-30 20:42:50,478 - DEBUG - [_make_request] - https://catalog.api.2gis.com:443 "GET /3.0/items?key=cdbda41e-e8e4-4e8d-9886-f12c075adc64&q=%D0%B4%D0%B5%D1%82%D1%81%D0%BA%D0%B8%D0%B9+%D1%81%D0%B0%D0%B4&district_id=4504209512726564&type=branch&page=3&page_size=10&fields=items.point%2Citems.name%2Citems.address_name%2Citems.reviews HTTP/1.1" 200 None
2025-10-30 20:42:50,479 - DEBUG - [получить_детские_сады_в_районе] - Статус ответа: 200
2025-10-30 20:42:50,479 - INFO - [получить_детские_сады_в_районе] - Загружено 2 детских садов со страницы 3
2025-10-30 20:42:50,980 - DEBUG - [получить_детские_сады_в_районе] - Запрос страницы 4 для района Бабушкинский
2025-10-30 20:42:50,981 - DEBUG - [_new_conn] - Starting new HTTPS connection (1): catalog.api.2gis.com:443
2025-10-30 20:42:51,373 - DEBUG - [_make_request] - https://catalog.api.2gis.com:443 "GET /3.0/items?key=cdbda41e-e8e4-4e8d-9886-f12c075adc64&q=%D0%B4%D0%B5%D1%82%D1%81%D0%BA%D0%B8%D0%B9+%D1%81%D0%B0%D0%B4&district_id=4504209512726564&type=branch&page=4&page_size=10&fields=items.point%2Citems.name%2Citems.address_name%2Citems.reviews HTTP/1.1" 200 133
2025-10-30 20:42:51,374 - DEBUG - [получить_детские_сады_в_районе] - Статус ответа: 200
2025-10-30 20:42:51,374 - WARNING - [получить_детские_сады_в_районе] - На странице 4 нет данных в ожидаемом формате
2025-10-30 20:42:51,875 - DEBUG - [получить_детские_сады_в_районе] - Запрос страницы 5 для района Бабушкинский
2025-10-30 20:42:51,877 - DEBUG - [_new_conn] - Starting new HTTPS connection (1): catalog.api.2gis.com:443
2025-10-30 20:42:52,250 - DEBUG - [_make_request] - https://catalog.api.2gis.com:443 "GET /3.0/items?key=cdbda41e-e8e4-4e8d-9886-f12c075adc64&q=%D0%B4%D0%B5%D1%82%D1%81%D0%BA%D0%B8%D0%B9+%D1%81%D0%B0%D0%B4&district_id=4504209512726564&type=branch&page=5&page_size=10&fields=items.point%2Citems.name%2Citems.address_name%2Citems.reviews HTTP/1.1" 200 133
2025-10-30 20:42:52,251 - DEBUG - [получить_детские_сады_в_районе] - Статус ответа: 200
2025-10-30 20:42:52,251 - WARNING - [получить_детские_сады_в_районе] - На странице 5 нет данных в ожидаемом формате
2025-10-30 20:42:52,252 - INFO - [получить_детские_сады_в_районе] - Завершение сбора для района Бабушкинский. Найдено детских садов: 22
2025-10-30 20:42:52,254 - INFO - [<cell line: 0>] - Район 'Бабушкинский' завершен. Детских садов: 22
2025-10-30 20:42:53,255 - INFO - [<cell line: 0>] - [7/132] Обработка района: Басманный
2025-10-30 20:42:53,256 - INFO - [получить_детские_сады_в_районе] - Начало сбора детских садов для района: Басманный (ID: 4504209512726531)
2025-10-30 20:42:53,257 - DEBUG - [получить_детские_сады_в_районе] - Запрос страницы 1 для района Басманный
2025-10-30 20:42:53,259 - DEBUG - [_new_conn] - Starting new HTTPS connection (1): catalog.api.2gis.com:443
2025-10-30 20:42:53,785 - DEBUG - [_make_request] - https://catalog.api.2gis.com:443 "GET /3.0/items?key=cdbda41e-e8e4-4e8d-9886-f12c075adc64&q=%D0%B4%D0%B5%D1%82%D1%81%D0%BA%D0%B8%D0%B9+%D1%81%D0%B0%D0%B4&district_id=4504209512726531&type=branch&page=1&page_size=10&fields=items.point%2Citems.name%2Citems.address_name%2Citems.reviews HTTP/1.1" 200 None
2025-10-30 20:42:53,786 - DEBUG - [получить_детские_сады_в_районе] - Статус ответа: 200
2025-10-30 20:42:53,786 - INFO - [получить_детские_сады_в_районе] - Загружено 10 детских садов со страницы 1
2025-10-30 20:42:54,287 - DEBUG - [получить_детские_сады_в_районе] - Запрос страницы 2 для района Басманный
2025-10-30 20:42:54,289 - DEBUG - [_new_conn] - Starting new HTTPS connection (1): catalog.api.2gis.com:443
2025-10-30 20:42:54,689 - DEBUG - [_make_request] - https://catalog.api.2gis.com:443 "GET /3.0/items?key=cdbda41e-e8e4-4e8d-9886-f12c075adc64&q=%D0%B4%D0%B5%D1%82%D1%81%D0%BA%D0%B8%D0%B9+%D1%81%D0%B0%D0%B4&district_id=4504209512726531&type=branch&page=2&page_size=10&fields=items.point%2Citems.name%2Citems.address_name%2Citems.reviews HTTP/1.1" 200 None
2025-10-30 20:42:54,690 - DEBUG - [получить_детские_сады_в_районе] - Статус ответа: 200
2025-10-30 20:42:54,691 - INFO - [получить_детские_сады_в_районе] - Загружено 10 детских садов со страницы 2
2025-10-30 20:42:55,192 - DEBUG - [получить_детские_сады_в_районе] - Запрос страницы 3 для района Басманный
2025-10-30 20:42:55,193 - DEBUG - [_new_conn] - Starting new HTTPS connection (1): catalog.api.2gis.com:443
2025-10-30 20:42:55,602 - DEBUG - [_make_request] - https://catalog.api.2gis.com:443 "GET /3.0/items?key=cdbda41e-e8e4-4e8d-9886-f12c075adc64&q=%D0%B4%D0%B5%D1%82%D1%81%D0%BA%D0%B8%D0%B9+%D1%81%D0%B0%D0%B4&district_id=4504209512726531&type=branch&page=3&page_size=10&fields=items.point%2Citems.name%2Citems.address_name%2Citems.reviews HTTP/1.1" 200 None
2025-10-30 20:42:55,603 - DEBUG - [получить_детские_сады_в_районе] - Статус ответа: 200
2025-10-30 20:42:55,604 - INFO - [получить_детские_сады_в_районе] - Загружено 10 детских садов со страницы 3
2025-10-30 20:42:56,105 - DEBUG - [получить_детские_сады_в_районе] - Запрос страницы 4 для района Басманный
2025-10-30 20:42:56,107 - DEBUG - [_new_conn] - Starting new HTTPS connection (1): catalog.api.2gis.com:443
2025-10-30 20:42:56,543 - DEBUG - [_make_request] - https://catalog.api.2gis.com:443 "GET /3.0/items?key=cdbda41e-e8e4-4e8d-9886-f12c075adc64&q=%D0%B4%D0%B5%D1%82%D1%81%D0%BA%D0%B8%D0%B9+%D1%81%D0%B0%D0%B4&district_id=4504209512726531&type=branch&page=4&page_size=10&fields=items.point%2Citems.name%2Citems.address_name%2Citems.reviews HTTP/1.1" 200 None
2025-10-30 20:42:56,544 - DEBUG - [получить_детские_сады_в_районе] - Статус ответа: 200
2025-10-30 20:42:56,544 - INFO - [получить_детские_сады_в_районе] - Загружено 10 детских садов со страницы 4
2025-10-30 20:42:57,045 - DEBUG - [получить_детские_сады_в_районе] - Запрос страницы 5 для района Басманный
2025-10-30 20:42:57,047 - DEBUG - [_new_conn] - Starting new HTTPS connection (1): catalog.api.2gis.com:443
2025-10-30 20:42:57,441 - DEBUG - [_make_request] - https://catalog.api.2gis.com:443 "GET /3.0/items?key=cdbda41e-e8e4-4e8d-9886-f12c075adc64&q=%D0%B4%D0%B5%D1%82%D1%81%D0%BA%D0%B8%D0%B9+%D1%81%D0%B0%D0%B4&district_id=4504209512726531&type=branch&page=5&page_size=10&fields=items.point%2Citems.name%2Citems.address_name%2Citems.reviews HTTP/1.1" 200 None
2025-10-30 20:42:57,442 - DEBUG - [получить_детские_сады_в_районе] - Статус ответа: 200
2025-10-30 20:42:57,442 - INFO - [получить_детские_сады_в_районе] - Загружено 6 детских садов со страницы 5
2025-10-30 20:42:57,443 - INFO - [получить_детские_сады_в_районе] - Завершение сбора для района Басманный. Найдено детских садов: 46
2025-10-30 20:42:57,445 - INFO - [<cell line: 0>] - Район 'Басманный' завершен. Детских садов: 46
2025-10-30 20:42:58,447 - INFO - [<cell line: 0>] - [8/132] Обработка района: Беговой
2025-10-30 20:42:58,448 - INFO - [получить_детские_сады_в_районе] - Начало сбора детских садов для района: Беговой (ID: 4504209512726542)
2025-10-30 20:42:58,449 - DEBUG - [получить_детские_сады_в_районе] - Запрос страницы 1 для района Беговой
2025-10-30 20:42:58,451 - DEBUG - [_new_conn] - Starting new HTTPS connection (1): catalog.api.2gis.com:443
2025-10-30 20:42:58,842 - DEBUG - [_make_request] - https://catalog.api.2gis.com:443 "GET /3.0/items?key=cdbda41e-e8e4-4e8d-9886-f12c075adc64&q=%D0%B4%D0%B5%D1%82%D1%81%D0%BA%D0%B8%D0%B9+%D1%81%D0%B0%D0%B4&district_id=4504209512726542&type=branch&page=1&page_size=10&fields=items.point%2Citems.name%2Citems.address_name%2Citems.reviews HTTP/1.1" 200 None
2025-10-30 20:42:58,843 - DEBUG - [получить_детские_сады_в_районе] - Статус ответа: 200
2025-10-30 20:42:58,843 - INFO - [получить_детские_сады_в_районе] - Загружено 10 детских садов со страницы 1
2025-10-30 20:42:59,344 - DEBUG - [получить_детские_сады_в_районе] - Запрос страницы 2 для района Беговой
2025-10-30 20:42:59,346 - DEBUG - [_new_conn] - Starting new HTTPS connection (1): catalog.api.2gis.com:443
2025-10-30 20:42:59,752 - DEBUG - [_make_request] - https://catalog.api.2gis.com:443 "GET /3.0/items?key=cdbda41e-e8e4-4e8d-9886-f12c075adc64&q=%D0%B4%D0%B5%D1%82%D1%81%D0%BA%D0%B8%D0%B9+%D1%81%D0%B0%D0%B4&district_id=4504209512726542&type=branch&page=2&page_size=10&fields=items.point%2Citems.name%2Citems.address_name%2Citems.reviews HTTP/1.1" 200 None
2025-10-30 20:42:59,753 - DEBUG - [получить_детские_сады_в_районе] - Статус ответа: 200
2025-10-30 20:42:59,755 - INFO - [получить_детские_сады_в_районе] - Загружено 3 детских садов со страницы 2
2025-10-30 20:43:00,258 - DEBUG - [получить_детские_сады_в_районе] - Запрос страницы 3 для района Беговой
2025-10-30 20:43:00,260 - DEBUG - [_new_conn] - Starting new HTTPS connection (1): catalog.api.2gis.com:443
2025-10-30 20:43:00,658 - DEBUG - [_make_request] - https://catalog.api.2gis.com:443 "GET /3.0/items?key=cdbda41e-e8e4-4e8d-9886-f12c075adc64&q=%D0%B4%D0%B5%D1%82%D1%81%D0%BA%D0%B8%D0%B9+%D1%81%D0%B0%D0%B4&district_id=4504209512726542&type=branch&page=3&page_size=10&fields=items.point%2Citems.name%2Citems.address_name%2Citems.reviews HTTP/1.1" 200 133
2025-10-30 20:43:00,659 - DEBUG - [получить_детские_сады_в_районе] - Статус ответа: 200
2025-10-30 20:43:00,659 - WARNING - [получить_детские_сады_в_районе] - На странице 3 нет данных в ожидаемом формате
2025-10-30 20:43:01,160 - DEBUG - [получить_детские_сады_в_районе] - Запрос страницы 4 для района Беговой
2025-10-30 20:43:01,161 - DEBUG - [_new_conn] - Starting new HTTPS connection (1): catalog.api.2gis.com:443
2025-10-30 20:43:01,548 - DEBUG - [_make_request] - https://catalog.api.2gis.com:443 "GET /3.0/items?key=cdbda41e-e8e4-4e8d-9886-f12c075adc64&q=%D0%B4%D0%B5%D1%82%D1%81%D0%BA%D0%B8%D0%B9+%D1%81%D0%B0%D0%B4&district_id=4504209512726542&type=branch&page=4&page_size=10&fields=items.point%2Citems.name%2Citems.address_name%2Citems.reviews HTTP/1.1" 200 133
2025-10-30 20:43:01,549 - DEBUG - [получить_детские_сады_в_районе] - Статус ответа: 200
2025-10-30 20:43:01,549 - WARNING - [получить_детские_сады_в_районе] - На странице 4 нет данных в ожидаемом формате
2025-10-30 20:43:02,050 - DEBUG - [получить_детские_сады_в_районе] - Запрос страницы 5 для района Беговой
2025-10-30 20:43:02,051 - DEBUG - [_new_conn] - Starting new HTTPS connection (1): catalog.api.2gis.com:443
2025-10-30 20:43:02,437 - DEBUG - [_make_request] - https://catalog.api.2gis.com:443 "GET /3.0/items?key=cdbda41e-e8e4-4e8d-9886-f12c075adc64&q=%D0%B4%D0%B5%D1%82%D1%81%D0%BA%D0%B8%D0%B9+%D1%81%D0%B0%D0%B4&district_id=4504209512726542&type=branch&page=5&page_size=10&fields=items.point%2Citems.name%2Citems.address_name%2Citems.reviews HTTP/1.1" 200 133
2025-10-30 20:43:02,438 - DEBUG - [получить_детские_сады_в_районе] - Статус ответа: 200
2025-10-30 20:43:02,438 - WARNING - [получить_детские_сады_в_районе] - На странице 5 нет данных в ожидаемом формате
2025-10-30 20:43:02,439 - INFO - [получить_детские_сады_в_районе] - Завершение сбора для района Беговой. Найдено детских садов: 13
2025-10-30 20:43:02,440 - INFO - [<cell line: 0>] - Район 'Беговой' завершен. Детских садов: 13
2025-10-30 20:43:03,442 - INFO - [<cell line: 0>] - [9/132] Обработка района: Бекасово
2025-10-30 20:43:03,443 - INFO - [получить_детские_сады_в_районе] - Начало сбора детских садов для района: Бекасово (ID: 4504209520932718)
2025-10-30 20:43:03,444 - DEBUG - [получить_детские_сады_в_районе] - Запрос страницы 1 для района Бекасово
2025-10-30 20:43:03,446 - DEBUG - [_new_conn] - Starting new HTTPS connection (1): catalog.api.2gis.com:443
2025-10-30 20:43:03,826 - DEBUG - [_make_request] - https://catalog.api.2gis.com:443 "GET /3.0/items?key=cdbda41e-e8e4-4e8d-9886-f12c075adc64&q=%D0%B4%D0%B5%D1%82%D1%81%D0%BA%D0%B8%D0%B9+%D1%81%D0%B0%D0%B4&district_id=4504209520932718&type=branch&page=1&page_size=10&fields=items.point%2Citems.name%2Citems.address_name%2Citems.reviews HTTP/1.1" 200 None
2025-10-30 20:43:03,827 - DEBUG - [получить_детские_сады_в_районе] - Статус ответа: 200
2025-10-30 20:43:03,827 - INFO - [получить_детские_сады_в_районе] - Загружено 5 детских садов со страницы 1
2025-10-30 20:43:04,328 - DEBUG - [получить_детские_сады_в_районе] - Запрос страницы 2 для района Бекасово
2025-10-30 20:43:04,330 - DEBUG - [_new_conn] - Starting new HTTPS connection (1): catalog.api.2gis.com:443
2025-10-30 20:43:04,720 - DEBUG - [_make_request] - https://catalog.api.2gis.com:443 "GET /3.0/items?key=cdbda41e-e8e4-4e8d-9886-f12c075adc64&q=%D0%B4%D0%B5%D1%82%D1%81%D0%BA%D0%B8%D0%B9+%D1%81%D0%B0%D0%B4&district_id=4504209520932718&type=branch&page=2&page_size=10&fields=items.point%2Citems.name%2Citems.address_name%2Citems.reviews HTTP/1.1" 200 133
2025-10-30 20:43:04,721 - DEBUG - [получить_детские_сады_в_районе] - Статус ответа: 200
2025-10-30 20:43:04,721 - WARNING - [получить_детские_сады_в_районе] - На странице 2 нет данных в ожидаемом формате
2025-10-30 20:43:05,222 - DEBUG - [получить_детские_сады_в_районе] - Запрос страницы 3 для района Бекасово
2025-10-30 20:43:05,223 - DEBUG - [_new_conn] - Starting new HTTPS connection (1): catalog.api.2gis.com:443
2025-10-30 20:43:05,602 - DEBUG - [_make_request] - https://catalog.api.2gis.com:443 "GET /3.0/items?key=cdbda41e-e8e4-4e8d-9886-f12c075adc64&q=%D0%B4%D0%B5%D1%82%D1%81%D0%BA%D0%B8%D0%B9+%D1%81%D0%B0%D0%B4&district_id=4504209520932718&type=branch&page=3&page_size=10&fields=items.point%2Citems.name%2Citems.address_name%2Citems.reviews HTTP/1.1" 200 133
2025-10-30 20:43:05,603 - DEBUG - [получить_детские_сады_в_районе] - Статус ответа: 200
2025-10-30 20:43:05,603 - WARNING - [получить_детские_сады_в_районе] - На странице 3 нет данных в ожидаемом формате
2025-10-30 20:43:06,104 - DEBUG - [получить_детские_сады_в_районе] - Запрос страницы 4 для района Бекасово
2025-10-30 20:43:06,106 - DEBUG - [_new_conn] - Starting new HTTPS connection (1): catalog.api.2gis.com:443
2025-10-30 20:43:06,487 - DEBUG - [_make_request] - https://catalog.api.2gis.com:443 "GET /3.0/items?key=cdbda41e-e8e4-4e8d-9886-f12c075adc64&q=%D0%B4%D0%B5%D1%82%D1%81%D0%BA%D0%B8%D0%B9+%D1%81%D0%B0%D0%B4&district_id=4504209520932718&type=branch&page=4&page_size=10&fields=items.point%2Citems.name%2Citems.address_name%2Citems.reviews HTTP/1.1" 200 133
2025-10-30 20:43:06,488 - DEBUG - [получить_детские_сады_в_районе] - Статус ответа: 200
2025-10-30 20:43:06,488 - WARNING - [получить_детские_сады_в_районе] - На странице 4 нет данных в ожидаемом формате
2025-10-30 20:43:06,989 - DEBUG - [получить_детские_сады_в_районе] - Запрос страницы 5 для района Бекасово
2025-10-30 20:43:06,990 - DEBUG - [_new_conn] - Starting new HTTPS connection (1): catalog.api.2gis.com:443
2025-10-30 20:43:07,383 - DEBUG - [_make_request] - https://catalog.api.2gis.com:443 "GET /3.0/items?key=cdbda41e-e8e4-4e8d-9886-f12c075adc64&q=%D0%B4%D0%B5%D1%82%D1%81%D0%BA%D0%B8%D0%B9+%D1%81%D0%B0%D0%B4&district_id=4504209520932718&type=branch&page=5&page_size=10&fields=items.point%2Citems.name%2Citems.address_name%2Citems.reviews HTTP/1.1" 200 133
2025-10-30 20:43:07,384 - DEBUG - [получить_детские_сады_в_районе] - Статус ответа: 200
2025-10-30 20:43:07,384 - WARNING - [получить_детские_сады_в_районе] - На странице 5 нет данных в ожидаемом формате
2025-10-30 20:43:07,385 - INFO - [получить_детские_сады_в_районе] - Завершение сбора для района Бекасово. Найдено детских садов: 5
2025-10-30 20:43:07,386 - INFO - [<cell line: 0>] - Район 'Бекасово' завершен. Детских садов: 5
2025-10-30 20:43:08,387 - INFO - [<cell line: 0>] - [10/132] Обработка района: Бескудниковский
2025-10-30 20:43:08,388 - INFO - [получить_детские_сады_в_районе] - Начало сбора детских садов для района: Бескудниковский (ID: 4504209512726543)
2025-10-30 20:43:08,389 - DEBUG - [получить_детские_сады_в_районе] - Запрос страницы 1 для района Бескудниковский
2025-10-30 20:43:08,392 - DEBUG - [_new_conn] - Starting new HTTPS connection (1): catalog.api.2gis.com:443
2025-10-30 20:43:08,788 - DEBUG - [_make_request] - https://catalog.api.2gis.com:443 "GET /3.0/items?key=cdbda41e-e8e4-4e8d-9886-f12c075adc64&q=%D0%B4%D0%B5%D1%82%D1%81%D0%BA%D0%B8%D0%B9+%D1%81%D0%B0%D0%B4&district_id=4504209512726543&type=branch&page=1&page_size=10&fields=items.point%2Citems.name%2Citems.address_name%2Citems.reviews HTTP/1.1" 200 None
2025-10-30 20:43:08,789 - DEBUG - [получить_детские_сады_в_районе] - Статус ответа: 200
2025-10-30 20:43:08,789 - INFO - [получить_детские_сады_в_районе] - Загружено 10 детских садов со страницы 1
2025-10-30 20:43:09,290 - DEBUG - [получить_детские_сады_в_районе] - Запрос страницы 2 для района Бескудниковский
2025-10-30 20:43:09,291 - DEBUG - [_new_conn] - Starting new HTTPS connection (1): catalog.api.2gis.com:443
2025-10-30 20:43:09,704 - DEBUG - [_make_request] - https://catalog.api.2gis.com:443 "GET /3.0/items?key=cdbda41e-e8e4-4e8d-9886-f12c075adc64&q=%D0%B4%D0%B5%D1%82%D1%81%D0%BA%D0%B8%D0%B9+%D1%81%D0%B0%D0%B4&district_id=4504209512726543&type=branch&page=2&page_size=10&fields=items.point%2Citems.name%2Citems.address_name%2Citems.reviews HTTP/1.1" 200 None
2025-10-30 20:43:09,705 - DEBUG - [получить_детские_сады_в_районе] - Статус ответа: 200
2025-10-30 20:43:09,705 - INFO - [получить_детские_сады_в_районе] - Загружено 10 детских садов со страницы 2
2025-10-30 20:43:10,206 - DEBUG - [получить_детские_сады_в_районе] - Запрос страницы 3 для района Бескудниковский
2025-10-30 20:43:10,207 - DEBUG - [_new_conn] - Starting new HTTPS connection (1): catalog.api.2gis.com:443
2025-10-30 20:43:10,608 - DEBUG - [_make_request] - https://catalog.api.2gis.com:443 "GET /3.0/items?key=cdbda41e-e8e4-4e8d-9886-f12c075adc64&q=%D0%B4%D0%B5%D1%82%D1%81%D0%BA%D0%B8%D0%B9+%D1%81%D0%B0%D0%B4&district_id=4504209512726543&type=branch&page=3&page_size=10&fields=items.point%2Citems.name%2Citems.address_name%2Citems.reviews HTTP/1.1" 200 133
2025-10-30 20:43:10,609 - DEBUG - [получить_детские_сады_в_районе] - Статус ответа: 200
2025-10-30 20:43:10,609 - WARNING - [получить_детские_сады_в_районе] - На странице 3 нет данных в ожидаемом формате
2025-10-30 20:43:11,110 - DEBUG - [получить_детские_сады_в_районе] - Запрос страницы 4 для района Бескудниковский
2025-10-30 20:43:11,112 - DEBUG - [_new_conn] - Starting new HTTPS connection (1): catalog.api.2gis.com:443
2025-10-30 20:43:11,510 - DEBUG - [_make_request] - https://catalog.api.2gis.com:443 "GET /3.0/items?key=cdbda41e-e8e4-4e8d-9886-f12c075adc64&q=%D0%B4%D0%B5%D1%82%D1%81%D0%BA%D0%B8%D0%B9+%D1%81%D0%B0%D0%B4&district_id=4504209512726543&type=branch&page=4&page_size=10&fields=items.point%2Citems.name%2Citems.address_name%2Citems.reviews HTTP/1.1" 200 133
2025-10-30 20:43:11,512 - DEBUG - [получить_детские_сады_в_районе] - Статус ответа: 200
2025-10-30 20:43:11,512 - WARNING - [получить_детские_сады_в_районе] - На странице 4 нет данных в ожидаемом формате
2025-10-30 20:43:12,013 - DEBUG - [получить_детские_сады_в_районе] - Запрос страницы 5 для района Бескудниковский
2025-10-30 20:43:12,015 - DEBUG - [_new_conn] - Starting new HTTPS connection (1): catalog.api.2gis.com:443
2025-10-30 20:43:12,407 - DEBUG - [_make_request] - https://catalog.api.2gis.com:443 "GET /3.0/items?key=cdbda41e-e8e4-4e8d-9886-f12c075adc64&q=%D0%B4%D0%B5%D1%82%D1%81%D0%BA%D0%B8%D0%B9+%D1%81%D0%B0%D0%B4&district_id=4504209512726543&type=branch&page=5&page_size=10&fields=items.point%2Citems.name%2Citems.address_name%2Citems.reviews HTTP/1.1" 200 133
2025-10-30 20:43:12,408 - DEBUG - [получить_детские_сады_в_районе] - Статус ответа: 200
2025-10-30 20:43:12,408 - WARNING - [получить_детские_сады_в_районе] - На странице 5 нет данных в ожидаемом формате
2025-10-30 20:43:12,409 - INFO - [получить_детские_сады_в_районе] - Завершение сбора для района Бескудниковский. Найдено детских садов: 20
2025-10-30 20:43:12,410 - INFO - [<cell line: 0>] - Район 'Бескудниковский' завершен. Детских садов: 20
2025-10-30 20:43:13,411 - INFO - [<cell line: 0>] - [11/132] Обработка района: Бибирево
2025-10-30 20:43:13,412 - INFO - [получить_детские_сады_в_районе] - Начало сбора детских садов для района: Бибирево (ID: 4504209512726565)
2025-10-30 20:43:13,413 - DEBUG - [получить_детские_сады_в_районе] - Запрос страницы 1 для района Бибирево
2025-10-30 20:43:13,416 - DEBUG - [_new_conn] - Starting new HTTPS connection (1): catalog.api.2gis.com:443
2025-10-30 20:43:13,804 - DEBUG - [_make_request] - https://catalog.api.2gis.com:443 "GET /3.0/items?key=cdbda41e-e8e4-4e8d-9886-f12c075adc64&q=%D0%B4%D0%B5%D1%82%D1%81%D0%BA%D0%B8%D0%B9+%D1%81%D0%B0%D0%B4&district_id=4504209512726565&type=branch&page=1&page_size=10&fields=items.point%2Citems.name%2Citems.address_name%2Citems.reviews HTTP/1.1" 200 None
2025-10-30 20:43:13,805 - DEBUG - [получить_детские_сады_в_районе] - Статус ответа: 200
2025-10-30 20:43:13,805 - INFO - [получить_детские_сады_в_районе] - Загружено 10 детских садов со страницы 1
2025-10-30 20:43:14,306 - DEBUG - [получить_детские_сады_в_районе] - Запрос страницы 2 для района Бибирево
2025-10-30 20:43:14,308 - DEBUG - [_new_conn] - Starting new HTTPS connection (1): catalog.api.2gis.com:443
2025-10-30 20:43:14,727 - DEBUG - [_make_request] - https://catalog.api.2gis.com:443 "GET /3.0/items?key=cdbda41e-e8e4-4e8d-9886-f12c075adc64&q=%D0%B4%D0%B5%D1%82%D1%81%D0%BA%D0%B8%D0%B9+%D1%81%D0%B0%D0%B4&district_id=4504209512726565&type=branch&page=2&page_size=10&fields=items.point%2Citems.name%2Citems.address_name%2Citems.reviews HTTP/1.1" 200 None
2025-10-30 20:43:14,728 - DEBUG - [получить_детские_сады_в_районе] - Статус ответа: 200
2025-10-30 20:43:14,728 - INFO - [получить_детские_сады_в_районе] - Загружено 10 детских садов со страницы 2
2025-10-30 20:43:15,229 - DEBUG - [получить_детские_сады_в_районе] - Запрос страницы 3 для района Бибирево
2025-10-30 20:43:15,231 - DEBUG - [_new_conn] - Starting new HTTPS connection (1): catalog.api.2gis.com:443
2025-10-30 20:43:15,619 - DEBUG - [_make_request] - https://catalog.api.2gis.com:443 "GET /3.0/items?key=cdbda41e-e8e4-4e8d-9886-f12c075adc64&q=%D0%B4%D0%B5%D1%82%D1%81%D0%BA%D0%B8%D0%B9+%D1%81%D0%B0%D0%B4&district_id=4504209512726565&type=branch&page=3&page_size=10&fields=items.point%2Citems.name%2Citems.address_name%2Citems.reviews HTTP/1.1" 200 None
2025-10-30 20:43:15,620 - DEBUG - [получить_детские_сады_в_районе] - Статус ответа: 200
2025-10-30 20:43:15,620 - INFO - [получить_детские_сады_в_районе] - Загружено 10 детских садов со страницы 3
2025-10-30 20:43:16,121 - DEBUG - [получить_детские_сады_в_районе] - Запрос страницы 4 для района Бибирево
2025-10-30 20:43:16,122 - DEBUG - [_new_conn] - Starting new HTTPS connection (1): catalog.api.2gis.com:443
2025-10-30 20:43:16,534 - DEBUG - [_make_request] - https://catalog.api.2gis.com:443 "GET /3.0/items?key=cdbda41e-e8e4-4e8d-9886-f12c075adc64&q=%D0%B4%D0%B5%D1%82%D1%81%D0%BA%D0%B8%D0%B9+%D1%81%D0%B0%D0%B4&district_id=4504209512726565&type=branch&page=4&page_size=10&fields=items.point%2Citems.name%2Citems.address_name%2Citems.reviews HTTP/1.1" 200 None
2025-10-30 20:43:16,535 - DEBUG - [получить_детские_сады_в_районе] - Статус ответа: 200
2025-10-30 20:43:16,535 - INFO - [получить_детские_сады_в_районе] - Загружено 4 детских садов со страницы 4
2025-10-30 20:43:17,036 - DEBUG - [получить_детские_сады_в_районе] - Запрос страницы 5 для района Бибирево
2025-10-30 20:43:17,038 - DEBUG - [_new_conn] - Starting new HTTPS connection (1): catalog.api.2gis.com:443
2025-10-30 20:43:17,436 - DEBUG - [_make_request] - https://catalog.api.2gis.com:443 "GET /3.0/items?key=cdbda41e-e8e4-4e8d-9886-f12c075adc64&q=%D0%B4%D0%B5%D1%82%D1%81%D0%BA%D0%B8%D0%B9+%D1%81%D0%B0%D0%B4&district_id=4504209512726565&type=branch&page=5&page_size=10&fields=items.point%2Citems.name%2Citems.address_name%2Citems.reviews HTTP/1.1" 200 133
2025-10-30 20:43:17,437 - DEBUG - [получить_детские_сады_в_районе] - Статус ответа: 200
2025-10-30 20:43:17,438 - WARNING - [получить_детские_сады_в_районе] - На странице 5 нет данных в ожидаемом формате
2025-10-30 20:43:17,438 - INFO - [получить_детские_сады_в_районе] - Завершение сбора для района Бибирево. Найдено детских садов: 34
2025-10-30 20:43:17,440 - INFO - [<cell line: 0>] - Район 'Бибирево' завершен. Детских садов: 34
2025-10-30 20:43:18,442 - INFO - [<cell line: 0>] - [12/132] Обработка района: Бирюлёво Восточное
2025-10-30 20:43:18,443 - INFO - [получить_детские_сады_в_районе] - Начало сбора детских садов для района: Бирюлёво Восточное (ID: 4504209512726611)
2025-10-30 20:43:18,444 - DEBUG - [получить_детские_сады_в_районе] - Запрос страницы 1 для района Бирюлёво Восточное
2025-10-30 20:43:18,446 - DEBUG - [_new_conn] - Starting new HTTPS connection (1): catalog.api.2gis.com:443
2025-10-30 20:43:18,862 - DEBUG - [_make_request] - https://catalog.api.2gis.com:443 "GET /3.0/items?key=cdbda41e-e8e4-4e8d-9886-f12c075adc64&q=%D0%B4%D0%B5%D1%82%D1%81%D0%BA%D0%B8%D0%B9+%D1%81%D0%B0%D0%B4&district_id=4504209512726611&type=branch&page=1&page_size=10&fields=items.point%2Citems.name%2Citems.address_name%2Citems.reviews HTTP/1.1" 200 None
2025-10-30 20:43:18,863 - DEBUG - [получить_детские_сады_в_районе] - Статус ответа: 200
2025-10-30 20:43:18,863 - INFO - [получить_детские_сады_в_районе] - Загружено 10 детских садов со страницы 1
2025-10-30 20:43:19,365 - DEBUG - [получить_детские_сады_в_районе] - Запрос страницы 2 для района Бирюлёво Восточное
2025-10-30 20:43:19,366 - DEBUG - [_new_conn] - Starting new HTTPS connection (1): catalog.api.2gis.com:443
2025-10-30 20:43:19,758 - DEBUG - [_make_request] - https://catalog.api.2gis.com:443 "GET /3.0/items?key=cdbda41e-e8e4-4e8d-9886-f12c075adc64&q=%D0%B4%D0%B5%D1%82%D1%81%D0%BA%D0%B8%D0%B9+%D1%81%D0%B0%D0%B4&district_id=4504209512726611&type=branch&page=2&page_size=10&fields=items.point%2Citems.name%2Citems.address_name%2Citems.reviews HTTP/1.1" 200 None
2025-10-30 20:43:19,759 - DEBUG - [получить_детские_сады_в_районе] - Статус ответа: 200
2025-10-30 20:43:19,759 - INFO - [получить_детские_сады_в_районе] - Загружено 10 детских садов со страницы 2
2025-10-30 20:43:20,260 - DEBUG - [получить_детские_сады_в_районе] - Запрос страницы 3 для района Бирюлёво Восточное
2025-10-30 20:43:20,262 - DEBUG - [_new_conn] - Starting new HTTPS connection (1): catalog.api.2gis.com:443
2025-10-30 20:43:20,669 - DEBUG - [_make_request] - https://catalog.api.2gis.com:443 "GET /3.0/items?key=cdbda41e-e8e4-4e8d-9886-f12c075adc64&q=%D0%B4%D0%B5%D1%82%D1%81%D0%BA%D0%B8%D0%B9+%D1%81%D0%B0%D0%B4&district_id=4504209512726611&type=branch&page=3&page_size=10&fields=items.point%2Citems.name%2Citems.address_name%2Citems.reviews HTTP/1.1" 200 None
2025-10-30 20:43:20,670 - DEBUG - [получить_детские_сады_в_районе] - Статус ответа: 200
2025-10-30 20:43:20,670 - INFO - [получить_детские_сады_в_районе] - Загружено 10 детских садов со страницы 3
2025-10-30 20:43:21,171 - DEBUG - [получить_детские_сады_в_районе] - Запрос страницы 4 для района Бирюлёво Восточное
2025-10-30 20:43:21,172 - DEBUG - [_new_conn] - Starting new HTTPS connection (1): catalog.api.2gis.com:443
2025-10-30 20:43:21,559 - DEBUG - [_make_request] - https://catalog.api.2gis.com:443 "GET /3.0/items?key=cdbda41e-e8e4-4e8d-9886-f12c075adc64&q=%D0%B4%D0%B5%D1%82%D1%81%D0%BA%D0%B8%D0%B9+%D1%81%D0%B0%D0%B4&district_id=4504209512726611&type=branch&page=4&page_size=10&fields=items.point%2Citems.name%2Citems.address_name%2Citems.reviews HTTP/1.1" 200 None
2025-10-30 20:43:21,560 - DEBUG - [получить_детские_сады_в_районе] - Статус ответа: 200
2025-10-30 20:43:21,560 - INFO - [получить_детские_сады_в_районе] - Загружено 10 детских садов со страницы 4
2025-10-30 20:43:22,061 - DEBUG - [получить_детские_сады_в_районе] - Запрос страницы 5 для района Бирюлёво Восточное
2025-10-30 20:43:22,062 - DEBUG - [_new_conn] - Starting new HTTPS connection (1): catalog.api.2gis.com:443
2025-10-30 20:43:22,450 - DEBUG - [_make_request] - https://catalog.api.2gis.com:443 "GET /3.0/items?key=cdbda41e-e8e4-4e8d-9886-f12c075adc64&q=%D0%B4%D0%B5%D1%82%D1%81%D0%BA%D0%B8%D0%B9+%D1%81%D0%B0%D0%B4&district_id=4504209512726611&type=branch&page=5&page_size=10&fields=items.point%2Citems.name%2Citems.address_name%2Citems.reviews HTTP/1.1" 200 133
2025-10-30 20:43:22,451 - DEBUG - [получить_детские_сады_в_районе] - Статус ответа: 200
2025-10-30 20:43:22,452 - WARNING - [получить_детские_сады_в_районе] - На странице 5 нет данных в ожидаемом формате
2025-10-30 20:43:22,453 - INFO - [получить_детские_сады_в_районе] - Завершение сбора для района Бирюлёво Восточное. Найдено детских садов: 40
2025-10-30 20:43:22,455 - INFO - [<cell line: 0>] - Район 'Бирюлёво Восточное' завершен. Детских садов: 40
2025-10-30 20:43:23,456 - INFO - [<cell line: 0>] - [13/132] Обработка района: Бирюлёво Западное
2025-10-30 20:43:23,457 - INFO - [получить_детские_сады_в_районе] - Начало сбора детских садов для района: Бирюлёво Западное (ID: 4504209512726612)
2025-10-30 20:43:23,457 - DEBUG - [получить_детские_сады_в_районе] - Запрос страницы 1 для района Бирюлёво Западное
2025-10-30 20:43:23,459 - DEBUG - [_new_conn] - Starting new HTTPS connection (1): catalog.api.2gis.com:443
2025-10-30 20:43:23,978 - DEBUG - [_make_request] - https://catalog.api.2gis.com:443 "GET /3.0/items?key=cdbda41e-e8e4-4e8d-9886-f12c075adc64&q=%D0%B4%D0%B5%D1%82%D1%81%D0%BA%D0%B8%D0%B9+%D1%81%D0%B0%D0%B4&district_id=4504209512726612&type=branch&page=1&page_size=10&fields=items.point%2Citems.name%2Citems.address_name%2Citems.reviews HTTP/1.1" 200 None
2025-10-30 20:43:23,979 - DEBUG - [получить_детские_сады_в_районе] - Статус ответа: 200
2025-10-30 20:43:23,980 - INFO - [получить_детские_сады_в_районе] - Загружено 10 детских садов со страницы 1
2025-10-30 20:43:24,481 - DEBUG - [получить_детские_сады_в_районе] - Запрос страницы 2 для района Бирюлёво Западное
2025-10-30 20:43:24,482 - DEBUG - [_new_conn] - Starting new HTTPS connection (1): catalog.api.2gis.com:443
2025-10-30 20:43:24,879 - DEBUG - [_make_request] - https://catalog.api.2gis.com:443 "GET /3.0/items?key=cdbda41e-e8e4-4e8d-9886-f12c075adc64&q=%D0%B4%D0%B5%D1%82%D1%81%D0%BA%D0%B8%D0%B9+%D1%81%D0%B0%D0%B4&district_id=4504209512726612&type=branch&page=2&page_size=10&fields=items.point%2Citems.name%2Citems.address_name%2Citems.reviews HTTP/1.1" 200 None
2025-10-30 20:43:24,880 - DEBUG - [получить_детские_сады_в_районе] - Статус ответа: 200
2025-10-30 20:43:24,880 - INFO - [получить_детские_сады_в_районе] - Загружено 7 детских садов со страницы 2
2025-10-30 20:43:25,381 - DEBUG - [получить_детские_сады_в_районе] - Запрос страницы 3 для района Бирюлёво Западное
2025-10-30 20:43:25,383 - DEBUG - [_new_conn] - Starting new HTTPS connection (1): catalog.api.2gis.com:443
2025-10-30 20:43:25,757 - DEBUG - [_make_request] - https://catalog.api.2gis.com:443 "GET /3.0/items?key=cdbda41e-e8e4-4e8d-9886-f12c075adc64&q=%D0%B4%D0%B5%D1%82%D1%81%D0%BA%D0%B8%D0%B9+%D1%81%D0%B0%D0%B4&district_id=4504209512726612&type=branch&page=3&page_size=10&fields=items.point%2Citems.name%2Citems.address_name%2Citems.reviews HTTP/1.1" 200 133
2025-10-30 20:43:25,758 - DEBUG - [получить_детские_сады_в_районе] - Статус ответа: 200
2025-10-30 20:43:25,759 - WARNING - [получить_детские_сады_в_районе] - На странице 3 нет данных в ожидаемом формате
2025-10-30 20:43:26,260 - DEBUG - [получить_детские_сады_в_районе] - Запрос страницы 4 для района Бирюлёво Западное
2025-10-30 20:43:26,261 - DEBUG - [_new_conn] - Starting new HTTPS connection (1): catalog.api.2gis.com:443
2025-10-30 20:43:26,649 - DEBUG - [_make_request] - https://catalog.api.2gis.com:443 "GET /3.0/items?key=cdbda41e-e8e4-4e8d-9886-f12c075adc64&q=%D0%B4%D0%B5%D1%82%D1%81%D0%BA%D0%B8%D0%B9+%D1%81%D0%B0%D0%B4&district_id=4504209512726612&type=branch&page=4&page_size=10&fields=items.point%2Citems.name%2Citems.address_name%2Citems.reviews HTTP/1.1" 200 133
2025-10-30 20:43:26,650 - DEBUG - [получить_детские_сады_в_районе] - Статус ответа: 200
2025-10-30 20:43:26,650 - WARNING - [получить_детские_сады_в_районе] - На странице 4 нет данных в ожидаемом формате
2025-10-30 20:43:27,151 - DEBUG - [получить_детские_сады_в_районе] - Запрос страницы 5 для района Бирюлёво Западное
2025-10-30 20:43:27,152 - DEBUG - [_new_conn] - Starting new HTTPS connection (1): catalog.api.2gis.com:443
2025-10-30 20:43:27,534 - DEBUG - [_make_request] - https://catalog.api.2gis.com:443 "GET /3.0/items?key=cdbda41e-e8e4-4e8d-9886-f12c075adc64&q=%D0%B4%D0%B5%D1%82%D1%81%D0%BA%D0%B8%D0%B9+%D1%81%D0%B0%D0%B4&district_id=4504209512726612&type=branch&page=5&page_size=10&fields=items.point%2Citems.name%2Citems.address_name%2Citems.reviews HTTP/1.1" 200 133
2025-10-30 20:43:27,535 - DEBUG - [получить_детские_сады_в_районе] - Статус ответа: 200
2025-10-30 20:43:27,535 - WARNING - [получить_детские_сады_в_районе] - На странице 5 нет данных в ожидаемом формате
2025-10-30 20:43:27,535 - INFO - [получить_детские_сады_в_районе] - Завершение сбора для района Бирюлёво Западное. Найдено детских садов: 17
2025-10-30 20:43:27,537 - INFO - [<cell line: 0>] - Район 'Бирюлёво Западное' завершен. Детских садов: 17
2025-10-30 20:43:28,539 - INFO - [<cell line: 0>] - [14/132] Обработка района: Богородское
2025-10-30 20:43:28,540 - INFO - [получить_детские_сады_в_районе] - Начало сбора детских садов для района: Богородское (ID: 4504209512726574)
2025-10-30 20:43:28,541 - DEBUG - [получить_детские_сады_в_районе] - Запрос страницы 1 для района Богородское
2025-10-30 20:43:28,543 - DEBUG - [_new_conn] - Starting new HTTPS connection (1): catalog.api.2gis.com:443
2025-10-30 20:43:29,006 - DEBUG - [_make_request] - https://catalog.api.2gis.com:443 "GET /3.0/items?key=cdbda41e-e8e4-4e8d-9886-f12c075adc64&q=%D0%B4%D0%B5%D1%82%D1%81%D0%BA%D0%B8%D0%B9+%D1%81%D0%B0%D0%B4&district_id=4504209512726574&type=branch&page=1&page_size=10&fields=items.point%2Citems.name%2Citems.address_name%2Citems.reviews HTTP/1.1" 200 None
2025-10-30 20:43:29,006 - DEBUG - [получить_детские_сады_в_районе] - Статус ответа: 200
2025-10-30 20:43:29,006 - INFO - [получить_детские_сады_в_районе] - Загружено 10 детских садов со страницы 1
2025-10-30 20:43:29,508 - DEBUG - [получить_детские_сады_в_районе] - Запрос страницы 2 для района Богородское
2025-10-30 20:43:29,509 - DEBUG - [_new_conn] - Starting new HTTPS connection (1): catalog.api.2gis.com:443
2025-10-30 20:43:29,914 - DEBUG - [_make_request] - https://catalog.api.2gis.com:443 "GET /3.0/items?key=cdbda41e-e8e4-4e8d-9886-f12c075adc64&q=%D0%B4%D0%B5%D1%82%D1%81%D0%BA%D0%B8%D0%B9+%D1%81%D0%B0%D0%B4&district_id=4504209512726574&type=branch&page=2&page_size=10&fields=items.point%2Citems.name%2Citems.address_name%2Citems.reviews HTTP/1.1" 200 None
2025-10-30 20:43:29,915 - DEBUG - [получить_детские_сады_в_районе] - Статус ответа: 200
2025-10-30 20:43:29,916 - INFO - [получить_детские_сады_в_районе] - Загружено 10 детских садов со страницы 2
2025-10-30 20:43:30,417 - DEBUG - [получить_детские_сады_в_районе] - Запрос страницы 3 для района Богородское
2025-10-30 20:43:30,418 - DEBUG - [_new_conn] - Starting new HTTPS connection (1): catalog.api.2gis.com:443
2025-10-30 20:43:30,812 - DEBUG - [_make_request] - https://catalog.api.2gis.com:443 "GET /3.0/items?key=cdbda41e-e8e4-4e8d-9886-f12c075adc64&q=%D0%B4%D0%B5%D1%82%D1%81%D0%BA%D0%B8%D0%B9+%D1%81%D0%B0%D0%B4&district_id=4504209512726574&type=branch&page=3&page_size=10&fields=items.point%2Citems.name%2Citems.address_name%2Citems.reviews HTTP/1.1" 200 None
2025-10-30 20:43:30,813 - DEBUG - [получить_детские_сады_в_районе] - Статус ответа: 200
2025-10-30 20:43:30,813 - INFO - [получить_детские_сады_в_районе] - Загружено 10 детских садов со страницы 3
2025-10-30 20:43:31,314 - DEBUG - [получить_детские_сады_в_районе] - Запрос страницы 4 для района Богородское
2025-10-30 20:43:31,315 - DEBUG - [_new_conn] - Starting new HTTPS connection (1): catalog.api.2gis.com:443
2025-10-30 20:43:31,707 - DEBUG - [_make_request] - https://catalog.api.2gis.com:443 "GET /3.0/items?key=cdbda41e-e8e4-4e8d-9886-f12c075adc64&q=%D0%B4%D0%B5%D1%82%D1%81%D0%BA%D0%B8%D0%B9+%D1%81%D0%B0%D0%B4&district_id=4504209512726574&type=branch&page=4&page_size=10&fields=items.point%2Citems.name%2Citems.address_name%2Citems.reviews HTTP/1.1" 200 None
2025-10-30 20:43:31,708 - DEBUG - [получить_детские_сады_в_районе] - Статус ответа: 200
2025-10-30 20:43:31,709 - INFO - [получить_детские_сады_в_районе] - Загружено 8 детских садов со страницы 4
2025-10-30 20:43:32,210 - DEBUG - [получить_детские_сады_в_районе] - Запрос страницы 5 для района Богородское
2025-10-30 20:43:32,211 - DEBUG - [_new_conn] - Starting new HTTPS connection (1): catalog.api.2gis.com:443
2025-10-30 20:43:32,591 - DEBUG - [_make_request] - https://catalog.api.2gis.com:443 "GET /3.0/items?key=cdbda41e-e8e4-4e8d-9886-f12c075adc64&q=%D0%B4%D0%B5%D1%82%D1%81%D0%BA%D0%B8%D0%B9+%D1%81%D0%B0%D0%B4&district_id=4504209512726574&type=branch&page=5&page_size=10&fields=items.point%2Citems.name%2Citems.address_name%2Citems.reviews HTTP/1.1" 200 133
2025-10-30 20:43:32,592 - DEBUG - [получить_детские_сады_в_районе] - Статус ответа: 200
2025-10-30 20:43:32,592 - WARNING - [получить_детские_сады_в_районе] - На странице 5 нет данных в ожидаемом формате
2025-10-30 20:43:32,593 - INFO - [получить_детские_сады_в_районе] - Завершение сбора для района Богородское. Найдено детских садов: 38
2025-10-30 20:43:32,594 - INFO - [<cell line: 0>] - Район 'Богородское' завершен. Детских садов: 38
2025-10-30 20:43:33,595 - INFO - [<cell line: 0>] - [15/132] Обработка района: Братеево
2025-10-30 20:43:33,596 - INFO - [получить_детские_сады_в_районе] - Начало сбора детских садов для района: Братеево (ID: 4504209512726609)
2025-10-30 20:43:33,598 - DEBUG - [получить_детские_сады_в_районе] - Запрос страницы 1 для района Братеево
2025-10-30 20:43:33,599 - DEBUG - [_new_conn] - Starting new HTTPS connection (1): catalog.api.2gis.com:443
2025-10-30 20:43:34,004 - DEBUG - [_make_request] - https://catalog.api.2gis.com:443 "GET /3.0/items?key=cdbda41e-e8e4-4e8d-9886-f12c075adc64&q=%D0%B4%D0%B5%D1%82%D1%81%D0%BA%D0%B8%D0%B9+%D1%81%D0%B0%D0%B4&district_id=4504209512726609&type=branch&page=1&page_size=10&fields=items.point%2Citems.name%2Citems.address_name%2Citems.reviews HTTP/1.1" 200 None
2025-10-30 20:43:34,005 - DEBUG - [получить_детские_сады_в_районе] - Статус ответа: 200
2025-10-30 20:43:34,005 - INFO - [получить_детские_сады_в_районе] - Загружено 10 детских садов со страницы 1
2025-10-30 20:43:34,506 - DEBUG - [получить_детские_сады_в_районе] - Запрос страницы 2 для района Братеево
2025-10-30 20:43:34,508 - DEBUG - [_new_conn] - Starting new HTTPS connection (1): catalog.api.2gis.com:443
2025-10-30 20:43:34,905 - DEBUG - [_make_request] - https://catalog.api.2gis.com:443 "GET /3.0/items?key=cdbda41e-e8e4-4e8d-9886-f12c075adc64&q=%D0%B4%D0%B5%D1%82%D1%81%D0%BA%D0%B8%D0%B9+%D1%81%D0%B0%D0%B4&district_id=4504209512726609&type=branch&page=2&page_size=10&fields=items.point%2Citems.name%2Citems.address_name%2Citems.reviews HTTP/1.1" 200 None
2025-10-30 20:43:34,906 - DEBUG - [получить_детские_сады_в_районе] - Статус ответа: 200
2025-10-30 20:43:34,906 - INFO - [получить_детские_сады_в_районе] - Загружено 10 детских садов со страницы 2
2025-10-30 20:43:35,407 - DEBUG - [получить_детские_сады_в_районе] - Запрос страницы 3 для района Братеево
2025-10-30 20:43:35,410 - DEBUG - [_new_conn] - Starting new HTTPS connection (1): catalog.api.2gis.com:443
2025-10-30 20:43:35,794 - DEBUG - [_make_request] - https://catalog.api.2gis.com:443 "GET /3.0/items?key=cdbda41e-e8e4-4e8d-9886-f12c075adc64&q=%D0%B4%D0%B5%D1%82%D1%81%D0%BA%D0%B8%D0%B9+%D1%81%D0%B0%D0%B4&district_id=4504209512726609&type=branch&page=3&page_size=10&fields=items.point%2Citems.name%2Citems.address_name%2Citems.reviews HTTP/1.1" 200 None
2025-10-30 20:43:35,796 - DEBUG - [получить_детские_сады_в_районе] - Статус ответа: 200
2025-10-30 20:43:35,796 - INFO - [получить_детские_сады_в_районе] - Загружено 4 детских садов со страницы 3
2025-10-30 20:43:36,297 - DEBUG - [получить_детские_сады_в_районе] - Запрос страницы 4 для района Братеево
2025-10-30 20:43:36,299 - DEBUG - [_new_conn] - Starting new HTTPS connection (1): catalog.api.2gis.com:443
2025-10-30 20:43:36,700 - DEBUG - [_make_request] - https://catalog.api.2gis.com:443 "GET /3.0/items?key=cdbda41e-e8e4-4e8d-9886-f12c075adc64&q=%D0%B4%D0%B5%D1%82%D1%81%D0%BA%D0%B8%D0%B9+%D1%81%D0%B0%D0%B4&district_id=4504209512726609&type=branch&page=4&page_size=10&fields=items.point%2Citems.name%2Citems.address_name%2Citems.reviews HTTP/1.1" 200 133
2025-10-30 20:43:36,701 - DEBUG - [получить_детские_сады_в_районе] - Статус ответа: 200
2025-10-30 20:43:36,701 - WARNING - [получить_детские_сады_в_районе] - На странице 4 нет данных в ожидаемом формате
2025-10-30 20:43:37,202 - DEBUG - [получить_детские_сады_в_районе] - Запрос страницы 5 для района Братеево
2025-10-30 20:43:37,203 - DEBUG - [_new_conn] - Starting new HTTPS connection (1): catalog.api.2gis.com:443
2025-10-30 20:43:37,594 - DEBUG - [_make_request] - https://catalog.api.2gis.com:443 "GET /3.0/items?key=cdbda41e-e8e4-4e8d-9886-f12c075adc64&q=%D0%B4%D0%B5%D1%82%D1%81%D0%BA%D0%B8%D0%B9+%D1%81%D0%B0%D0%B4&district_id=4504209512726609&type=branch&page=5&page_size=10&fields=items.point%2Citems.name%2Citems.address_name%2Citems.reviews HTTP/1.1" 200 133
2025-10-30 20:43:37,595 - DEBUG - [получить_детские_сады_в_районе] - Статус ответа: 200
2025-10-30 20:43:37,595 - WARNING - [получить_детские_сады_в_районе] - На странице 5 нет данных в ожидаемом формате
2025-10-30 20:43:37,596 - INFO - [получить_детские_сады_в_районе] - Завершение сбора для района Братеево. Найдено детских садов: 24
2025-10-30 20:43:37,597 - INFO - [<cell line: 0>] - Район 'Братеево' завершен. Детских садов: 24
2025-10-30 20:43:38,598 - INFO - [<cell line: 0>] - [16/132] Обработка района: Бутырский
2025-10-30 20:43:38,599 - INFO - [получить_детские_сады_в_районе] - Начало сбора детских садов для района: Бутырский (ID: 4504209512726567)
2025-10-30 20:43:38,600 - DEBUG - [получить_детские_сады_в_районе] - Запрос страницы 1 для района Бутырский
2025-10-30 20:43:38,603 - DEBUG - [_new_conn] - Starting new HTTPS connection (1): catalog.api.2gis.com:443
2025-10-30 20:43:38,996 - DEBUG - [_make_request] - https://catalog.api.2gis.com:443 "GET /3.0/items?key=cdbda41e-e8e4-4e8d-9886-f12c075adc64&q=%D0%B4%D0%B5%D1%82%D1%81%D0%BA%D0%B8%D0%B9+%D1%81%D0%B0%D0%B4&district_id=4504209512726567&type=branch&page=1&page_size=10&fields=items.point%2Citems.name%2Citems.address_name%2Citems.reviews HTTP/1.1" 200 None
2025-10-30 20:43:38,997 - DEBUG - [получить_детские_сады_в_районе] - Статус ответа: 200
2025-10-30 20:43:38,997 - INFO - [получить_детские_сады_в_районе] - Загружено 10 детских садов со страницы 1
2025-10-30 20:43:39,498 - DEBUG - [получить_детские_сады_в_районе] - Запрос страницы 2 для района Бутырский
2025-10-30 20:43:39,500 - DEBUG - [_new_conn] - Starting new HTTPS connection (1): catalog.api.2gis.com:443
2025-10-30 20:43:39,908 - DEBUG - [_make_request] - https://catalog.api.2gis.com:443 "GET /3.0/items?key=cdbda41e-e8e4-4e8d-9886-f12c075adc64&q=%D0%B4%D0%B5%D1%82%D1%81%D0%BA%D0%B8%D0%B9+%D1%81%D0%B0%D0%B4&district_id=4504209512726567&type=branch&page=2&page_size=10&fields=items.point%2Citems.name%2Citems.address_name%2Citems.reviews HTTP/1.1" 200 None
2025-10-30 20:43:39,909 - DEBUG - [получить_детские_сады_в_районе] - Статус ответа: 200
2025-10-30 20:43:39,909 - INFO - [получить_детские_сады_в_районе] - Загружено 7 детских садов со страницы 2
2025-10-30 20:43:40,410 - DEBUG - [получить_детские_сады_в_районе] - Запрос страницы 3 для района Бутырский
2025-10-30 20:43:40,411 - DEBUG - [_new_conn] - Starting new HTTPS connection (1): catalog.api.2gis.com:443
2025-10-30 20:43:40,796 - DEBUG - [_make_request] - https://catalog.api.2gis.com:443 "GET /3.0/items?key=cdbda41e-e8e4-4e8d-9886-f12c075adc64&q=%D0%B4%D0%B5%D1%82%D1%81%D0%BA%D0%B8%D0%B9+%D1%81%D0%B0%D0%B4&district_id=4504209512726567&type=branch&page=3&page_size=10&fields=items.point%2Citems.name%2Citems.address_name%2Citems.reviews HTTP/1.1" 200 133
2025-10-30 20:43:40,797 - DEBUG - [получить_детские_сады_в_районе] - Статус ответа: 200
2025-10-30 20:43:40,797 - WARNING - [получить_детские_сады_в_районе] - На странице 3 нет данных в ожидаемом формате
2025-10-30 20:43:41,298 - DEBUG - [получить_детские_сады_в_районе] - Запрос страницы 4 для района Бутырский
2025-10-30 20:43:41,299 - DEBUG - [_new_conn] - Starting new HTTPS connection (1): catalog.api.2gis.com:443
2025-10-30 20:43:41,682 - DEBUG - [_make_request] - https://catalog.api.2gis.com:443 "GET /3.0/items?key=cdbda41e-e8e4-4e8d-9886-f12c075adc64&q=%D0%B4%D0%B5%D1%82%D1%81%D0%BA%D0%B8%D0%B9+%D1%81%D0%B0%D0%B4&district_id=4504209512726567&type=branch&page=4&page_size=10&fields=items.point%2Citems.name%2Citems.address_name%2Citems.reviews HTTP/1.1" 200 133
2025-10-30 20:43:41,683 - DEBUG - [получить_детские_сады_в_районе] - Статус ответа: 200
2025-10-30 20:43:41,684 - WARNING - [получить_детские_сады_в_районе] - На странице 4 нет данных в ожидаемом формате
2025-10-30 20:43:42,185 - DEBUG - [получить_детские_сады_в_районе] - Запрос страницы 5 для района Бутырский
2025-10-30 20:43:42,186 - DEBUG - [_new_conn] - Starting new HTTPS connection (1): catalog.api.2gis.com:443
2025-10-30 20:43:42,573 - DEBUG - [_make_request] - https://catalog.api.2gis.com:443 "GET /3.0/items?key=cdbda41e-e8e4-4e8d-9886-f12c075adc64&q=%D0%B4%D0%B5%D1%82%D1%81%D0%BA%D0%B8%D0%B9+%D1%81%D0%B0%D0%B4&district_id=4504209512726567&type=branch&page=5&page_size=10&fields=items.point%2Citems.name%2Citems.address_name%2Citems.reviews HTTP/1.1" 200 133
2025-10-30 20:43:42,574 - DEBUG - [получить_детские_сады_в_районе] - Статус ответа: 200
2025-10-30 20:43:42,575 - WARNING - [получить_детские_сады_в_районе] - На странице 5 нет данных в ожидаемом формате
2025-10-30 20:43:42,575 - INFO - [получить_детские_сады_в_районе] - Завершение сбора для района Бутырский. Найдено детских садов: 17
2025-10-30 20:43:42,577 - INFO - [<cell line: 0>] - Район 'Бутырский' завершен. Детских садов: 17
2025-10-30 20:43:43,579 - INFO - [<cell line: 0>] - [17/132] Обработка района: Вешняки
2025-10-30 20:43:43,580 - INFO - [получить_детские_сады_в_районе] - Начало сбора детских садов для района: Вешняки (ID: 4504209512726578)
2025-10-30 20:43:43,581 - DEBUG - [получить_детские_сады_в_районе] - Запрос страницы 1 для района Вешняки
2025-10-30 20:43:43,584 - DEBUG - [_new_conn] - Starting new HTTPS connection (1): catalog.api.2gis.com:443
2025-10-30 20:43:44,001 - DEBUG - [_make_request] - https://catalog.api.2gis.com:443 "GET /3.0/items?key=cdbda41e-e8e4-4e8d-9886-f12c075adc64&q=%D0%B4%D0%B5%D1%82%D1%81%D0%BA%D0%B8%D0%B9+%D1%81%D0%B0%D0%B4&district_id=4504209512726578&type=branch&page=1&page_size=10&fields=items.point%2Citems.name%2Citems.address_name%2Citems.reviews HTTP/1.1" 200 None
2025-10-30 20:43:44,001 - DEBUG - [получить_детские_сады_в_районе] - Статус ответа: 200
2025-10-30 20:43:44,002 - INFO - [получить_детские_сады_в_районе] - Загружено 10 детских садов со страницы 1
2025-10-30 20:43:44,503 - DEBUG - [получить_детские_сады_в_районе] - Запрос страницы 2 для района Вешняки
2025-10-30 20:43:44,504 - DEBUG - [_new_conn] - Starting new HTTPS connection (1): catalog.api.2gis.com:443
2025-10-30 20:43:44,905 - DEBUG - [_make_request] - https://catalog.api.2gis.com:443 "GET /3.0/items?key=cdbda41e-e8e4-4e8d-9886-f12c075adc64&q=%D0%B4%D0%B5%D1%82%D1%81%D0%BA%D0%B8%D0%B9+%D1%81%D0%B0%D0%B4&district_id=4504209512726578&type=branch&page=2&page_size=10&fields=items.point%2Citems.name%2Citems.address_name%2Citems.reviews HTTP/1.1" 200 None
2025-10-30 20:43:44,906 - DEBUG - [получить_детские_сады_в_районе] - Статус ответа: 200
2025-10-30 20:43:44,906 - INFO - [получить_детские_сады_в_районе] - Загружено 10 детских садов со страницы 2
2025-10-30 20:43:45,407 - DEBUG - [получить_детские_сады_в_районе] - Запрос страницы 3 для района Вешняки
2025-10-30 20:43:45,408 - DEBUG - [_new_conn] - Starting new HTTPS connection (1): catalog.api.2gis.com:443
2025-10-30 20:43:45,809 - DEBUG - [_make_request] - https://catalog.api.2gis.com:443 "GET /3.0/items?key=cdbda41e-e8e4-4e8d-9886-f12c075adc64&q=%D0%B4%D0%B5%D1%82%D1%81%D0%BA%D0%B8%D0%B9+%D1%81%D0%B0%D0%B4&district_id=4504209512726578&type=branch&page=3&page_size=10&fields=items.point%2Citems.name%2Citems.address_name%2Citems.reviews HTTP/1.1" 200 None
2025-10-30 20:43:45,810 - DEBUG - [получить_детские_сады_в_районе] - Статус ответа: 200
2025-10-30 20:43:45,810 - INFO - [получить_детские_сады_в_районе] - Загружено 1 детских садов со страницы 3
2025-10-30 20:43:46,311 - DEBUG - [получить_детские_сады_в_районе] - Запрос страницы 4 для района Вешняки
2025-10-30 20:43:46,312 - DEBUG - [_new_conn] - Starting new HTTPS connection (1): catalog.api.2gis.com:443
2025-10-30 20:43:46,700 - DEBUG - [_make_request] - https://catalog.api.2gis.com:443 "GET /3.0/items?key=cdbda41e-e8e4-4e8d-9886-f12c075adc64&q=%D0%B4%D0%B5%D1%82%D1%81%D0%BA%D0%B8%D0%B9+%D1%81%D0%B0%D0%B4&district_id=4504209512726578&type=branch&page=4&page_size=10&fields=items.point%2Citems.name%2Citems.address_name%2Citems.reviews HTTP/1.1" 200 133
2025-10-30 20:43:46,701 - DEBUG - [получить_детские_сады_в_районе] - Статус ответа: 200
2025-10-30 20:43:46,701 - WARNING - [получить_детские_сады_в_районе] - На странице 4 нет данных в ожидаемом формате
2025-10-30 20:43:47,202 - DEBUG - [получить_детские_сады_в_районе] - Запрос страницы 5 для района Вешняки
2025-10-30 20:43:47,205 - DEBUG - [_new_conn] - Starting new HTTPS connection (1): catalog.api.2gis.com:443
2025-10-30 20:43:47,592 - DEBUG - [_make_request] - https://catalog.api.2gis.com:443 "GET /3.0/items?key=cdbda41e-e8e4-4e8d-9886-f12c075adc64&q=%D0%B4%D0%B5%D1%82%D1%81%D0%BA%D0%B8%D0%B9+%D1%81%D0%B0%D0%B4&district_id=4504209512726578&type=branch&page=5&page_size=10&fields=items.point%2Citems.name%2Citems.address_name%2Citems.reviews HTTP/1.1" 200 133
2025-10-30 20:43:47,593 - DEBUG - [получить_детские_сады_в_районе] - Статус ответа: 200
2025-10-30 20:43:47,593 - WARNING - [получить_детские_сады_в_районе] - На странице 5 нет данных в ожидаемом формате
2025-10-30 20:43:47,594 - INFO - [получить_детские_сады_в_районе] - Завершение сбора для района Вешняки. Найдено детских садов: 21
2025-10-30 20:43:47,596 - INFO - [<cell line: 0>] - Район 'Вешняки' завершен. Детских садов: 21
2025-10-30 20:43:48,598 - INFO - [<cell line: 0>] - [18/132] Обработка района: Внуково
2025-10-30 20:43:48,599 - INFO - [получить_детские_сады_в_районе] - Начало сбора детских садов для района: Внуково (ID: 4504209512726642)
2025-10-30 20:43:48,600 - DEBUG - [получить_детские_сады_в_районе] - Запрос страницы 1 для района Внуково
2025-10-30 20:43:48,602 - DEBUG - [_new_conn] - Starting new HTTPS connection (1): catalog.api.2gis.com:443
2025-10-30 20:43:49,015 - DEBUG - [_make_request] - https://catalog.api.2gis.com:443 "GET /3.0/items?key=cdbda41e-e8e4-4e8d-9886-f12c075adc64&q=%D0%B4%D0%B5%D1%82%D1%81%D0%BA%D0%B8%D0%B9+%D1%81%D0%B0%D0%B4&district_id=4504209512726642&type=branch&page=1&page_size=10&fields=items.point%2Citems.name%2Citems.address_name%2Citems.reviews HTTP/1.1" 200 None
2025-10-30 20:43:49,016 - DEBUG - [получить_детские_сады_в_районе] - Статус ответа: 200
2025-10-30 20:43:49,016 - INFO - [получить_детские_сады_в_районе] - Загружено 10 детских садов со страницы 1
2025-10-30 20:43:49,517 - DEBUG - [получить_детские_сады_в_районе] - Запрос страницы 2 для района Внуково
2025-10-30 20:43:49,519 - DEBUG - [_new_conn] - Starting new HTTPS connection (1): catalog.api.2gis.com:443
2025-10-30 20:43:49,919 - DEBUG - [_make_request] - https://catalog.api.2gis.com:443 "GET /3.0/items?key=cdbda41e-e8e4-4e8d-9886-f12c075adc64&q=%D0%B4%D0%B5%D1%82%D1%81%D0%BA%D0%B8%D0%B9+%D1%81%D0%B0%D0%B4&district_id=4504209512726642&type=branch&page=2&page_size=10&fields=items.point%2Citems.name%2Citems.address_name%2Citems.reviews HTTP/1.1" 200 None
2025-10-30 20:43:49,920 - DEBUG - [получить_детские_сады_в_районе] - Статус ответа: 200
2025-10-30 20:43:49,920 - INFO - [получить_детские_сады_в_районе] - Загружено 10 детских садов со страницы 2
2025-10-30 20:43:50,421 - DEBUG - [получить_детские_сады_в_районе] - Запрос страницы 3 для района Внуково
2025-10-30 20:43:50,422 - DEBUG - [_new_conn] - Starting new HTTPS connection (1): catalog.api.2gis.com:443
2025-10-30 20:43:50,824 - DEBUG - [_make_request] - https://catalog.api.2gis.com:443 "GET /3.0/items?key=cdbda41e-e8e4-4e8d-9886-f12c075adc64&q=%D0%B4%D0%B5%D1%82%D1%81%D0%BA%D0%B8%D0%B9+%D1%81%D0%B0%D0%B4&district_id=4504209512726642&type=branch&page=3&page_size=10&fields=items.point%2Citems.name%2Citems.address_name%2Citems.reviews HTTP/1.1" 200 None
2025-10-30 20:43:50,825 - DEBUG - [получить_детские_сады_в_районе] - Статус ответа: 200
2025-10-30 20:43:50,825 - INFO - [получить_детские_сады_в_районе] - Загружено 10 детских садов со страницы 3
2025-10-30 20:43:51,326 - DEBUG - [получить_детские_сады_в_районе] - Запрос страницы 4 для района Внуково
2025-10-30 20:43:51,327 - DEBUG - [_new_conn] - Starting new HTTPS connection (1): catalog.api.2gis.com:443
2025-10-30 20:43:51,714 - DEBUG - [_make_request] - https://catalog.api.2gis.com:443 "GET /3.0/items?key=cdbda41e-e8e4-4e8d-9886-f12c075adc64&q=%D0%B4%D0%B5%D1%82%D1%81%D0%BA%D0%B8%D0%B9+%D1%81%D0%B0%D0%B4&district_id=4504209512726642&type=branch&page=4&page_size=10&fields=items.point%2Citems.name%2Citems.address_name%2Citems.reviews HTTP/1.1" 200 None
2025-10-30 20:43:51,715 - DEBUG - [получить_детские_сады_в_районе] - Статус ответа: 200
2025-10-30 20:43:51,715 - INFO - [получить_детские_сады_в_районе] - Загружено 10 детских садов со страницы 4
2025-10-30 20:43:52,216 - DEBUG - [получить_детские_сады_в_районе] - Запрос страницы 5 для района Внуково
2025-10-30 20:43:52,218 - DEBUG - [_new_conn] - Starting new HTTPS connection (1): catalog.api.2gis.com:443
2025-10-30 20:43:52,633 - DEBUG - [_make_request] - https://catalog.api.2gis.com:443 "GET /3.0/items?key=cdbda41e-e8e4-4e8d-9886-f12c075adc64&q=%D0%B4%D0%B5%D1%82%D1%81%D0%BA%D0%B8%D0%B9+%D1%81%D0%B0%D0%B4&district_id=4504209512726642&type=branch&page=5&page_size=10&fields=items.point%2Citems.name%2Citems.address_name%2Citems.reviews HTTP/1.1" 200 None
2025-10-30 20:43:52,634 - DEBUG - [получить_детские_сады_в_районе] - Статус ответа: 200
2025-10-30 20:43:52,634 - INFO - [получить_детские_сады_в_районе] - Загружено 7 детских садов со страницы 5
2025-10-30 20:43:52,635 - INFO - [получить_детские_сады_в_районе] - Завершение сбора для района Внуково. Найдено детских садов: 47
2025-10-30 20:43:52,636 - INFO - [<cell line: 0>] - Район 'Внуково' завершен. Детских садов: 47
2025-10-30 20:43:53,637 - INFO - [<cell line: 0>] - [19/132] Обработка района: Войковский
2025-10-30 20:43:53,638 - INFO - [получить_детские_сады_в_районе] - Начало сбора детских садов для района: Войковский (ID: 4504209512726551)
2025-10-30 20:43:53,639 - DEBUG - [получить_детские_сады_в_районе] - Запрос страницы 1 для района Войковский
2025-10-30 20:43:53,641 - DEBUG - [_new_conn] - Starting new HTTPS connection (1): catalog.api.2gis.com:443
2025-10-30 20:43:54,272 - DEBUG - [_make_request] - https://catalog.api.2gis.com:443 "GET /3.0/items?key=cdbda41e-e8e4-4e8d-9886-f12c075adc64&q=%D0%B4%D0%B5%D1%82%D1%81%D0%BA%D0%B8%D0%B9+%D1%81%D0%B0%D0%B4&district_id=4504209512726551&type=branch&page=1&page_size=10&fields=items.point%2Citems.name%2Citems.address_name%2Citems.reviews HTTP/1.1" 200 None
2025-10-30 20:43:54,273 - DEBUG - [получить_детские_сады_в_районе] - Статус ответа: 200
2025-10-30 20:43:54,273 - INFO - [получить_детские_сады_в_районе] - Загружено 10 детских садов со страницы 1
2025-10-30 20:43:54,775 - DEBUG - [получить_детские_сады_в_районе] - Запрос страницы 2 для района Войковский
2025-10-30 20:43:54,776 - DEBUG - [_new_conn] - Starting new HTTPS connection (1): catalog.api.2gis.com:443
2025-10-30 20:43:55,252 - DEBUG - [_make_request] - https://catalog.api.2gis.com:443 "GET /3.0/items?key=cdbda41e-e8e4-4e8d-9886-f12c075adc64&q=%D0%B4%D0%B5%D1%82%D1%81%D0%BA%D0%B8%D0%B9+%D1%81%D0%B0%D0%B4&district_id=4504209512726551&type=branch&page=2&page_size=10&fields=items.point%2Citems.name%2Citems.address_name%2Citems.reviews HTTP/1.1" 200 None
2025-10-30 20:43:55,253 - DEBUG - [получить_детские_сады_в_районе] - Статус ответа: 200
2025-10-30 20:43:55,253 - INFO - [получить_детские_сады_в_районе] - Загружено 10 детских садов со страницы 2
2025-10-30 20:43:55,754 - DEBUG - [получить_детские_сады_в_районе] - Запрос страницы 3 для района Войковский
2025-10-30 20:43:55,755 - DEBUG - [_new_conn] - Starting new HTTPS connection (1): catalog.api.2gis.com:443
2025-10-30 20:43:56,145 - DEBUG - [_make_request] - https://catalog.api.2gis.com:443 "GET /3.0/items?key=cdbda41e-e8e4-4e8d-9886-f12c075adc64&q=%D0%B4%D0%B5%D1%82%D1%81%D0%BA%D0%B8%D0%B9+%D1%81%D0%B0%D0%B4&district_id=4504209512726551&type=branch&page=3&page_size=10&fields=items.point%2Citems.name%2Citems.address_name%2Citems.reviews HTTP/1.1" 200 None
2025-10-30 20:43:56,146 - DEBUG - [получить_детские_сады_в_районе] - Статус ответа: 200
2025-10-30 20:43:56,147 - INFO - [получить_детские_сады_в_районе] - Загружено 4 детских садов со страницы 3
2025-10-30 20:43:56,648 - DEBUG - [получить_детские_сады_в_районе] - Запрос страницы 4 для района Войковский
2025-10-30 20:43:56,649 - DEBUG - [_new_conn] - Starting new HTTPS connection (1): catalog.api.2gis.com:443
2025-10-30 20:43:57,029 - DEBUG - [_make_request] - https://catalog.api.2gis.com:443 "GET /3.0/items?key=cdbda41e-e8e4-4e8d-9886-f12c075adc64&q=%D0%B4%D0%B5%D1%82%D1%81%D0%BA%D0%B8%D0%B9+%D1%81%D0%B0%D0%B4&district_id=4504209512726551&type=branch&page=4&page_size=10&fields=items.point%2Citems.name%2Citems.address_name%2Citems.reviews HTTP/1.1" 200 133
2025-10-30 20:43:57,030 - DEBUG - [получить_детские_сады_в_районе] - Статус ответа: 200
2025-10-30 20:43:57,031 - WARNING - [получить_детские_сады_в_районе] - На странице 4 нет данных в ожидаемом формате
2025-10-30 20:43:57,531 - DEBUG - [получить_детские_сады_в_районе] - Запрос страницы 5 для района Войковский
2025-10-30 20:43:57,533 - DEBUG - [_new_conn] - Starting new HTTPS connection (1): catalog.api.2gis.com:443
2025-10-30 20:43:57,924 - DEBUG - [_make_request] - https://catalog.api.2gis.com:443 "GET /3.0/items?key=cdbda41e-e8e4-4e8d-9886-f12c075adc64&q=%D0%B4%D0%B5%D1%82%D1%81%D0%BA%D0%B8%D0%B9+%D1%81%D0%B0%D0%B4&district_id=4504209512726551&type=branch&page=5&page_size=10&fields=items.point%2Citems.name%2Citems.address_name%2Citems.reviews HTTP/1.1" 200 133
2025-10-30 20:43:57,925 - DEBUG - [получить_детские_сады_в_районе] - Статус ответа: 200
2025-10-30 20:43:57,926 - WARNING - [получить_детские_сады_в_районе] - На странице 5 нет данных в ожидаемом формате
2025-10-30 20:43:57,927 - INFO - [получить_детские_сады_в_районе] - Завершение сбора для района Войковский. Найдено детских садов: 24
2025-10-30 20:43:57,928 - INFO - [<cell line: 0>] - Район 'Войковский' завершен. Детских садов: 24
2025-10-30 20:43:58,930 - INFO - [<cell line: 0>] - [20/132] Обработка района: Вороново
2025-10-30 20:43:58,931 - INFO - [получить_детские_сады_в_районе] - Начало сбора детских садов для района: Вороново (ID: 4504209520931533)
2025-10-30 20:43:58,932 - DEBUG - [получить_детские_сады_в_районе] - Запрос страницы 1 для района Вороново
2025-10-30 20:43:58,934 - DEBUG - [_new_conn] - Starting new HTTPS connection (1): catalog.api.2gis.com:443
2025-10-30 20:43:59,338 - DEBUG - [_make_request] - https://catalog.api.2gis.com:443 "GET /3.0/items?key=cdbda41e-e8e4-4e8d-9886-f12c075adc64&q=%D0%B4%D0%B5%D1%82%D1%81%D0%BA%D0%B8%D0%B9+%D1%81%D0%B0%D0%B4&district_id=4504209520931533&type=branch&page=1&page_size=10&fields=items.point%2Citems.name%2Citems.address_name%2Citems.reviews HTTP/1.1" 200 None
2025-10-30 20:43:59,339 - DEBUG - [получить_детские_сады_в_районе] - Статус ответа: 200
2025-10-30 20:43:59,339 - INFO - [получить_детские_сады_в_районе] - Загружено 7 детских садов со страницы 1
2025-10-30 20:43:59,840 - DEBUG - [получить_детские_сады_в_районе] - Запрос страницы 2 для района Вороново
2025-10-30 20:43:59,842 - DEBUG - [_new_conn] - Starting new HTTPS connection (1): catalog.api.2gis.com:443
2025-10-30 20:44:00,226 - DEBUG - [_make_request] - https://catalog.api.2gis.com:443 "GET /3.0/items?key=cdbda41e-e8e4-4e8d-9886-f12c075adc64&q=%D0%B4%D0%B5%D1%82%D1%81%D0%BA%D0%B8%D0%B9+%D1%81%D0%B0%D0%B4&district_id=4504209520931533&type=branch&page=2&page_size=10&fields=items.point%2Citems.name%2Citems.address_name%2Citems.reviews HTTP/1.1" 200 133
2025-10-30 20:44:00,227 - DEBUG - [получить_детские_сады_в_районе] - Статус ответа: 200
2025-10-30 20:44:00,227 - WARNING - [получить_детские_сады_в_районе] - На странице 2 нет данных в ожидаемом формате
2025-10-30 20:44:00,728 - DEBUG - [получить_детские_сады_в_районе] - Запрос страницы 3 для района Вороново
2025-10-30 20:44:00,729 - DEBUG - [_new_conn] - Starting new HTTPS connection (1): catalog.api.2gis.com:443
2025-10-30 20:44:01,113 - DEBUG - [_make_request] - https://catalog.api.2gis.com:443 "GET /3.0/items?key=cdbda41e-e8e4-4e8d-9886-f12c075adc64&q=%D0%B4%D0%B5%D1%82%D1%81%D0%BA%D0%B8%D0%B9+%D1%81%D0%B0%D0%B4&district_id=4504209520931533&type=branch&page=3&page_size=10&fields=items.point%2Citems.name%2Citems.address_name%2Citems.reviews HTTP/1.1" 200 133
2025-10-30 20:44:01,114 - DEBUG - [получить_детские_сады_в_районе] - Статус ответа: 200
2025-10-30 20:44:01,115 - WARNING - [получить_детские_сады_в_районе] - На странице 3 нет данных в ожидаемом формате
2025-10-30 20:44:01,616 - DEBUG - [получить_детские_сады_в_районе] - Запрос страницы 4 для района Вороново
2025-10-30 20:44:01,617 - DEBUG - [_new_conn] - Starting new HTTPS connection (1): catalog.api.2gis.com:443
2025-10-30 20:44:02,018 - DEBUG - [_make_request] - https://catalog.api.2gis.com:443 "GET /3.0/items?key=cdbda41e-e8e4-4e8d-9886-f12c075adc64&q=%D0%B4%D0%B5%D1%82%D1%81%D0%BA%D0%B8%D0%B9+%D1%81%D0%B0%D0%B4&district_id=4504209520931533&type=branch&page=4&page_size=10&fields=items.point%2Citems.name%2Citems.address_name%2Citems.reviews HTTP/1.1" 200 133
2025-10-30 20:44:02,019 - DEBUG - [получить_детские_сады_в_районе] - Статус ответа: 200
2025-10-30 20:44:02,019 - WARNING - [получить_детские_сады_в_районе] - На странице 4 нет данных в ожидаемом формате
2025-10-30 20:44:02,520 - DEBUG - [получить_детские_сады_в_районе] - Запрос страницы 5 для района Вороново
2025-10-30 20:44:02,521 - DEBUG - [_new_conn] - Starting new HTTPS connection (1): catalog.api.2gis.com:443
2025-10-30 20:44:02,931 - DEBUG - [_make_request] - https://catalog.api.2gis.com:443 "GET /3.0/items?key=cdbda41e-e8e4-4e8d-9886-f12c075adc64&q=%D0%B4%D0%B5%D1%82%D1%81%D0%BA%D0%B8%D0%B9+%D1%81%D0%B0%D0%B4&district_id=4504209520931533&type=branch&page=5&page_size=10&fields=items.point%2Citems.name%2Citems.address_name%2Citems.reviews HTTP/1.1" 200 133
2025-10-30 20:44:02,932 - DEBUG - [получить_детские_сады_в_районе] - Статус ответа: 200
2025-10-30 20:44:02,932 - WARNING - [получить_детские_сады_в_районе] - На странице 5 нет данных в ожидаемом формате
2025-10-30 20:44:02,933 - INFO - [получить_детские_сады_в_районе] - Завершение сбора для района Вороново. Найдено детских садов: 7
2025-10-30 20:44:02,934 - INFO - [<cell line: 0>] - Район 'Вороново' завершен. Детских садов: 7
2025-10-30 20:44:03,936 - INFO - [<cell line: 0>] - [21/132] Обработка района: Восточное Дегунино
2025-10-30 20:44:03,937 - INFO - [получить_детские_сады_в_районе] - Начало сбора детских садов для района: Восточное Дегунино (ID: 4504209512726544)
2025-10-30 20:44:03,938 - DEBUG - [получить_детские_сады_в_районе] - Запрос страницы 1 для района Восточное Дегунино
2025-10-30 20:44:03,940 - DEBUG - [_new_conn] - Starting new HTTPS connection (1): catalog.api.2gis.com:443
2025-10-30 20:44:04,330 - DEBUG - [_make_request] - https://catalog.api.2gis.com:443 "GET /3.0/items?key=cdbda41e-e8e4-4e8d-9886-f12c075adc64&q=%D0%B4%D0%B5%D1%82%D1%81%D0%BA%D0%B8%D0%B9+%D1%81%D0%B0%D0%B4&district_id=4504209512726544&type=branch&page=1&page_size=10&fields=items.point%2Citems.name%2Citems.address_name%2Citems.reviews HTTP/1.1" 200 None
2025-10-30 20:44:04,330 - DEBUG - [получить_детские_сады_в_районе] - Статус ответа: 200
2025-10-30 20:44:04,331 - INFO - [получить_детские_сады_в_районе] - Загружено 10 детских садов со страницы 1
2025-10-30 20:44:04,832 - DEBUG - [получить_детские_сады_в_районе] - Запрос страницы 2 для района Восточное Дегунино
2025-10-30 20:44:04,833 - DEBUG - [_new_conn] - Starting new HTTPS connection (1): catalog.api.2gis.com:443
2025-10-30 20:44:05,310 - DEBUG - [_make_request] - https://catalog.api.2gis.com:443 "GET /3.0/items?key=cdbda41e-e8e4-4e8d-9886-f12c075adc64&q=%D0%B4%D0%B5%D1%82%D1%81%D0%BA%D0%B8%D0%B9+%D1%81%D0%B0%D0%B4&district_id=4504209512726544&type=branch&page=2&page_size=10&fields=items.point%2Citems.name%2Citems.address_name%2Citems.reviews HTTP/1.1" 200 None
2025-10-30 20:44:05,311 - DEBUG - [получить_детские_сады_в_районе] - Статус ответа: 200
2025-10-30 20:44:05,311 - INFO - [получить_детские_сады_в_районе] - Загружено 8 детских садов со страницы 2
2025-10-30 20:44:05,812 - DEBUG - [получить_детские_сады_в_районе] - Запрос страницы 3 для района Восточное Дегунино
2025-10-30 20:44:05,814 - DEBUG - [_new_conn] - Starting new HTTPS connection (1): catalog.api.2gis.com:443
2025-10-30 20:44:06,211 - DEBUG - [_make_request] - https://catalog.api.2gis.com:443 "GET /3.0/items?key=cdbda41e-e8e4-4e8d-9886-f12c075adc64&q=%D0%B4%D0%B5%D1%82%D1%81%D0%BA%D0%B8%D0%B9+%D1%81%D0%B0%D0%B4&district_id=4504209512726544&type=branch&page=3&page_size=10&fields=items.point%2Citems.name%2Citems.address_name%2Citems.reviews HTTP/1.1" 200 133
2025-10-30 20:44:06,212 - DEBUG - [получить_детские_сады_в_районе] - Статус ответа: 200
2025-10-30 20:44:06,212 - WARNING - [получить_детские_сады_в_районе] - На странице 3 нет данных в ожидаемом формате
2025-10-30 20:44:06,713 - DEBUG - [получить_детские_сады_в_районе] - Запрос страницы 4 для района Восточное Дегунино
2025-10-30 20:44:06,714 - DEBUG - [_new_conn] - Starting new HTTPS connection (1): catalog.api.2gis.com:443
2025-10-30 20:44:07,120 - DEBUG - [_make_request] - https://catalog.api.2gis.com:443 "GET /3.0/items?key=cdbda41e-e8e4-4e8d-9886-f12c075adc64&q=%D0%B4%D0%B5%D1%82%D1%81%D0%BA%D0%B8%D0%B9+%D1%81%D0%B0%D0%B4&district_id=4504209512726544&type=branch&page=4&page_size=10&fields=items.point%2Citems.name%2Citems.address_name%2Citems.reviews HTTP/1.1" 200 133
2025-10-30 20:44:07,121 - DEBUG - [получить_детские_сады_в_районе] - Статус ответа: 200
2025-10-30 20:44:07,121 - WARNING - [получить_детские_сады_в_районе] - На странице 4 нет данных в ожидаемом формате
2025-10-30 20:44:07,622 - DEBUG - [получить_детские_сады_в_районе] - Запрос страницы 5 для района Восточное Дегунино
2025-10-30 20:44:07,623 - DEBUG - [_new_conn] - Starting new HTTPS connection (1): catalog.api.2gis.com:443
2025-10-30 20:44:08,019 - DEBUG - [_make_request] - https://catalog.api.2gis.com:443 "GET /3.0/items?key=cdbda41e-e8e4-4e8d-9886-f12c075adc64&q=%D0%B4%D0%B5%D1%82%D1%81%D0%BA%D0%B8%D0%B9+%D1%81%D0%B0%D0%B4&district_id=4504209512726544&type=branch&page=5&page_size=10&fields=items.point%2Citems.name%2Citems.address_name%2Citems.reviews HTTP/1.1" 200 133
2025-10-30 20:44:08,020 - DEBUG - [получить_детские_сады_в_районе] - Статус ответа: 200
2025-10-30 20:44:08,020 - WARNING - [получить_детские_сады_в_районе] - На странице 5 нет данных в ожидаемом формате
2025-10-30 20:44:08,021 - INFO - [получить_детские_сады_в_районе] - Завершение сбора для района Восточное Дегунино. Найдено детских садов: 18
2025-10-30 20:44:08,023 - INFO - [<cell line: 0>] - Район 'Восточное Дегунино' завершен. Детских садов: 18
2025-10-30 20:44:09,024 - INFO - [<cell line: 0>] - [22/132] Обработка района: Восточное Измайлово
2025-10-30 20:44:09,025 - INFO - [получить_детские_сады_в_районе] - Начало сбора детских садов для района: Восточное Измайлово (ID: 4504209512726575)
2025-10-30 20:44:09,026 - DEBUG - [получить_детские_сады_в_районе] - Запрос страницы 1 для района Восточное Измайлово
2025-10-30 20:44:09,028 - DEBUG - [_new_conn] - Starting new HTTPS connection (1): catalog.api.2gis.com:443
2025-10-30 20:44:09,414 - DEBUG - [_make_request] - https://catalog.api.2gis.com:443 "GET /3.0/items?key=cdbda41e-e8e4-4e8d-9886-f12c075adc64&q=%D0%B4%D0%B5%D1%82%D1%81%D0%BA%D0%B8%D0%B9+%D1%81%D0%B0%D0%B4&district_id=4504209512726575&type=branch&page=1&page_size=10&fields=items.point%2Citems.name%2Citems.address_name%2Citems.reviews HTTP/1.1" 200 None
2025-10-30 20:44:09,415 - DEBUG - [получить_детские_сады_в_районе] - Статус ответа: 200
2025-10-30 20:44:09,415 - INFO - [получить_детские_сады_в_районе] - Загружено 10 детских садов со страницы 1
2025-10-30 20:44:09,916 - DEBUG - [получить_детские_сады_в_районе] - Запрос страницы 2 для района Восточное Измайлово
2025-10-30 20:44:09,918 - DEBUG - [_new_conn] - Starting new HTTPS connection (1): catalog.api.2gis.com:443
2025-10-30 20:44:10,327 - DEBUG - [_make_request] - https://catalog.api.2gis.com:443 "GET /3.0/items?key=cdbda41e-e8e4-4e8d-9886-f12c075adc64&q=%D0%B4%D0%B5%D1%82%D1%81%D0%BA%D0%B8%D0%B9+%D1%81%D0%B0%D0%B4&district_id=4504209512726575&type=branch&page=2&page_size=10&fields=items.point%2Citems.name%2Citems.address_name%2Citems.reviews HTTP/1.1" 200 None
2025-10-30 20:44:10,328 - DEBUG - [получить_детские_сады_в_районе] - Статус ответа: 200
2025-10-30 20:44:10,329 - INFO - [получить_детские_сады_в_районе] - Загружено 6 детских садов со страницы 2
2025-10-30 20:44:10,830 - DEBUG - [получить_детские_сады_в_районе] - Запрос страницы 3 для района Восточное Измайлово
2025-10-30 20:44:10,832 - DEBUG - [_new_conn] - Starting new HTTPS connection (1): catalog.api.2gis.com:443
2025-10-30 20:44:11,246 - DEBUG - [_make_request] - https://catalog.api.2gis.com:443 "GET /3.0/items?key=cdbda41e-e8e4-4e8d-9886-f12c075adc64&q=%D0%B4%D0%B5%D1%82%D1%81%D0%BA%D0%B8%D0%B9+%D1%81%D0%B0%D0%B4&district_id=4504209512726575&type=branch&page=3&page_size=10&fields=items.point%2Citems.name%2Citems.address_name%2Citems.reviews HTTP/1.1" 200 133
2025-10-30 20:44:11,248 - DEBUG - [получить_детские_сады_в_районе] - Статус ответа: 200
2025-10-30 20:44:11,248 - WARNING - [получить_детские_сады_в_районе] - На странице 3 нет данных в ожидаемом формате
2025-10-30 20:44:11,750 - DEBUG - [получить_детские_сады_в_районе] - Запрос страницы 4 для района Восточное Измайлово
2025-10-30 20:44:11,751 - DEBUG - [_new_conn] - Starting new HTTPS connection (1): catalog.api.2gis.com:443
2025-10-30 20:44:12,132 - DEBUG - [_make_request] - https://catalog.api.2gis.com:443 "GET /3.0/items?key=cdbda41e-e8e4-4e8d-9886-f12c075adc64&q=%D0%B4%D0%B5%D1%82%D1%81%D0%BA%D0%B8%D0%B9+%D1%81%D0%B0%D0%B4&district_id=4504209512726575&type=branch&page=4&page_size=10&fields=items.point%2Citems.name%2Citems.address_name%2Citems.reviews HTTP/1.1" 200 133
2025-10-30 20:44:12,133 - DEBUG - [получить_детские_сады_в_районе] - Статус ответа: 200
2025-10-30 20:44:12,134 - WARNING - [получить_детские_сады_в_районе] - На странице 4 нет данных в ожидаемом формате
2025-10-30 20:44:12,635 - DEBUG - [получить_детские_сады_в_районе] - Запрос страницы 5 для района Восточное Измайлово
2025-10-30 20:44:12,636 - DEBUG - [_new_conn] - Starting new HTTPS connection (1): catalog.api.2gis.com:443
2025-10-30 20:44:13,024 - DEBUG - [_make_request] - https://catalog.api.2gis.com:443 "GET /3.0/items?key=cdbda41e-e8e4-4e8d-9886-f12c075adc64&q=%D0%B4%D0%B5%D1%82%D1%81%D0%BA%D0%B8%D0%B9+%D1%81%D0%B0%D0%B4&district_id=4504209512726575&type=branch&page=5&page_size=10&fields=items.point%2Citems.name%2Citems.address_name%2Citems.reviews HTTP/1.1" 200 133
2025-10-30 20:44:13,025 - DEBUG - [получить_детские_сады_в_районе] - Статус ответа: 200
2025-10-30 20:44:13,025 - WARNING - [получить_детские_сады_в_районе] - На странице 5 нет данных в ожидаемом формате
2025-10-30 20:44:13,026 - INFO - [получить_детские_сады_в_районе] - Завершение сбора для района Восточное Измайлово. Найдено детских садов: 16
2025-10-30 20:44:13,028 - INFO - [<cell line: 0>] - Район 'Восточное Измайлово' завершен. Детских садов: 16
2025-10-30 20:44:14,030 - INFO - [<cell line: 0>] - [23/132] Обработка района: Восточный
2025-10-30 20:44:14,031 - INFO - [получить_детские_сады_в_районе] - Начало сбора детских садов для района: Восточный (ID: 4504209512726586)
2025-10-30 20:44:14,032 - DEBUG - [получить_детские_сады_в_районе] - Запрос страницы 1 для района Восточный
2025-10-30 20:44:14,035 - DEBUG - [_new_conn] - Starting new HTTPS connection (1): catalog.api.2gis.com:443
2025-10-30 20:44:14,434 - DEBUG - [_make_request] - https://catalog.api.2gis.com:443 "GET /3.0/items?key=cdbda41e-e8e4-4e8d-9886-f12c075adc64&q=%D0%B4%D0%B5%D1%82%D1%81%D0%BA%D0%B8%D0%B9+%D1%81%D0%B0%D0%B4&district_id=4504209512726586&type=branch&page=1&page_size=10&fields=items.point%2Citems.name%2Citems.address_name%2Citems.reviews HTTP/1.1" 200 None
2025-10-30 20:44:14,435 - DEBUG - [получить_детские_сады_в_районе] - Статус ответа: 200
2025-10-30 20:44:14,435 - INFO - [получить_детские_сады_в_районе] - Загружено 5 детских садов со страницы 1
2025-10-30 20:44:14,936 - DEBUG - [получить_детские_сады_в_районе] - Запрос страницы 2 для района Восточный
2025-10-30 20:44:14,938 - DEBUG - [_new_conn] - Starting new HTTPS connection (1): catalog.api.2gis.com:443
2025-10-30 20:44:15,338 - DEBUG - [_make_request] - https://catalog.api.2gis.com:443 "GET /3.0/items?key=cdbda41e-e8e4-4e8d-9886-f12c075adc64&q=%D0%B4%D0%B5%D1%82%D1%81%D0%BA%D0%B8%D0%B9+%D1%81%D0%B0%D0%B4&district_id=4504209512726586&type=branch&page=2&page_size=10&fields=items.point%2Citems.name%2Citems.address_name%2Citems.reviews HTTP/1.1" 200 133
2025-10-30 20:44:15,339 - DEBUG - [получить_детские_сады_в_районе] - Статус ответа: 200
2025-10-30 20:44:15,339 - WARNING - [получить_детские_сады_в_районе] - На странице 2 нет данных в ожидаемом формате
2025-10-30 20:44:15,840 - DEBUG - [получить_детские_сады_в_районе] - Запрос страницы 3 для района Восточный
2025-10-30 20:44:15,841 - DEBUG - [_new_conn] - Starting new HTTPS connection (1): catalog.api.2gis.com:443
2025-10-30 20:44:16,235 - DEBUG - [_make_request] - https://catalog.api.2gis.com:443 "GET /3.0/items?key=cdbda41e-e8e4-4e8d-9886-f12c075adc64&q=%D0%B4%D0%B5%D1%82%D1%81%D0%BA%D0%B8%D0%B9+%D1%81%D0%B0%D0%B4&district_id=4504209512726586&type=branch&page=3&page_size=10&fields=items.point%2Citems.name%2Citems.address_name%2Citems.reviews HTTP/1.1" 200 133
2025-10-30 20:44:16,236 - DEBUG - [получить_детские_сады_в_районе] - Статус ответа: 200
2025-10-30 20:44:16,236 - WARNING - [получить_детские_сады_в_районе] - На странице 3 нет данных в ожидаемом формате
2025-10-30 20:44:16,737 - DEBUG - [получить_детские_сады_в_районе] - Запрос страницы 4 для района Восточный
2025-10-30 20:44:16,738 - DEBUG - [_new_conn] - Starting new HTTPS connection (1): catalog.api.2gis.com:443
2025-10-30 20:44:17,118 - DEBUG - [_make_request] - https://catalog.api.2gis.com:443 "GET /3.0/items?key=cdbda41e-e8e4-4e8d-9886-f12c075adc64&q=%D0%B4%D0%B5%D1%82%D1%81%D0%BA%D0%B8%D0%B9+%D1%81%D0%B0%D0%B4&district_id=4504209512726586&type=branch&page=4&page_size=10&fields=items.point%2Citems.name%2Citems.address_name%2Citems.reviews HTTP/1.1" 200 133
2025-10-30 20:44:17,119 - DEBUG - [получить_детские_сады_в_районе] - Статус ответа: 200
2025-10-30 20:44:17,119 - WARNING - [получить_детские_сады_в_районе] - На странице 4 нет данных в ожидаемом формате
2025-10-30 20:44:17,620 - DEBUG - [получить_детские_сады_в_районе] - Запрос страницы 5 для района Восточный
2025-10-30 20:44:17,621 - DEBUG - [_new_conn] - Starting new HTTPS connection (1): catalog.api.2gis.com:443
2025-10-30 20:44:18,023 - DEBUG - [_make_request] - https://catalog.api.2gis.com:443 "GET /3.0/items?key=cdbda41e-e8e4-4e8d-9886-f12c075adc64&q=%D0%B4%D0%B5%D1%82%D1%81%D0%BA%D0%B8%D0%B9+%D1%81%D0%B0%D0%B4&district_id=4504209512726586&type=branch&page=5&page_size=10&fields=items.point%2Citems.name%2Citems.address_name%2Citems.reviews HTTP/1.1" 200 133
2025-10-30 20:44:18,024 - DEBUG - [получить_детские_сады_в_районе] - Статус ответа: 200
2025-10-30 20:44:18,025 - WARNING - [получить_детские_сады_в_районе] - На странице 5 нет данных в ожидаемом формате
2025-10-30 20:44:18,025 - INFO - [получить_детские_сады_в_районе] - Завершение сбора для района Восточный. Найдено детских садов: 5
2025-10-30 20:44:18,027 - INFO - [<cell line: 0>] - Район 'Восточный' завершен. Детских садов: 5
2025-10-30 20:44:19,029 - INFO - [<cell line: 0>] - [24/132] Обработка района: Выхино-Жулебино
2025-10-30 20:44:19,030 - INFO - [получить_детские_сады_в_районе] - Начало сбора детских садов для района: Выхино-Жулебино (ID: 4504209512726600)
2025-10-30 20:44:19,031 - DEBUG - [получить_детские_сады_в_районе] - Запрос страницы 1 для района Выхино-Жулебино
2025-10-30 20:44:19,032 - DEBUG - [_new_conn] - Starting new HTTPS connection (1): catalog.api.2gis.com:443
2025-10-30 20:44:19,438 - DEBUG - [_make_request] - https://catalog.api.2gis.com:443 "GET /3.0/items?key=cdbda41e-e8e4-4e8d-9886-f12c075adc64&q=%D0%B4%D0%B5%D1%82%D1%81%D0%BA%D0%B8%D0%B9+%D1%81%D0%B0%D0%B4&district_id=4504209512726600&type=branch&page=1&page_size=10&fields=items.point%2Citems.name%2Citems.address_name%2Citems.reviews HTTP/1.1" 200 None
2025-10-30 20:44:19,439 - DEBUG - [получить_детские_сады_в_районе] - Статус ответа: 200
2025-10-30 20:44:19,439 - INFO - [получить_детские_сады_в_районе] - Загружено 10 детских садов со страницы 1
2025-10-30 20:44:19,940 - DEBUG - [получить_детские_сады_в_районе] - Запрос страницы 2 для района Выхино-Жулебино
2025-10-30 20:44:19,941 - DEBUG - [_new_conn] - Starting new HTTPS connection (1): catalog.api.2gis.com:443
2025-10-30 20:44:20,341 - DEBUG - [_make_request] - https://catalog.api.2gis.com:443 "GET /3.0/items?key=cdbda41e-e8e4-4e8d-9886-f12c075adc64&q=%D0%B4%D0%B5%D1%82%D1%81%D0%BA%D0%B8%D0%B9+%D1%81%D0%B0%D0%B4&district_id=4504209512726600&type=branch&page=2&page_size=10&fields=items.point%2Citems.name%2Citems.address_name%2Citems.reviews HTTP/1.1" 200 None
2025-10-30 20:44:20,342 - DEBUG - [получить_детские_сады_в_районе] - Статус ответа: 200
2025-10-30 20:44:20,343 - INFO - [получить_детские_сады_в_районе] - Загружено 10 детских садов со страницы 2
2025-10-30 20:44:20,844 - DEBUG - [получить_детские_сады_в_районе] - Запрос страницы 3 для района Выхино-Жулебино
2025-10-30 20:44:20,845 - DEBUG - [_new_conn] - Starting new HTTPS connection (1): catalog.api.2gis.com:443
2025-10-30 20:44:21,262 - DEBUG - [_make_request] - https://catalog.api.2gis.com:443 "GET /3.0/items?key=cdbda41e-e8e4-4e8d-9886-f12c075adc64&q=%D0%B4%D0%B5%D1%82%D1%81%D0%BA%D0%B8%D0%B9+%D1%81%D0%B0%D0%B4&district_id=4504209512726600&type=branch&page=3&page_size=10&fields=items.point%2Citems.name%2Citems.address_name%2Citems.reviews HTTP/1.1" 200 None
2025-10-30 20:44:21,263 - DEBUG - [получить_детские_сады_в_районе] - Статус ответа: 200
2025-10-30 20:44:21,263 - INFO - [получить_детские_сады_в_районе] - Загружено 10 детских садов со страницы 3
2025-10-30 20:44:21,764 - DEBUG - [получить_детские_сады_в_районе] - Запрос страницы 4 для района Выхино-Жулебино
2025-10-30 20:44:21,766 - DEBUG - [_new_conn] - Starting new HTTPS connection (1): catalog.api.2gis.com:443
2025-10-30 20:44:22,180 - DEBUG - [_make_request] - https://catalog.api.2gis.com:443 "GET /3.0/items?key=cdbda41e-e8e4-4e8d-9886-f12c075adc64&q=%D0%B4%D0%B5%D1%82%D1%81%D0%BA%D0%B8%D0%B9+%D1%81%D0%B0%D0%B4&district_id=4504209512726600&type=branch&page=4&page_size=10&fields=items.point%2Citems.name%2Citems.address_name%2Citems.reviews HTTP/1.1" 200 None
2025-10-30 20:44:22,182 - DEBUG - [получить_детские_сады_в_районе] - Статус ответа: 200
2025-10-30 20:44:22,182 - INFO - [получить_детские_сады_в_районе] - Загружено 10 детских садов со страницы 4
2025-10-30 20:44:22,683 - DEBUG - [получить_детские_сады_в_районе] - Запрос страницы 5 для района Выхино-Жулебино
2025-10-30 20:44:22,685 - DEBUG - [_new_conn] - Starting new HTTPS connection (1): catalog.api.2gis.com:443
2025-10-30 20:44:23,078 - DEBUG - [_make_request] - https://catalog.api.2gis.com:443 "GET /3.0/items?key=cdbda41e-e8e4-4e8d-9886-f12c075adc64&q=%D0%B4%D0%B5%D1%82%D1%81%D0%BA%D0%B8%D0%B9+%D1%81%D0%B0%D0%B4&district_id=4504209512726600&type=branch&page=5&page_size=10&fields=items.point%2Citems.name%2Citems.address_name%2Citems.reviews HTTP/1.1" 200 None
2025-10-30 20:44:23,079 - DEBUG - [получить_детские_сады_в_районе] - Статус ответа: 200
2025-10-30 20:44:23,079 - INFO - [получить_детские_сады_в_районе] - Загружено 3 детских садов со страницы 5
2025-10-30 20:44:23,080 - INFO - [получить_детские_сады_в_районе] - Завершение сбора для района Выхино-Жулебино. Найдено детских садов: 43
2025-10-30 20:44:23,082 - INFO - [<cell line: 0>] - Район 'Выхино-Жулебино' завершен. Детских садов: 43
2025-10-30 20:44:24,083 - INFO - [<cell line: 0>] - [25/132] Обработка района: Гагаринский
2025-10-30 20:44:24,084 - INFO - [получить_детские_сады_в_районе] - Начало сбора детских садов для района: Гагаринский (ID: 4504209512726624)
2025-10-30 20:44:24,086 - DEBUG - [получить_детские_сады_в_районе] - Запрос страницы 1 для района Гагаринский
2025-10-30 20:44:24,087 - DEBUG - [_new_conn] - Starting new HTTPS connection (1): catalog.api.2gis.com:443
2025-10-30 20:44:24,516 - DEBUG - [_make_request] - https://catalog.api.2gis.com:443 "GET /3.0/items?key=cdbda41e-e8e4-4e8d-9886-f12c075adc64&q=%D0%B4%D0%B5%D1%82%D1%81%D0%BA%D0%B8%D0%B9+%D1%81%D0%B0%D0%B4&district_id=4504209512726624&type=branch&page=1&page_size=10&fields=items.point%2Citems.name%2Citems.address_name%2Citems.reviews HTTP/1.1" 200 None
2025-10-30 20:44:24,517 - DEBUG - [получить_детские_сады_в_районе] - Статус ответа: 200
2025-10-30 20:44:24,517 - INFO - [получить_детские_сады_в_районе] - Загружено 10 детских садов со страницы 1
2025-10-30 20:44:25,018 - DEBUG - [получить_детские_сады_в_районе] - Запрос страницы 2 для района Гагаринский
2025-10-30 20:44:25,019 - DEBUG - [_new_conn] - Starting new HTTPS connection (1): catalog.api.2gis.com:443
2025-10-30 20:44:25,530 - DEBUG - [_make_request] - https://catalog.api.2gis.com:443 "GET /3.0/items?key=cdbda41e-e8e4-4e8d-9886-f12c075adc64&q=%D0%B4%D0%B5%D1%82%D1%81%D0%BA%D0%B8%D0%B9+%D1%81%D0%B0%D0%B4&district_id=4504209512726624&type=branch&page=2&page_size=10&fields=items.point%2Citems.name%2Citems.address_name%2Citems.reviews HTTP/1.1" 200 None
2025-10-30 20:44:25,531 - DEBUG - [получить_детские_сады_в_районе] - Статус ответа: 200
2025-10-30 20:44:25,531 - INFO - [получить_детские_сады_в_районе] - Загружено 10 детских садов со страницы 2
2025-10-30 20:44:26,032 - DEBUG - [получить_детские_сады_в_районе] - Запрос страницы 3 для района Гагаринский
2025-10-30 20:44:26,034 - DEBUG - [_new_conn] - Starting new HTTPS connection (1): catalog.api.2gis.com:443
2025-10-30 20:44:26,449 - DEBUG - [_make_request] - https://catalog.api.2gis.com:443 "GET /3.0/items?key=cdbda41e-e8e4-4e8d-9886-f12c075adc64&q=%D0%B4%D0%B5%D1%82%D1%81%D0%BA%D0%B8%D0%B9+%D1%81%D0%B0%D0%B4&district_id=4504209512726624&type=branch&page=3&page_size=10&fields=items.point%2Citems.name%2Citems.address_name%2Citems.reviews HTTP/1.1" 200 None
2025-10-30 20:44:26,450 - DEBUG - [получить_детские_сады_в_районе] - Статус ответа: 200
2025-10-30 20:44:26,450 - INFO - [получить_детские_сады_в_районе] - Загружено 10 детских садов со страницы 3
2025-10-30 20:44:26,951 - DEBUG - [получить_детские_сады_в_районе] - Запрос страницы 4 для района Гагаринский
2025-10-30 20:44:26,952 - DEBUG - [_new_conn] - Starting new HTTPS connection (1): catalog.api.2gis.com:443
2025-10-30 20:44:27,375 - DEBUG - [_make_request] - https://catalog.api.2gis.com:443 "GET /3.0/items?key=cdbda41e-e8e4-4e8d-9886-f12c075adc64&q=%D0%B4%D0%B5%D1%82%D1%81%D0%BA%D0%B8%D0%B9+%D1%81%D0%B0%D0%B4&district_id=4504209512726624&type=branch&page=4&page_size=10&fields=items.point%2Citems.name%2Citems.address_name%2Citems.reviews HTTP/1.1" 200 None
2025-10-30 20:44:27,376 - DEBUG - [получить_детские_сады_в_районе] - Статус ответа: 200
2025-10-30 20:44:27,377 - INFO - [получить_детские_сады_в_районе] - Загружено 2 детских садов со страницы 4
2025-10-30 20:44:27,878 - DEBUG - [получить_детские_сады_в_районе] - Запрос страницы 5 для района Гагаринский
2025-10-30 20:44:27,879 - DEBUG - [_new_conn] - Starting new HTTPS connection (1): catalog.api.2gis.com:443
2025-10-30 20:44:28,275 - DEBUG - [_make_request] - https://catalog.api.2gis.com:443 "GET /3.0/items?key=cdbda41e-e8e4-4e8d-9886-f12c075adc64&q=%D0%B4%D0%B5%D1%82%D1%81%D0%BA%D0%B8%D0%B9+%D1%81%D0%B0%D0%B4&district_id=4504209512726624&type=branch&page=5&page_size=10&fields=items.point%2Citems.name%2Citems.address_name%2Citems.reviews HTTP/1.1" 200 133
2025-10-30 20:44:28,276 - DEBUG - [получить_детские_сады_в_районе] - Статус ответа: 200
2025-10-30 20:44:28,276 - WARNING - [получить_детские_сады_в_районе] - На странице 5 нет данных в ожидаемом формате
2025-10-30 20:44:28,277 - INFO - [получить_детские_сады_в_районе] - Завершение сбора для района Гагаринский. Найдено детских садов: 32
2025-10-30 20:44:28,279 - INFO - [<cell line: 0>] - Район 'Гагаринский' завершен. Детских садов: 32
2025-10-30 20:44:29,280 - INFO - [<cell line: 0>] - [26/132] Обработка района: Головинский
2025-10-30 20:44:29,281 - INFO - [получить_детские_сады_в_районе] - Начало сбора детских садов для района: Головинский (ID: 4504209512726549)
2025-10-30 20:44:29,282 - DEBUG - [получить_детские_сады_в_районе] - Запрос страницы 1 для района Головинский
2025-10-30 20:44:29,284 - DEBUG - [_new_conn] - Starting new HTTPS connection (1): catalog.api.2gis.com:443
2025-10-30 20:44:29,705 - DEBUG - [_make_request] - https://catalog.api.2gis.com:443 "GET /3.0/items?key=cdbda41e-e8e4-4e8d-9886-f12c075adc64&q=%D0%B4%D0%B5%D1%82%D1%81%D0%BA%D0%B8%D0%B9+%D1%81%D0%B0%D0%B4&district_id=4504209512726549&type=branch&page=1&page_size=10&fields=items.point%2Citems.name%2Citems.address_name%2Citems.reviews HTTP/1.1" 200 None
2025-10-30 20:44:29,706 - DEBUG - [получить_детские_сады_в_районе] - Статус ответа: 200
2025-10-30 20:44:29,706 - INFO - [получить_детские_сады_в_районе] - Загружено 10 детских садов со страницы 1
2025-10-30 20:44:30,207 - DEBUG - [получить_детские_сады_в_районе] - Запрос страницы 2 для района Головинский
2025-10-30 20:44:30,208 - DEBUG - [_new_conn] - Starting new HTTPS connection (1): catalog.api.2gis.com:443
2025-10-30 20:44:30,612 - DEBUG - [_make_request] - https://catalog.api.2gis.com:443 "GET /3.0/items?key=cdbda41e-e8e4-4e8d-9886-f12c075adc64&q=%D0%B4%D0%B5%D1%82%D1%81%D0%BA%D0%B8%D0%B9+%D1%81%D0%B0%D0%B4&district_id=4504209512726549&type=branch&page=2&page_size=10&fields=items.point%2Citems.name%2Citems.address_name%2Citems.reviews HTTP/1.1" 200 None
2025-10-30 20:44:30,613 - DEBUG - [получить_детские_сады_в_районе] - Статус ответа: 200
2025-10-30 20:44:30,613 - INFO - [получить_детские_сады_в_районе] - Загружено 10 детских садов со страницы 2
2025-10-30 20:44:31,114 - DEBUG - [получить_детские_сады_в_районе] - Запрос страницы 3 для района Головинский
2025-10-30 20:44:31,115 - DEBUG - [_new_conn] - Starting new HTTPS connection (1): catalog.api.2gis.com:443
2025-10-30 20:44:31,518 - DEBUG - [_make_request] - https://catalog.api.2gis.com:443 "GET /3.0/items?key=cdbda41e-e8e4-4e8d-9886-f12c075adc64&q=%D0%B4%D0%B5%D1%82%D1%81%D0%BA%D0%B8%D0%B9+%D1%81%D0%B0%D0%B4&district_id=4504209512726549&type=branch&page=3&page_size=10&fields=items.point%2Citems.name%2Citems.address_name%2Citems.reviews HTTP/1.1" 200 None
2025-10-30 20:44:31,519 - DEBUG - [получить_детские_сады_в_районе] - Статус ответа: 200
2025-10-30 20:44:31,519 - INFO - [получить_детские_сады_в_районе] - Загружено 1 детских садов со страницы 3
2025-10-30 20:44:32,020 - DEBUG - [получить_детские_сады_в_районе] - Запрос страницы 4 для района Головинский
2025-10-30 20:44:32,021 - DEBUG - [_new_conn] - Starting new HTTPS connection (1): catalog.api.2gis.com:443
2025-10-30 20:44:32,416 - DEBUG - [_make_request] - https://catalog.api.2gis.com:443 "GET /3.0/items?key=cdbda41e-e8e4-4e8d-9886-f12c075adc64&q=%D0%B4%D0%B5%D1%82%D1%81%D0%BA%D0%B8%D0%B9+%D1%81%D0%B0%D0%B4&district_id=4504209512726549&type=branch&page=4&page_size=10&fields=items.point%2Citems.name%2Citems.address_name%2Citems.reviews HTTP/1.1" 200 133
2025-10-30 20:44:32,417 - DEBUG - [получить_детские_сады_в_районе] - Статус ответа: 200
2025-10-30 20:44:32,417 - WARNING - [получить_детские_сады_в_районе] - На странице 4 нет данных в ожидаемом формате
2025-10-30 20:44:32,918 - DEBUG - [получить_детские_сады_в_районе] - Запрос страницы 5 для района Головинский
2025-10-30 20:44:32,920 - DEBUG - [_new_conn] - Starting new HTTPS connection (1): catalog.api.2gis.com:443
2025-10-30 20:44:33,314 - DEBUG - [_make_request] - https://catalog.api.2gis.com:443 "GET /3.0/items?key=cdbda41e-e8e4-4e8d-9886-f12c075adc64&q=%D0%B4%D0%B5%D1%82%D1%81%D0%BA%D0%B8%D0%B9+%D1%81%D0%B0%D0%B4&district_id=4504209512726549&type=branch&page=5&page_size=10&fields=items.point%2Citems.name%2Citems.address_name%2Citems.reviews HTTP/1.1" 200 133
2025-10-30 20:44:33,315 - DEBUG - [получить_детские_сады_в_районе] - Статус ответа: 200
2025-10-30 20:44:33,315 - WARNING - [получить_детские_сады_в_районе] - На странице 5 нет данных в ожидаемом формате
2025-10-30 20:44:33,316 - INFO - [получить_детские_сады_в_районе] - Завершение сбора для района Головинский. Найдено детских садов: 21
2025-10-30 20:44:33,317 - INFO - [<cell line: 0>] - Район 'Головинский' завершен. Детских садов: 21
2025-10-30 20:44:34,318 - INFO - [<cell line: 0>] - [27/132] Обработка района: Гольяново
2025-10-30 20:44:34,319 - INFO - [получить_детские_сады_в_районе] - Начало сбора детских садов для района: Гольяново (ID: 4504209512726589)
2025-10-30 20:44:34,321 - DEBUG - [получить_детские_сады_в_районе] - Запрос страницы 1 для района Гольяново
2025-10-30 20:44:34,322 - DEBUG - [_new_conn] - Starting new HTTPS connection (1): catalog.api.2gis.com:443
2025-10-30 20:44:34,732 - DEBUG - [_make_request] - https://catalog.api.2gis.com:443 "GET /3.0/items?key=cdbda41e-e8e4-4e8d-9886-f12c075adc64&q=%D0%B4%D0%B5%D1%82%D1%81%D0%BA%D0%B8%D0%B9+%D1%81%D0%B0%D0%B4&district_id=4504209512726589&type=branch&page=1&page_size=10&fields=items.point%2Citems.name%2Citems.address_name%2Citems.reviews HTTP/1.1" 200 None
2025-10-30 20:44:34,733 - DEBUG - [получить_детские_сады_в_районе] - Статус ответа: 200
2025-10-30 20:44:34,733 - INFO - [получить_детские_сады_в_районе] - Загружено 10 детских садов со страницы 1
2025-10-30 20:44:35,235 - DEBUG - [получить_детские_сады_в_районе] - Запрос страницы 2 для района Гольяново
2025-10-30 20:44:35,236 - DEBUG - [_new_conn] - Starting new HTTPS connection (1): catalog.api.2gis.com:443
2025-10-30 20:44:35,635 - DEBUG - [_make_request] - https://catalog.api.2gis.com:443 "GET /3.0/items?key=cdbda41e-e8e4-4e8d-9886-f12c075adc64&q=%D0%B4%D0%B5%D1%82%D1%81%D0%BA%D0%B8%D0%B9+%D1%81%D0%B0%D0%B4&district_id=4504209512726589&type=branch&page=2&page_size=10&fields=items.point%2Citems.name%2Citems.address_name%2Citems.reviews HTTP/1.1" 200 None
2025-10-30 20:44:35,636 - DEBUG - [получить_детские_сады_в_районе] - Статус ответа: 200
2025-10-30 20:44:35,637 - INFO - [получить_детские_сады_в_районе] - Загружено 10 детских садов со страницы 2
2025-10-30 20:44:36,138 - DEBUG - [получить_детские_сады_в_районе] - Запрос страницы 3 для района Гольяново
2025-10-30 20:44:36,139 - DEBUG - [_new_conn] - Starting new HTTPS connection (1): catalog.api.2gis.com:443
2025-10-30 20:44:36,535 - DEBUG - [_make_request] - https://catalog.api.2gis.com:443 "GET /3.0/items?key=cdbda41e-e8e4-4e8d-9886-f12c075adc64&q=%D0%B4%D0%B5%D1%82%D1%81%D0%BA%D0%B8%D0%B9+%D1%81%D0%B0%D0%B4&district_id=4504209512726589&type=branch&page=3&page_size=10&fields=items.point%2Citems.name%2Citems.address_name%2Citems.reviews HTTP/1.1" 200 None
2025-10-30 20:44:36,536 - DEBUG - [получить_детские_сады_в_районе] - Статус ответа: 200
2025-10-30 20:44:36,537 - INFO - [получить_детские_сады_в_районе] - Загружено 10 детских садов со страницы 3
2025-10-30 20:44:37,038 - DEBUG - [получить_детские_сады_в_районе] - Запрос страницы 4 для района Гольяново
2025-10-30 20:44:37,039 - DEBUG - [_new_conn] - Starting new HTTPS connection (1): catalog.api.2gis.com:443
2025-10-30 20:44:37,451 - DEBUG - [_make_request] - https://catalog.api.2gis.com:443 "GET /3.0/items?key=cdbda41e-e8e4-4e8d-9886-f12c075adc64&q=%D0%B4%D0%B5%D1%82%D1%81%D0%BA%D0%B8%D0%B9+%D1%81%D0%B0%D0%B4&district_id=4504209512726589&type=branch&page=4&page_size=10&fields=items.point%2Citems.name%2Citems.address_name%2Citems.reviews HTTP/1.1" 200 None
2025-10-30 20:44:37,452 - DEBUG - [получить_детские_сады_в_районе] - Статус ответа: 200
2025-10-30 20:44:37,452 - INFO - [получить_детские_сады_в_районе] - Загружено 10 детских садов со страницы 4
2025-10-30 20:44:37,953 - DEBUG - [получить_детские_сады_в_районе] - Запрос страницы 5 для района Гольяново
2025-10-30 20:44:37,954 - DEBUG - [_new_conn] - Starting new HTTPS connection (1): catalog.api.2gis.com:443
2025-10-30 20:44:38,342 - DEBUG - [_make_request] - https://catalog.api.2gis.com:443 "GET /3.0/items?key=cdbda41e-e8e4-4e8d-9886-f12c075adc64&q=%D0%B4%D0%B5%D1%82%D1%81%D0%BA%D0%B8%D0%B9+%D1%81%D0%B0%D0%B4&district_id=4504209512726589&type=branch&page=5&page_size=10&fields=items.point%2Citems.name%2Citems.address_name%2Citems.reviews HTTP/1.1" 200 None
2025-10-30 20:44:38,343 - DEBUG - [получить_детские_сады_в_районе] - Статус ответа: 200
2025-10-30 20:44:38,343 - INFO - [получить_детские_сады_в_районе] - Загружено 2 детских садов со страницы 5
2025-10-30 20:44:38,344 - INFO - [получить_детские_сады_в_районе] - Завершение сбора для района Гольяново. Найдено детских садов: 42
2025-10-30 20:44:38,345 - INFO - [<cell line: 0>] - Район 'Гольяново' завершен. Детских садов: 42
2025-10-30 20:44:39,347 - INFO - [<cell line: 0>] - [28/132] Обработка района: Даниловский
2025-10-30 20:44:39,348 - INFO - [получить_детские_сады_в_районе] - Начало сбора детских садов для района: Даниловский (ID: 4504209512726602)
2025-10-30 20:44:39,349 - DEBUG - [получить_детские_сады_в_районе] - Запрос страницы 1 для района Даниловский
2025-10-30 20:44:39,351 - DEBUG - [_new_conn] - Starting new HTTPS connection (1): catalog.api.2gis.com:443
2025-10-30 20:44:39,733 - DEBUG - [_make_request] - https://catalog.api.2gis.com:443 "GET /3.0/items?key=cdbda41e-e8e4-4e8d-9886-f12c075adc64&q=%D0%B4%D0%B5%D1%82%D1%81%D0%BA%D0%B8%D0%B9+%D1%81%D0%B0%D0%B4&district_id=4504209512726602&type=branch&page=1&page_size=10&fields=items.point%2Citems.name%2Citems.address_name%2Citems.reviews HTTP/1.1" 200 None
2025-10-30 20:44:39,734 - DEBUG - [получить_детские_сады_в_районе] - Статус ответа: 200
2025-10-30 20:44:39,734 - INFO - [получить_детские_сады_в_районе] - Загружено 10 детских садов со страницы 1
2025-10-30 20:44:40,235 - DEBUG - [получить_детские_сады_в_районе] - Запрос страницы 2 для района Даниловский
2025-10-30 20:44:40,236 - DEBUG - [_new_conn] - Starting new HTTPS connection (1): catalog.api.2gis.com:443
2025-10-30 20:44:40,641 - DEBUG - [_make_request] - https://catalog.api.2gis.com:443 "GET /3.0/items?key=cdbda41e-e8e4-4e8d-9886-f12c075adc64&q=%D0%B4%D0%B5%D1%82%D1%81%D0%BA%D0%B8%D0%B9+%D1%81%D0%B0%D0%B4&district_id=4504209512726602&type=branch&page=2&page_size=10&fields=items.point%2Citems.name%2Citems.address_name%2Citems.reviews HTTP/1.1" 200 None
2025-10-30 20:44:40,642 - DEBUG - [получить_детские_сады_в_районе] - Статус ответа: 200
2025-10-30 20:44:40,643 - INFO - [получить_детские_сады_в_районе] - Загружено 10 детских садов со страницы 2
2025-10-30 20:44:41,144 - DEBUG - [получить_детские_сады_в_районе] - Запрос страницы 3 для района Даниловский
2025-10-30 20:44:41,145 - DEBUG - [_new_conn] - Starting new HTTPS connection (1): catalog.api.2gis.com:443
2025-10-30 20:44:41,534 - DEBUG - [_make_request] - https://catalog.api.2gis.com:443 "GET /3.0/items?key=cdbda41e-e8e4-4e8d-9886-f12c075adc64&q=%D0%B4%D0%B5%D1%82%D1%81%D0%BA%D0%B8%D0%B9+%D1%81%D0%B0%D0%B4&district_id=4504209512726602&type=branch&page=3&page_size=10&fields=items.point%2Citems.name%2Citems.address_name%2Citems.reviews HTTP/1.1" 200 None
2025-10-30 20:44:41,535 - DEBUG - [получить_детские_сады_в_районе] - Статус ответа: 200
2025-10-30 20:44:41,536 - INFO - [получить_детские_сады_в_районе] - Загружено 10 детских садов со страницы 3
2025-10-30 20:44:42,037 - DEBUG - [получить_детские_сады_в_районе] - Запрос страницы 4 для района Даниловский
2025-10-30 20:44:42,038 - DEBUG - [_new_conn] - Starting new HTTPS connection (1): catalog.api.2gis.com:443
2025-10-30 20:44:42,430 - DEBUG - [_make_request] - https://catalog.api.2gis.com:443 "GET /3.0/items?key=cdbda41e-e8e4-4e8d-9886-f12c075adc64&q=%D0%B4%D0%B5%D1%82%D1%81%D0%BA%D0%B8%D0%B9+%D1%81%D0%B0%D0%B4&district_id=4504209512726602&type=branch&page=4&page_size=10&fields=items.point%2Citems.name%2Citems.address_name%2Citems.reviews HTTP/1.1" 200 None
2025-10-30 20:44:42,431 - DEBUG - [получить_детские_сады_в_районе] - Статус ответа: 200
2025-10-30 20:44:42,431 - INFO - [получить_детские_сады_в_районе] - Загружено 9 детских садов со страницы 4
2025-10-30 20:44:42,933 - DEBUG - [получить_детские_сады_в_районе] - Запрос страницы 5 для района Даниловский
2025-10-30 20:44:42,934 - DEBUG - [_new_conn] - Starting new HTTPS connection (1): catalog.api.2gis.com:443
2025-10-30 20:44:43,321 - DEBUG - [_make_request] - https://catalog.api.2gis.com:443 "GET /3.0/items?key=cdbda41e-e8e4-4e8d-9886-f12c075adc64&q=%D0%B4%D0%B5%D1%82%D1%81%D0%BA%D0%B8%D0%B9+%D1%81%D0%B0%D0%B4&district_id=4504209512726602&type=branch&page=5&page_size=10&fields=items.point%2Citems.name%2Citems.address_name%2Citems.reviews HTTP/1.1" 200 133
2025-10-30 20:44:43,322 - DEBUG - [получить_детские_сады_в_районе] - Статус ответа: 200
2025-10-30 20:44:43,322 - WARNING - [получить_детские_сады_в_районе] - На странице 5 нет данных в ожидаемом формате
2025-10-30 20:44:43,323 - INFO - [получить_детские_сады_в_районе] - Завершение сбора для района Даниловский. Найдено детских садов: 39
2025-10-30 20:44:43,324 - INFO - [<cell line: 0>] - Район 'Даниловский' завершен. Детских садов: 39
2025-10-30 20:44:44,328 - INFO - [<cell line: 0>] - [29/132] Обработка района: Дмитровский
2025-10-30 20:44:44,329 - INFO - [получить_детские_сады_в_районе] - Начало сбора детских садов для района: Дмитровский (ID: 4504209512726545)
2025-10-30 20:44:44,331 - DEBUG - [получить_детские_сады_в_районе] - Запрос страницы 1 для района Дмитровский
2025-10-30 20:44:44,333 - DEBUG - [_new_conn] - Starting new HTTPS connection (1): catalog.api.2gis.com:443
2025-10-30 20:44:44,730 - DEBUG - [_make_request] - https://catalog.api.2gis.com:443 "GET /3.0/items?key=cdbda41e-e8e4-4e8d-9886-f12c075adc64&q=%D0%B4%D0%B5%D1%82%D1%81%D0%BA%D0%B8%D0%B9+%D1%81%D0%B0%D0%B4&district_id=4504209512726545&type=branch&page=1&page_size=10&fields=items.point%2Citems.name%2Citems.address_name%2Citems.reviews HTTP/1.1" 200 None
2025-10-30 20:44:44,731 - DEBUG - [получить_детские_сады_в_районе] - Статус ответа: 200
2025-10-30 20:44:44,731 - INFO - [получить_детские_сады_в_районе] - Загружено 10 детских садов со страницы 1
2025-10-30 20:44:45,232 - DEBUG - [получить_детские_сады_в_районе] - Запрос страницы 2 для района Дмитровский
2025-10-30 20:44:45,234 - DEBUG - [_new_conn] - Starting new HTTPS connection (1): catalog.api.2gis.com:443
2025-10-30 20:44:45,659 - DEBUG - [_make_request] - https://catalog.api.2gis.com:443 "GET /3.0/items?key=cdbda41e-e8e4-4e8d-9886-f12c075adc64&q=%D0%B4%D0%B5%D1%82%D1%81%D0%BA%D0%B8%D0%B9+%D1%81%D0%B0%D0%B4&district_id=4504209512726545&type=branch&page=2&page_size=10&fields=items.point%2Citems.name%2Citems.address_name%2Citems.reviews HTTP/1.1" 200 None
2025-10-30 20:44:45,661 - DEBUG - [получить_детские_сады_в_районе] - Статус ответа: 200
2025-10-30 20:44:45,661 - INFO - [получить_детские_сады_в_районе] - Загружено 10 детских садов со страницы 2
2025-10-30 20:44:46,162 - DEBUG - [получить_детские_сады_в_районе] - Запрос страницы 3 для района Дмитровский
2025-10-30 20:44:46,164 - DEBUG - [_new_conn] - Starting new HTTPS connection (1): catalog.api.2gis.com:443
2025-10-30 20:44:46,551 - DEBUG - [_make_request] - https://catalog.api.2gis.com:443 "GET /3.0/items?key=cdbda41e-e8e4-4e8d-9886-f12c075adc64&q=%D0%B4%D0%B5%D1%82%D1%81%D0%BA%D0%B8%D0%B9+%D1%81%D0%B0%D0%B4&district_id=4504209512726545&type=branch&page=3&page_size=10&fields=items.point%2Citems.name%2Citems.address_name%2Citems.reviews HTTP/1.1" 200 None
2025-10-30 20:44:46,552 - DEBUG - [получить_детские_сады_в_районе] - Статус ответа: 200
2025-10-30 20:44:46,552 - INFO - [получить_детские_сады_в_районе] - Загружено 4 детских садов со страницы 3
2025-10-30 20:44:47,053 - DEBUG - [получить_детские_сады_в_районе] - Запрос страницы 4 для района Дмитровский
2025-10-30 20:44:47,055 - DEBUG - [_new_conn] - Starting new HTTPS connection (1): catalog.api.2gis.com:443
2025-10-30 20:44:47,455 - DEBUG - [_make_request] - https://catalog.api.2gis.com:443 "GET /3.0/items?key=cdbda41e-e8e4-4e8d-9886-f12c075adc64&q=%D0%B4%D0%B5%D1%82%D1%81%D0%BA%D0%B8%D0%B9+%D1%81%D0%B0%D0%B4&district_id=4504209512726545&type=branch&page=4&page_size=10&fields=items.point%2Citems.name%2Citems.address_name%2Citems.reviews HTTP/1.1" 200 133
2025-10-30 20:44:47,456 - DEBUG - [получить_детские_сады_в_районе] - Статус ответа: 200
2025-10-30 20:44:47,456 - WARNING - [получить_детские_сады_в_районе] - На странице 4 нет данных в ожидаемом формате
2025-10-30 20:44:47,957 - DEBUG - [получить_детские_сады_в_районе] - Запрос страницы 5 для района Дмитровский
2025-10-30 20:44:47,958 - DEBUG - [_new_conn] - Starting new HTTPS connection (1): catalog.api.2gis.com:443
2025-10-30 20:44:48,343 - DEBUG - [_make_request] - https://catalog.api.2gis.com:443 "GET /3.0/items?key=cdbda41e-e8e4-4e8d-9886-f12c075adc64&q=%D0%B4%D0%B5%D1%82%D1%81%D0%BA%D0%B8%D0%B9+%D1%81%D0%B0%D0%B4&district_id=4504209512726545&type=branch&page=5&page_size=10&fields=items.point%2Citems.name%2Citems.address_name%2Citems.reviews HTTP/1.1" 200 133
2025-10-30 20:44:48,344 - DEBUG - [получить_детские_сады_в_районе] - Статус ответа: 200
2025-10-30 20:44:48,344 - WARNING - [получить_детские_сады_в_районе] - На странице 5 нет данных в ожидаемом формате
2025-10-30 20:44:48,345 - INFO - [получить_детские_сады_в_районе] - Завершение сбора для района Дмитровский. Найдено детских садов: 24
2025-10-30 20:44:48,346 - INFO - [<cell line: 0>] - Район 'Дмитровский' завершен. Детских садов: 24
2025-10-30 20:44:49,348 - INFO - [<cell line: 0>] - [30/132] Обработка района: Донской
2025-10-30 20:44:49,350 - INFO - [получить_детские_сады_в_районе] - Начало сбора детских садов для района: Донской (ID: 4504209512726605)
2025-10-30 20:44:49,351 - DEBUG - [получить_детские_сады_в_районе] - Запрос страницы 1 для района Донской
2025-10-30 20:44:49,354 - DEBUG - [_new_conn] - Starting new HTTPS connection (1): catalog.api.2gis.com:443
2025-10-30 20:44:49,759 - DEBUG - [_make_request] - https://catalog.api.2gis.com:443 "GET /3.0/items?key=cdbda41e-e8e4-4e8d-9886-f12c075adc64&q=%D0%B4%D0%B5%D1%82%D1%81%D0%BA%D0%B8%D0%B9+%D1%81%D0%B0%D0%B4&district_id=4504209512726605&type=branch&page=1&page_size=10&fields=items.point%2Citems.name%2Citems.address_name%2Citems.reviews HTTP/1.1" 200 None
2025-10-30 20:44:49,760 - DEBUG - [получить_детские_сады_в_районе] - Статус ответа: 200
2025-10-30 20:44:49,760 - INFO - [получить_детские_сады_в_районе] - Загружено 8 детских садов со страницы 1
2025-10-30 20:44:50,261 - DEBUG - [получить_детские_сады_в_районе] - Запрос страницы 2 для района Донской
2025-10-30 20:44:50,263 - DEBUG - [_new_conn] - Starting new HTTPS connection (1): catalog.api.2gis.com:443
2025-10-30 20:44:50,642 - DEBUG - [_make_request] - https://catalog.api.2gis.com:443 "GET /3.0/items?key=cdbda41e-e8e4-4e8d-9886-f12c075adc64&q=%D0%B4%D0%B5%D1%82%D1%81%D0%BA%D0%B8%D0%B9+%D1%81%D0%B0%D0%B4&district_id=4504209512726605&type=branch&page=2&page_size=10&fields=items.point%2Citems.name%2Citems.address_name%2Citems.reviews HTTP/1.1" 200 133
2025-10-30 20:44:50,643 - DEBUG - [получить_детские_сады_в_районе] - Статус ответа: 200
2025-10-30 20:44:50,644 - WARNING - [получить_детские_сады_в_районе] - На странице 2 нет данных в ожидаемом формате
2025-10-30 20:44:51,147 - DEBUG - [получить_детские_сады_в_районе] - Запрос страницы 3 для района Донской
2025-10-30 20:44:51,149 - DEBUG - [_new_conn] - Starting new HTTPS connection (1): catalog.api.2gis.com:443
2025-10-30 20:44:51,536 - DEBUG - [_make_request] - https://catalog.api.2gis.com:443 "GET /3.0/items?key=cdbda41e-e8e4-4e8d-9886-f12c075adc64&q=%D0%B4%D0%B5%D1%82%D1%81%D0%BA%D0%B8%D0%B9+%D1%81%D0%B0%D0%B4&district_id=4504209512726605&type=branch&page=3&page_size=10&fields=items.point%2Citems.name%2Citems.address_name%2Citems.reviews HTTP/1.1" 200 133
2025-10-30 20:44:51,537 - DEBUG - [получить_детские_сады_в_районе] - Статус ответа: 200
2025-10-30 20:44:51,537 - WARNING - [получить_детские_сады_в_районе] - На странице 3 нет данных в ожидаемом формате
2025-10-30 20:44:52,038 - DEBUG - [получить_детские_сады_в_районе] - Запрос страницы 4 для района Донской
2025-10-30 20:44:52,039 - DEBUG - [_new_conn] - Starting new HTTPS connection (1): catalog.api.2gis.com:443
2025-10-30 20:44:52,435 - DEBUG - [_make_request] - https://catalog.api.2gis.com:443 "GET /3.0/items?key=cdbda41e-e8e4-4e8d-9886-f12c075adc64&q=%D0%B4%D0%B5%D1%82%D1%81%D0%BA%D0%B8%D0%B9+%D1%81%D0%B0%D0%B4&district_id=4504209512726605&type=branch&page=4&page_size=10&fields=items.point%2Citems.name%2Citems.address_name%2Citems.reviews HTTP/1.1" 200 133
2025-10-30 20:44:52,436 - DEBUG - [получить_детские_сады_в_районе] - Статус ответа: 200
2025-10-30 20:44:52,436 - WARNING - [получить_детские_сады_в_районе] - На странице 4 нет данных в ожидаемом формате
2025-10-30 20:44:52,937 - DEBUG - [получить_детские_сады_в_районе] - Запрос страницы 5 для района Донской
2025-10-30 20:44:52,939 - DEBUG - [_new_conn] - Starting new HTTPS connection (1): catalog.api.2gis.com:443
2025-10-30 20:44:53,328 - DEBUG - [_make_request] - https://catalog.api.2gis.com:443 "GET /3.0/items?key=cdbda41e-e8e4-4e8d-9886-f12c075adc64&q=%D0%B4%D0%B5%D1%82%D1%81%D0%BA%D0%B8%D0%B9+%D1%81%D0%B0%D0%B4&district_id=4504209512726605&type=branch&page=5&page_size=10&fields=items.point%2Citems.name%2Citems.address_name%2Citems.reviews HTTP/1.1" 200 133
2025-10-30 20:44:53,329 - DEBUG - [получить_детские_сады_в_районе] - Статус ответа: 200
2025-10-30 20:44:53,330 - WARNING - [получить_детские_сады_в_районе] - На странице 5 нет данных в ожидаемом формате
2025-10-30 20:44:53,330 - INFO - [получить_детские_сады_в_районе] - Завершение сбора для района Донской. Найдено детских садов: 8
2025-10-30 20:44:53,332 - INFO - [<cell line: 0>] - Район 'Донской' завершен. Детских садов: 8
2025-10-30 20:44:54,334 - INFO - [<cell line: 0>] - [31/132] Обработка района: Дорогомилово
2025-10-30 20:44:54,335 - INFO - [получить_детские_сады_в_районе] - Начало сбора детских садов для района: Дорогомилово (ID: 4504209512726637)
2025-10-30 20:44:54,337 - DEBUG - [получить_детские_сады_в_районе] - Запрос страницы 1 для района Дорогомилово
2025-10-30 20:44:54,339 - DEBUG - [_new_conn] - Starting new HTTPS connection (1): catalog.api.2gis.com:443
2025-10-30 20:44:54,960 - DEBUG - [_make_request] - https://catalog.api.2gis.com:443 "GET /3.0/items?key=cdbda41e-e8e4-4e8d-9886-f12c075adc64&q=%D0%B4%D0%B5%D1%82%D1%81%D0%BA%D0%B8%D0%B9+%D1%81%D0%B0%D0%B4&district_id=4504209512726637&type=branch&page=1&page_size=10&fields=items.point%2Citems.name%2Citems.address_name%2Citems.reviews HTTP/1.1" 200 None
2025-10-30 20:44:54,961 - DEBUG - [получить_детские_сады_в_районе] - Статус ответа: 200
2025-10-30 20:44:54,961 - INFO - [получить_детские_сады_в_районе] - Загружено 10 детских садов со страницы 1
2025-10-30 20:44:55,462 - DEBUG - [получить_детские_сады_в_районе] - Запрос страницы 2 для района Дорогомилово
2025-10-30 20:44:55,463 - DEBUG - [_new_conn] - Starting new HTTPS connection (1): catalog.api.2gis.com:443
2025-10-30 20:44:55,967 - DEBUG - [_make_request] - https://catalog.api.2gis.com:443 "GET /3.0/items?key=cdbda41e-e8e4-4e8d-9886-f12c075adc64&q=%D0%B4%D0%B5%D1%82%D1%81%D0%BA%D0%B8%D0%B9+%D1%81%D0%B0%D0%B4&district_id=4504209512726637&type=branch&page=2&page_size=10&fields=items.point%2Citems.name%2Citems.address_name%2Citems.reviews HTTP/1.1" 200 None
2025-10-30 20:44:55,968 - DEBUG - [получить_детские_сады_в_районе] - Статус ответа: 200
2025-10-30 20:44:55,968 - INFO - [получить_детские_сады_в_районе] - Загружено 4 детских садов со страницы 2
2025-10-30 20:44:56,469 - DEBUG - [получить_детские_сады_в_районе] - Запрос страницы 3 для района Дорогомилово
2025-10-30 20:44:56,471 - DEBUG - [_new_conn] - Starting new HTTPS connection (1): catalog.api.2gis.com:443
2025-10-30 20:44:56,857 - DEBUG - [_make_request] - https://catalog.api.2gis.com:443 "GET /3.0/items?key=cdbda41e-e8e4-4e8d-9886-f12c075adc64&q=%D0%B4%D0%B5%D1%82%D1%81%D0%BA%D0%B8%D0%B9+%D1%81%D0%B0%D0%B4&district_id=4504209512726637&type=branch&page=3&page_size=10&fields=items.point%2Citems.name%2Citems.address_name%2Citems.reviews HTTP/1.1" 200 133
2025-10-30 20:44:56,858 - DEBUG - [получить_детские_сады_в_районе] - Статус ответа: 200
2025-10-30 20:44:56,859 - WARNING - [получить_детские_сады_в_районе] - На странице 3 нет данных в ожидаемом формате
2025-10-30 20:44:57,360 - DEBUG - [получить_детские_сады_в_районе] - Запрос страницы 4 для района Дорогомилово
2025-10-30 20:44:57,362 - DEBUG - [_new_conn] - Starting new HTTPS connection (1): catalog.api.2gis.com:443
2025-10-30 20:44:57,761 - DEBUG - [_make_request] - https://catalog.api.2gis.com:443 "GET /3.0/items?key=cdbda41e-e8e4-4e8d-9886-f12c075adc64&q=%D0%B4%D0%B5%D1%82%D1%81%D0%BA%D0%B8%D0%B9+%D1%81%D0%B0%D0%B4&district_id=4504209512726637&type=branch&page=4&page_size=10&fields=items.point%2Citems.name%2Citems.address_name%2Citems.reviews HTTP/1.1" 200 133
2025-10-30 20:44:57,762 - DEBUG - [получить_детские_сады_в_районе] - Статус ответа: 200
2025-10-30 20:44:57,763 - WARNING - [получить_детские_сады_в_районе] - На странице 4 нет данных в ожидаемом формате
2025-10-30 20:44:58,264 - DEBUG - [получить_детские_сады_в_районе] - Запрос страницы 5 для района Дорогомилово
2025-10-30 20:44:58,265 - DEBUG - [_new_conn] - Starting new HTTPS connection (1): catalog.api.2gis.com:443
2025-10-30 20:44:58,681 - DEBUG - [_make_request] - https://catalog.api.2gis.com:443 "GET /3.0/items?key=cdbda41e-e8e4-4e8d-9886-f12c075adc64&q=%D0%B4%D0%B5%D1%82%D1%81%D0%BA%D0%B8%D0%B9+%D1%81%D0%B0%D0%B4&district_id=4504209512726637&type=branch&page=5&page_size=10&fields=items.point%2Citems.name%2Citems.address_name%2Citems.reviews HTTP/1.1" 200 133
2025-10-30 20:44:58,682 - DEBUG - [получить_детские_сады_в_районе] - Статус ответа: 200
2025-10-30 20:44:58,682 - WARNING - [получить_детские_сады_в_районе] - На странице 5 нет данных в ожидаемом формате
2025-10-30 20:44:58,683 - INFO - [получить_детские_сады_в_районе] - Завершение сбора для района Дорогомилово. Найдено детских садов: 14
2025-10-30 20:44:58,684 - INFO - [<cell line: 0>] - Район 'Дорогомилово' завершен. Детских садов: 14
2025-10-30 20:44:59,686 - INFO - [<cell line: 0>] - [32/132] Обработка района: Замоскворечье
2025-10-30 20:44:59,686 - INFO - [получить_детские_сады_в_районе] - Начало сбора детских садов для района: Замоскворечье (ID: 4504209512726532)
2025-10-30 20:44:59,687 - DEBUG - [получить_детские_сады_в_районе] - Запрос страницы 1 для района Замоскворечье
2025-10-30 20:44:59,689 - DEBUG - [_new_conn] - Starting new HTTPS connection (1): catalog.api.2gis.com:443
2025-10-30 20:45:00,088 - DEBUG - [_make_request] - https://catalog.api.2gis.com:443 "GET /3.0/items?key=cdbda41e-e8e4-4e8d-9886-f12c075adc64&q=%D0%B4%D0%B5%D1%82%D1%81%D0%BA%D0%B8%D0%B9+%D1%81%D0%B0%D0%B4&district_id=4504209512726532&type=branch&page=1&page_size=10&fields=items.point%2Citems.name%2Citems.address_name%2Citems.reviews HTTP/1.1" 200 None
2025-10-30 20:45:00,089 - DEBUG - [получить_детские_сады_в_районе] - Статус ответа: 200
2025-10-30 20:45:00,089 - INFO - [получить_детские_сады_в_районе] - Загружено 10 детских садов со страницы 1
2025-10-30 20:45:00,590 - DEBUG - [получить_детские_сады_в_районе] - Запрос страницы 2 для района Замоскворечье
2025-10-30 20:45:00,591 - DEBUG - [_new_conn] - Starting new HTTPS connection (1): catalog.api.2gis.com:443
2025-10-30 20:45:00,974 - DEBUG - [_make_request] - https://catalog.api.2gis.com:443 "GET /3.0/items?key=cdbda41e-e8e4-4e8d-9886-f12c075adc64&q=%D0%B4%D0%B5%D1%82%D1%81%D0%BA%D0%B8%D0%B9+%D1%81%D0%B0%D0%B4&district_id=4504209512726532&type=branch&page=2&page_size=10&fields=items.point%2Citems.name%2Citems.address_name%2Citems.reviews HTTP/1.1" 200 None
2025-10-30 20:45:00,975 - DEBUG - [получить_детские_сады_в_районе] - Статус ответа: 200
2025-10-30 20:45:00,975 - INFO - [получить_детские_сады_в_районе] - Загружено 7 детских садов со страницы 2
2025-10-30 20:45:01,476 - DEBUG - [получить_детские_сады_в_районе] - Запрос страницы 3 для района Замоскворечье
2025-10-30 20:45:01,477 - DEBUG - [_new_conn] - Starting new HTTPS connection (1): catalog.api.2gis.com:443
2025-10-30 20:45:01,857 - DEBUG - [_make_request] - https://catalog.api.2gis.com:443 "GET /3.0/items?key=cdbda41e-e8e4-4e8d-9886-f12c075adc64&q=%D0%B4%D0%B5%D1%82%D1%81%D0%BA%D0%B8%D0%B9+%D1%81%D0%B0%D0%B4&district_id=4504209512726532&type=branch&page=3&page_size=10&fields=items.point%2Citems.name%2Citems.address_name%2Citems.reviews HTTP/1.1" 200 133
2025-10-30 20:45:01,858 - DEBUG - [получить_детские_сады_в_районе] - Статус ответа: 200
2025-10-30 20:45:01,859 - WARNING - [получить_детские_сады_в_районе] - На странице 3 нет данных в ожидаемом формате
2025-10-30 20:45:02,360 - DEBUG - [получить_детские_сады_в_районе] - Запрос страницы 4 для района Замоскворечье
2025-10-30 20:45:02,361 - DEBUG - [_new_conn] - Starting new HTTPS connection (1): catalog.api.2gis.com:443
2025-10-30 20:45:02,799 - DEBUG - [_make_request] - https://catalog.api.2gis.com:443 "GET /3.0/items?key=cdbda41e-e8e4-4e8d-9886-f12c075adc64&q=%D0%B4%D0%B5%D1%82%D1%81%D0%BA%D0%B8%D0%B9+%D1%81%D0%B0%D0%B4&district_id=4504209512726532&type=branch&page=4&page_size=10&fields=items.point%2Citems.name%2Citems.address_name%2Citems.reviews HTTP/1.1" 200 133
2025-10-30 20:45:02,800 - DEBUG - [получить_детские_сады_в_районе] - Статус ответа: 200
2025-10-30 20:45:02,800 - WARNING - [получить_детские_сады_в_районе] - На странице 4 нет данных в ожидаемом формате
2025-10-30 20:45:03,301 - DEBUG - [получить_детские_сады_в_районе] - Запрос страницы 5 для района Замоскворечье
2025-10-30 20:45:03,302 - DEBUG - [_new_conn] - Starting new HTTPS connection (1): catalog.api.2gis.com:443
2025-10-30 20:45:03,677 - DEBUG - [_make_request] - https://catalog.api.2gis.com:443 "GET /3.0/items?key=cdbda41e-e8e4-4e8d-9886-f12c075adc64&q=%D0%B4%D0%B5%D1%82%D1%81%D0%BA%D0%B8%D0%B9+%D1%81%D0%B0%D0%B4&district_id=4504209512726532&type=branch&page=5&page_size=10&fields=items.point%2Citems.name%2Citems.address_name%2Citems.reviews HTTP/1.1" 200 133
2025-10-30 20:45:03,678 - DEBUG - [получить_детские_сады_в_районе] - Статус ответа: 200
2025-10-30 20:45:03,678 - WARNING - [получить_детские_сады_в_районе] - На странице 5 нет данных в ожидаемом формате
2025-10-30 20:45:03,679 - INFO - [получить_детские_сады_в_районе] - Завершение сбора для района Замоскворечье. Найдено детских садов: 17
2025-10-30 20:45:03,681 - INFO - [<cell line: 0>] - Район 'Замоскворечье' завершен. Детских садов: 17
2025-10-30 20:45:04,682 - INFO - [<cell line: 0>] - [33/132] Обработка района: Западное Дегунино
2025-10-30 20:45:04,683 - INFO - [получить_детские_сады_в_районе] - Начало сбора детских садов для района: Западное Дегунино (ID: 4504209512726546)
2025-10-30 20:45:04,685 - DEBUG - [получить_детские_сады_в_районе] - Запрос страницы 1 для района Западное Дегунино
2025-10-30 20:45:04,688 - DEBUG - [_new_conn] - Starting new HTTPS connection (1): catalog.api.2gis.com:443
2025-10-30 20:45:05,091 - DEBUG - [_make_request] - https://catalog.api.2gis.com:443 "GET /3.0/items?key=cdbda41e-e8e4-4e8d-9886-f12c075adc64&q=%D0%B4%D0%B5%D1%82%D1%81%D0%BA%D0%B8%D0%B9+%D1%81%D0%B0%D0%B4&district_id=4504209512726546&type=branch&page=1&page_size=10&fields=items.point%2Citems.name%2Citems.address_name%2Citems.reviews HTTP/1.1" 200 None
2025-10-30 20:45:05,091 - DEBUG - [получить_детские_сады_в_районе] - Статус ответа: 200
2025-10-30 20:45:05,092 - INFO - [получить_детские_сады_в_районе] - Загружено 10 детских садов со страницы 1
2025-10-30 20:45:05,593 - DEBUG - [получить_детские_сады_в_районе] - Запрос страницы 2 для района Западное Дегунино
2025-10-30 20:45:05,594 - DEBUG - [_new_conn] - Starting new HTTPS connection (1): catalog.api.2gis.com:443
2025-10-30 20:45:06,003 - DEBUG - [_make_request] - https://catalog.api.2gis.com:443 "GET /3.0/items?key=cdbda41e-e8e4-4e8d-9886-f12c075adc64&q=%D0%B4%D0%B5%D1%82%D1%81%D0%BA%D0%B8%D0%B9+%D1%81%D0%B0%D0%B4&district_id=4504209512726546&type=branch&page=2&page_size=10&fields=items.point%2Citems.name%2Citems.address_name%2Citems.reviews HTTP/1.1" 200 None
2025-10-30 20:45:06,004 - DEBUG - [получить_детские_сады_в_районе] - Статус ответа: 200
2025-10-30 20:45:06,004 - INFO - [получить_детские_сады_в_районе] - Загружено 10 детских садов со страницы 2
2025-10-30 20:45:06,505 - DEBUG - [получить_детские_сады_в_районе] - Запрос страницы 3 для района Западное Дегунино
2025-10-30 20:45:06,506 - DEBUG - [_new_conn] - Starting new HTTPS connection (1): catalog.api.2gis.com:443
2025-10-30 20:45:06,915 - DEBUG - [_make_request] - https://catalog.api.2gis.com:443 "GET /3.0/items?key=cdbda41e-e8e4-4e8d-9886-f12c075adc64&q=%D0%B4%D0%B5%D1%82%D1%81%D0%BA%D0%B8%D0%B9+%D1%81%D0%B0%D0%B4&district_id=4504209512726546&type=branch&page=3&page_size=10&fields=items.point%2Citems.name%2Citems.address_name%2Citems.reviews HTTP/1.1" 200 None
2025-10-30 20:45:06,917 - DEBUG - [получить_детские_сады_в_районе] - Статус ответа: 200
2025-10-30 20:45:06,917 - INFO - [получить_детские_сады_в_районе] - Загружено 7 детских садов со страницы 3
2025-10-30 20:45:07,418 - DEBUG - [получить_детские_сады_в_районе] - Запрос страницы 4 для района Западное Дегунино
2025-10-30 20:45:07,419 - DEBUG - [_new_conn] - Starting new HTTPS connection (1): catalog.api.2gis.com:443
2025-10-30 20:45:07,821 - DEBUG - [_make_request] - https://catalog.api.2gis.com:443 "GET /3.0/items?key=cdbda41e-e8e4-4e8d-9886-f12c075adc64&q=%D0%B4%D0%B5%D1%82%D1%81%D0%BA%D0%B8%D0%B9+%D1%81%D0%B0%D0%B4&district_id=4504209512726546&type=branch&page=4&page_size=10&fields=items.point%2Citems.name%2Citems.address_name%2Citems.reviews HTTP/1.1" 200 133
2025-10-30 20:45:07,822 - DEBUG - [получить_детские_сады_в_районе] - Статус ответа: 200
2025-10-30 20:45:07,822 - WARNING - [получить_детские_сады_в_районе] - На странице 4 нет данных в ожидаемом формате
2025-10-30 20:45:08,323 - DEBUG - [получить_детские_сады_в_районе] - Запрос страницы 5 для района Западное Дегунино
2025-10-30 20:45:08,325 - DEBUG - [_new_conn] - Starting new HTTPS connection (1): catalog.api.2gis.com:443
2025-10-30 20:45:08,720 - DEBUG - [_make_request] - https://catalog.api.2gis.com:443 "GET /3.0/items?key=cdbda41e-e8e4-4e8d-9886-f12c075adc64&q=%D0%B4%D0%B5%D1%82%D1%81%D0%BA%D0%B8%D0%B9+%D1%81%D0%B0%D0%B4&district_id=4504209512726546&type=branch&page=5&page_size=10&fields=items.point%2Citems.name%2Citems.address_name%2Citems.reviews HTTP/1.1" 200 133
2025-10-30 20:45:08,721 - DEBUG - [получить_детские_сады_в_районе] - Статус ответа: 200
2025-10-30 20:45:08,721 - WARNING - [получить_детские_сады_в_районе] - На странице 5 нет данных в ожидаемом формате
2025-10-30 20:45:08,722 - INFO - [получить_детские_сады_в_районе] - Завершение сбора для района Западное Дегунино. Найдено детских садов: 27
2025-10-30 20:45:08,724 - INFO - [<cell line: 0>] - Район 'Западное Дегунино' завершен. Детских садов: 27
2025-10-30 20:45:09,726 - INFO - [<cell line: 0>] - [34/132] Обработка района: Зюзино
2025-10-30 20:45:09,727 - INFO - [получить_детские_сады_в_районе] - Начало сбора детских садов для района: Зюзино (ID: 4504209512726628)
2025-10-30 20:45:09,729 - DEBUG - [получить_детские_сады_в_районе] - Запрос страницы 1 для района Зюзино
2025-10-30 20:45:09,732 - DEBUG - [_new_conn] - Starting new HTTPS connection (1): catalog.api.2gis.com:443
2025-10-30 20:45:10,171 - DEBUG - [_make_request] - https://catalog.api.2gis.com:443 "GET /3.0/items?key=cdbda41e-e8e4-4e8d-9886-f12c075adc64&q=%D0%B4%D0%B5%D1%82%D1%81%D0%BA%D0%B8%D0%B9+%D1%81%D0%B0%D0%B4&district_id=4504209512726628&type=branch&page=1&page_size=10&fields=items.point%2Citems.name%2Citems.address_name%2Citems.reviews HTTP/1.1" 200 None
2025-10-30 20:45:10,172 - DEBUG - [получить_детские_сады_в_районе] - Статус ответа: 200
2025-10-30 20:45:10,172 - INFO - [получить_детские_сады_в_районе] - Загружено 10 детских садов со страницы 1
2025-10-30 20:45:10,673 - DEBUG - [получить_детские_сады_в_районе] - Запрос страницы 2 для района Зюзино
2025-10-30 20:45:10,674 - DEBUG - [_new_conn] - Starting new HTTPS connection (1): catalog.api.2gis.com:443
2025-10-30 20:45:11,072 - DEBUG - [_make_request] - https://catalog.api.2gis.com:443 "GET /3.0/items?key=cdbda41e-e8e4-4e8d-9886-f12c075adc64&q=%D0%B4%D0%B5%D1%82%D1%81%D0%BA%D0%B8%D0%B9+%D1%81%D0%B0%D0%B4&district_id=4504209512726628&type=branch&page=2&page_size=10&fields=items.point%2Citems.name%2Citems.address_name%2Citems.reviews HTTP/1.1" 200 None
2025-10-30 20:45:11,073 - DEBUG - [получить_детские_сады_в_районе] - Статус ответа: 200
2025-10-30 20:45:11,073 - INFO - [получить_детские_сады_в_районе] - Загружено 10 детских садов со страницы 2
2025-10-30 20:45:11,574 - DEBUG - [получить_детские_сады_в_районе] - Запрос страницы 3 для района Зюзино
2025-10-30 20:45:11,576 - DEBUG - [_new_conn] - Starting new HTTPS connection (1): catalog.api.2gis.com:443
2025-10-30 20:45:11,980 - DEBUG - [_make_request] - https://catalog.api.2gis.com:443 "GET /3.0/items?key=cdbda41e-e8e4-4e8d-9886-f12c075adc64&q=%D0%B4%D0%B5%D1%82%D1%81%D0%BA%D0%B8%D0%B9+%D1%81%D0%B0%D0%B4&district_id=4504209512726628&type=branch&page=3&page_size=10&fields=items.point%2Citems.name%2Citems.address_name%2Citems.reviews HTTP/1.1" 200 None
2025-10-30 20:45:11,981 - DEBUG - [получить_детские_сады_в_районе] - Статус ответа: 200
2025-10-30 20:45:11,981 - INFO - [получить_детские_сады_в_районе] - Загружено 10 детских садов со страницы 3
2025-10-30 20:45:12,482 - DEBUG - [получить_детские_сады_в_районе] - Запрос страницы 4 для района Зюзино
2025-10-30 20:45:12,484 - DEBUG - [_new_conn] - Starting new HTTPS connection (1): catalog.api.2gis.com:443
2025-10-30 20:45:12,867 - DEBUG - [_make_request] - https://catalog.api.2gis.com:443 "GET /3.0/items?key=cdbda41e-e8e4-4e8d-9886-f12c075adc64&q=%D0%B4%D0%B5%D1%82%D1%81%D0%BA%D0%B8%D0%B9+%D1%81%D0%B0%D0%B4&district_id=4504209512726628&type=branch&page=4&page_size=10&fields=items.point%2Citems.name%2Citems.address_name%2Citems.reviews HTTP/1.1" 200 None
2025-10-30 20:45:12,868 - DEBUG - [получить_детские_сады_в_районе] - Статус ответа: 200
2025-10-30 20:45:12,868 - INFO - [получить_детские_сады_в_районе] - Загружено 1 детских садов со страницы 4
2025-10-30 20:45:13,369 - DEBUG - [получить_детские_сады_в_районе] - Запрос страницы 5 для района Зюзино
2025-10-30 20:45:13,371 - DEBUG - [_new_conn] - Starting new HTTPS connection (1): catalog.api.2gis.com:443
2025-10-30 20:45:13,775 - DEBUG - [_make_request] - https://catalog.api.2gis.com:443 "GET /3.0/items?key=cdbda41e-e8e4-4e8d-9886-f12c075adc64&q=%D0%B4%D0%B5%D1%82%D1%81%D0%BA%D0%B8%D0%B9+%D1%81%D0%B0%D0%B4&district_id=4504209512726628&type=branch&page=5&page_size=10&fields=items.point%2Citems.name%2Citems.address_name%2Citems.reviews HTTP/1.1" 200 133
2025-10-30 20:45:13,776 - DEBUG - [получить_детские_сады_в_районе] - Статус ответа: 200
2025-10-30 20:45:13,776 - WARNING - [получить_детские_сады_в_районе] - На странице 5 нет данных в ожидаемом формате
2025-10-30 20:45:13,777 - INFO - [получить_детские_сады_в_районе] - Завершение сбора для района Зюзино. Найдено детских садов: 31
2025-10-30 20:45:13,780 - INFO - [<cell line: 0>] - Район 'Зюзино' завершен. Детских садов: 31
2025-10-30 20:45:14,781 - INFO - [<cell line: 0>] - [35/132] Обработка района: Зябликово
2025-10-30 20:45:14,782 - INFO - [получить_детские_сады_в_районе] - Начало сбора детских садов для района: Зябликово (ID: 4504209512726617)
2025-10-30 20:45:14,783 - DEBUG - [получить_детские_сады_в_районе] - Запрос страницы 1 для района Зябликово
2025-10-30 20:45:14,786 - DEBUG - [_new_conn] - Starting new HTTPS connection (1): catalog.api.2gis.com:443
2025-10-30 20:45:15,205 - DEBUG - [_make_request] - https://catalog.api.2gis.com:443 "GET /3.0/items?key=cdbda41e-e8e4-4e8d-9886-f12c075adc64&q=%D0%B4%D0%B5%D1%82%D1%81%D0%BA%D0%B8%D0%B9+%D1%81%D0%B0%D0%B4&district_id=4504209512726617&type=branch&page=1&page_size=10&fields=items.point%2Citems.name%2Citems.address_name%2Citems.reviews HTTP/1.1" 200 None
2025-10-30 20:45:15,206 - DEBUG - [получить_детские_сады_в_районе] - Статус ответа: 200
2025-10-30 20:45:15,206 - INFO - [получить_детские_сады_в_районе] - Загружено 10 детских садов со страницы 1
2025-10-30 20:45:15,707 - DEBUG - [получить_детские_сады_в_районе] - Запрос страницы 2 для района Зябликово
2025-10-30 20:45:15,708 - DEBUG - [_new_conn] - Starting new HTTPS connection (1): catalog.api.2gis.com:443
2025-10-30 20:45:16,104 - DEBUG - [_make_request] - https://catalog.api.2gis.com:443 "GET /3.0/items?key=cdbda41e-e8e4-4e8d-9886-f12c075adc64&q=%D0%B4%D0%B5%D1%82%D1%81%D0%BA%D0%B8%D0%B9+%D1%81%D0%B0%D0%B4&district_id=4504209512726617&type=branch&page=2&page_size=10&fields=items.point%2Citems.name%2Citems.address_name%2Citems.reviews HTTP/1.1" 200 None
2025-10-30 20:45:16,105 - DEBUG - [получить_детские_сады_в_районе] - Статус ответа: 200
2025-10-30 20:45:16,105 - INFO - [получить_детские_сады_в_районе] - Загружено 10 детских садов со страницы 2
2025-10-30 20:45:16,606 - DEBUG - [получить_детские_сады_в_районе] - Запрос страницы 3 для района Зябликово
2025-10-30 20:45:16,607 - DEBUG - [_new_conn] - Starting new HTTPS connection (1): catalog.api.2gis.com:443
2025-10-30 20:45:16,992 - DEBUG - [_make_request] - https://catalog.api.2gis.com:443 "GET /3.0/items?key=cdbda41e-e8e4-4e8d-9886-f12c075adc64&q=%D0%B4%D0%B5%D1%82%D1%81%D0%BA%D0%B8%D0%B9+%D1%81%D0%B0%D0%B4&district_id=4504209512726617&type=branch&page=3&page_size=10&fields=items.point%2Citems.name%2Citems.address_name%2Citems.reviews HTTP/1.1" 200 None
2025-10-30 20:45:16,993 - DEBUG - [получить_детские_сады_в_районе] - Статус ответа: 200
2025-10-30 20:45:16,993 - INFO - [получить_детские_сады_в_районе] - Загружено 4 детских садов со страницы 3
2025-10-30 20:45:17,494 - DEBUG - [получить_детские_сады_в_районе] - Запрос страницы 4 для района Зябликово
2025-10-30 20:45:17,495 - DEBUG - [_new_conn] - Starting new HTTPS connection (1): catalog.api.2gis.com:443
2025-10-30 20:45:17,883 - DEBUG - [_make_request] - https://catalog.api.2gis.com:443 "GET /3.0/items?key=cdbda41e-e8e4-4e8d-9886-f12c075adc64&q=%D0%B4%D0%B5%D1%82%D1%81%D0%BA%D0%B8%D0%B9+%D1%81%D0%B0%D0%B4&district_id=4504209512726617&type=branch&page=4&page_size=10&fields=items.point%2Citems.name%2Citems.address_name%2Citems.reviews HTTP/1.1" 200 133
2025-10-30 20:45:17,884 - DEBUG - [получить_детские_сады_в_районе] - Статус ответа: 200
2025-10-30 20:45:17,885 - WARNING - [получить_детские_сады_в_районе] - На странице 4 нет данных в ожидаемом формате
2025-10-30 20:45:18,385 - DEBUG - [получить_детские_сады_в_районе] - Запрос страницы 5 для района Зябликово
2025-10-30 20:45:18,387 - DEBUG - [_new_conn] - Starting new HTTPS connection (1): catalog.api.2gis.com:443
2025-10-30 20:45:18,782 - DEBUG - [_make_request] - https://catalog.api.2gis.com:443 "GET /3.0/items?key=cdbda41e-e8e4-4e8d-9886-f12c075adc64&q=%D0%B4%D0%B5%D1%82%D1%81%D0%BA%D0%B8%D0%B9+%D1%81%D0%B0%D0%B4&district_id=4504209512726617&type=branch&page=5&page_size=10&fields=items.point%2Citems.name%2Citems.address_name%2Citems.reviews HTTP/1.1" 200 133
2025-10-30 20:45:18,783 - DEBUG - [получить_детские_сады_в_районе] - Статус ответа: 200
2025-10-30 20:45:18,783 - WARNING - [получить_детские_сады_в_районе] - На странице 5 нет данных в ожидаемом формате
2025-10-30 20:45:18,784 - INFO - [получить_детские_сады_в_районе] - Завершение сбора для района Зябликово. Найдено детских садов: 24
2025-10-30 20:45:18,787 - INFO - [<cell line: 0>] - Район 'Зябликово' завершен. Детских садов: 24
2025-10-30 20:45:19,788 - INFO - [<cell line: 0>] - [36/132] Обработка района: Ивановское
2025-10-30 20:45:19,789 - INFO - [получить_детские_сады_в_районе] - Начало сбора детских садов для района: Ивановское (ID: 4504209512726579)
2025-10-30 20:45:19,790 - DEBUG - [получить_детские_сады_в_районе] - Запрос страницы 1 для района Ивановское
2025-10-30 20:45:19,792 - DEBUG - [_new_conn] - Starting new HTTPS connection (1): catalog.api.2gis.com:443
2025-10-30 20:45:20,187 - DEBUG - [_make_request] - https://catalog.api.2gis.com:443 "GET /3.0/items?key=cdbda41e-e8e4-4e8d-9886-f12c075adc64&q=%D0%B4%D0%B5%D1%82%D1%81%D0%BA%D0%B8%D0%B9+%D1%81%D0%B0%D0%B4&district_id=4504209512726579&type=branch&page=1&page_size=10&fields=items.point%2Citems.name%2Citems.address_name%2Citems.reviews HTTP/1.1" 200 None
2025-10-30 20:45:20,187 - DEBUG - [получить_детские_сады_в_районе] - Статус ответа: 200
2025-10-30 20:45:20,187 - INFO - [получить_детские_сады_в_районе] - Загружено 10 детских садов со страницы 1
2025-10-30 20:45:20,688 - DEBUG - [получить_детские_сады_в_районе] - Запрос страницы 2 для района Ивановское
2025-10-30 20:45:20,690 - DEBUG - [_new_conn] - Starting new HTTPS connection (1): catalog.api.2gis.com:443
2025-10-30 20:45:21,104 - DEBUG - [_make_request] - https://catalog.api.2gis.com:443 "GET /3.0/items?key=cdbda41e-e8e4-4e8d-9886-f12c075adc64&q=%D0%B4%D0%B5%D1%82%D1%81%D0%BA%D0%B8%D0%B9+%D1%81%D0%B0%D0%B4&district_id=4504209512726579&type=branch&page=2&page_size=10&fields=items.point%2Citems.name%2Citems.address_name%2Citems.reviews HTTP/1.1" 200 None
2025-10-30 20:45:21,105 - DEBUG - [получить_детские_сады_в_районе] - Статус ответа: 200
2025-10-30 20:45:21,106 - INFO - [получить_детские_сады_в_районе] - Загружено 10 детских садов со страницы 2
2025-10-30 20:45:21,607 - DEBUG - [получить_детские_сады_в_районе] - Запрос страницы 3 для района Ивановское
2025-10-30 20:45:21,608 - DEBUG - [_new_conn] - Starting new HTTPS connection (1): catalog.api.2gis.com:443
2025-10-30 20:45:22,001 - DEBUG - [_make_request] - https://catalog.api.2gis.com:443 "GET /3.0/items?key=cdbda41e-e8e4-4e8d-9886-f12c075adc64&q=%D0%B4%D0%B5%D1%82%D1%81%D0%BA%D0%B8%D0%B9+%D1%81%D0%B0%D0%B4&district_id=4504209512726579&type=branch&page=3&page_size=10&fields=items.point%2Citems.name%2Citems.address_name%2Citems.reviews HTTP/1.1" 200 None
2025-10-30 20:45:22,002 - DEBUG - [получить_детские_сады_в_районе] - Статус ответа: 200
2025-10-30 20:45:22,002 - INFO - [получить_детские_сады_в_районе] - Загружено 8 детских садов со страницы 3
2025-10-30 20:45:22,504 - DEBUG - [получить_детские_сады_в_районе] - Запрос страницы 4 для района Ивановское
2025-10-30 20:45:22,505 - DEBUG - [_new_conn] - Starting new HTTPS connection (1): catalog.api.2gis.com:443
2025-10-30 20:45:22,907 - DEBUG - [_make_request] - https://catalog.api.2gis.com:443 "GET /3.0/items?key=cdbda41e-e8e4-4e8d-9886-f12c075adc64&q=%D0%B4%D0%B5%D1%82%D1%81%D0%BA%D0%B8%D0%B9+%D1%81%D0%B0%D0%B4&district_id=4504209512726579&type=branch&page=4&page_size=10&fields=items.point%2Citems.name%2Citems.address_name%2Citems.reviews HTTP/1.1" 200 133
2025-10-30 20:45:22,908 - DEBUG - [получить_детские_сады_в_районе] - Статус ответа: 200
2025-10-30 20:45:22,908 - WARNING - [получить_детские_сады_в_районе] - На странице 4 нет данных в ожидаемом формате
2025-10-30 20:45:23,409 - DEBUG - [получить_детские_сады_в_районе] - Запрос страницы 5 для района Ивановское
2025-10-30 20:45:23,411 - DEBUG - [_new_conn] - Starting new HTTPS connection (1): catalog.api.2gis.com:443
2025-10-30 20:45:23,797 - DEBUG - [_make_request] - https://catalog.api.2gis.com:443 "GET /3.0/items?key=cdbda41e-e8e4-4e8d-9886-f12c075adc64&q=%D0%B4%D0%B5%D1%82%D1%81%D0%BA%D0%B8%D0%B9+%D1%81%D0%B0%D0%B4&district_id=4504209512726579&type=branch&page=5&page_size=10&fields=items.point%2Citems.name%2Citems.address_name%2Citems.reviews HTTP/1.1" 200 133
2025-10-30 20:45:23,798 - DEBUG - [получить_детские_сады_в_районе] - Статус ответа: 200
2025-10-30 20:45:23,798 - WARNING - [получить_детские_сады_в_районе] - На странице 5 нет данных в ожидаемом формате
2025-10-30 20:45:23,799 - INFO - [получить_детские_сады_в_районе] - Завершение сбора для района Ивановское. Найдено детских садов: 28
2025-10-30 20:45:23,801 - INFO - [<cell line: 0>] - Район 'Ивановское' завершен. Детских садов: 28
2025-10-30 20:45:24,802 - INFO - [<cell line: 0>] - [37/132] Обработка района: Измайлово
2025-10-30 20:45:24,803 - INFO - [получить_детские_сады_в_районе] - Начало сбора детских садов для района: Измайлово (ID: 4504209512726587)
2025-10-30 20:45:24,804 - DEBUG - [получить_детские_сады_в_районе] - Запрос страницы 1 для района Измайлово
2025-10-30 20:45:24,806 - DEBUG - [_new_conn] - Starting new HTTPS connection (1): catalog.api.2gis.com:443
2025-10-30 20:45:25,300 - DEBUG - [_make_request] - https://catalog.api.2gis.com:443 "GET /3.0/items?key=cdbda41e-e8e4-4e8d-9886-f12c075adc64&q=%D0%B4%D0%B5%D1%82%D1%81%D0%BA%D0%B8%D0%B9+%D1%81%D0%B0%D0%B4&district_id=4504209512726587&type=branch&page=1&page_size=10&fields=items.point%2Citems.name%2Citems.address_name%2Citems.reviews HTTP/1.1" 200 None
2025-10-30 20:45:25,300 - DEBUG - [получить_детские_сады_в_районе] - Статус ответа: 200
2025-10-30 20:45:25,301 - INFO - [получить_детские_сады_в_районе] - Загружено 10 детских садов со страницы 1
2025-10-30 20:45:25,802 - DEBUG - [получить_детские_сады_в_районе] - Запрос страницы 2 для района Измайлово
2025-10-30 20:45:25,803 - DEBUG - [_new_conn] - Starting new HTTPS connection (1): catalog.api.2gis.com:443
2025-10-30 20:45:26,386 - DEBUG - [_make_request] - https://catalog.api.2gis.com:443 "GET /3.0/items?key=cdbda41e-e8e4-4e8d-9886-f12c075adc64&q=%D0%B4%D0%B5%D1%82%D1%81%D0%BA%D0%B8%D0%B9+%D1%81%D0%B0%D0%B4&district_id=4504209512726587&type=branch&page=2&page_size=10&fields=items.point%2Citems.name%2Citems.address_name%2Citems.reviews HTTP/1.1" 200 None
2025-10-30 20:45:26,387 - DEBUG - [получить_детские_сады_в_районе] - Статус ответа: 200
2025-10-30 20:45:26,388 - INFO - [получить_детские_сады_в_районе] - Загружено 10 детских садов со страницы 2
2025-10-30 20:45:26,889 - DEBUG - [получить_детские_сады_в_районе] - Запрос страницы 3 для района Измайлово
2025-10-30 20:45:26,890 - DEBUG - [_new_conn] - Starting new HTTPS connection (1): catalog.api.2gis.com:443
2025-10-30 20:45:27,279 - DEBUG - [_make_request] - https://catalog.api.2gis.com:443 "GET /3.0/items?key=cdbda41e-e8e4-4e8d-9886-f12c075adc64&q=%D0%B4%D0%B5%D1%82%D1%81%D0%BA%D0%B8%D0%B9+%D1%81%D0%B0%D0%B4&district_id=4504209512726587&type=branch&page=3&page_size=10&fields=items.point%2Citems.name%2Citems.address_name%2Citems.reviews HTTP/1.1" 200 None
2025-10-30 20:45:27,280 - DEBUG - [получить_детские_сады_в_районе] - Статус ответа: 200
2025-10-30 20:45:27,280 - INFO - [получить_детские_сады_в_районе] - Загружено 10 детских садов со страницы 3
2025-10-30 20:45:27,782 - DEBUG - [получить_детские_сады_в_районе] - Запрос страницы 4 для района Измайлово
2025-10-30 20:45:27,783 - DEBUG - [_new_conn] - Starting new HTTPS connection (1): catalog.api.2gis.com:443
2025-10-30 20:45:28,170 - DEBUG - [_make_request] - https://catalog.api.2gis.com:443 "GET /3.0/items?key=cdbda41e-e8e4-4e8d-9886-f12c075adc64&q=%D0%B4%D0%B5%D1%82%D1%81%D0%BA%D0%B8%D0%B9+%D1%81%D0%B0%D0%B4&district_id=4504209512726587&type=branch&page=4&page_size=10&fields=items.point%2Citems.name%2Citems.address_name%2Citems.reviews HTTP/1.1" 200 None
2025-10-30 20:45:28,171 - DEBUG - [получить_детские_сады_в_районе] - Статус ответа: 200
2025-10-30 20:45:28,171 - INFO - [получить_детские_сады_в_районе] - Загружено 5 детских садов со страницы 4
2025-10-30 20:45:28,672 - DEBUG - [получить_детские_сады_в_районе] - Запрос страницы 5 для района Измайлово
2025-10-30 20:45:28,673 - DEBUG - [_new_conn] - Starting new HTTPS connection (1): catalog.api.2gis.com:443
2025-10-30 20:45:29,076 - DEBUG - [_make_request] - https://catalog.api.2gis.com:443 "GET /3.0/items?key=cdbda41e-e8e4-4e8d-9886-f12c075adc64&q=%D0%B4%D0%B5%D1%82%D1%81%D0%BA%D0%B8%D0%B9+%D1%81%D0%B0%D0%B4&district_id=4504209512726587&type=branch&page=5&page_size=10&fields=items.point%2Citems.name%2Citems.address_name%2Citems.reviews HTTP/1.1" 200 133
2025-10-30 20:45:29,077 - DEBUG - [получить_детские_сады_в_районе] - Статус ответа: 200
2025-10-30 20:45:29,077 - WARNING - [получить_детские_сады_в_районе] - На странице 5 нет данных в ожидаемом формате
2025-10-30 20:45:29,078 - INFO - [получить_детские_сады_в_районе] - Завершение сбора для района Измайлово. Найдено детских садов: 35
2025-10-30 20:45:29,079 - INFO - [<cell line: 0>] - Район 'Измайлово' завершен. Детских садов: 35
2025-10-30 20:45:30,080 - INFO - [<cell line: 0>] - [38/132] Обработка района: Капотня
2025-10-30 20:45:30,081 - INFO - [получить_детские_сады_в_районе] - Начало сбора детских садов для района: Капотня (ID: 4504209512726597)
2025-10-30 20:45:30,082 - DEBUG - [получить_детские_сады_в_районе] - Запрос страницы 1 для района Капотня
2025-10-30 20:45:30,084 - DEBUG - [_new_conn] - Starting new HTTPS connection (1): catalog.api.2gis.com:443
2025-10-30 20:45:30,492 - DEBUG - [_make_request] - https://catalog.api.2gis.com:443 "GET /3.0/items?key=cdbda41e-e8e4-4e8d-9886-f12c075adc64&q=%D0%B4%D0%B5%D1%82%D1%81%D0%BA%D0%B8%D0%B9+%D1%81%D0%B0%D0%B4&district_id=4504209512726597&type=branch&page=1&page_size=10&fields=items.point%2Citems.name%2Citems.address_name%2Citems.reviews HTTP/1.1" 200 None
2025-10-30 20:45:30,493 - DEBUG - [получить_детские_сады_в_районе] - Статус ответа: 200
2025-10-30 20:45:30,493 - INFO - [получить_детские_сады_в_районе] - Загружено 6 детских садов со страницы 1
2025-10-30 20:45:30,994 - DEBUG - [получить_детские_сады_в_районе] - Запрос страницы 2 для района Капотня
2025-10-30 20:45:30,996 - DEBUG - [_new_conn] - Starting new HTTPS connection (1): catalog.api.2gis.com:443
2025-10-30 20:45:31,379 - DEBUG - [_make_request] - https://catalog.api.2gis.com:443 "GET /3.0/items?key=cdbda41e-e8e4-4e8d-9886-f12c075adc64&q=%D0%B4%D0%B5%D1%82%D1%81%D0%BA%D0%B8%D0%B9+%D1%81%D0%B0%D0%B4&district_id=4504209512726597&type=branch&page=2&page_size=10&fields=items.point%2Citems.name%2Citems.address_name%2Citems.reviews HTTP/1.1" 200 133
2025-10-30 20:45:31,380 - DEBUG - [получить_детские_сады_в_районе] - Статус ответа: 200
2025-10-30 20:45:31,381 - WARNING - [получить_детские_сады_в_районе] - На странице 2 нет данных в ожидаемом формате
2025-10-30 20:45:31,882 - DEBUG - [получить_детские_сады_в_районе] - Запрос страницы 3 для района Капотня
2025-10-30 20:45:31,883 - DEBUG - [_new_conn] - Starting new HTTPS connection (1): catalog.api.2gis.com:443
2025-10-30 20:45:32,281 - DEBUG - [_make_request] - https://catalog.api.2gis.com:443 "GET /3.0/items?key=cdbda41e-e8e4-4e8d-9886-f12c075adc64&q=%D0%B4%D0%B5%D1%82%D1%81%D0%BA%D0%B8%D0%B9+%D1%81%D0%B0%D0%B4&district_id=4504209512726597&type=branch&page=3&page_size=10&fields=items.point%2Citems.name%2Citems.address_name%2Citems.reviews HTTP/1.1" 200 133
2025-10-30 20:45:32,282 - DEBUG - [получить_детские_сады_в_районе] - Статус ответа: 200
2025-10-30 20:45:32,283 - WARNING - [получить_детские_сады_в_районе] - На странице 3 нет данных в ожидаемом формате
2025-10-30 20:45:32,784 - DEBUG - [получить_детские_сады_в_районе] - Запрос страницы 4 для района Капотня
2025-10-30 20:45:32,785 - DEBUG - [_new_conn] - Starting new HTTPS connection (1): catalog.api.2gis.com:443
2025-10-30 20:45:33,178 - DEBUG - [_make_request] - https://catalog.api.2gis.com:443 "GET /3.0/items?key=cdbda41e-e8e4-4e8d-9886-f12c075adc64&q=%D0%B4%D0%B5%D1%82%D1%81%D0%BA%D0%B8%D0%B9+%D1%81%D0%B0%D0%B4&district_id=4504209512726597&type=branch&page=4&page_size=10&fields=items.point%2Citems.name%2Citems.address_name%2Citems.reviews HTTP/1.1" 200 133
2025-10-30 20:45:33,179 - DEBUG - [получить_детские_сады_в_районе] - Статус ответа: 200
2025-10-30 20:45:33,179 - WARNING - [получить_детские_сады_в_районе] - На странице 4 нет данных в ожидаемом формате
2025-10-30 20:45:33,680 - DEBUG - [получить_детские_сады_в_районе] - Запрос страницы 5 для района Капотня
2025-10-30 20:45:33,682 - DEBUG - [_new_conn] - Starting new HTTPS connection (1): catalog.api.2gis.com:443
2025-10-30 20:45:34,080 - DEBUG - [_make_request] - https://catalog.api.2gis.com:443 "GET /3.0/items?key=cdbda41e-e8e4-4e8d-9886-f12c075adc64&q=%D0%B4%D0%B5%D1%82%D1%81%D0%BA%D0%B8%D0%B9+%D1%81%D0%B0%D0%B4&district_id=4504209512726597&type=branch&page=5&page_size=10&fields=items.point%2Citems.name%2Citems.address_name%2Citems.reviews HTTP/1.1" 200 133
2025-10-30 20:45:34,081 - DEBUG - [получить_детские_сады_в_районе] - Статус ответа: 200
2025-10-30 20:45:34,081 - WARNING - [получить_детские_сады_в_районе] - На странице 5 нет данных в ожидаемом формате
2025-10-30 20:45:34,082 - INFO - [получить_детские_сады_в_районе] - Завершение сбора для района Капотня. Найдено детских садов: 6
2025-10-30 20:45:34,083 - INFO - [<cell line: 0>] - Район 'Капотня' завершен. Детских садов: 6
2025-10-30 20:45:35,085 - INFO - [<cell line: 0>] - [39/132] Обработка района: Коммунарка
2025-10-30 20:45:35,086 - INFO - [получить_детские_сады_в_районе] - Начало сбора детских садов для района: Коммунарка (ID: 4504209520926899)
2025-10-30 20:45:35,087 - DEBUG - [получить_детские_сады_в_районе] - Запрос страницы 1 для района Коммунарка
2025-10-30 20:45:35,089 - DEBUG - [_new_conn] - Starting new HTTPS connection (1): catalog.api.2gis.com:443
2025-10-30 20:45:35,498 - DEBUG - [_make_request] - https://catalog.api.2gis.com:443 "GET /3.0/items?key=cdbda41e-e8e4-4e8d-9886-f12c075adc64&q=%D0%B4%D0%B5%D1%82%D1%81%D0%BA%D0%B8%D0%B9+%D1%81%D0%B0%D0%B4&district_id=4504209520926899&type=branch&page=1&page_size=10&fields=items.point%2Citems.name%2Citems.address_name%2Citems.reviews HTTP/1.1" 200 None
2025-10-30 20:45:35,499 - DEBUG - [получить_детские_сады_в_районе] - Статус ответа: 200
2025-10-30 20:45:35,499 - INFO - [получить_детские_сады_в_районе] - Загружено 10 детских садов со страницы 1
2025-10-30 20:45:36,000 - DEBUG - [получить_детские_сады_в_районе] - Запрос страницы 2 для района Коммунарка
2025-10-30 20:45:36,002 - DEBUG - [_new_conn] - Starting new HTTPS connection (1): catalog.api.2gis.com:443
2025-10-30 20:45:36,397 - DEBUG - [_make_request] - https://catalog.api.2gis.com:443 "GET /3.0/items?key=cdbda41e-e8e4-4e8d-9886-f12c075adc64&q=%D0%B4%D0%B5%D1%82%D1%81%D0%BA%D0%B8%D0%B9+%D1%81%D0%B0%D0%B4&district_id=4504209520926899&type=branch&page=2&page_size=10&fields=items.point%2Citems.name%2Citems.address_name%2Citems.reviews HTTP/1.1" 200 None
2025-10-30 20:45:36,398 - DEBUG - [получить_детские_сады_в_районе] - Статус ответа: 200
2025-10-30 20:45:36,399 - INFO - [получить_детские_сады_в_районе] - Загружено 10 детских садов со страницы 2
2025-10-30 20:45:36,900 - DEBUG - [получить_детские_сады_в_районе] - Запрос страницы 3 для района Коммунарка
2025-10-30 20:45:36,901 - DEBUG - [_new_conn] - Starting new HTTPS connection (1): catalog.api.2gis.com:443
2025-10-30 20:45:37,294 - DEBUG - [_make_request] - https://catalog.api.2gis.com:443 "GET /3.0/items?key=cdbda41e-e8e4-4e8d-9886-f12c075adc64&q=%D0%B4%D0%B5%D1%82%D1%81%D0%BA%D0%B8%D0%B9+%D1%81%D0%B0%D0%B4&district_id=4504209520926899&type=branch&page=3&page_size=10&fields=items.point%2Citems.name%2Citems.address_name%2Citems.reviews HTTP/1.1" 200 None
2025-10-30 20:45:37,295 - DEBUG - [получить_детские_сады_в_районе] - Статус ответа: 200
2025-10-30 20:45:37,296 - INFO - [получить_детские_сады_в_районе] - Загружено 10 детских садов со страницы 3
2025-10-30 20:45:37,797 - DEBUG - [получить_детские_сады_в_районе] - Запрос страницы 4 для района Коммунарка
2025-10-30 20:45:37,798 - DEBUG - [_new_conn] - Starting new HTTPS connection (1): catalog.api.2gis.com:443
2025-10-30 20:45:38,195 - DEBUG - [_make_request] - https://catalog.api.2gis.com:443 "GET /3.0/items?key=cdbda41e-e8e4-4e8d-9886-f12c075adc64&q=%D0%B4%D0%B5%D1%82%D1%81%D0%BA%D0%B8%D0%B9+%D1%81%D0%B0%D0%B4&district_id=4504209520926899&type=branch&page=4&page_size=10&fields=items.point%2Citems.name%2Citems.address_name%2Citems.reviews HTTP/1.1" 200 None
2025-10-30 20:45:38,196 - DEBUG - [получить_детские_сады_в_районе] - Статус ответа: 200
2025-10-30 20:45:38,196 - INFO - [получить_детские_сады_в_районе] - Загружено 10 детских садов со страницы 4
2025-10-30 20:45:38,697 - DEBUG - [получить_детские_сады_в_районе] - Запрос страницы 5 для района Коммунарка
2025-10-30 20:45:38,699 - DEBUG - [_new_conn] - Starting new HTTPS connection (1): catalog.api.2gis.com:443
2025-10-30 20:45:39,131 - DEBUG - [_make_request] - https://catalog.api.2gis.com:443 "GET /3.0/items?key=cdbda41e-e8e4-4e8d-9886-f12c075adc64&q=%D0%B4%D0%B5%D1%82%D1%81%D0%BA%D0%B8%D0%B9+%D1%81%D0%B0%D0%B4&district_id=4504209520926899&type=branch&page=5&page_size=10&fields=items.point%2Citems.name%2Citems.address_name%2Citems.reviews HTTP/1.1" 200 None
2025-10-30 20:45:39,132 - DEBUG - [получить_детские_сады_в_районе] - Статус ответа: 200
2025-10-30 20:45:39,132 - INFO - [получить_детские_сады_в_районе] - Загружено 10 детских садов со страницы 5
2025-10-30 20:45:39,133 - INFO - [получить_детские_сады_в_районе] - Завершение сбора для района Коммунарка. Найдено детских садов: 50
2025-10-30 20:45:39,134 - INFO - [<cell line: 0>] - Район 'Коммунарка' завершен. Детских садов: 50
2025-10-30 20:45:40,137 - INFO - [<cell line: 0>] - [40/132] Обработка района: Коньково
2025-10-30 20:45:40,138 - INFO - [получить_детские_сады_в_районе] - Начало сбора детских садов для района: Коньково (ID: 4504209512726629)
2025-10-30 20:45:40,139 - DEBUG - [получить_детские_сады_в_районе] - Запрос страницы 1 для района Коньково
2025-10-30 20:45:40,141 - DEBUG - [_new_conn] - Starting new HTTPS connection (1): catalog.api.2gis.com:443
2025-10-30 20:45:40,536 - DEBUG - [_make_request] - https://catalog.api.2gis.com:443 "GET /3.0/items?key=cdbda41e-e8e4-4e8d-9886-f12c075adc64&q=%D0%B4%D0%B5%D1%82%D1%81%D0%BA%D0%B8%D0%B9+%D1%81%D0%B0%D0%B4&district_id=4504209512726629&type=branch&page=1&page_size=10&fields=items.point%2Citems.name%2Citems.address_name%2Citems.reviews HTTP/1.1" 200 None
2025-10-30 20:45:40,537 - DEBUG - [получить_детские_сады_в_районе] - Статус ответа: 200
2025-10-30 20:45:40,537 - INFO - [получить_детские_сады_в_районе] - Загружено 10 детских садов со страницы 1
2025-10-30 20:45:41,038 - DEBUG - [получить_детские_сады_в_районе] - Запрос страницы 2 для района Коньково
2025-10-30 20:45:41,039 - DEBUG - [_new_conn] - Starting new HTTPS connection (1): catalog.api.2gis.com:443
2025-10-30 20:45:41,439 - DEBUG - [_make_request] - https://catalog.api.2gis.com:443 "GET /3.0/items?key=cdbda41e-e8e4-4e8d-9886-f12c075adc64&q=%D0%B4%D0%B5%D1%82%D1%81%D0%BA%D0%B8%D0%B9+%D1%81%D0%B0%D0%B4&district_id=4504209512726629&type=branch&page=2&page_size=10&fields=items.point%2Citems.name%2Citems.address_name%2Citems.reviews HTTP/1.1" 200 None
2025-10-30 20:45:41,440 - DEBUG - [получить_детские_сады_в_районе] - Статус ответа: 200
2025-10-30 20:45:41,440 - INFO - [получить_детские_сады_в_районе] - Загружено 10 детских садов со страницы 2
2025-10-30 20:45:41,941 - DEBUG - [получить_детские_сады_в_районе] - Запрос страницы 3 для района Коньково
2025-10-30 20:45:41,942 - DEBUG - [_new_conn] - Starting new HTTPS connection (1): catalog.api.2gis.com:443
2025-10-30 20:45:42,337 - DEBUG - [_make_request] - https://catalog.api.2gis.com:443 "GET /3.0/items?key=cdbda41e-e8e4-4e8d-9886-f12c075adc64&q=%D0%B4%D0%B5%D1%82%D1%81%D0%BA%D0%B8%D0%B9+%D1%81%D0%B0%D0%B4&district_id=4504209512726629&type=branch&page=3&page_size=10&fields=items.point%2Citems.name%2Citems.address_name%2Citems.reviews HTTP/1.1" 200 None
2025-10-30 20:45:42,338 - DEBUG - [получить_детские_сады_в_районе] - Статус ответа: 200
2025-10-30 20:45:42,339 - INFO - [получить_детские_сады_в_районе] - Загружено 10 детских садов со страницы 3
2025-10-30 20:45:42,840 - DEBUG - [получить_детские_сады_в_районе] - Запрос страницы 4 для района Коньково
2025-10-30 20:45:42,841 - DEBUG - [_new_conn] - Starting new HTTPS connection (1): catalog.api.2gis.com:443
2025-10-30 20:45:43,234 - DEBUG - [_make_request] - https://catalog.api.2gis.com:443 "GET /3.0/items?key=cdbda41e-e8e4-4e8d-9886-f12c075adc64&q=%D0%B4%D0%B5%D1%82%D1%81%D0%BA%D0%B8%D0%B9+%D1%81%D0%B0%D0%B4&district_id=4504209512726629&type=branch&page=4&page_size=10&fields=items.point%2Citems.name%2Citems.address_name%2Citems.reviews HTTP/1.1" 200 133
2025-10-30 20:45:43,235 - DEBUG - [получить_детские_сады_в_районе] - Статус ответа: 200
2025-10-30 20:45:43,235 - WARNING - [получить_детские_сады_в_районе] - На странице 4 нет данных в ожидаемом формате
2025-10-30 20:45:43,736 - DEBUG - [получить_детские_сады_в_районе] - Запрос страницы 5 для района Коньково
2025-10-30 20:45:43,738 - DEBUG - [_new_conn] - Starting new HTTPS connection (1): catalog.api.2gis.com:443
2025-10-30 20:45:44,126 - DEBUG - [_make_request] - https://catalog.api.2gis.com:443 "GET /3.0/items?key=cdbda41e-e8e4-4e8d-9886-f12c075adc64&q=%D0%B4%D0%B5%D1%82%D1%81%D0%BA%D0%B8%D0%B9+%D1%81%D0%B0%D0%B4&district_id=4504209512726629&type=branch&page=5&page_size=10&fields=items.point%2Citems.name%2Citems.address_name%2Citems.reviews HTTP/1.1" 200 133
2025-10-30 20:45:44,127 - DEBUG - [получить_детские_сады_в_районе] - Статус ответа: 200
2025-10-30 20:45:44,127 - WARNING - [получить_детские_сады_в_районе] - На странице 5 нет данных в ожидаемом формате
2025-10-30 20:45:44,128 - INFO - [получить_детские_сады_в_районе] - Завершение сбора для района Коньково. Найдено детских садов: 30
2025-10-30 20:45:44,129 - INFO - [<cell line: 0>] - Район 'Коньково' завершен. Детских садов: 30
2025-10-30 20:45:45,130 - INFO - [<cell line: 0>] - [41/132] Обработка района: Коптево
2025-10-30 20:45:45,131 - INFO - [получить_детские_сады_в_районе] - Начало сбора детских садов для района: Коптево (ID: 4504209512726550)
2025-10-30 20:45:45,132 - DEBUG - [получить_детские_сады_в_районе] - Запрос страницы 1 для района Коптево
2025-10-30 20:45:45,134 - DEBUG - [_new_conn] - Starting new HTTPS connection (1): catalog.api.2gis.com:443
2025-10-30 20:45:45,566 - DEBUG - [_make_request] - https://catalog.api.2gis.com:443 "GET /3.0/items?key=cdbda41e-e8e4-4e8d-9886-f12c075adc64&q=%D0%B4%D0%B5%D1%82%D1%81%D0%BA%D0%B8%D0%B9+%D1%81%D0%B0%D0%B4&district_id=4504209512726550&type=branch&page=1&page_size=10&fields=items.point%2Citems.name%2Citems.address_name%2Citems.reviews HTTP/1.1" 200 None
2025-10-30 20:45:45,567 - DEBUG - [получить_детские_сады_в_районе] - Статус ответа: 200
2025-10-30 20:45:45,567 - INFO - [получить_детские_сады_в_районе] - Загружено 10 детских садов со страницы 1
2025-10-30 20:45:46,069 - DEBUG - [получить_детские_сады_в_районе] - Запрос страницы 2 для района Коптево
2025-10-30 20:45:46,070 - DEBUG - [_new_conn] - Starting new HTTPS connection (1): catalog.api.2gis.com:443
2025-10-30 20:45:46,463 - DEBUG - [_make_request] - https://catalog.api.2gis.com:443 "GET /3.0/items?key=cdbda41e-e8e4-4e8d-9886-f12c075adc64&q=%D0%B4%D0%B5%D1%82%D1%81%D0%BA%D0%B8%D0%B9+%D1%81%D0%B0%D0%B4&district_id=4504209512726550&type=branch&page=2&page_size=10&fields=items.point%2Citems.name%2Citems.address_name%2Citems.reviews HTTP/1.1" 200 None
2025-10-30 20:45:46,464 - DEBUG - [получить_детские_сады_в_районе] - Статус ответа: 200
2025-10-30 20:45:46,465 - INFO - [получить_детские_сады_в_районе] - Загружено 10 детских садов со страницы 2
2025-10-30 20:45:46,966 - DEBUG - [получить_детские_сады_в_районе] - Запрос страницы 3 для района Коптево
2025-10-30 20:45:46,967 - DEBUG - [_new_conn] - Starting new HTTPS connection (1): catalog.api.2gis.com:443
2025-10-30 20:45:47,373 - DEBUG - [_make_request] - https://catalog.api.2gis.com:443 "GET /3.0/items?key=cdbda41e-e8e4-4e8d-9886-f12c075adc64&q=%D0%B4%D0%B5%D1%82%D1%81%D0%BA%D0%B8%D0%B9+%D1%81%D0%B0%D0%B4&district_id=4504209512726550&type=branch&page=3&page_size=10&fields=items.point%2Citems.name%2Citems.address_name%2Citems.reviews HTTP/1.1" 200 None
2025-10-30 20:45:47,374 - DEBUG - [получить_детские_сады_в_районе] - Статус ответа: 200
2025-10-30 20:45:47,374 - INFO - [получить_детские_сады_в_районе] - Загружено 7 детских садов со страницы 3
2025-10-30 20:45:47,875 - DEBUG - [получить_детские_сады_в_районе] - Запрос страницы 4 для района Коптево
2025-10-30 20:45:47,876 - DEBUG - [_new_conn] - Starting new HTTPS connection (1): catalog.api.2gis.com:443
2025-10-30 20:45:48,257 - DEBUG - [_make_request] - https://catalog.api.2gis.com:443 "GET /3.0/items?key=cdbda41e-e8e4-4e8d-9886-f12c075adc64&q=%D0%B4%D0%B5%D1%82%D1%81%D0%BA%D0%B8%D0%B9+%D1%81%D0%B0%D0%B4&district_id=4504209512726550&type=branch&page=4&page_size=10&fields=items.point%2Citems.name%2Citems.address_name%2Citems.reviews HTTP/1.1" 200 133
2025-10-30 20:45:48,258 - DEBUG - [получить_детские_сады_в_районе] - Статус ответа: 200
2025-10-30 20:45:48,258 - WARNING - [получить_детские_сады_в_районе] - На странице 4 нет данных в ожидаемом формате
2025-10-30 20:45:48,759 - DEBUG - [получить_детские_сады_в_районе] - Запрос страницы 5 для района Коптево
2025-10-30 20:45:48,760 - DEBUG - [_new_conn] - Starting new HTTPS connection (1): catalog.api.2gis.com:443
2025-10-30 20:45:49,144 - DEBUG - [_make_request] - https://catalog.api.2gis.com:443 "GET /3.0/items?key=cdbda41e-e8e4-4e8d-9886-f12c075adc64&q=%D0%B4%D0%B5%D1%82%D1%81%D0%BA%D0%B8%D0%B9+%D1%81%D0%B0%D0%B4&district_id=4504209512726550&type=branch&page=5&page_size=10&fields=items.point%2Citems.name%2Citems.address_name%2Citems.reviews HTTP/1.1" 200 133
2025-10-30 20:45:49,145 - DEBUG - [получить_детские_сады_в_районе] - Статус ответа: 200
2025-10-30 20:45:49,145 - WARNING - [получить_детские_сады_в_районе] - На странице 5 нет данных в ожидаемом формате
2025-10-30 20:45:49,146 - INFO - [получить_детские_сады_в_районе] - Завершение сбора для района Коптево. Найдено детских садов: 27
2025-10-30 20:45:49,147 - INFO - [<cell line: 0>] - Район 'Коптево' завершен. Детских садов: 27
2025-10-30 20:45:50,149 - INFO - [<cell line: 0>] - [42/132] Обработка района: Косино-Ухтомский
2025-10-30 20:45:50,150 - INFO - [получить_детские_сады_в_районе] - Начало сбора детских садов для района: Косино-Ухтомский (ID: 4504209512726577)
2025-10-30 20:45:50,151 - DEBUG - [получить_детские_сады_в_районе] - Запрос страницы 1 для района Косино-Ухтомский
2025-10-30 20:45:50,152 - DEBUG - [_new_conn] - Starting new HTTPS connection (1): catalog.api.2gis.com:443
2025-10-30 20:45:50,551 - DEBUG - [_make_request] - https://catalog.api.2gis.com:443 "GET /3.0/items?key=cdbda41e-e8e4-4e8d-9886-f12c075adc64&q=%D0%B4%D0%B5%D1%82%D1%81%D0%BA%D0%B8%D0%B9+%D1%81%D0%B0%D0%B4&district_id=4504209512726577&type=branch&page=1&page_size=10&fields=items.point%2Citems.name%2Citems.address_name%2Citems.reviews HTTP/1.1" 200 None
2025-10-30 20:45:50,552 - DEBUG - [получить_детские_сады_в_районе] - Статус ответа: 200
2025-10-30 20:45:50,552 - INFO - [получить_детские_сады_в_районе] - Загружено 10 детских садов со страницы 1
2025-10-30 20:45:51,053 - DEBUG - [получить_детские_сады_в_районе] - Запрос страницы 2 для района Косино-Ухтомский
2025-10-30 20:45:51,055 - DEBUG - [_new_conn] - Starting new HTTPS connection (1): catalog.api.2gis.com:443
2025-10-30 20:45:51,460 - DEBUG - [_make_request] - https://catalog.api.2gis.com:443 "GET /3.0/items?key=cdbda41e-e8e4-4e8d-9886-f12c075adc64&q=%D0%B4%D0%B5%D1%82%D1%81%D0%BA%D0%B8%D0%B9+%D1%81%D0%B0%D0%B4&district_id=4504209512726577&type=branch&page=2&page_size=10&fields=items.point%2Citems.name%2Citems.address_name%2Citems.reviews HTTP/1.1" 200 None
2025-10-30 20:45:51,461 - DEBUG - [получить_детские_сады_в_районе] - Статус ответа: 200
2025-10-30 20:45:51,461 - INFO - [получить_детские_сады_в_районе] - Загружено 10 детских садов со страницы 2
2025-10-30 20:45:51,962 - DEBUG - [получить_детские_сады_в_районе] - Запрос страницы 3 для района Косино-Ухтомский
2025-10-30 20:45:51,963 - DEBUG - [_new_conn] - Starting new HTTPS connection (1): catalog.api.2gis.com:443
2025-10-30 20:45:52,370 - DEBUG - [_make_request] - https://catalog.api.2gis.com:443 "GET /3.0/items?key=cdbda41e-e8e4-4e8d-9886-f12c075adc64&q=%D0%B4%D0%B5%D1%82%D1%81%D0%BA%D0%B8%D0%B9+%D1%81%D0%B0%D0%B4&district_id=4504209512726577&type=branch&page=3&page_size=10&fields=items.point%2Citems.name%2Citems.address_name%2Citems.reviews HTTP/1.1" 200 None
2025-10-30 20:45:52,371 - DEBUG - [получить_детские_сады_в_районе] - Статус ответа: 200
2025-10-30 20:45:52,371 - INFO - [получить_детские_сады_в_районе] - Загружено 10 детских садов со страницы 3
2025-10-30 20:45:52,872 - DEBUG - [получить_детские_сады_в_районе] - Запрос страницы 4 для района Косино-Ухтомский
2025-10-30 20:45:52,873 - DEBUG - [_new_conn] - Starting new HTTPS connection (1): catalog.api.2gis.com:443
2025-10-30 20:45:53,284 - DEBUG - [_make_request] - https://catalog.api.2gis.com:443 "GET /3.0/items?key=cdbda41e-e8e4-4e8d-9886-f12c075adc64&q=%D0%B4%D0%B5%D1%82%D1%81%D0%BA%D0%B8%D0%B9+%D1%81%D0%B0%D0%B4&district_id=4504209512726577&type=branch&page=4&page_size=10&fields=items.point%2Citems.name%2Citems.address_name%2Citems.reviews HTTP/1.1" 200 None
2025-10-30 20:45:53,285 - DEBUG - [получить_детские_сады_в_районе] - Статус ответа: 200
2025-10-30 20:45:53,285 - INFO - [получить_детские_сады_в_районе] - Загружено 1 детских садов со страницы 4
2025-10-30 20:45:53,786 - DEBUG - [получить_детские_сады_в_районе] - Запрос страницы 5 для района Косино-Ухтомский
2025-10-30 20:45:53,788 - DEBUG - [_new_conn] - Starting new HTTPS connection (1): catalog.api.2gis.com:443
2025-10-30 20:45:54,190 - DEBUG - [_make_request] - https://catalog.api.2gis.com:443 "GET /3.0/items?key=cdbda41e-e8e4-4e8d-9886-f12c075adc64&q=%D0%B4%D0%B5%D1%82%D1%81%D0%BA%D0%B8%D0%B9+%D1%81%D0%B0%D0%B4&district_id=4504209512726577&type=branch&page=5&page_size=10&fields=items.point%2Citems.name%2Citems.address_name%2Citems.reviews HTTP/1.1" 200 133
2025-10-30 20:45:54,191 - DEBUG - [получить_детские_сады_в_районе] - Статус ответа: 200
2025-10-30 20:45:54,191 - WARNING - [получить_детские_сады_в_районе] - На странице 5 нет данных в ожидаемом формате
2025-10-30 20:45:54,192 - INFO - [получить_детские_сады_в_районе] - Завершение сбора для района Косино-Ухтомский. Найдено детских садов: 31
2025-10-30 20:45:54,194 - INFO - [<cell line: 0>] - Район 'Косино-Ухтомский' завершен. Детских садов: 31
2025-10-30 20:45:55,195 - INFO - [<cell line: 0>] - [43/132] Обработка района: Котловка
2025-10-30 20:45:55,196 - INFO - [получить_детские_сады_в_районе] - Начало сбора детских садов для района: Котловка (ID: 4504209512726613)
2025-10-30 20:45:55,198 - DEBUG - [получить_детские_сады_в_районе] - Запрос страницы 1 для района Котловка
2025-10-30 20:45:55,200 - DEBUG - [_new_conn] - Starting new HTTPS connection (1): catalog.api.2gis.com:443
2025-10-30 20:45:55,705 - DEBUG - [_make_request] - https://catalog.api.2gis.com:443 "GET /3.0/items?key=cdbda41e-e8e4-4e8d-9886-f12c075adc64&q=%D0%B4%D0%B5%D1%82%D1%81%D0%BA%D0%B8%D0%B9+%D1%81%D0%B0%D0%B4&district_id=4504209512726613&type=branch&page=1&page_size=10&fields=items.point%2Citems.name%2Citems.address_name%2Citems.reviews HTTP/1.1" 200 None
2025-10-30 20:45:55,706 - DEBUG - [получить_детские_сады_в_районе] - Статус ответа: 200
2025-10-30 20:45:55,706 - INFO - [получить_детские_сады_в_районе] - Загружено 10 детских садов со страницы 1
2025-10-30 20:45:56,207 - DEBUG - [получить_детские_сады_в_районе] - Запрос страницы 2 для района Котловка
2025-10-30 20:45:56,209 - DEBUG - [_new_conn] - Starting new HTTPS connection (1): catalog.api.2gis.com:443
2025-10-30 20:45:56,598 - DEBUG - [_make_request] - https://catalog.api.2gis.com:443 "GET /3.0/items?key=cdbda41e-e8e4-4e8d-9886-f12c075adc64&q=%D0%B4%D0%B5%D1%82%D1%81%D0%BA%D0%B8%D0%B9+%D1%81%D0%B0%D0%B4&district_id=4504209512726613&type=branch&page=2&page_size=10&fields=items.point%2Citems.name%2Citems.address_name%2Citems.reviews HTTP/1.1" 200 None
2025-10-30 20:45:56,599 - DEBUG - [получить_детские_сады_в_районе] - Статус ответа: 200
2025-10-30 20:45:56,600 - INFO - [получить_детские_сады_в_районе] - Загружено 4 детских садов со страницы 2
2025-10-30 20:45:57,101 - DEBUG - [получить_детские_сады_в_районе] - Запрос страницы 3 для района Котловка
2025-10-30 20:45:57,102 - DEBUG - [_new_conn] - Starting new HTTPS connection (1): catalog.api.2gis.com:443
2025-10-30 20:45:57,488 - DEBUG - [_make_request] - https://catalog.api.2gis.com:443 "GET /3.0/items?key=cdbda41e-e8e4-4e8d-9886-f12c075adc64&q=%D0%B4%D0%B5%D1%82%D1%81%D0%BA%D0%B8%D0%B9+%D1%81%D0%B0%D0%B4&district_id=4504209512726613&type=branch&page=3&page_size=10&fields=items.point%2Citems.name%2Citems.address_name%2Citems.reviews HTTP/1.1" 200 133
2025-10-30 20:45:57,489 - DEBUG - [получить_детские_сады_в_районе] - Статус ответа: 200
2025-10-30 20:45:57,490 - WARNING - [получить_детские_сады_в_районе] - На странице 3 нет данных в ожидаемом формате
2025-10-30 20:45:57,991 - DEBUG - [получить_детские_сады_в_районе] - Запрос страницы 4 для района Котловка
2025-10-30 20:45:57,992 - DEBUG - [_new_conn] - Starting new HTTPS connection (1): catalog.api.2gis.com:443
2025-10-30 20:45:58,373 - DEBUG - [_make_request] - https://catalog.api.2gis.com:443 "GET /3.0/items?key=cdbda41e-e8e4-4e8d-9886-f12c075adc64&q=%D0%B4%D0%B5%D1%82%D1%81%D0%BA%D0%B8%D0%B9+%D1%81%D0%B0%D0%B4&district_id=4504209512726613&type=branch&page=4&page_size=10&fields=items.point%2Citems.name%2Citems.address_name%2Citems.reviews HTTP/1.1" 200 133
2025-10-30 20:45:58,374 - DEBUG - [получить_детские_сады_в_районе] - Статус ответа: 200
2025-10-30 20:45:58,374 - WARNING - [получить_детские_сады_в_районе] - На странице 4 нет данных в ожидаемом формате
2025-10-30 20:45:58,875 - DEBUG - [получить_детские_сады_в_районе] - Запрос страницы 5 для района Котловка
2025-10-30 20:45:58,876 - DEBUG - [_new_conn] - Starting new HTTPS connection (1): catalog.api.2gis.com:443
2025-10-30 20:45:59,250 - DEBUG - [_make_request] - https://catalog.api.2gis.com:443 "GET /3.0/items?key=cdbda41e-e8e4-4e8d-9886-f12c075adc64&q=%D0%B4%D0%B5%D1%82%D1%81%D0%BA%D0%B8%D0%B9+%D1%81%D0%B0%D0%B4&district_id=4504209512726613&type=branch&page=5&page_size=10&fields=items.point%2Citems.name%2Citems.address_name%2Citems.reviews HTTP/1.1" 200 133
2025-10-30 20:45:59,251 - DEBUG - [получить_детские_сады_в_районе] - Статус ответа: 200
2025-10-30 20:45:59,251 - WARNING - [получить_детские_сады_в_районе] - На странице 5 нет данных в ожидаемом формате
2025-10-30 20:45:59,252 - INFO - [получить_детские_сады_в_районе] - Завершение сбора для района Котловка. Найдено детских садов: 14
2025-10-30 20:45:59,253 - INFO - [<cell line: 0>] - Район 'Котловка' завершен. Детских садов: 14
2025-10-30 20:46:00,255 - INFO - [<cell line: 0>] - [44/132] Обработка района: Краснопахорский
2025-10-30 20:46:00,256 - INFO - [получить_детские_сады_в_районе] - Начало сбора детских садов для района: Краснопахорский (ID: 4504209520933720)
2025-10-30 20:46:00,257 - DEBUG - [получить_детские_сады_в_районе] - Запрос страницы 1 для района Краснопахорский
2025-10-30 20:46:00,259 - DEBUG - [_new_conn] - Starting new HTTPS connection (1): catalog.api.2gis.com:443
2025-10-30 20:46:00,646 - DEBUG - [_make_request] - https://catalog.api.2gis.com:443 "GET /3.0/items?key=cdbda41e-e8e4-4e8d-9886-f12c075adc64&q=%D0%B4%D0%B5%D1%82%D1%81%D0%BA%D0%B8%D0%B9+%D1%81%D0%B0%D0%B4&district_id=4504209520933720&type=branch&page=1&page_size=10&fields=items.point%2Citems.name%2Citems.address_name%2Citems.reviews HTTP/1.1" 200 None
2025-10-30 20:46:00,647 - DEBUG - [получить_детские_сады_в_районе] - Статус ответа: 200
2025-10-30 20:46:00,647 - INFO - [получить_детские_сады_в_районе] - Загружено 10 детских садов со страницы 1
2025-10-30 20:46:01,148 - DEBUG - [получить_детские_сады_в_районе] - Запрос страницы 2 для района Краснопахорский
2025-10-30 20:46:01,150 - DEBUG - [_new_conn] - Starting new HTTPS connection (1): catalog.api.2gis.com:443
2025-10-30 20:46:01,567 - DEBUG - [_make_request] - https://catalog.api.2gis.com:443 "GET /3.0/items?key=cdbda41e-e8e4-4e8d-9886-f12c075adc64&q=%D0%B4%D0%B5%D1%82%D1%81%D0%BA%D0%B8%D0%B9+%D1%81%D0%B0%D0%B4&district_id=4504209520933720&type=branch&page=2&page_size=10&fields=items.point%2Citems.name%2Citems.address_name%2Citems.reviews HTTP/1.1" 200 None
2025-10-30 20:46:01,568 - DEBUG - [получить_детские_сады_в_районе] - Статус ответа: 200
2025-10-30 20:46:01,569 - INFO - [получить_детские_сады_в_районе] - Загружено 3 детских садов со страницы 2
2025-10-30 20:46:02,070 - DEBUG - [получить_детские_сады_в_районе] - Запрос страницы 3 для района Краснопахорский
2025-10-30 20:46:02,072 - DEBUG - [_new_conn] - Starting new HTTPS connection (1): catalog.api.2gis.com:443
2025-10-30 20:46:02,463 - DEBUG - [_make_request] - https://catalog.api.2gis.com:443 "GET /3.0/items?key=cdbda41e-e8e4-4e8d-9886-f12c075adc64&q=%D0%B4%D0%B5%D1%82%D1%81%D0%BA%D0%B8%D0%B9+%D1%81%D0%B0%D0%B4&district_id=4504209520933720&type=branch&page=3&page_size=10&fields=items.point%2Citems.name%2Citems.address_name%2Citems.reviews HTTP/1.1" 200 133
2025-10-30 20:46:02,464 - DEBUG - [получить_детские_сады_в_районе] - Статус ответа: 200
2025-10-30 20:46:02,464 - WARNING - [получить_детские_сады_в_районе] - На странице 3 нет данных в ожидаемом формате
2025-10-30 20:46:02,965 - DEBUG - [получить_детские_сады_в_районе] - Запрос страницы 4 для района Краснопахорский
2025-10-30 20:46:02,967 - DEBUG - [_new_conn] - Starting new HTTPS connection (1): catalog.api.2gis.com:443
2025-10-30 20:46:03,359 - DEBUG - [_make_request] - https://catalog.api.2gis.com:443 "GET /3.0/items?key=cdbda41e-e8e4-4e8d-9886-f12c075adc64&q=%D0%B4%D0%B5%D1%82%D1%81%D0%BA%D0%B8%D0%B9+%D1%81%D0%B0%D0%B4&district_id=4504209520933720&type=branch&page=4&page_size=10&fields=items.point%2Citems.name%2Citems.address_name%2Citems.reviews HTTP/1.1" 200 133
2025-10-30 20:46:03,360 - DEBUG - [получить_детские_сады_в_районе] - Статус ответа: 200
2025-10-30 20:46:03,361 - WARNING - [получить_детские_сады_в_районе] - На странице 4 нет данных в ожидаемом формате
2025-10-30 20:46:03,862 - DEBUG - [получить_детские_сады_в_районе] - Запрос страницы 5 для района Краснопахорский
2025-10-30 20:46:03,863 - DEBUG - [_new_conn] - Starting new HTTPS connection (1): catalog.api.2gis.com:443
2025-10-30 20:46:04,250 - DEBUG - [_make_request] - https://catalog.api.2gis.com:443 "GET /3.0/items?key=cdbda41e-e8e4-4e8d-9886-f12c075adc64&q=%D0%B4%D0%B5%D1%82%D1%81%D0%BA%D0%B8%D0%B9+%D1%81%D0%B0%D0%B4&district_id=4504209520933720&type=branch&page=5&page_size=10&fields=items.point%2Citems.name%2Citems.address_name%2Citems.reviews HTTP/1.1" 200 133
2025-10-30 20:46:04,251 - DEBUG - [получить_детские_сады_в_районе] - Статус ответа: 200
2025-10-30 20:46:04,251 - WARNING - [получить_детские_сады_в_районе] - На странице 5 нет данных в ожидаемом формате
2025-10-30 20:46:04,252 - INFO - [получить_детские_сады_в_районе] - Завершение сбора для района Краснопахорский. Найдено детских садов: 13
2025-10-30 20:46:04,253 - INFO - [<cell line: 0>] - Район 'Краснопахорский' завершен. Детских садов: 13
2025-10-30 20:46:05,255 - INFO - [<cell line: 0>] - [45/132] Обработка района: Красносельский
2025-10-30 20:46:05,256 - INFO - [получить_детские_сады_в_районе] - Начало сбора детских садов для района: Красносельский (ID: 4504209512726540)
2025-10-30 20:46:05,257 - DEBUG - [получить_детские_сады_в_районе] - Запрос страницы 1 для района Красносельский
2025-10-30 20:46:05,258 - DEBUG - [_new_conn] - Starting new HTTPS connection (1): catalog.api.2gis.com:443
2025-10-30 20:46:05,654 - DEBUG - [_make_request] - https://catalog.api.2gis.com:443 "GET /3.0/items?key=cdbda41e-e8e4-4e8d-9886-f12c075adc64&q=%D0%B4%D0%B5%D1%82%D1%81%D0%BA%D0%B8%D0%B9+%D1%81%D0%B0%D0%B4&district_id=4504209512726540&type=branch&page=1&page_size=10&fields=items.point%2Citems.name%2Citems.address_name%2Citems.reviews HTTP/1.1" 200 None
2025-10-30 20:46:05,655 - DEBUG - [получить_детские_сады_в_районе] - Статус ответа: 200
2025-10-30 20:46:05,655 - INFO - [получить_детские_сады_в_районе] - Загружено 10 детских садов со страницы 1
2025-10-30 20:46:06,156 - DEBUG - [получить_детские_сады_в_районе] - Запрос страницы 2 для района Красносельский
2025-10-30 20:46:06,157 - DEBUG - [_new_conn] - Starting new HTTPS connection (1): catalog.api.2gis.com:443
2025-10-30 20:46:06,544 - DEBUG - [_make_request] - https://catalog.api.2gis.com:443 "GET /3.0/items?key=cdbda41e-e8e4-4e8d-9886-f12c075adc64&q=%D0%B4%D0%B5%D1%82%D1%81%D0%BA%D0%B8%D0%B9+%D1%81%D0%B0%D0%B4&district_id=4504209512726540&type=branch&page=2&page_size=10&fields=items.point%2Citems.name%2Citems.address_name%2Citems.reviews HTTP/1.1" 200 None
2025-10-30 20:46:06,545 - DEBUG - [получить_детские_сады_в_районе] - Статус ответа: 200
2025-10-30 20:46:06,545 - INFO - [получить_детские_сады_в_районе] - Загружено 1 детских садов со страницы 2
2025-10-30 20:46:07,046 - DEBUG - [получить_детские_сады_в_районе] - Запрос страницы 3 для района Красносельский
2025-10-30 20:46:07,047 - DEBUG - [_new_conn] - Starting new HTTPS connection (1): catalog.api.2gis.com:443
2025-10-30 20:46:07,465 - DEBUG - [_make_request] - https://catalog.api.2gis.com:443 "GET /3.0/items?key=cdbda41e-e8e4-4e8d-9886-f12c075adc64&q=%D0%B4%D0%B5%D1%82%D1%81%D0%BA%D0%B8%D0%B9+%D1%81%D0%B0%D0%B4&district_id=4504209512726540&type=branch&page=3&page_size=10&fields=items.point%2Citems.name%2Citems.address_name%2Citems.reviews HTTP/1.1" 200 133
2025-10-30 20:46:07,466 - DEBUG - [получить_детские_сады_в_районе] - Статус ответа: 200
2025-10-30 20:46:07,467 - WARNING - [получить_детские_сады_в_районе] - На странице 3 нет данных в ожидаемом формате
2025-10-30 20:46:07,967 - DEBUG - [получить_детские_сады_в_районе] - Запрос страницы 4 для района Красносельский
2025-10-30 20:46:07,970 - DEBUG - [_new_conn] - Starting new HTTPS connection (1): catalog.api.2gis.com:443
2025-10-30 20:46:08,361 - DEBUG - [_make_request] - https://catalog.api.2gis.com:443 "GET /3.0/items?key=cdbda41e-e8e4-4e8d-9886-f12c075adc64&q=%D0%B4%D0%B5%D1%82%D1%81%D0%BA%D0%B8%D0%B9+%D1%81%D0%B0%D0%B4&district_id=4504209512726540&type=branch&page=4&page_size=10&fields=items.point%2Citems.name%2Citems.address_name%2Citems.reviews HTTP/1.1" 200 133
2025-10-30 20:46:08,363 - DEBUG - [получить_детские_сады_в_районе] - Статус ответа: 200
2025-10-30 20:46:08,363 - WARNING - [получить_детские_сады_в_районе] - На странице 4 нет данных в ожидаемом формате
2025-10-30 20:46:08,864 - DEBUG - [получить_детские_сады_в_районе] - Запрос страницы 5 для района Красносельский
2025-10-30 20:46:08,866 - DEBUG - [_new_conn] - Starting new HTTPS connection (1): catalog.api.2gis.com:443
2025-10-30 20:46:09,299 - DEBUG - [_make_request] - https://catalog.api.2gis.com:443 "GET /3.0/items?key=cdbda41e-e8e4-4e8d-9886-f12c075adc64&q=%D0%B4%D0%B5%D1%82%D1%81%D0%BA%D0%B8%D0%B9+%D1%81%D0%B0%D0%B4&district_id=4504209512726540&type=branch&page=5&page_size=10&fields=items.point%2Citems.name%2Citems.address_name%2Citems.reviews HTTP/1.1" 200 133
2025-10-30 20:46:09,300 - DEBUG - [получить_детские_сады_в_районе] - Статус ответа: 200
2025-10-30 20:46:09,301 - WARNING - [получить_детские_сады_в_районе] - На странице 5 нет данных в ожидаемом формате
2025-10-30 20:46:09,302 - INFO - [получить_детские_сады_в_районе] - Завершение сбора для района Красносельский. Найдено детских садов: 11
2025-10-30 20:46:09,303 - INFO - [<cell line: 0>] - Район 'Красносельский' завершен. Детских садов: 11
2025-10-30 20:46:10,305 - INFO - [<cell line: 0>] - [46/132] Обработка района: Крылатское
2025-10-30 20:46:10,306 - INFO - [получить_детские_сады_в_районе] - Начало сбора детских садов для района: Крылатское (ID: 4504209512726635)
2025-10-30 20:46:10,307 - DEBUG - [получить_детские_сады_в_районе] - Запрос страницы 1 для района Крылатское
2025-10-30 20:46:10,309 - DEBUG - [_new_conn] - Starting new HTTPS connection (1): catalog.api.2gis.com:443
2025-10-30 20:46:10,723 - DEBUG - [_make_request] - https://catalog.api.2gis.com:443 "GET /3.0/items?key=cdbda41e-e8e4-4e8d-9886-f12c075adc64&q=%D0%B4%D0%B5%D1%82%D1%81%D0%BA%D0%B8%D0%B9+%D1%81%D0%B0%D0%B4&district_id=4504209512726635&type=branch&page=1&page_size=10&fields=items.point%2Citems.name%2Citems.address_name%2Citems.reviews HTTP/1.1" 200 None
2025-10-30 20:46:10,724 - DEBUG - [получить_детские_сады_в_районе] - Статус ответа: 200
2025-10-30 20:46:10,724 - INFO - [получить_детские_сады_в_районе] - Загружено 10 детских садов со страницы 1
2025-10-30 20:46:11,225 - DEBUG - [получить_детские_сады_в_районе] - Запрос страницы 2 для района Крылатское
2025-10-30 20:46:11,226 - DEBUG - [_new_conn] - Starting new HTTPS connection (1): catalog.api.2gis.com:443
2025-10-30 20:46:11,624 - DEBUG - [_make_request] - https://catalog.api.2gis.com:443 "GET /3.0/items?key=cdbda41e-e8e4-4e8d-9886-f12c075adc64&q=%D0%B4%D0%B5%D1%82%D1%81%D0%BA%D0%B8%D0%B9+%D1%81%D0%B0%D0%B4&district_id=4504209512726635&type=branch&page=2&page_size=10&fields=items.point%2Citems.name%2Citems.address_name%2Citems.reviews HTTP/1.1" 200 None
2025-10-30 20:46:11,625 - DEBUG - [получить_детские_сады_в_районе] - Статус ответа: 200
2025-10-30 20:46:11,626 - INFO - [получить_детские_сады_в_районе] - Загружено 8 детских садов со страницы 2
2025-10-30 20:46:12,127 - DEBUG - [получить_детские_сады_в_районе] - Запрос страницы 3 для района Крылатское
2025-10-30 20:46:12,128 - DEBUG - [_new_conn] - Starting new HTTPS connection (1): catalog.api.2gis.com:443
2025-10-30 20:46:12,519 - DEBUG - [_make_request] - https://catalog.api.2gis.com:443 "GET /3.0/items?key=cdbda41e-e8e4-4e8d-9886-f12c075adc64&q=%D0%B4%D0%B5%D1%82%D1%81%D0%BA%D0%B8%D0%B9+%D1%81%D0%B0%D0%B4&district_id=4504209512726635&type=branch&page=3&page_size=10&fields=items.point%2Citems.name%2Citems.address_name%2Citems.reviews HTTP/1.1" 200 133
2025-10-30 20:46:12,520 - DEBUG - [получить_детские_сады_в_районе] - Статус ответа: 200
2025-10-30 20:46:12,520 - WARNING - [получить_детские_сады_в_районе] - На странице 3 нет данных в ожидаемом формате
2025-10-30 20:46:13,021 - DEBUG - [получить_детские_сады_в_районе] - Запрос страницы 4 для района Крылатское
2025-10-30 20:46:13,022 - DEBUG - [_new_conn] - Starting new HTTPS connection (1): catalog.api.2gis.com:443
2025-10-30 20:46:13,404 - DEBUG - [_make_request] - https://catalog.api.2gis.com:443 "GET /3.0/items?key=cdbda41e-e8e4-4e8d-9886-f12c075adc64&q=%D0%B4%D0%B5%D1%82%D1%81%D0%BA%D0%B8%D0%B9+%D1%81%D0%B0%D0%B4&district_id=4504209512726635&type=branch&page=4&page_size=10&fields=items.point%2Citems.name%2Citems.address_name%2Citems.reviews HTTP/1.1" 200 133
2025-10-30 20:46:13,405 - DEBUG - [получить_детские_сады_в_районе] - Статус ответа: 200
2025-10-30 20:46:13,405 - WARNING - [получить_детские_сады_в_районе] - На странице 4 нет данных в ожидаемом формате
2025-10-30 20:46:13,906 - DEBUG - [получить_детские_сады_в_районе] - Запрос страницы 5 для района Крылатское
2025-10-30 20:46:13,907 - DEBUG - [_new_conn] - Starting new HTTPS connection (1): catalog.api.2gis.com:443
2025-10-30 20:46:14,285 - DEBUG - [_make_request] - https://catalog.api.2gis.com:443 "GET /3.0/items?key=cdbda41e-e8e4-4e8d-9886-f12c075adc64&q=%D0%B4%D0%B5%D1%82%D1%81%D0%BA%D0%B8%D0%B9+%D1%81%D0%B0%D0%B4&district_id=4504209512726635&type=branch&page=5&page_size=10&fields=items.point%2Citems.name%2Citems.address_name%2Citems.reviews HTTP/1.1" 200 133
2025-10-30 20:46:14,286 - DEBUG - [получить_детские_сады_в_районе] - Статус ответа: 200
2025-10-30 20:46:14,286 - WARNING - [получить_детские_сады_в_районе] - На странице 5 нет данных в ожидаемом формате
2025-10-30 20:46:14,287 - INFO - [получить_детские_сады_в_районе] - Завершение сбора для района Крылатское. Найдено детских садов: 18
2025-10-30 20:46:14,288 - INFO - [<cell line: 0>] - Район 'Крылатское' завершен. Детских садов: 18
2025-10-30 20:46:15,289 - INFO - [<cell line: 0>] - [47/132] Обработка района: Крюково
2025-10-30 20:46:15,290 - INFO - [получить_детские_сады_в_районе] - Начало сбора детских садов для района: Крюково (ID: 4504209512726652)
2025-10-30 20:46:15,291 - DEBUG - [получить_детские_сады_в_районе] - Запрос страницы 1 для района Крюково
2025-10-30 20:46:15,293 - DEBUG - [_new_conn] - Starting new HTTPS connection (1): catalog.api.2gis.com:443
2025-10-30 20:46:15,720 - DEBUG - [_make_request] - https://catalog.api.2gis.com:443 "GET /3.0/items?key=cdbda41e-e8e4-4e8d-9886-f12c075adc64&q=%D0%B4%D0%B5%D1%82%D1%81%D0%BA%D0%B8%D0%B9+%D1%81%D0%B0%D0%B4&district_id=4504209512726652&type=branch&page=1&page_size=10&fields=items.point%2Citems.name%2Citems.address_name%2Citems.reviews HTTP/1.1" 200 None
2025-10-30 20:46:15,721 - DEBUG - [получить_детские_сады_в_районе] - Статус ответа: 200
2025-10-30 20:46:15,721 - INFO - [получить_детские_сады_в_районе] - Загружено 10 детских садов со страницы 1
2025-10-30 20:46:16,222 - DEBUG - [получить_детские_сады_в_районе] - Запрос страницы 2 для района Крюково
2025-10-30 20:46:16,223 - DEBUG - [_new_conn] - Starting new HTTPS connection (1): catalog.api.2gis.com:443
2025-10-30 20:46:16,627 - DEBUG - [_make_request] - https://catalog.api.2gis.com:443 "GET /3.0/items?key=cdbda41e-e8e4-4e8d-9886-f12c075adc64&q=%D0%B4%D0%B5%D1%82%D1%81%D0%BA%D0%B8%D0%B9+%D1%81%D0%B0%D0%B4&district_id=4504209512726652&type=branch&page=2&page_size=10&fields=items.point%2Citems.name%2Citems.address_name%2Citems.reviews HTTP/1.1" 200 None
2025-10-30 20:46:16,628 - DEBUG - [получить_детские_сады_в_районе] - Статус ответа: 200
2025-10-30 20:46:16,628 - INFO - [получить_детские_сады_в_районе] - Загружено 10 детских садов со страницы 2
2025-10-30 20:46:17,129 - DEBUG - [получить_детские_сады_в_районе] - Запрос страницы 3 для района Крюково
2025-10-30 20:46:17,131 - DEBUG - [_new_conn] - Starting new HTTPS connection (1): catalog.api.2gis.com:443
2025-10-30 20:46:17,542 - DEBUG - [_make_request] - https://catalog.api.2gis.com:443 "GET /3.0/items?key=cdbda41e-e8e4-4e8d-9886-f12c075adc64&q=%D0%B4%D0%B5%D1%82%D1%81%D0%BA%D0%B8%D0%B9+%D1%81%D0%B0%D0%B4&district_id=4504209512726652&type=branch&page=3&page_size=10&fields=items.point%2Citems.name%2Citems.address_name%2Citems.reviews HTTP/1.1" 200 None
2025-10-30 20:46:17,543 - DEBUG - [получить_детские_сады_в_районе] - Статус ответа: 200
2025-10-30 20:46:17,543 - INFO - [получить_детские_сады_в_районе] - Загружено 10 детских садов со страницы 3
2025-10-30 20:46:18,044 - DEBUG - [получить_детские_сады_в_районе] - Запрос страницы 4 для района Крюково
2025-10-30 20:46:18,046 - DEBUG - [_new_conn] - Starting new HTTPS connection (1): catalog.api.2gis.com:443
2025-10-30 20:46:18,451 - DEBUG - [_make_request] - https://catalog.api.2gis.com:443 "GET /3.0/items?key=cdbda41e-e8e4-4e8d-9886-f12c075adc64&q=%D0%B4%D0%B5%D1%82%D1%81%D0%BA%D0%B8%D0%B9+%D1%81%D0%B0%D0%B4&district_id=4504209512726652&type=branch&page=4&page_size=10&fields=items.point%2Citems.name%2Citems.address_name%2Citems.reviews HTTP/1.1" 200 None
2025-10-30 20:46:18,452 - DEBUG - [получить_детские_сады_в_районе] - Статус ответа: 200
2025-10-30 20:46:18,452 - INFO - [получить_детские_сады_в_районе] - Загружено 6 детских садов со страницы 4
2025-10-30 20:46:18,953 - DEBUG - [получить_детские_сады_в_районе] - Запрос страницы 5 для района Крюково
2025-10-30 20:46:18,954 - DEBUG - [_new_conn] - Starting new HTTPS connection (1): catalog.api.2gis.com:443
2025-10-30 20:46:19,334 - DEBUG - [_make_request] - https://catalog.api.2gis.com:443 "GET /3.0/items?key=cdbda41e-e8e4-4e8d-9886-f12c075adc64&q=%D0%B4%D0%B5%D1%82%D1%81%D0%BA%D0%B8%D0%B9+%D1%81%D0%B0%D0%B4&district_id=4504209512726652&type=branch&page=5&page_size=10&fields=items.point%2Citems.name%2Citems.address_name%2Citems.reviews HTTP/1.1" 200 133
2025-10-30 20:46:19,335 - DEBUG - [получить_детские_сады_в_районе] - Статус ответа: 200
2025-10-30 20:46:19,335 - WARNING - [получить_детские_сады_в_районе] - На странице 5 нет данных в ожидаемом формате
2025-10-30 20:46:19,336 - INFO - [получить_детские_сады_в_районе] - Завершение сбора для района Крюково. Найдено детских садов: 36
2025-10-30 20:46:19,339 - INFO - [<cell line: 0>] - Район 'Крюково' завершен. Детских садов: 36
2025-10-30 20:46:20,340 - INFO - [<cell line: 0>] - [48/132] Обработка района: Кузьминки
2025-10-30 20:46:20,341 - INFO - [получить_детские_сады_в_районе] - Начало сбора детских садов для района: Кузьминки (ID: 4504209512726598)
2025-10-30 20:46:20,343 - DEBUG - [получить_детские_сады_в_районе] - Запрос страницы 1 для района Кузьминки
2025-10-30 20:46:20,344 - DEBUG - [_new_conn] - Starting new HTTPS connection (1): catalog.api.2gis.com:443
2025-10-30 20:46:20,747 - DEBUG - [_make_request] - https://catalog.api.2gis.com:443 "GET /3.0/items?key=cdbda41e-e8e4-4e8d-9886-f12c075adc64&q=%D0%B4%D0%B5%D1%82%D1%81%D0%BA%D0%B8%D0%B9+%D1%81%D0%B0%D0%B4&district_id=4504209512726598&type=branch&page=1&page_size=10&fields=items.point%2Citems.name%2Citems.address_name%2Citems.reviews HTTP/1.1" 200 None
2025-10-30 20:46:20,748 - DEBUG - [получить_детские_сады_в_районе] - Статус ответа: 200
2025-10-30 20:46:20,748 - INFO - [получить_детские_сады_в_районе] - Загружено 10 детских садов со страницы 1
2025-10-30 20:46:21,249 - DEBUG - [получить_детские_сады_в_районе] - Запрос страницы 2 для района Кузьминки
2025-10-30 20:46:21,251 - DEBUG - [_new_conn] - Starting new HTTPS connection (1): catalog.api.2gis.com:443
2025-10-30 20:46:21,655 - DEBUG - [_make_request] - https://catalog.api.2gis.com:443 "GET /3.0/items?key=cdbda41e-e8e4-4e8d-9886-f12c075adc64&q=%D0%B4%D0%B5%D1%82%D1%81%D0%BA%D0%B8%D0%B9+%D1%81%D0%B0%D0%B4&district_id=4504209512726598&type=branch&page=2&page_size=10&fields=items.point%2Citems.name%2Citems.address_name%2Citems.reviews HTTP/1.1" 200 None
2025-10-30 20:46:21,656 - DEBUG - [получить_детские_сады_в_районе] - Статус ответа: 200
2025-10-30 20:46:21,656 - INFO - [получить_детские_сады_в_районе] - Загружено 10 детских садов со страницы 2
2025-10-30 20:46:22,158 - DEBUG - [получить_детские_сады_в_районе] - Запрос страницы 3 для района Кузьминки
2025-10-30 20:46:22,159 - DEBUG - [_new_conn] - Starting new HTTPS connection (1): catalog.api.2gis.com:443
2025-10-30 20:46:22,564 - DEBUG - [_make_request] - https://catalog.api.2gis.com:443 "GET /3.0/items?key=cdbda41e-e8e4-4e8d-9886-f12c075adc64&q=%D0%B4%D0%B5%D1%82%D1%81%D0%BA%D0%B8%D0%B9+%D1%81%D0%B0%D0%B4&district_id=4504209512726598&type=branch&page=3&page_size=10&fields=items.point%2Citems.name%2Citems.address_name%2Citems.reviews HTTP/1.1" 200 None
2025-10-30 20:46:22,565 - DEBUG - [получить_детские_сады_в_районе] - Статус ответа: 200
2025-10-30 20:46:22,565 - INFO - [получить_детские_сады_в_районе] - Загружено 6 детских садов со страницы 3
2025-10-30 20:46:23,066 - DEBUG - [получить_детские_сады_в_районе] - Запрос страницы 4 для района Кузьминки
2025-10-30 20:46:23,068 - DEBUG - [_new_conn] - Starting new HTTPS connection (1): catalog.api.2gis.com:443
2025-10-30 20:46:23,459 - DEBUG - [_make_request] - https://catalog.api.2gis.com:443 "GET /3.0/items?key=cdbda41e-e8e4-4e8d-9886-f12c075adc64&q=%D0%B4%D0%B5%D1%82%D1%81%D0%BA%D0%B8%D0%B9+%D1%81%D0%B0%D0%B4&district_id=4504209512726598&type=branch&page=4&page_size=10&fields=items.point%2Citems.name%2Citems.address_name%2Citems.reviews HTTP/1.1" 200 133
2025-10-30 20:46:23,460 - DEBUG - [получить_детские_сады_в_районе] - Статус ответа: 200
2025-10-30 20:46:23,460 - WARNING - [получить_детские_сады_в_районе] - На странице 4 нет данных в ожидаемом формате
2025-10-30 20:46:23,961 - DEBUG - [получить_детские_сады_в_районе] - Запрос страницы 5 для района Кузьминки
2025-10-30 20:46:23,963 - DEBUG - [_new_conn] - Starting new HTTPS connection (1): catalog.api.2gis.com:443
2025-10-30 20:46:24,343 - DEBUG - [_make_request] - https://catalog.api.2gis.com:443 "GET /3.0/items?key=cdbda41e-e8e4-4e8d-9886-f12c075adc64&q=%D0%B4%D0%B5%D1%82%D1%81%D0%BA%D0%B8%D0%B9+%D1%81%D0%B0%D0%B4&district_id=4504209512726598&type=branch&page=5&page_size=10&fields=items.point%2Citems.name%2Citems.address_name%2Citems.reviews HTTP/1.1" 200 133
2025-10-30 20:46:24,344 - DEBUG - [получить_детские_сады_в_районе] - Статус ответа: 200
2025-10-30 20:46:24,344 - WARNING - [получить_детские_сады_в_районе] - На странице 5 нет данных в ожидаемом формате
2025-10-30 20:46:24,345 - INFO - [получить_детские_сады_в_районе] - Завершение сбора для района Кузьминки. Найдено детских садов: 26
2025-10-30 20:46:24,346 - INFO - [<cell line: 0>] - Район 'Кузьминки' завершен. Детских садов: 26
2025-10-30 20:46:25,347 - INFO - [<cell line: 0>] - [49/132] Обработка района: Кунцево
2025-10-30 20:46:25,348 - INFO - [получить_детские_сады_в_районе] - Начало сбора детских садов для района: Кунцево (ID: 4504209512726634)
2025-10-30 20:46:25,350 - DEBUG - [получить_детские_сады_в_районе] - Запрос страницы 1 для района Кунцево
2025-10-30 20:46:25,352 - DEBUG - [_new_conn] - Starting new HTTPS connection (1): catalog.api.2gis.com:443
2025-10-30 20:46:25,757 - DEBUG - [_make_request] - https://catalog.api.2gis.com:443 "GET /3.0/items?key=cdbda41e-e8e4-4e8d-9886-f12c075adc64&q=%D0%B4%D0%B5%D1%82%D1%81%D0%BA%D0%B8%D0%B9+%D1%81%D0%B0%D0%B4&district_id=4504209512726634&type=branch&page=1&page_size=10&fields=items.point%2Citems.name%2Citems.address_name%2Citems.reviews HTTP/1.1" 200 None
2025-10-30 20:46:25,758 - DEBUG - [получить_детские_сады_в_районе] - Статус ответа: 200
2025-10-30 20:46:25,758 - INFO - [получить_детские_сады_в_районе] - Загружено 10 детских садов со страницы 1
2025-10-30 20:46:26,259 - DEBUG - [получить_детские_сады_в_районе] - Запрос страницы 2 для района Кунцево
2025-10-30 20:46:26,261 - DEBUG - [_new_conn] - Starting new HTTPS connection (1): catalog.api.2gis.com:443
2025-10-30 20:46:26,753 - DEBUG - [_make_request] - https://catalog.api.2gis.com:443 "GET /3.0/items?key=cdbda41e-e8e4-4e8d-9886-f12c075adc64&q=%D0%B4%D0%B5%D1%82%D1%81%D0%BA%D0%B8%D0%B9+%D1%81%D0%B0%D0%B4&district_id=4504209512726634&type=branch&page=2&page_size=10&fields=items.point%2Citems.name%2Citems.address_name%2Citems.reviews HTTP/1.1" 200 None
2025-10-30 20:46:26,753 - DEBUG - [получить_детские_сады_в_районе] - Статус ответа: 200
2025-10-30 20:46:26,754 - INFO - [получить_детские_сады_в_районе] - Загружено 10 детских садов со страницы 2
2025-10-30 20:46:27,255 - DEBUG - [получить_детские_сады_в_районе] - Запрос страницы 3 для района Кунцево
2025-10-30 20:46:27,256 - DEBUG - [_new_conn] - Starting new HTTPS connection (1): catalog.api.2gis.com:443
2025-10-30 20:46:27,669 - DEBUG - [_make_request] - https://catalog.api.2gis.com:443 "GET /3.0/items?key=cdbda41e-e8e4-4e8d-9886-f12c075adc64&q=%D0%B4%D0%B5%D1%82%D1%81%D0%BA%D0%B8%D0%B9+%D1%81%D0%B0%D0%B4&district_id=4504209512726634&type=branch&page=3&page_size=10&fields=items.point%2Citems.name%2Citems.address_name%2Citems.reviews HTTP/1.1" 200 None
2025-10-30 20:46:27,670 - DEBUG - [получить_детские_сады_в_районе] - Статус ответа: 200
2025-10-30 20:46:27,670 - INFO - [получить_детские_сады_в_районе] - Загружено 10 детских садов со страницы 3
2025-10-30 20:46:28,171 - DEBUG - [получить_детские_сады_в_районе] - Запрос страницы 4 для района Кунцево
2025-10-30 20:46:28,172 - DEBUG - [_new_conn] - Starting new HTTPS connection (1): catalog.api.2gis.com:443
2025-10-30 20:46:28,578 - DEBUG - [_make_request] - https://catalog.api.2gis.com:443 "GET /3.0/items?key=cdbda41e-e8e4-4e8d-9886-f12c075adc64&q=%D0%B4%D0%B5%D1%82%D1%81%D0%BA%D0%B8%D0%B9+%D1%81%D0%B0%D0%B4&district_id=4504209512726634&type=branch&page=4&page_size=10&fields=items.point%2Citems.name%2Citems.address_name%2Citems.reviews HTTP/1.1" 200 None
2025-10-30 20:46:28,579 - DEBUG - [получить_детские_сады_в_районе] - Статус ответа: 200
2025-10-30 20:46:28,579 - INFO - [получить_детские_сады_в_районе] - Загружено 10 детских садов со страницы 4
2025-10-30 20:46:29,080 - DEBUG - [получить_детские_сады_в_районе] - Запрос страницы 5 для района Кунцево
2025-10-30 20:46:29,082 - DEBUG - [_new_conn] - Starting new HTTPS connection (1): catalog.api.2gis.com:443
2025-10-30 20:46:29,497 - DEBUG - [_make_request] - https://catalog.api.2gis.com:443 "GET /3.0/items?key=cdbda41e-e8e4-4e8d-9886-f12c075adc64&q=%D0%B4%D0%B5%D1%82%D1%81%D0%BA%D0%B8%D0%B9+%D1%81%D0%B0%D0%B4&district_id=4504209512726634&type=branch&page=5&page_size=10&fields=items.point%2Citems.name%2Citems.address_name%2Citems.reviews HTTP/1.1" 200 None
2025-10-30 20:46:29,498 - DEBUG - [получить_детские_сады_в_районе] - Статус ответа: 200
2025-10-30 20:46:29,498 - INFO - [получить_детские_сады_в_районе] - Загружено 10 детских садов со страницы 5
2025-10-30 20:46:29,499 - INFO - [получить_детские_сады_в_районе] - Завершение сбора для района Кунцево. Найдено детских садов: 50
2025-10-30 20:46:29,501 - INFO - [<cell line: 0>] - Район 'Кунцево' завершен. Детских садов: 50
2025-10-30 20:46:30,503 - INFO - [<cell line: 0>] - [50/132] Обработка района: Куркино
2025-10-30 20:46:30,504 - INFO - [получить_детские_сады_в_районе] - Начало сбора детских садов для района: Куркино (ID: 4504209512726651)
2025-10-30 20:46:30,505 - DEBUG - [получить_детские_сады_в_районе] - Запрос страницы 1 для района Куркино
2025-10-30 20:46:30,506 - DEBUG - [_new_conn] - Starting new HTTPS connection (1): catalog.api.2gis.com:443
2025-10-30 20:46:30,913 - DEBUG - [_make_request] - https://catalog.api.2gis.com:443 "GET /3.0/items?key=cdbda41e-e8e4-4e8d-9886-f12c075adc64&q=%D0%B4%D0%B5%D1%82%D1%81%D0%BA%D0%B8%D0%B9+%D1%81%D0%B0%D0%B4&district_id=4504209512726651&type=branch&page=1&page_size=10&fields=items.point%2Citems.name%2Citems.address_name%2Citems.reviews HTTP/1.1" 200 None
2025-10-30 20:46:30,914 - DEBUG - [получить_детские_сады_в_районе] - Статус ответа: 200
2025-10-30 20:46:30,914 - INFO - [получить_детские_сады_в_районе] - Загружено 10 детских садов со страницы 1
2025-10-30 20:46:31,415 - DEBUG - [получить_детские_сады_в_районе] - Запрос страницы 2 для района Куркино
2025-10-30 20:46:31,417 - DEBUG - [_new_conn] - Starting new HTTPS connection (1): catalog.api.2gis.com:443
2025-10-30 20:46:31,808 - DEBUG - [_make_request] - https://catalog.api.2gis.com:443 "GET /3.0/items?key=cdbda41e-e8e4-4e8d-9886-f12c075adc64&q=%D0%B4%D0%B5%D1%82%D1%81%D0%BA%D0%B8%D0%B9+%D1%81%D0%B0%D0%B4&district_id=4504209512726651&type=branch&page=2&page_size=10&fields=items.point%2Citems.name%2Citems.address_name%2Citems.reviews HTTP/1.1" 200 None
2025-10-30 20:46:31,809 - DEBUG - [получить_детские_сады_в_районе] - Статус ответа: 200
2025-10-30 20:46:31,809 - INFO - [получить_детские_сады_в_районе] - Загружено 10 детских садов со страницы 2
2025-10-30 20:46:32,310 - DEBUG - [получить_детские_сады_в_районе] - Запрос страницы 3 для района Куркино
2025-10-30 20:46:32,312 - DEBUG - [_new_conn] - Starting new HTTPS connection (1): catalog.api.2gis.com:443
2025-10-30 20:46:32,724 - DEBUG - [_make_request] - https://catalog.api.2gis.com:443 "GET /3.0/items?key=cdbda41e-e8e4-4e8d-9886-f12c075adc64&q=%D0%B4%D0%B5%D1%82%D1%81%D0%BA%D0%B8%D0%B9+%D1%81%D0%B0%D0%B4&district_id=4504209512726651&type=branch&page=3&page_size=10&fields=items.point%2Citems.name%2Citems.address_name%2Citems.reviews HTTP/1.1" 200 None
2025-10-30 20:46:32,725 - DEBUG - [получить_детские_сады_в_районе] - Статус ответа: 200
2025-10-30 20:46:32,726 - INFO - [получить_детские_сады_в_районе] - Загружено 10 детских садов со страницы 3
2025-10-30 20:46:33,227 - DEBUG - [получить_детские_сады_в_районе] - Запрос страницы 4 для района Куркино
2025-10-30 20:46:33,228 - DEBUG - [_new_conn] - Starting new HTTPS connection (1): catalog.api.2gis.com:443
2025-10-30 20:46:33,625 - DEBUG - [_make_request] - https://catalog.api.2gis.com:443 "GET /3.0/items?key=cdbda41e-e8e4-4e8d-9886-f12c075adc64&q=%D0%B4%D0%B5%D1%82%D1%81%D0%BA%D0%B8%D0%B9+%D1%81%D0%B0%D0%B4&district_id=4504209512726651&type=branch&page=4&page_size=10&fields=items.point%2Citems.name%2Citems.address_name%2Citems.reviews HTTP/1.1" 200 None
2025-10-30 20:46:33,626 - DEBUG - [получить_детские_сады_в_районе] - Статус ответа: 200
2025-10-30 20:46:33,626 - INFO - [получить_детские_сады_в_районе] - Загружено 2 детских садов со страницы 4
2025-10-30 20:46:34,127 - DEBUG - [получить_детские_сады_в_районе] - Запрос страницы 5 для района Куркино
2025-10-30 20:46:34,128 - DEBUG - [_new_conn] - Starting new HTTPS connection (1): catalog.api.2gis.com:443
2025-10-30 20:46:34,507 - DEBUG - [_make_request] - https://catalog.api.2gis.com:443 "GET /3.0/items?key=cdbda41e-e8e4-4e8d-9886-f12c075adc64&q=%D0%B4%D0%B5%D1%82%D1%81%D0%BA%D0%B8%D0%B9+%D1%81%D0%B0%D0%B4&district_id=4504209512726651&type=branch&page=5&page_size=10&fields=items.point%2Citems.name%2Citems.address_name%2Citems.reviews HTTP/1.1" 200 133
2025-10-30 20:46:34,508 - DEBUG - [получить_детские_сады_в_районе] - Статус ответа: 200
2025-10-30 20:46:34,508 - WARNING - [получить_детские_сады_в_районе] - На странице 5 нет данных в ожидаемом формате
2025-10-30 20:46:34,509 - INFO - [получить_детские_сады_в_районе] - Завершение сбора для района Куркино. Найдено детских садов: 32
2025-10-30 20:46:34,512 - INFO - [<cell line: 0>] - Район 'Куркино' завершен. Детских садов: 32
2025-10-30 20:46:35,513 - INFO - [<cell line: 0>] - [51/132] Обработка района: Левобережный
2025-10-30 20:46:35,514 - INFO - [получить_детские_сады_в_районе] - Начало сбора детских садов для района: Левобережный (ID: 4504209512726554)
2025-10-30 20:46:35,516 - DEBUG - [получить_детские_сады_в_районе] - Запрос страницы 1 для района Левобережный
2025-10-30 20:46:35,518 - DEBUG - [_new_conn] - Starting new HTTPS connection (1): catalog.api.2gis.com:443
2025-10-30 20:46:35,909 - DEBUG - [_make_request] - https://catalog.api.2gis.com:443 "GET /3.0/items?key=cdbda41e-e8e4-4e8d-9886-f12c075adc64&q=%D0%B4%D0%B5%D1%82%D1%81%D0%BA%D0%B8%D0%B9+%D1%81%D0%B0%D0%B4&district_id=4504209512726554&type=branch&page=1&page_size=10&fields=items.point%2Citems.name%2Citems.address_name%2Citems.reviews HTTP/1.1" 200 None
2025-10-30 20:46:35,911 - DEBUG - [получить_детские_сады_в_районе] - Статус ответа: 200
2025-10-30 20:46:35,911 - INFO - [получить_детские_сады_в_районе] - Загружено 10 детских садов со страницы 1
2025-10-30 20:46:36,412 - DEBUG - [получить_детские_сады_в_районе] - Запрос страницы 2 для района Левобережный
2025-10-30 20:46:36,413 - DEBUG - [_new_conn] - Starting new HTTPS connection (1): catalog.api.2gis.com:443
2025-10-30 20:46:36,806 - DEBUG - [_make_request] - https://catalog.api.2gis.com:443 "GET /3.0/items?key=cdbda41e-e8e4-4e8d-9886-f12c075adc64&q=%D0%B4%D0%B5%D1%82%D1%81%D0%BA%D0%B8%D0%B9+%D1%81%D0%B0%D0%B4&district_id=4504209512726554&type=branch&page=2&page_size=10&fields=items.point%2Citems.name%2Citems.address_name%2Citems.reviews HTTP/1.1" 200 None
2025-10-30 20:46:36,807 - DEBUG - [получить_детские_сады_в_районе] - Статус ответа: 200
2025-10-30 20:46:36,807 - INFO - [получить_детские_сады_в_районе] - Загружено 8 детских садов со страницы 2
2025-10-30 20:46:37,308 - DEBUG - [получить_детские_сады_в_районе] - Запрос страницы 3 для района Левобережный
2025-10-30 20:46:37,309 - DEBUG - [_new_conn] - Starting new HTTPS connection (1): catalog.api.2gis.com:443
2025-10-30 20:46:37,698 - DEBUG - [_make_request] - https://catalog.api.2gis.com:443 "GET /3.0/items?key=cdbda41e-e8e4-4e8d-9886-f12c075adc64&q=%D0%B4%D0%B5%D1%82%D1%81%D0%BA%D0%B8%D0%B9+%D1%81%D0%B0%D0%B4&district_id=4504209512726554&type=branch&page=3&page_size=10&fields=items.point%2Citems.name%2Citems.address_name%2Citems.reviews HTTP/1.1" 200 133
2025-10-30 20:46:37,699 - DEBUG - [получить_детские_сады_в_районе] - Статус ответа: 200
2025-10-30 20:46:37,700 - WARNING - [получить_детские_сады_в_районе] - На странице 3 нет данных в ожидаемом формате
2025-10-30 20:46:38,201 - DEBUG - [получить_детские_сады_в_районе] - Запрос страницы 4 для района Левобережный
2025-10-30 20:46:38,202 - DEBUG - [_new_conn] - Starting new HTTPS connection (1): catalog.api.2gis.com:443
2025-10-30 20:46:38,606 - DEBUG - [_make_request] - https://catalog.api.2gis.com:443 "GET /3.0/items?key=cdbda41e-e8e4-4e8d-9886-f12c075adc64&q=%D0%B4%D0%B5%D1%82%D1%81%D0%BA%D0%B8%D0%B9+%D1%81%D0%B0%D0%B4&district_id=4504209512726554&type=branch&page=4&page_size=10&fields=items.point%2Citems.name%2Citems.address_name%2Citems.reviews HTTP/1.1" 200 133
2025-10-30 20:46:38,607 - DEBUG - [получить_детские_сады_в_районе] - Статус ответа: 200
2025-10-30 20:46:38,607 - WARNING - [получить_детские_сады_в_районе] - На странице 4 нет данных в ожидаемом формате
2025-10-30 20:46:39,108 - DEBUG - [получить_детские_сады_в_районе] - Запрос страницы 5 для района Левобережный
2025-10-30 20:46:39,110 - DEBUG - [_new_conn] - Starting new HTTPS connection (1): catalog.api.2gis.com:443
2025-10-30 20:46:39,490 - DEBUG - [_make_request] - https://catalog.api.2gis.com:443 "GET /3.0/items?key=cdbda41e-e8e4-4e8d-9886-f12c075adc64&q=%D0%B4%D0%B5%D1%82%D1%81%D0%BA%D0%B8%D0%B9+%D1%81%D0%B0%D0%B4&district_id=4504209512726554&type=branch&page=5&page_size=10&fields=items.point%2Citems.name%2Citems.address_name%2Citems.reviews HTTP/1.1" 200 133
2025-10-30 20:46:39,491 - DEBUG - [получить_детские_сады_в_районе] - Статус ответа: 200
2025-10-30 20:46:39,491 - WARNING - [получить_детские_сады_в_районе] - На странице 5 нет данных в ожидаемом формате
2025-10-30 20:46:39,492 - INFO - [получить_детские_сады_в_районе] - Завершение сбора для района Левобережный. Найдено детских садов: 18
2025-10-30 20:46:39,495 - INFO - [<cell line: 0>] - Район 'Левобережный' завершен. Детских садов: 18
2025-10-30 20:46:40,496 - INFO - [<cell line: 0>] - [52/132] Обработка района: Лефортово
2025-10-30 20:46:40,497 - INFO - [получить_детские_сады_в_районе] - Начало сбора детских садов для района: Лефортово (ID: 4504209512726590)
2025-10-30 20:46:40,498 - DEBUG - [получить_детские_сады_в_районе] - Запрос страницы 1 для района Лефортово
2025-10-30 20:46:40,500 - DEBUG - [_new_conn] - Starting new HTTPS connection (1): catalog.api.2gis.com:443
2025-10-30 20:46:40,893 - DEBUG - [_make_request] - https://catalog.api.2gis.com:443 "GET /3.0/items?key=cdbda41e-e8e4-4e8d-9886-f12c075adc64&q=%D0%B4%D0%B5%D1%82%D1%81%D0%BA%D0%B8%D0%B9+%D1%81%D0%B0%D0%B4&district_id=4504209512726590&type=branch&page=1&page_size=10&fields=items.point%2Citems.name%2Citems.address_name%2Citems.reviews HTTP/1.1" 200 None
2025-10-30 20:46:40,893 - DEBUG - [получить_детские_сады_в_районе] - Статус ответа: 200
2025-10-30 20:46:40,894 - INFO - [получить_детские_сады_в_районе] - Загружено 10 детских садов со страницы 1
2025-10-30 20:46:41,395 - DEBUG - [получить_детские_сады_в_районе] - Запрос страницы 2 для района Лефортово
2025-10-30 20:46:41,396 - DEBUG - [_new_conn] - Starting new HTTPS connection (1): catalog.api.2gis.com:443
2025-10-30 20:46:41,794 - DEBUG - [_make_request] - https://catalog.api.2gis.com:443 "GET /3.0/items?key=cdbda41e-e8e4-4e8d-9886-f12c075adc64&q=%D0%B4%D0%B5%D1%82%D1%81%D0%BA%D0%B8%D0%B9+%D1%81%D0%B0%D0%B4&district_id=4504209512726590&type=branch&page=2&page_size=10&fields=items.point%2Citems.name%2Citems.address_name%2Citems.reviews HTTP/1.1" 200 None
2025-10-30 20:46:41,795 - DEBUG - [получить_детские_сады_в_районе] - Статус ответа: 200
2025-10-30 20:46:41,795 - INFO - [получить_детские_сады_в_районе] - Загружено 10 детских садов со страницы 2
2025-10-30 20:46:42,296 - DEBUG - [получить_детские_сады_в_районе] - Запрос страницы 3 для района Лефортово
2025-10-30 20:46:42,298 - DEBUG - [_new_conn] - Starting new HTTPS connection (1): catalog.api.2gis.com:443
2025-10-30 20:46:42,690 - DEBUG - [_make_request] - https://catalog.api.2gis.com:443 "GET /3.0/items?key=cdbda41e-e8e4-4e8d-9886-f12c075adc64&q=%D0%B4%D0%B5%D1%82%D1%81%D0%BA%D0%B8%D0%B9+%D1%81%D0%B0%D0%B4&district_id=4504209512726590&type=branch&page=3&page_size=10&fields=items.point%2Citems.name%2Citems.address_name%2Citems.reviews HTTP/1.1" 200 None
2025-10-30 20:46:42,691 - DEBUG - [получить_детские_сады_в_районе] - Статус ответа: 200
2025-10-30 20:46:42,691 - INFO - [получить_детские_сады_в_районе] - Загружено 3 детских садов со страницы 3
2025-10-30 20:46:43,193 - DEBUG - [получить_детские_сады_в_районе] - Запрос страницы 4 для района Лефортово
2025-10-30 20:46:43,195 - DEBUG - [_new_conn] - Starting new HTTPS connection (1): catalog.api.2gis.com:443
2025-10-30 20:46:43,603 - DEBUG - [_make_request] - https://catalog.api.2gis.com:443 "GET /3.0/items?key=cdbda41e-e8e4-4e8d-9886-f12c075adc64&q=%D0%B4%D0%B5%D1%82%D1%81%D0%BA%D0%B8%D0%B9+%D1%81%D0%B0%D0%B4&district_id=4504209512726590&type=branch&page=4&page_size=10&fields=items.point%2Citems.name%2Citems.address_name%2Citems.reviews HTTP/1.1" 200 133
2025-10-30 20:46:43,604 - DEBUG - [получить_детские_сады_в_районе] - Статус ответа: 200
2025-10-30 20:46:43,604 - WARNING - [получить_детские_сады_в_районе] - На странице 4 нет данных в ожидаемом формате
2025-10-30 20:46:44,105 - DEBUG - [получить_детские_сады_в_районе] - Запрос страницы 5 для района Лефортово
2025-10-30 20:46:44,107 - DEBUG - [_new_conn] - Starting new HTTPS connection (1): catalog.api.2gis.com:443
2025-10-30 20:46:44,504 - DEBUG - [_make_request] - https://catalog.api.2gis.com:443 "GET /3.0/items?key=cdbda41e-e8e4-4e8d-9886-f12c075adc64&q=%D0%B4%D0%B5%D1%82%D1%81%D0%BA%D0%B8%D0%B9+%D1%81%D0%B0%D0%B4&district_id=4504209512726590&type=branch&page=5&page_size=10&fields=items.point%2Citems.name%2Citems.address_name%2Citems.reviews HTTP/1.1" 200 133
2025-10-30 20:46:44,506 - DEBUG - [получить_детские_сады_в_районе] - Статус ответа: 200
2025-10-30 20:46:44,506 - WARNING - [получить_детские_сады_в_районе] - На странице 5 нет данных в ожидаемом формате
2025-10-30 20:46:44,507 - INFO - [получить_детские_сады_в_районе] - Завершение сбора для района Лефортово. Найдено детских садов: 23
2025-10-30 20:46:44,507 - INFO - [<cell line: 0>] - Район 'Лефортово' завершен. Детских садов: 23
2025-10-30 20:46:45,509 - INFO - [<cell line: 0>] - [53/132] Обработка района: Лианозово
2025-10-30 20:46:45,510 - INFO - [получить_детские_сады_в_районе] - Начало сбора детских садов для района: Лианозово (ID: 4504209512726559)
2025-10-30 20:46:45,512 - DEBUG - [получить_детские_сады_в_районе] - Запрос страницы 1 для района Лианозово
2025-10-30 20:46:45,514 - DEBUG - [_new_conn] - Starting new HTTPS connection (1): catalog.api.2gis.com:443
2025-10-30 20:46:45,924 - DEBUG - [_make_request] - https://catalog.api.2gis.com:443 "GET /3.0/items?key=cdbda41e-e8e4-4e8d-9886-f12c075adc64&q=%D0%B4%D0%B5%D1%82%D1%81%D0%BA%D0%B8%D0%B9+%D1%81%D0%B0%D0%B4&district_id=4504209512726559&type=branch&page=1&page_size=10&fields=items.point%2Citems.name%2Citems.address_name%2Citems.reviews HTTP/1.1" 200 None
2025-10-30 20:46:45,925 - DEBUG - [получить_детские_сады_в_районе] - Статус ответа: 200
2025-10-30 20:46:45,925 - INFO - [получить_детские_сады_в_районе] - Загружено 10 детских садов со страницы 1
2025-10-30 20:46:46,426 - DEBUG - [получить_детские_сады_в_районе] - Запрос страницы 2 для района Лианозово
2025-10-30 20:46:46,428 - DEBUG - [_new_conn] - Starting new HTTPS connection (1): catalog.api.2gis.com:443
2025-10-30 20:46:46,846 - DEBUG - [_make_request] - https://catalog.api.2gis.com:443 "GET /3.0/items?key=cdbda41e-e8e4-4e8d-9886-f12c075adc64&q=%D0%B4%D0%B5%D1%82%D1%81%D0%BA%D0%B8%D0%B9+%D1%81%D0%B0%D0%B4&district_id=4504209512726559&type=branch&page=2&page_size=10&fields=items.point%2Citems.name%2Citems.address_name%2Citems.reviews HTTP/1.1" 200 None
2025-10-30 20:46:46,847 - DEBUG - [получить_детские_сады_в_районе] - Статус ответа: 200
2025-10-30 20:46:46,847 - INFO - [получить_детские_сады_в_районе] - Загружено 10 детских садов со страницы 2
2025-10-30 20:46:47,348 - DEBUG - [получить_детские_сады_в_районе] - Запрос страницы 3 для района Лианозово
2025-10-30 20:46:47,349 - DEBUG - [_new_conn] - Starting new HTTPS connection (1): catalog.api.2gis.com:443
2025-10-30 20:46:47,735 - DEBUG - [_make_request] - https://catalog.api.2gis.com:443 "GET /3.0/items?key=cdbda41e-e8e4-4e8d-9886-f12c075adc64&q=%D0%B4%D0%B5%D1%82%D1%81%D0%BA%D0%B8%D0%B9+%D1%81%D0%B0%D0%B4&district_id=4504209512726559&type=branch&page=3&page_size=10&fields=items.point%2Citems.name%2Citems.address_name%2Citems.reviews HTTP/1.1" 200 None
2025-10-30 20:46:47,736 - DEBUG - [получить_детские_сады_в_районе] - Статус ответа: 200
2025-10-30 20:46:47,736 - INFO - [получить_детские_сады_в_районе] - Загружено 4 детских садов со страницы 3
2025-10-30 20:46:48,237 - DEBUG - [получить_детские_сады_в_районе] - Запрос страницы 4 для района Лианозово
2025-10-30 20:46:48,239 - DEBUG - [_new_conn] - Starting new HTTPS connection (1): catalog.api.2gis.com:443
2025-10-30 20:46:48,629 - DEBUG - [_make_request] - https://catalog.api.2gis.com:443 "GET /3.0/items?key=cdbda41e-e8e4-4e8d-9886-f12c075adc64&q=%D0%B4%D0%B5%D1%82%D1%81%D0%BA%D0%B8%D0%B9+%D1%81%D0%B0%D0%B4&district_id=4504209512726559&type=branch&page=4&page_size=10&fields=items.point%2Citems.name%2Citems.address_name%2Citems.reviews HTTP/1.1" 200 133
2025-10-30 20:46:48,630 - DEBUG - [получить_детские_сады_в_районе] - Статус ответа: 200
2025-10-30 20:46:48,630 - WARNING - [получить_детские_сады_в_районе] - На странице 4 нет данных в ожидаемом формате
2025-10-30 20:46:49,131 - DEBUG - [получить_детские_сады_в_районе] - Запрос страницы 5 для района Лианозово
2025-10-30 20:46:49,133 - DEBUG - [_new_conn] - Starting new HTTPS connection (1): catalog.api.2gis.com:443
2025-10-30 20:46:49,519 - DEBUG - [_make_request] - https://catalog.api.2gis.com:443 "GET /3.0/items?key=cdbda41e-e8e4-4e8d-9886-f12c075adc64&q=%D0%B4%D0%B5%D1%82%D1%81%D0%BA%D0%B8%D0%B9+%D1%81%D0%B0%D0%B4&district_id=4504209512726559&type=branch&page=5&page_size=10&fields=items.point%2Citems.name%2Citems.address_name%2Citems.reviews HTTP/1.1" 200 133
2025-10-30 20:46:49,520 - DEBUG - [получить_детские_сады_в_районе] - Статус ответа: 200
2025-10-30 20:46:49,520 - WARNING - [получить_детские_сады_в_районе] - На странице 5 нет данных в ожидаемом формате
2025-10-30 20:46:49,521 - INFO - [получить_детские_сады_в_районе] - Завершение сбора для района Лианозово. Найдено детских садов: 24
2025-10-30 20:46:49,522 - INFO - [<cell line: 0>] - Район 'Лианозово' завершен. Детских садов: 24
2025-10-30 20:46:50,526 - INFO - [<cell line: 0>] - [54/132] Обработка района: Ломоносовский
2025-10-30 20:46:50,527 - INFO - [получить_детские_сады_в_районе] - Начало сбора детских садов для района: Ломоносовский (ID: 4504209512726623)
2025-10-30 20:46:50,528 - DEBUG - [получить_детские_сады_в_районе] - Запрос страницы 1 для района Ломоносовский
2025-10-30 20:46:50,529 - DEBUG - [_new_conn] - Starting new HTTPS connection (1): catalog.api.2gis.com:443
2025-10-30 20:46:50,938 - DEBUG - [_make_request] - https://catalog.api.2gis.com:443 "GET /3.0/items?key=cdbda41e-e8e4-4e8d-9886-f12c075adc64&q=%D0%B4%D0%B5%D1%82%D1%81%D0%BA%D0%B8%D0%B9+%D1%81%D0%B0%D0%B4&district_id=4504209512726623&type=branch&page=1&page_size=10&fields=items.point%2Citems.name%2Citems.address_name%2Citems.reviews HTTP/1.1" 200 None
2025-10-30 20:46:50,938 - DEBUG - [получить_детские_сады_в_районе] - Статус ответа: 200
2025-10-30 20:46:50,939 - INFO - [получить_детские_сады_в_районе] - Загружено 10 детских садов со страницы 1
2025-10-30 20:46:51,440 - DEBUG - [получить_детские_сады_в_районе] - Запрос страницы 2 для района Ломоносовский
2025-10-30 20:46:51,441 - DEBUG - [_new_conn] - Starting new HTTPS connection (1): catalog.api.2gis.com:443
2025-10-30 20:46:51,845 - DEBUG - [_make_request] - https://catalog.api.2gis.com:443 "GET /3.0/items?key=cdbda41e-e8e4-4e8d-9886-f12c075adc64&q=%D0%B4%D0%B5%D1%82%D1%81%D0%BA%D0%B8%D0%B9+%D1%81%D0%B0%D0%B4&district_id=4504209512726623&type=branch&page=2&page_size=10&fields=items.point%2Citems.name%2Citems.address_name%2Citems.reviews HTTP/1.1" 200 None
2025-10-30 20:46:51,846 - DEBUG - [получить_детские_сады_в_районе] - Статус ответа: 200
2025-10-30 20:46:51,847 - INFO - [получить_детские_сады_в_районе] - Загружено 10 детских садов со страницы 2
2025-10-30 20:46:52,348 - DEBUG - [получить_детские_сады_в_районе] - Запрос страницы 3 для района Ломоносовский
2025-10-30 20:46:52,349 - DEBUG - [_new_conn] - Starting new HTTPS connection (1): catalog.api.2gis.com:443
2025-10-30 20:46:52,759 - DEBUG - [_make_request] - https://catalog.api.2gis.com:443 "GET /3.0/items?key=cdbda41e-e8e4-4e8d-9886-f12c075adc64&q=%D0%B4%D0%B5%D1%82%D1%81%D0%BA%D0%B8%D0%B9+%D1%81%D0%B0%D0%B4&district_id=4504209512726623&type=branch&page=3&page_size=10&fields=items.point%2Citems.name%2Citems.address_name%2Citems.reviews HTTP/1.1" 200 None
2025-10-30 20:46:52,760 - DEBUG - [получить_детские_сады_в_районе] - Статус ответа: 200
2025-10-30 20:46:52,760 - INFO - [получить_детские_сады_в_районе] - Загружено 10 детских садов со страницы 3
2025-10-30 20:46:53,261 - DEBUG - [получить_детские_сады_в_районе] - Запрос страницы 4 для района Ломоносовский
2025-10-30 20:46:53,263 - DEBUG - [_new_conn] - Starting new HTTPS connection (1): catalog.api.2gis.com:443
2025-10-30 20:46:53,658 - DEBUG - [_make_request] - https://catalog.api.2gis.com:443 "GET /3.0/items?key=cdbda41e-e8e4-4e8d-9886-f12c075adc64&q=%D0%B4%D0%B5%D1%82%D1%81%D0%BA%D0%B8%D0%B9+%D1%81%D0%B0%D0%B4&district_id=4504209512726623&type=branch&page=4&page_size=10&fields=items.point%2Citems.name%2Citems.address_name%2Citems.reviews HTTP/1.1" 200 None
2025-10-30 20:46:53,659 - DEBUG - [получить_детские_сады_в_районе] - Статус ответа: 200
2025-10-30 20:46:53,659 - INFO - [получить_детские_сады_в_районе] - Загружено 10 детских садов со страницы 4
2025-10-30 20:46:54,160 - DEBUG - [получить_детские_сады_в_районе] - Запрос страницы 5 для района Ломоносовский
2025-10-30 20:46:54,161 - DEBUG - [_new_conn] - Starting new HTTPS connection (1): catalog.api.2gis.com:443
2025-10-30 20:46:54,569 - DEBUG - [_make_request] - https://catalog.api.2gis.com:443 "GET /3.0/items?key=cdbda41e-e8e4-4e8d-9886-f12c075adc64&q=%D0%B4%D0%B5%D1%82%D1%81%D0%BA%D0%B8%D0%B9+%D1%81%D0%B0%D0%B4&district_id=4504209512726623&type=branch&page=5&page_size=10&fields=items.point%2Citems.name%2Citems.address_name%2Citems.reviews HTTP/1.1" 200 None
2025-10-30 20:46:54,570 - DEBUG - [получить_детские_сады_в_районе] - Статус ответа: 200
2025-10-30 20:46:54,570 - INFO - [получить_детские_сады_в_районе] - Загружено 8 детских садов со страницы 5
2025-10-30 20:46:54,571 - INFO - [получить_детские_сады_в_районе] - Завершение сбора для района Ломоносовский. Найдено детских садов: 48
2025-10-30 20:46:54,573 - INFO - [<cell line: 0>] - Район 'Ломоносовский' завершен. Детских садов: 48
2025-10-30 20:46:55,574 - INFO - [<cell line: 0>] - [55/132] Обработка района: Лосиноостровский
2025-10-30 20:46:55,576 - INFO - [получить_детские_сады_в_районе] - Начало сбора детских садов для района: Лосиноостровский (ID: 4504209512726560)
2025-10-30 20:46:55,577 - DEBUG - [получить_детские_сады_в_районе] - Запрос страницы 1 для района Лосиноостровский
2025-10-30 20:46:55,579 - DEBUG - [_new_conn] - Starting new HTTPS connection (1): catalog.api.2gis.com:443
2025-10-30 20:46:55,987 - DEBUG - [_make_request] - https://catalog.api.2gis.com:443 "GET /3.0/items?key=cdbda41e-e8e4-4e8d-9886-f12c075adc64&q=%D0%B4%D0%B5%D1%82%D1%81%D0%BA%D0%B8%D0%B9+%D1%81%D0%B0%D0%B4&district_id=4504209512726560&type=branch&page=1&page_size=10&fields=items.point%2Citems.name%2Citems.address_name%2Citems.reviews HTTP/1.1" 200 None
2025-10-30 20:46:55,988 - DEBUG - [получить_детские_сады_в_районе] - Статус ответа: 200
2025-10-30 20:46:55,988 - INFO - [получить_детские_сады_в_районе] - Загружено 10 детских садов со страницы 1
2025-10-30 20:46:56,489 - DEBUG - [получить_детские_сады_в_районе] - Запрос страницы 2 для района Лосиноостровский
2025-10-30 20:46:56,491 - DEBUG - [_new_conn] - Starting new HTTPS connection (1): catalog.api.2gis.com:443
2025-10-30 20:46:57,035 - DEBUG - [_make_request] - https://catalog.api.2gis.com:443 "GET /3.0/items?key=cdbda41e-e8e4-4e8d-9886-f12c075adc64&q=%D0%B4%D0%B5%D1%82%D1%81%D0%BA%D0%B8%D0%B9+%D1%81%D0%B0%D0%B4&district_id=4504209512726560&type=branch&page=2&page_size=10&fields=items.point%2Citems.name%2Citems.address_name%2Citems.reviews HTTP/1.1" 200 None
2025-10-30 20:46:57,036 - DEBUG - [получить_детские_сады_в_районе] - Статус ответа: 200
2025-10-30 20:46:57,036 - INFO - [получить_детские_сады_в_районе] - Загружено 10 детских садов со страницы 2
2025-10-30 20:46:57,537 - DEBUG - [получить_детские_сады_в_районе] - Запрос страницы 3 для района Лосиноостровский
2025-10-30 20:46:57,538 - DEBUG - [_new_conn] - Starting new HTTPS connection (1): catalog.api.2gis.com:443
2025-10-30 20:46:58,045 - DEBUG - [_make_request] - https://catalog.api.2gis.com:443 "GET /3.0/items?key=cdbda41e-e8e4-4e8d-9886-f12c075adc64&q=%D0%B4%D0%B5%D1%82%D1%81%D0%BA%D0%B8%D0%B9+%D1%81%D0%B0%D0%B4&district_id=4504209512726560&type=branch&page=3&page_size=10&fields=items.point%2Citems.name%2Citems.address_name%2Citems.reviews HTTP/1.1" 200 133
2025-10-30 20:46:58,046 - DEBUG - [получить_детские_сады_в_районе] - Статус ответа: 200
2025-10-30 20:46:58,046 - WARNING - [получить_детские_сады_в_районе] - На странице 3 нет данных в ожидаемом формате
2025-10-30 20:46:58,547 - DEBUG - [получить_детские_сады_в_районе] - Запрос страницы 4 для района Лосиноостровский
2025-10-30 20:46:58,549 - DEBUG - [_new_conn] - Starting new HTTPS connection (1): catalog.api.2gis.com:443
2025-10-30 20:46:58,940 - DEBUG - [_make_request] - https://catalog.api.2gis.com:443 "GET /3.0/items?key=cdbda41e-e8e4-4e8d-9886-f12c075adc64&q=%D0%B4%D0%B5%D1%82%D1%81%D0%BA%D0%B8%D0%B9+%D1%81%D0%B0%D0%B4&district_id=4504209512726560&type=branch&page=4&page_size=10&fields=items.point%2Citems.name%2Citems.address_name%2Citems.reviews HTTP/1.1" 200 133
2025-10-30 20:46:58,941 - DEBUG - [получить_детские_сады_в_районе] - Статус ответа: 200
2025-10-30 20:46:58,941 - WARNING - [получить_детские_сады_в_районе] - На странице 4 нет данных в ожидаемом формате
2025-10-30 20:46:59,442 - DEBUG - [получить_детские_сады_в_районе] - Запрос страницы 5 для района Лосиноостровский
2025-10-30 20:46:59,444 - DEBUG - [_new_conn] - Starting new HTTPS connection (1): catalog.api.2gis.com:443
2025-10-30 20:46:59,824 - DEBUG - [_make_request] - https://catalog.api.2gis.com:443 "GET /3.0/items?key=cdbda41e-e8e4-4e8d-9886-f12c075adc64&q=%D0%B4%D0%B5%D1%82%D1%81%D0%BA%D0%B8%D0%B9+%D1%81%D0%B0%D0%B4&district_id=4504209512726560&type=branch&page=5&page_size=10&fields=items.point%2Citems.name%2Citems.address_name%2Citems.reviews HTTP/1.1" 200 133
2025-10-30 20:46:59,825 - DEBUG - [получить_детские_сады_в_районе] - Статус ответа: 200
2025-10-30 20:46:59,825 - WARNING - [получить_детские_сады_в_районе] - На странице 5 нет данных в ожидаемом формате
2025-10-30 20:46:59,826 - INFO - [получить_детские_сады_в_районе] - Завершение сбора для района Лосиноостровский. Найдено детских садов: 20
2025-10-30 20:46:59,827 - INFO - [<cell line: 0>] - Район 'Лосиноостровский' завершен. Детских садов: 20
2025-10-30 20:47:00,829 - INFO - [<cell line: 0>] - [56/132] Обработка района: Люблино
2025-10-30 20:47:00,830 - INFO - [получить_детские_сады_в_районе] - Начало сбора детских садов для района: Люблино (ID: 70030077079195278)
2025-10-30 20:47:00,831 - DEBUG - [получить_детские_сады_в_районе] - Запрос страницы 1 для района Люблино
2025-10-30 20:47:00,833 - DEBUG - [_new_conn] - Starting new HTTPS connection (1): catalog.api.2gis.com:443
2025-10-30 20:47:01,232 - DEBUG - [_make_request] - https://catalog.api.2gis.com:443 "GET /3.0/items?key=cdbda41e-e8e4-4e8d-9886-f12c075adc64&q=%D0%B4%D0%B5%D1%82%D1%81%D0%BA%D0%B8%D0%B9+%D1%81%D0%B0%D0%B4&district_id=70030077079195278&type=branch&page=1&page_size=10&fields=items.point%2Citems.name%2Citems.address_name%2Citems.reviews HTTP/1.1" 200 None
2025-10-30 20:47:01,233 - DEBUG - [получить_детские_сады_в_районе] - Статус ответа: 200
2025-10-30 20:47:01,234 - INFO - [получить_детские_сады_в_районе] - Загружено 10 детских садов со страницы 1
2025-10-30 20:47:01,735 - DEBUG - [получить_детские_сады_в_районе] - Запрос страницы 2 для района Люблино
2025-10-30 20:47:01,736 - DEBUG - [_new_conn] - Starting new HTTPS connection (1): catalog.api.2gis.com:443
2025-10-30 20:47:02,130 - DEBUG - [_make_request] - https://catalog.api.2gis.com:443 "GET /3.0/items?key=cdbda41e-e8e4-4e8d-9886-f12c075adc64&q=%D0%B4%D0%B5%D1%82%D1%81%D0%BA%D0%B8%D0%B9+%D1%81%D0%B0%D0%B4&district_id=70030077079195278&type=branch&page=2&page_size=10&fields=items.point%2Citems.name%2Citems.address_name%2Citems.reviews HTTP/1.1" 200 None
2025-10-30 20:47:02,131 - DEBUG - [получить_детские_сады_в_районе] - Статус ответа: 200
2025-10-30 20:47:02,131 - INFO - [получить_детские_сады_в_районе] - Загружено 10 детских садов со страницы 2
2025-10-30 20:47:02,632 - DEBUG - [получить_детские_сады_в_районе] - Запрос страницы 3 для района Люблино
2025-10-30 20:47:02,634 - DEBUG - [_new_conn] - Starting new HTTPS connection (1): catalog.api.2gis.com:443
2025-10-30 20:47:03,052 - DEBUG - [_make_request] - https://catalog.api.2gis.com:443 "GET /3.0/items?key=cdbda41e-e8e4-4e8d-9886-f12c075adc64&q=%D0%B4%D0%B5%D1%82%D1%81%D0%BA%D0%B8%D0%B9+%D1%81%D0%B0%D0%B4&district_id=70030077079195278&type=branch&page=3&page_size=10&fields=items.point%2Citems.name%2Citems.address_name%2Citems.reviews HTTP/1.1" 200 None
2025-10-30 20:47:03,053 - DEBUG - [получить_детские_сады_в_районе] - Статус ответа: 200
2025-10-30 20:47:03,053 - INFO - [получить_детские_сады_в_районе] - Загружено 10 детских садов со страницы 3
2025-10-30 20:47:03,554 - DEBUG - [получить_детские_сады_в_районе] - Запрос страницы 4 для района Люблино
2025-10-30 20:47:03,555 - DEBUG - [_new_conn] - Starting new HTTPS connection (1): catalog.api.2gis.com:443
2025-10-30 20:47:03,959 - DEBUG - [_make_request] - https://catalog.api.2gis.com:443 "GET /3.0/items?key=cdbda41e-e8e4-4e8d-9886-f12c075adc64&q=%D0%B4%D0%B5%D1%82%D1%81%D0%BA%D0%B8%D0%B9+%D1%81%D0%B0%D0%B4&district_id=70030077079195278&type=branch&page=4&page_size=10&fields=items.point%2Citems.name%2Citems.address_name%2Citems.reviews HTTP/1.1" 200 None
2025-10-30 20:47:03,960 - DEBUG - [получить_детские_сады_в_районе] - Статус ответа: 200
2025-10-30 20:47:03,961 - INFO - [получить_детские_сады_в_районе] - Загружено 7 детских садов со страницы 4
2025-10-30 20:47:04,462 - DEBUG - [получить_детские_сады_в_районе] - Запрос страницы 5 для района Люблино
2025-10-30 20:47:04,463 - DEBUG - [_new_conn] - Starting new HTTPS connection (1): catalog.api.2gis.com:443
2025-10-30 20:47:04,850 - DEBUG - [_make_request] - https://catalog.api.2gis.com:443 "GET /3.0/items?key=cdbda41e-e8e4-4e8d-9886-f12c075adc64&q=%D0%B4%D0%B5%D1%82%D1%81%D0%BA%D0%B8%D0%B9+%D1%81%D0%B0%D0%B4&district_id=70030077079195278&type=branch&page=5&page_size=10&fields=items.point%2Citems.name%2Citems.address_name%2Citems.reviews HTTP/1.1" 200 133
2025-10-30 20:47:04,851 - DEBUG - [получить_детские_сады_в_районе] - Статус ответа: 200
2025-10-30 20:47:04,852 - WARNING - [получить_детские_сады_в_районе] - На странице 5 нет данных в ожидаемом формате
2025-10-30 20:47:04,852 - INFO - [получить_детские_сады_в_районе] - Завершение сбора для района Люблино. Найдено детских садов: 37
2025-10-30 20:47:04,854 - INFO - [<cell line: 0>] - Район 'Люблино' завершен. Детских садов: 37
2025-10-30 20:47:05,856 - INFO - [<cell line: 0>] - [57/132] Обработка района: Марфино
2025-10-30 20:47:05,857 - INFO - [получить_детские_сады_в_районе] - Начало сбора детских садов для района: Марфино (ID: 4504209512726570)
2025-10-30 20:47:05,858 - DEBUG - [получить_детские_сады_в_районе] - Запрос страницы 1 для района Марфино
2025-10-30 20:47:05,860 - DEBUG - [_new_conn] - Starting new HTTPS connection (1): catalog.api.2gis.com:443
2025-10-30 20:47:06,252 - DEBUG - [_make_request] - https://catalog.api.2gis.com:443 "GET /3.0/items?key=cdbda41e-e8e4-4e8d-9886-f12c075adc64&q=%D0%B4%D0%B5%D1%82%D1%81%D0%BA%D0%B8%D0%B9+%D1%81%D0%B0%D0%B4&district_id=4504209512726570&type=branch&page=1&page_size=10&fields=items.point%2Citems.name%2Citems.address_name%2Citems.reviews HTTP/1.1" 200 None
2025-10-30 20:47:06,252 - DEBUG - [получить_детские_сады_в_районе] - Статус ответа: 200
2025-10-30 20:47:06,253 - INFO - [получить_детские_сады_в_районе] - Загружено 10 детских садов со страницы 1
2025-10-30 20:47:06,754 - DEBUG - [получить_детские_сады_в_районе] - Запрос страницы 2 для района Марфино
2025-10-30 20:47:06,756 - DEBUG - [_new_conn] - Starting new HTTPS connection (1): catalog.api.2gis.com:443
2025-10-30 20:47:07,139 - DEBUG - [_make_request] - https://catalog.api.2gis.com:443 "GET /3.0/items?key=cdbda41e-e8e4-4e8d-9886-f12c075adc64&q=%D0%B4%D0%B5%D1%82%D1%81%D0%BA%D0%B8%D0%B9+%D1%81%D0%B0%D0%B4&district_id=4504209512726570&type=branch&page=2&page_size=10&fields=items.point%2Citems.name%2Citems.address_name%2Citems.reviews HTTP/1.1" 200 None
2025-10-30 20:47:07,140 - DEBUG - [получить_детские_сады_в_районе] - Статус ответа: 200
2025-10-30 20:47:07,140 - INFO - [получить_детские_сады_в_районе] - Загружено 1 детских садов со страницы 2
2025-10-30 20:47:07,641 - DEBUG - [получить_детские_сады_в_районе] - Запрос страницы 3 для района Марфино
2025-10-30 20:47:07,643 - DEBUG - [_new_conn] - Starting new HTTPS connection (1): catalog.api.2gis.com:443
2025-10-30 20:47:08,024 - DEBUG - [_make_request] - https://catalog.api.2gis.com:443 "GET /3.0/items?key=cdbda41e-e8e4-4e8d-9886-f12c075adc64&q=%D0%B4%D0%B5%D1%82%D1%81%D0%BA%D0%B8%D0%B9+%D1%81%D0%B0%D0%B4&district_id=4504209512726570&type=branch&page=3&page_size=10&fields=items.point%2Citems.name%2Citems.address_name%2Citems.reviews HTTP/1.1" 200 133
2025-10-30 20:47:08,025 - DEBUG - [получить_детские_сады_в_районе] - Статус ответа: 200
2025-10-30 20:47:08,025 - WARNING - [получить_детские_сады_в_районе] - На странице 3 нет данных в ожидаемом формате
2025-10-30 20:47:08,526 - DEBUG - [получить_детские_сады_в_районе] - Запрос страницы 4 для района Марфино
2025-10-30 20:47:08,528 - DEBUG - [_new_conn] - Starting new HTTPS connection (1): catalog.api.2gis.com:443
2025-10-30 20:47:08,917 - DEBUG - [_make_request] - https://catalog.api.2gis.com:443 "GET /3.0/items?key=cdbda41e-e8e4-4e8d-9886-f12c075adc64&q=%D0%B4%D0%B5%D1%82%D1%81%D0%BA%D0%B8%D0%B9+%D1%81%D0%B0%D0%B4&district_id=4504209512726570&type=branch&page=4&page_size=10&fields=items.point%2Citems.name%2Citems.address_name%2Citems.reviews HTTP/1.1" 200 133
2025-10-30 20:47:08,918 - DEBUG - [получить_детские_сады_в_районе] - Статус ответа: 200
2025-10-30 20:47:08,918 - WARNING - [получить_детские_сады_в_районе] - На странице 4 нет данных в ожидаемом формате
2025-10-30 20:47:09,419 - DEBUG - [получить_детские_сады_в_районе] - Запрос страницы 5 для района Марфино
2025-10-30 20:47:09,420 - DEBUG - [_new_conn] - Starting new HTTPS connection (1): catalog.api.2gis.com:443
2025-10-30 20:47:09,808 - DEBUG - [_make_request] - https://catalog.api.2gis.com:443 "GET /3.0/items?key=cdbda41e-e8e4-4e8d-9886-f12c075adc64&q=%D0%B4%D0%B5%D1%82%D1%81%D0%BA%D0%B8%D0%B9+%D1%81%D0%B0%D0%B4&district_id=4504209512726570&type=branch&page=5&page_size=10&fields=items.point%2Citems.name%2Citems.address_name%2Citems.reviews HTTP/1.1" 200 133
2025-10-30 20:47:09,809 - DEBUG - [получить_детские_сады_в_районе] - Статус ответа: 200
2025-10-30 20:47:09,809 - WARNING - [получить_детские_сады_в_районе] - На странице 5 нет данных в ожидаемом формате
2025-10-30 20:47:09,810 - INFO - [получить_детские_сады_в_районе] - Завершение сбора для района Марфино. Найдено детских садов: 11
2025-10-30 20:47:09,811 - INFO - [<cell line: 0>] - Район 'Марфино' завершен. Детских садов: 11
2025-10-30 20:47:10,812 - INFO - [<cell line: 0>] - [58/132] Обработка района: Марьина Роща
2025-10-30 20:47:10,814 - INFO - [получить_детские_сады_в_районе] - Начало сбора детских садов для района: Марьина Роща (ID: 4504209512726571)
2025-10-30 20:47:10,815 - DEBUG - [получить_детские_сады_в_районе] - Запрос страницы 1 для района Марьина Роща
2025-10-30 20:47:10,816 - DEBUG - [_new_conn] - Starting new HTTPS connection (1): catalog.api.2gis.com:443
2025-10-30 20:47:11,227 - DEBUG - [_make_request] - https://catalog.api.2gis.com:443 "GET /3.0/items?key=cdbda41e-e8e4-4e8d-9886-f12c075adc64&q=%D0%B4%D0%B5%D1%82%D1%81%D0%BA%D0%B8%D0%B9+%D1%81%D0%B0%D0%B4&district_id=4504209512726571&type=branch&page=1&page_size=10&fields=items.point%2Citems.name%2Citems.address_name%2Citems.reviews HTTP/1.1" 200 None
2025-10-30 20:47:11,228 - DEBUG - [получить_детские_сады_в_районе] - Статус ответа: 200
2025-10-30 20:47:11,228 - INFO - [получить_детские_сады_в_районе] - Загружено 10 детских садов со страницы 1
2025-10-30 20:47:11,729 - DEBUG - [получить_детские_сады_в_районе] - Запрос страницы 2 для района Марьина Роща
2025-10-30 20:47:11,730 - DEBUG - [_new_conn] - Starting new HTTPS connection (1): catalog.api.2gis.com:443
2025-10-30 20:47:12,135 - DEBUG - [_make_request] - https://catalog.api.2gis.com:443 "GET /3.0/items?key=cdbda41e-e8e4-4e8d-9886-f12c075adc64&q=%D0%B4%D0%B5%D1%82%D1%81%D0%BA%D0%B8%D0%B9+%D1%81%D0%B0%D0%B4&district_id=4504209512726571&type=branch&page=2&page_size=10&fields=items.point%2Citems.name%2Citems.address_name%2Citems.reviews HTTP/1.1" 200 None
2025-10-30 20:47:12,136 - DEBUG - [получить_детские_сады_в_районе] - Статус ответа: 200
2025-10-30 20:47:12,137 - INFO - [получить_детские_сады_в_районе] - Загружено 10 детских садов со страницы 2
2025-10-30 20:47:12,638 - DEBUG - [получить_детские_сады_в_районе] - Запрос страницы 3 для района Марьина Роща
2025-10-30 20:47:12,639 - DEBUG - [_new_conn] - Starting new HTTPS connection (1): catalog.api.2gis.com:443
2025-10-30 20:47:13,027 - DEBUG - [_make_request] - https://catalog.api.2gis.com:443 "GET /3.0/items?key=cdbda41e-e8e4-4e8d-9886-f12c075adc64&q=%D0%B4%D0%B5%D1%82%D1%81%D0%BA%D0%B8%D0%B9+%D1%81%D0%B0%D0%B4&district_id=4504209512726571&type=branch&page=3&page_size=10&fields=items.point%2Citems.name%2Citems.address_name%2Citems.reviews HTTP/1.1" 200 None
2025-10-30 20:47:13,028 - DEBUG - [получить_детские_сады_в_районе] - Статус ответа: 200
2025-10-30 20:47:13,028 - INFO - [получить_детские_сады_в_районе] - Загружено 1 детских садов со страницы 3
2025-10-30 20:47:13,529 - DEBUG - [получить_детские_сады_в_районе] - Запрос страницы 4 для района Марьина Роща
2025-10-30 20:47:13,530 - DEBUG - [_new_conn] - Starting new HTTPS connection (1): catalog.api.2gis.com:443
2025-10-30 20:47:13,929 - DEBUG - [_make_request] - https://catalog.api.2gis.com:443 "GET /3.0/items?key=cdbda41e-e8e4-4e8d-9886-f12c075adc64&q=%D0%B4%D0%B5%D1%82%D1%81%D0%BA%D0%B8%D0%B9+%D1%81%D0%B0%D0%B4&district_id=4504209512726571&type=branch&page=4&page_size=10&fields=items.point%2Citems.name%2Citems.address_name%2Citems.reviews HTTP/1.1" 200 133
2025-10-30 20:47:13,930 - DEBUG - [получить_детские_сады_в_районе] - Статус ответа: 200
2025-10-30 20:47:13,931 - WARNING - [получить_детские_сады_в_районе] - На странице 4 нет данных в ожидаемом формате
2025-10-30 20:47:14,431 - DEBUG - [получить_детские_сады_в_районе] - Запрос страницы 5 для района Марьина Роща
2025-10-30 20:47:14,433 - DEBUG - [_new_conn] - Starting new HTTPS connection (1): catalog.api.2gis.com:443
2025-10-30 20:47:14,835 - DEBUG - [_make_request] - https://catalog.api.2gis.com:443 "GET /3.0/items?key=cdbda41e-e8e4-4e8d-9886-f12c075adc64&q=%D0%B4%D0%B5%D1%82%D1%81%D0%BA%D0%B8%D0%B9+%D1%81%D0%B0%D0%B4&district_id=4504209512726571&type=branch&page=5&page_size=10&fields=items.point%2Citems.name%2Citems.address_name%2Citems.reviews HTTP/1.1" 200 133
2025-10-30 20:47:14,836 - DEBUG - [получить_детские_сады_в_районе] - Статус ответа: 200
2025-10-30 20:47:14,836 - WARNING - [получить_детские_сады_в_районе] - На странице 5 нет данных в ожидаемом формате
2025-10-30 20:47:14,837 - INFO - [получить_детские_сады_в_районе] - Завершение сбора для района Марьина Роща. Найдено детских садов: 21
2025-10-30 20:47:14,838 - INFO - [<cell line: 0>] - Район 'Марьина Роща' завершен. Детских садов: 21
2025-10-30 20:47:15,840 - INFO - [<cell line: 0>] - [59/132] Обработка района: Марьино
2025-10-30 20:47:15,841 - INFO - [получить_детские_сады_в_районе] - Начало сбора детских садов для района: Марьино (ID: 4504209512726596)
2025-10-30 20:47:15,842 - DEBUG - [получить_детские_сады_в_районе] - Запрос страницы 1 для района Марьино
2025-10-30 20:47:15,844 - DEBUG - [_new_conn] - Starting new HTTPS connection (1): catalog.api.2gis.com:443
2025-10-30 20:47:16,246 - DEBUG - [_make_request] - https://catalog.api.2gis.com:443 "GET /3.0/items?key=cdbda41e-e8e4-4e8d-9886-f12c075adc64&q=%D0%B4%D0%B5%D1%82%D1%81%D0%BA%D0%B8%D0%B9+%D1%81%D0%B0%D0%B4&district_id=4504209512726596&type=branch&page=1&page_size=10&fields=items.point%2Citems.name%2Citems.address_name%2Citems.reviews HTTP/1.1" 200 None
2025-10-30 20:47:16,247 - DEBUG - [получить_детские_сады_в_районе] - Статус ответа: 200
2025-10-30 20:47:16,247 - INFO - [получить_детские_сады_в_районе] - Загружено 10 детских садов со страницы 1
2025-10-30 20:47:16,748 - DEBUG - [получить_детские_сады_в_районе] - Запрос страницы 2 для района Марьино
2025-10-30 20:47:16,749 - DEBUG - [_new_conn] - Starting new HTTPS connection (1): catalog.api.2gis.com:443
2025-10-30 20:47:17,139 - DEBUG - [_make_request] - https://catalog.api.2gis.com:443 "GET /3.0/items?key=cdbda41e-e8e4-4e8d-9886-f12c075adc64&q=%D0%B4%D0%B5%D1%82%D1%81%D0%BA%D0%B8%D0%B9+%D1%81%D0%B0%D0%B4&district_id=4504209512726596&type=branch&page=2&page_size=10&fields=items.point%2Citems.name%2Citems.address_name%2Citems.reviews HTTP/1.1" 200 None
2025-10-30 20:47:17,140 - DEBUG - [получить_детские_сады_в_районе] - Статус ответа: 200
2025-10-30 20:47:17,141 - INFO - [получить_детские_сады_в_районе] - Загружено 10 детских садов со страницы 2
2025-10-30 20:47:17,642 - DEBUG - [получить_детские_сады_в_районе] - Запрос страницы 3 для района Марьино
2025-10-30 20:47:17,643 - DEBUG - [_new_conn] - Starting new HTTPS connection (1): catalog.api.2gis.com:443
2025-10-30 20:47:18,034 - DEBUG - [_make_request] - https://catalog.api.2gis.com:443 "GET /3.0/items?key=cdbda41e-e8e4-4e8d-9886-f12c075adc64&q=%D0%B4%D0%B5%D1%82%D1%81%D0%BA%D0%B8%D0%B9+%D1%81%D0%B0%D0%B4&district_id=4504209512726596&type=branch&page=3&page_size=10&fields=items.point%2Citems.name%2Citems.address_name%2Citems.reviews HTTP/1.1" 200 None
2025-10-30 20:47:18,035 - DEBUG - [получить_детские_сады_в_районе] - Статус ответа: 200
2025-10-30 20:47:18,035 - INFO - [получить_детские_сады_в_районе] - Загружено 10 детских садов со страницы 3
2025-10-30 20:47:18,536 - DEBUG - [получить_детские_сады_в_районе] - Запрос страницы 4 для района Марьино
2025-10-30 20:47:18,538 - DEBUG - [_new_conn] - Starting new HTTPS connection (1): catalog.api.2gis.com:443
2025-10-30 20:47:18,933 - DEBUG - [_make_request] - https://catalog.api.2gis.com:443 "GET /3.0/items?key=cdbda41e-e8e4-4e8d-9886-f12c075adc64&q=%D0%B4%D0%B5%D1%82%D1%81%D0%BA%D0%B8%D0%B9+%D1%81%D0%B0%D0%B4&district_id=4504209512726596&type=branch&page=4&page_size=10&fields=items.point%2Citems.name%2Citems.address_name%2Citems.reviews HTTP/1.1" 200 None
2025-10-30 20:47:18,934 - DEBUG - [получить_детские_сады_в_районе] - Статус ответа: 200
2025-10-30 20:47:18,934 - INFO - [получить_детские_сады_в_районе] - Загружено 10 детских садов со страницы 4
2025-10-30 20:47:19,435 - DEBUG - [получить_детские_сады_в_районе] - Запрос страницы 5 для района Марьино
2025-10-30 20:47:19,437 - DEBUG - [_new_conn] - Starting new HTTPS connection (1): catalog.api.2gis.com:443
2025-10-30 20:47:19,835 - DEBUG - [_make_request] - https://catalog.api.2gis.com:443 "GET /3.0/items?key=cdbda41e-e8e4-4e8d-9886-f12c075adc64&q=%D0%B4%D0%B5%D1%82%D1%81%D0%BA%D0%B8%D0%B9+%D1%81%D0%B0%D0%B4&district_id=4504209512726596&type=branch&page=5&page_size=10&fields=items.point%2Citems.name%2Citems.address_name%2Citems.reviews HTTP/1.1" 200 None
2025-10-30 20:47:19,837 - DEBUG - [получить_детские_сады_в_районе] - Статус ответа: 200
2025-10-30 20:47:19,837 - INFO - [получить_детские_сады_в_районе] - Загружено 10 детских садов со страницы 5
2025-10-30 20:47:19,838 - INFO - [получить_детские_сады_в_районе] - Завершение сбора для района Марьино. Найдено детских садов: 50
2025-10-30 20:47:19,840 - INFO - [<cell line: 0>] - Район 'Марьино' завершен. Детских садов: 50
2025-10-30 20:47:20,841 - INFO - [<cell line: 0>] - [60/132] Обработка района: Матушкино
2025-10-30 20:47:20,842 - INFO - [получить_детские_сады_в_районе] - Начало сбора детских садов для района: Матушкино (ID: 4504209512726657)
2025-10-30 20:47:20,843 - DEBUG - [получить_детские_сады_в_районе] - Запрос страницы 1 для района Матушкино
2025-10-30 20:47:20,845 - DEBUG - [_new_conn] - Starting new HTTPS connection (1): catalog.api.2gis.com:443
2025-10-30 20:47:21,244 - DEBUG - [_make_request] - https://catalog.api.2gis.com:443 "GET /3.0/items?key=cdbda41e-e8e4-4e8d-9886-f12c075adc64&q=%D0%B4%D0%B5%D1%82%D1%81%D0%BA%D0%B8%D0%B9+%D1%81%D0%B0%D0%B4&district_id=4504209512726657&type=branch&page=1&page_size=10&fields=items.point%2Citems.name%2Citems.address_name%2Citems.reviews HTTP/1.1" 200 None
2025-10-30 20:47:21,244 - DEBUG - [получить_детские_сады_в_районе] - Статус ответа: 200
2025-10-30 20:47:21,244 - INFO - [получить_детские_сады_в_районе] - Загружено 10 детских садов со страницы 1
2025-10-30 20:47:21,745 - DEBUG - [получить_детские_сады_в_районе] - Запрос страницы 2 для района Матушкино
2025-10-30 20:47:21,747 - DEBUG - [_new_conn] - Starting new HTTPS connection (1): catalog.api.2gis.com:443
2025-10-30 20:47:22,143 - DEBUG - [_make_request] - https://catalog.api.2gis.com:443 "GET /3.0/items?key=cdbda41e-e8e4-4e8d-9886-f12c075adc64&q=%D0%B4%D0%B5%D1%82%D1%81%D0%BA%D0%B8%D0%B9+%D1%81%D0%B0%D0%B4&district_id=4504209512726657&type=branch&page=2&page_size=10&fields=items.point%2Citems.name%2Citems.address_name%2Citems.reviews HTTP/1.1" 200 None
2025-10-30 20:47:22,144 - DEBUG - [получить_детские_сады_в_районе] - Статус ответа: 200
2025-10-30 20:47:22,144 - INFO - [получить_детские_сады_в_районе] - Загружено 4 детских садов со страницы 2
2025-10-30 20:47:22,645 - DEBUG - [получить_детские_сады_в_районе] - Запрос страницы 3 для района Матушкино
2025-10-30 20:47:22,646 - DEBUG - [_new_conn] - Starting new HTTPS connection (1): catalog.api.2gis.com:443
2025-10-30 20:47:23,034 - DEBUG - [_make_request] - https://catalog.api.2gis.com:443 "GET /3.0/items?key=cdbda41e-e8e4-4e8d-9886-f12c075adc64&q=%D0%B4%D0%B5%D1%82%D1%81%D0%BA%D0%B8%D0%B9+%D1%81%D0%B0%D0%B4&district_id=4504209512726657&type=branch&page=3&page_size=10&fields=items.point%2Citems.name%2Citems.address_name%2Citems.reviews HTTP/1.1" 200 133
2025-10-30 20:47:23,035 - DEBUG - [получить_детские_сады_в_районе] - Статус ответа: 200
2025-10-30 20:47:23,035 - WARNING - [получить_детские_сады_в_районе] - На странице 3 нет данных в ожидаемом формате
2025-10-30 20:47:23,536 - DEBUG - [получить_детские_сады_в_районе] - Запрос страницы 4 для района Матушкино
2025-10-30 20:47:23,538 - DEBUG - [_new_conn] - Starting new HTTPS connection (1): catalog.api.2gis.com:443
2025-10-30 20:47:23,919 - DEBUG - [_make_request] - https://catalog.api.2gis.com:443 "GET /3.0/items?key=cdbda41e-e8e4-4e8d-9886-f12c075adc64&q=%D0%B4%D0%B5%D1%82%D1%81%D0%BA%D0%B8%D0%B9+%D1%81%D0%B0%D0%B4&district_id=4504209512726657&type=branch&page=4&page_size=10&fields=items.point%2Citems.name%2Citems.address_name%2Citems.reviews HTTP/1.1" 200 133
2025-10-30 20:47:23,920 - DEBUG - [получить_детские_сады_в_районе] - Статус ответа: 200
2025-10-30 20:47:23,920 - WARNING - [получить_детские_сады_в_районе] - На странице 4 нет данных в ожидаемом формате
2025-10-30 20:47:24,421 - DEBUG - [получить_детские_сады_в_районе] - Запрос страницы 5 для района Матушкино
2025-10-30 20:47:24,422 - DEBUG - [_new_conn] - Starting new HTTPS connection (1): catalog.api.2gis.com:443
2025-10-30 20:47:24,807 - DEBUG - [_make_request] - https://catalog.api.2gis.com:443 "GET /3.0/items?key=cdbda41e-e8e4-4e8d-9886-f12c075adc64&q=%D0%B4%D0%B5%D1%82%D1%81%D0%BA%D0%B8%D0%B9+%D1%81%D0%B0%D0%B4&district_id=4504209512726657&type=branch&page=5&page_size=10&fields=items.point%2Citems.name%2Citems.address_name%2Citems.reviews HTTP/1.1" 200 133
2025-10-30 20:47:24,808 - DEBUG - [получить_детские_сады_в_районе] - Статус ответа: 200
2025-10-30 20:47:24,808 - WARNING - [получить_детские_сады_в_районе] - На странице 5 нет данных в ожидаемом формате
2025-10-30 20:47:24,809 - INFO - [получить_детские_сады_в_районе] - Завершение сбора для района Матушкино. Найдено детских садов: 14
2025-10-30 20:47:24,811 - INFO - [<cell line: 0>] - Район 'Матушкино' завершен. Детских садов: 14
2025-10-30 20:47:25,813 - INFO - [<cell line: 0>] - [61/132] Обработка района: Метрогородок
2025-10-30 20:47:25,814 - INFO - [получить_детские_сады_в_районе] - Начало сбора детских садов для района: Метрогородок (ID: 4504209512726588)
2025-10-30 20:47:25,815 - DEBUG - [получить_детские_сады_в_районе] - Запрос страницы 1 для района Метрогородок
2025-10-30 20:47:25,817 - DEBUG - [_new_conn] - Starting new HTTPS connection (1): catalog.api.2gis.com:443
2025-10-30 20:47:26,216 - DEBUG - [_make_request] - https://catalog.api.2gis.com:443 "GET /3.0/items?key=cdbda41e-e8e4-4e8d-9886-f12c075adc64&q=%D0%B4%D0%B5%D1%82%D1%81%D0%BA%D0%B8%D0%B9+%D1%81%D0%B0%D0%B4&district_id=4504209512726588&type=branch&page=1&page_size=10&fields=items.point%2Citems.name%2Citems.address_name%2Citems.reviews HTTP/1.1" 200 None
2025-10-30 20:47:26,217 - DEBUG - [получить_детские_сады_в_районе] - Статус ответа: 200
2025-10-30 20:47:26,218 - INFO - [получить_детские_сады_в_районе] - Загружено 9 детских садов со страницы 1
2025-10-30 20:47:26,719 - DEBUG - [получить_детские_сады_в_районе] - Запрос страницы 2 для района Метрогородок
2025-10-30 20:47:26,720 - DEBUG - [_new_conn] - Starting new HTTPS connection (1): catalog.api.2gis.com:443
2025-10-30 20:47:27,101 - DEBUG - [_make_request] - https://catalog.api.2gis.com:443 "GET /3.0/items?key=cdbda41e-e8e4-4e8d-9886-f12c075adc64&q=%D0%B4%D0%B5%D1%82%D1%81%D0%BA%D0%B8%D0%B9+%D1%81%D0%B0%D0%B4&district_id=4504209512726588&type=branch&page=2&page_size=10&fields=items.point%2Citems.name%2Citems.address_name%2Citems.reviews HTTP/1.1" 200 133
2025-10-30 20:47:27,102 - DEBUG - [получить_детские_сады_в_районе] - Статус ответа: 200
2025-10-30 20:47:27,102 - WARNING - [получить_детские_сады_в_районе] - На странице 2 нет данных в ожидаемом формате
2025-10-30 20:47:27,604 - DEBUG - [получить_детские_сады_в_районе] - Запрос страницы 3 для района Метрогородок
2025-10-30 20:47:27,605 - DEBUG - [_new_conn] - Starting new HTTPS connection (1): catalog.api.2gis.com:443
2025-10-30 20:47:28,112 - DEBUG - [_make_request] - https://catalog.api.2gis.com:443 "GET /3.0/items?key=cdbda41e-e8e4-4e8d-9886-f12c075adc64&q=%D0%B4%D0%B5%D1%82%D1%81%D0%BA%D0%B8%D0%B9+%D1%81%D0%B0%D0%B4&district_id=4504209512726588&type=branch&page=3&page_size=10&fields=items.point%2Citems.name%2Citems.address_name%2Citems.reviews HTTP/1.1" 200 133
2025-10-30 20:47:28,113 - DEBUG - [получить_детские_сады_в_районе] - Статус ответа: 200
2025-10-30 20:47:28,113 - WARNING - [получить_детские_сады_в_районе] - На странице 3 нет данных в ожидаемом формате
2025-10-30 20:47:28,614 - DEBUG - [получить_детские_сады_в_районе] - Запрос страницы 4 для района Метрогородок
2025-10-30 20:47:28,615 - DEBUG - [_new_conn] - Starting new HTTPS connection (1): catalog.api.2gis.com:443
2025-10-30 20:47:28,994 - DEBUG - [_make_request] - https://catalog.api.2gis.com:443 "GET /3.0/items?key=cdbda41e-e8e4-4e8d-9886-f12c075adc64&q=%D0%B4%D0%B5%D1%82%D1%81%D0%BA%D0%B8%D0%B9+%D1%81%D0%B0%D0%B4&district_id=4504209512726588&type=branch&page=4&page_size=10&fields=items.point%2Citems.name%2Citems.address_name%2Citems.reviews HTTP/1.1" 200 133
2025-10-30 20:47:28,995 - DEBUG - [получить_детские_сады_в_районе] - Статус ответа: 200
2025-10-30 20:47:28,995 - WARNING - [получить_детские_сады_в_районе] - На странице 4 нет данных в ожидаемом формате
2025-10-30 20:47:29,496 - DEBUG - [получить_детские_сады_в_районе] - Запрос страницы 5 для района Метрогородок
2025-10-30 20:47:29,497 - DEBUG - [_new_conn] - Starting new HTTPS connection (1): catalog.api.2gis.com:443
2025-10-30 20:47:29,900 - DEBUG - [_make_request] - https://catalog.api.2gis.com:443 "GET /3.0/items?key=cdbda41e-e8e4-4e8d-9886-f12c075adc64&q=%D0%B4%D0%B5%D1%82%D1%81%D0%BA%D0%B8%D0%B9+%D1%81%D0%B0%D0%B4&district_id=4504209512726588&type=branch&page=5&page_size=10&fields=items.point%2Citems.name%2Citems.address_name%2Citems.reviews HTTP/1.1" 200 133
2025-10-30 20:47:29,901 - DEBUG - [получить_детские_сады_в_районе] - Статус ответа: 200
2025-10-30 20:47:29,901 - WARNING - [получить_детские_сады_в_районе] - На странице 5 нет данных в ожидаемом формате
2025-10-30 20:47:29,902 - INFO - [получить_детские_сады_в_районе] - Завершение сбора для района Метрогородок. Найдено детских садов: 9
2025-10-30 20:47:29,903 - INFO - [<cell line: 0>] - Район 'Метрогородок' завершен. Детских садов: 9
2025-10-30 20:47:30,905 - INFO - [<cell line: 0>] - [62/132] Обработка района: Мещанский
2025-10-30 20:47:30,906 - INFO - [получить_детские_сады_в_районе] - Начало сбора детских садов для района: Мещанский (ID: 4504209512726535)
2025-10-30 20:47:30,907 - DEBUG - [получить_детские_сады_в_районе] - Запрос страницы 1 для района Мещанский
2025-10-30 20:47:30,909 - DEBUG - [_new_conn] - Starting new HTTPS connection (1): catalog.api.2gis.com:443
2025-10-30 20:47:31,310 - DEBUG - [_make_request] - https://catalog.api.2gis.com:443 "GET /3.0/items?key=cdbda41e-e8e4-4e8d-9886-f12c075adc64&q=%D0%B4%D0%B5%D1%82%D1%81%D0%BA%D0%B8%D0%B9+%D1%81%D0%B0%D0%B4&district_id=4504209512726535&type=branch&page=1&page_size=10&fields=items.point%2Citems.name%2Citems.address_name%2Citems.reviews HTTP/1.1" 200 None
2025-10-30 20:47:31,311 - DEBUG - [получить_детские_сады_в_районе] - Статус ответа: 200
2025-10-30 20:47:31,311 - INFO - [получить_детские_сады_в_районе] - Загружено 10 детских садов со страницы 1
2025-10-30 20:47:31,812 - DEBUG - [получить_детские_сады_в_районе] - Запрос страницы 2 для района Мещанский
2025-10-30 20:47:31,814 - DEBUG - [_new_conn] - Starting new HTTPS connection (1): catalog.api.2gis.com:443
2025-10-30 20:47:32,217 - DEBUG - [_make_request] - https://catalog.api.2gis.com:443 "GET /3.0/items?key=cdbda41e-e8e4-4e8d-9886-f12c075adc64&q=%D0%B4%D0%B5%D1%82%D1%81%D0%BA%D0%B8%D0%B9+%D1%81%D0%B0%D0%B4&district_id=4504209512726535&type=branch&page=2&page_size=10&fields=items.point%2Citems.name%2Citems.address_name%2Citems.reviews HTTP/1.1" 200 None
2025-10-30 20:47:32,218 - DEBUG - [получить_детские_сады_в_районе] - Статус ответа: 200
2025-10-30 20:47:32,218 - INFO - [получить_детские_сады_в_районе] - Загружено 5 детских садов со страницы 2
2025-10-30 20:47:32,719 - DEBUG - [получить_детские_сады_в_районе] - Запрос страницы 3 для района Мещанский
2025-10-30 20:47:32,720 - DEBUG - [_new_conn] - Starting new HTTPS connection (1): catalog.api.2gis.com:443
2025-10-30 20:47:33,125 - DEBUG - [_make_request] - https://catalog.api.2gis.com:443 "GET /3.0/items?key=cdbda41e-e8e4-4e8d-9886-f12c075adc64&q=%D0%B4%D0%B5%D1%82%D1%81%D0%BA%D0%B8%D0%B9+%D1%81%D0%B0%D0%B4&district_id=4504209512726535&type=branch&page=3&page_size=10&fields=items.point%2Citems.name%2Citems.address_name%2Citems.reviews HTTP/1.1" 200 133
2025-10-30 20:47:33,126 - DEBUG - [получить_детские_сады_в_районе] - Статус ответа: 200
2025-10-30 20:47:33,126 - WARNING - [получить_детские_сады_в_районе] - На странице 3 нет данных в ожидаемом формате
2025-10-30 20:47:33,627 - DEBUG - [получить_детские_сады_в_районе] - Запрос страницы 4 для района Мещанский
2025-10-30 20:47:33,628 - DEBUG - [_new_conn] - Starting new HTTPS connection (1): catalog.api.2gis.com:443
2025-10-30 20:47:34,024 - DEBUG - [_make_request] - https://catalog.api.2gis.com:443 "GET /3.0/items?key=cdbda41e-e8e4-4e8d-9886-f12c075adc64&q=%D0%B4%D0%B5%D1%82%D1%81%D0%BA%D0%B8%D0%B9+%D1%81%D0%B0%D0%B4&district_id=4504209512726535&type=branch&page=4&page_size=10&fields=items.point%2Citems.name%2Citems.address_name%2Citems.reviews HTTP/1.1" 200 133
2025-10-30 20:47:34,025 - DEBUG - [получить_детские_сады_в_районе] - Статус ответа: 200
2025-10-30 20:47:34,025 - WARNING - [получить_детские_сады_в_районе] - На странице 4 нет данных в ожидаемом формате
2025-10-30 20:47:34,526 - DEBUG - [получить_детские_сады_в_районе] - Запрос страницы 5 для района Мещанский
2025-10-30 20:47:34,527 - DEBUG - [_new_conn] - Starting new HTTPS connection (1): catalog.api.2gis.com:443
2025-10-30 20:47:34,916 - DEBUG - [_make_request] - https://catalog.api.2gis.com:443 "GET /3.0/items?key=cdbda41e-e8e4-4e8d-9886-f12c075adc64&q=%D0%B4%D0%B5%D1%82%D1%81%D0%BA%D0%B8%D0%B9+%D1%81%D0%B0%D0%B4&district_id=4504209512726535&type=branch&page=5&page_size=10&fields=items.point%2Citems.name%2Citems.address_name%2Citems.reviews HTTP/1.1" 200 133
2025-10-30 20:47:34,917 - DEBUG - [получить_детские_сады_в_районе] - Статус ответа: 200
2025-10-30 20:47:34,917 - WARNING - [получить_детские_сады_в_районе] - На странице 5 нет данных в ожидаемом формате
2025-10-30 20:47:34,918 - INFO - [получить_детские_сады_в_районе] - Завершение сбора для района Мещанский. Найдено детских садов: 15
2025-10-30 20:47:34,919 - INFO - [<cell line: 0>] - Район 'Мещанский' завершен. Детских садов: 15
2025-10-30 20:47:35,922 - INFO - [<cell line: 0>] - [63/132] Обработка района: Митино
2025-10-30 20:47:35,923 - INFO - [получить_детские_сады_в_районе] - Начало сбора детских садов для района: Митино (ID: 4504209512726645)
2025-10-30 20:47:35,924 - DEBUG - [получить_детские_сады_в_районе] - Запрос страницы 1 для района Митино
2025-10-30 20:47:35,925 - DEBUG - [_new_conn] - Starting new HTTPS connection (1): catalog.api.2gis.com:443
2025-10-30 20:47:36,330 - DEBUG - [_make_request] - https://catalog.api.2gis.com:443 "GET /3.0/items?key=cdbda41e-e8e4-4e8d-9886-f12c075adc64&q=%D0%B4%D0%B5%D1%82%D1%81%D0%BA%D0%B8%D0%B9+%D1%81%D0%B0%D0%B4&district_id=4504209512726645&type=branch&page=1&page_size=10&fields=items.point%2Citems.name%2Citems.address_name%2Citems.reviews HTTP/1.1" 200 None
2025-10-30 20:47:36,331 - DEBUG - [получить_детские_сады_в_районе] - Статус ответа: 200
2025-10-30 20:47:36,331 - INFO - [получить_детские_сады_в_районе] - Загружено 10 детских садов со страницы 1
2025-10-30 20:47:36,832 - DEBUG - [получить_детские_сады_в_районе] - Запрос страницы 2 для района Митино
2025-10-30 20:47:36,833 - DEBUG - [_new_conn] - Starting new HTTPS connection (1): catalog.api.2gis.com:443
2025-10-30 20:47:37,218 - DEBUG - [_make_request] - https://catalog.api.2gis.com:443 "GET /3.0/items?key=cdbda41e-e8e4-4e8d-9886-f12c075adc64&q=%D0%B4%D0%B5%D1%82%D1%81%D0%BA%D0%B8%D0%B9+%D1%81%D0%B0%D0%B4&district_id=4504209512726645&type=branch&page=2&page_size=10&fields=items.point%2Citems.name%2Citems.address_name%2Citems.reviews HTTP/1.1" 200 None
2025-10-30 20:47:37,219 - DEBUG - [получить_детские_сады_в_районе] - Статус ответа: 200
2025-10-30 20:47:37,219 - INFO - [получить_детские_сады_в_районе] - Загружено 10 детских садов со страницы 2
2025-10-30 20:47:37,720 - DEBUG - [получить_детские_сады_в_районе] - Запрос страницы 3 для района Митино
2025-10-30 20:47:37,722 - DEBUG - [_new_conn] - Starting new HTTPS connection (1): catalog.api.2gis.com:443
2025-10-30 20:47:38,132 - DEBUG - [_make_request] - https://catalog.api.2gis.com:443 "GET /3.0/items?key=cdbda41e-e8e4-4e8d-9886-f12c075adc64&q=%D0%B4%D0%B5%D1%82%D1%81%D0%BA%D0%B8%D0%B9+%D1%81%D0%B0%D0%B4&district_id=4504209512726645&type=branch&page=3&page_size=10&fields=items.point%2Citems.name%2Citems.address_name%2Citems.reviews HTTP/1.1" 200 None
2025-10-30 20:47:38,133 - DEBUG - [получить_детские_сады_в_районе] - Статус ответа: 200
2025-10-30 20:47:38,134 - INFO - [получить_детские_сады_в_районе] - Загружено 10 детских садов со страницы 3
2025-10-30 20:47:38,635 - DEBUG - [получить_детские_сады_в_районе] - Запрос страницы 4 для района Митино
2025-10-30 20:47:38,636 - DEBUG - [_new_conn] - Starting new HTTPS connection (1): catalog.api.2gis.com:443
2025-10-30 20:47:39,035 - DEBUG - [_make_request] - https://catalog.api.2gis.com:443 "GET /3.0/items?key=cdbda41e-e8e4-4e8d-9886-f12c075adc64&q=%D0%B4%D0%B5%D1%82%D1%81%D0%BA%D0%B8%D0%B9+%D1%81%D0%B0%D0%B4&district_id=4504209512726645&type=branch&page=4&page_size=10&fields=items.point%2Citems.name%2Citems.address_name%2Citems.reviews HTTP/1.1" 200 None
2025-10-30 20:47:39,036 - DEBUG - [получить_детские_сады_в_районе] - Статус ответа: 200
2025-10-30 20:47:39,037 - INFO - [получить_детские_сады_в_районе] - Загружено 10 детских садов со страницы 4
2025-10-30 20:47:39,538 - DEBUG - [получить_детские_сады_в_районе] - Запрос страницы 5 для района Митино
2025-10-30 20:47:39,539 - DEBUG - [_new_conn] - Starting new HTTPS connection (1): catalog.api.2gis.com:443
2025-10-30 20:47:39,923 - DEBUG - [_make_request] - https://catalog.api.2gis.com:443 "GET /3.0/items?key=cdbda41e-e8e4-4e8d-9886-f12c075adc64&q=%D0%B4%D0%B5%D1%82%D1%81%D0%BA%D0%B8%D0%B9+%D1%81%D0%B0%D0%B4&district_id=4504209512726645&type=branch&page=5&page_size=10&fields=items.point%2Citems.name%2Citems.address_name%2Citems.reviews HTTP/1.1" 200 None
2025-10-30 20:47:39,924 - DEBUG - [получить_детские_сады_в_районе] - Статус ответа: 200
2025-10-30 20:47:39,924 - INFO - [получить_детские_сады_в_районе] - Загружено 10 детских садов со страницы 5
2025-10-30 20:47:39,925 - INFO - [получить_детские_сады_в_районе] - Завершение сбора для района Митино. Найдено детских садов: 50
2025-10-30 20:47:39,926 - INFO - [<cell line: 0>] - Район 'Митино' завершен. Детских садов: 50
2025-10-30 20:47:40,928 - INFO - [<cell line: 0>] - [64/132] Обработка района: Можайский
2025-10-30 20:47:40,929 - INFO - [получить_детские_сады_в_районе] - Начало сбора детских садов для района: Можайский (ID: 4504209512726633)
2025-10-30 20:47:40,930 - DEBUG - [получить_детские_сады_в_районе] - Запрос страницы 1 для района Можайский
2025-10-30 20:47:40,932 - DEBUG - [_new_conn] - Starting new HTTPS connection (1): catalog.api.2gis.com:443
2025-10-30 20:47:41,351 - DEBUG - [_make_request] - https://catalog.api.2gis.com:443 "GET /3.0/items?key=cdbda41e-e8e4-4e8d-9886-f12c075adc64&q=%D0%B4%D0%B5%D1%82%D1%81%D0%BA%D0%B8%D0%B9+%D1%81%D0%B0%D0%B4&district_id=4504209512726633&type=branch&page=1&page_size=10&fields=items.point%2Citems.name%2Citems.address_name%2Citems.reviews HTTP/1.1" 200 None
2025-10-30 20:47:41,352 - DEBUG - [получить_детские_сады_в_районе] - Статус ответа: 200
2025-10-30 20:47:41,352 - INFO - [получить_детские_сады_в_районе] - Загружено 10 детских садов со страницы 1
2025-10-30 20:47:41,853 - DEBUG - [получить_детские_сады_в_районе] - Запрос страницы 2 для района Можайский
2025-10-30 20:47:41,854 - DEBUG - [_new_conn] - Starting new HTTPS connection (1): catalog.api.2gis.com:443
2025-10-30 20:47:42,261 - DEBUG - [_make_request] - https://catalog.api.2gis.com:443 "GET /3.0/items?key=cdbda41e-e8e4-4e8d-9886-f12c075adc64&q=%D0%B4%D0%B5%D1%82%D1%81%D0%BA%D0%B8%D0%B9+%D1%81%D0%B0%D0%B4&district_id=4504209512726633&type=branch&page=2&page_size=10&fields=items.point%2Citems.name%2Citems.address_name%2Citems.reviews HTTP/1.1" 200 None
2025-10-30 20:47:42,262 - DEBUG - [получить_детские_сады_в_районе] - Статус ответа: 200
2025-10-30 20:47:42,262 - INFO - [получить_детские_сады_в_районе] - Загружено 10 детских садов со страницы 2
2025-10-30 20:47:42,765 - DEBUG - [получить_детские_сады_в_районе] - Запрос страницы 3 для района Можайский
2025-10-30 20:47:42,767 - DEBUG - [_new_conn] - Starting new HTTPS connection (1): catalog.api.2gis.com:443
2025-10-30 20:47:43,159 - DEBUG - [_make_request] - https://catalog.api.2gis.com:443 "GET /3.0/items?key=cdbda41e-e8e4-4e8d-9886-f12c075adc64&q=%D0%B4%D0%B5%D1%82%D1%81%D0%BA%D0%B8%D0%B9+%D1%81%D0%B0%D0%B4&district_id=4504209512726633&type=branch&page=3&page_size=10&fields=items.point%2Citems.name%2Citems.address_name%2Citems.reviews HTTP/1.1" 200 None
2025-10-30 20:47:43,160 - DEBUG - [получить_детские_сады_в_районе] - Статус ответа: 200
2025-10-30 20:47:43,160 - INFO - [получить_детские_сады_в_районе] - Загружено 10 детских садов со страницы 3
2025-10-30 20:47:43,662 - DEBUG - [получить_детские_сады_в_районе] - Запрос страницы 4 для района Можайский
2025-10-30 20:47:43,664 - DEBUG - [_new_conn] - Starting new HTTPS connection (1): catalog.api.2gis.com:443
2025-10-30 20:47:44,058 - DEBUG - [_make_request] - https://catalog.api.2gis.com:443 "GET /3.0/items?key=cdbda41e-e8e4-4e8d-9886-f12c075adc64&q=%D0%B4%D0%B5%D1%82%D1%81%D0%BA%D0%B8%D0%B9+%D1%81%D0%B0%D0%B4&district_id=4504209512726633&type=branch&page=4&page_size=10&fields=items.point%2Citems.name%2Citems.address_name%2Citems.reviews HTTP/1.1" 200 None
2025-10-30 20:47:44,059 - DEBUG - [получить_детские_сады_в_районе] - Статус ответа: 200
2025-10-30 20:47:44,059 - INFO - [получить_детские_сады_в_районе] - Загружено 10 детских садов со страницы 4
2025-10-30 20:47:44,560 - DEBUG - [получить_детские_сады_в_районе] - Запрос страницы 5 для района Можайский
2025-10-30 20:47:44,561 - DEBUG - [_new_conn] - Starting new HTTPS connection (1): catalog.api.2gis.com:443
2025-10-30 20:47:44,996 - DEBUG - [_make_request] - https://catalog.api.2gis.com:443 "GET /3.0/items?key=cdbda41e-e8e4-4e8d-9886-f12c075adc64&q=%D0%B4%D0%B5%D1%82%D1%81%D0%BA%D0%B8%D0%B9+%D1%81%D0%B0%D0%B4&district_id=4504209512726633&type=branch&page=5&page_size=10&fields=items.point%2Citems.name%2Citems.address_name%2Citems.reviews HTTP/1.1" 200 None
2025-10-30 20:47:44,997 - DEBUG - [получить_детские_сады_в_районе] - Статус ответа: 200
2025-10-30 20:47:44,997 - INFO - [получить_детские_сады_в_районе] - Загружено 2 детских садов со страницы 5
2025-10-30 20:47:44,998 - INFO - [получить_детские_сады_в_районе] - Завершение сбора для района Можайский. Найдено детских садов: 42
2025-10-30 20:47:45,000 - INFO - [<cell line: 0>] - Район 'Можайский' завершен. Детских садов: 42
2025-10-30 20:47:46,002 - INFO - [<cell line: 0>] - [65/132] Обработка района: Молжаниновский
2025-10-30 20:47:46,004 - INFO - [получить_детские_сады_в_районе] - Начало сбора детских садов для района: Молжаниновский (ID: 4504209512726654)
2025-10-30 20:47:46,006 - DEBUG - [получить_детские_сады_в_районе] - Запрос страницы 1 для района Молжаниновский
2025-10-30 20:47:46,007 - DEBUG - [_new_conn] - Starting new HTTPS connection (1): catalog.api.2gis.com:443
2025-10-30 20:47:46,408 - DEBUG - [_make_request] - https://catalog.api.2gis.com:443 "GET /3.0/items?key=cdbda41e-e8e4-4e8d-9886-f12c075adc64&q=%D0%B4%D0%B5%D1%82%D1%81%D0%BA%D0%B8%D0%B9+%D1%81%D0%B0%D0%B4&district_id=4504209512726654&type=branch&page=1&page_size=10&fields=items.point%2Citems.name%2Citems.address_name%2Citems.reviews HTTP/1.1" 200 None
2025-10-30 20:47:46,409 - DEBUG - [получить_детские_сады_в_районе] - Статус ответа: 200
2025-10-30 20:47:46,409 - INFO - [получить_детские_сады_в_районе] - Загружено 3 детских садов со страницы 1
2025-10-30 20:47:46,910 - DEBUG - [получить_детские_сады_в_районе] - Запрос страницы 2 для района Молжаниновский
2025-10-30 20:47:46,911 - DEBUG - [_new_conn] - Starting new HTTPS connection (1): catalog.api.2gis.com:443
2025-10-30 20:47:47,301 - DEBUG - [_make_request] - https://catalog.api.2gis.com:443 "GET /3.0/items?key=cdbda41e-e8e4-4e8d-9886-f12c075adc64&q=%D0%B4%D0%B5%D1%82%D1%81%D0%BA%D0%B8%D0%B9+%D1%81%D0%B0%D0%B4&district_id=4504209512726654&type=branch&page=2&page_size=10&fields=items.point%2Citems.name%2Citems.address_name%2Citems.reviews HTTP/1.1" 200 133
2025-10-30 20:47:47,303 - DEBUG - [получить_детские_сады_в_районе] - Статус ответа: 200
2025-10-30 20:47:47,303 - WARNING - [получить_детские_сады_в_районе] - На странице 2 нет данных в ожидаемом формате
2025-10-30 20:47:47,804 - DEBUG - [получить_детские_сады_в_районе] - Запрос страницы 3 для района Молжаниновский
2025-10-30 20:47:47,805 - DEBUG - [_new_conn] - Starting new HTTPS connection (1): catalog.api.2gis.com:443
2025-10-30 20:47:48,195 - DEBUG - [_make_request] - https://catalog.api.2gis.com:443 "GET /3.0/items?key=cdbda41e-e8e4-4e8d-9886-f12c075adc64&q=%D0%B4%D0%B5%D1%82%D1%81%D0%BA%D0%B8%D0%B9+%D1%81%D0%B0%D0%B4&district_id=4504209512726654&type=branch&page=3&page_size=10&fields=items.point%2Citems.name%2Citems.address_name%2Citems.reviews HTTP/1.1" 200 133
2025-10-30 20:47:48,196 - DEBUG - [получить_детские_сады_в_районе] - Статус ответа: 200
2025-10-30 20:47:48,196 - WARNING - [получить_детские_сады_в_районе] - На странице 3 нет данных в ожидаемом формате
2025-10-30 20:47:48,697 - DEBUG - [получить_детские_сады_в_районе] - Запрос страницы 4 для района Молжаниновский
2025-10-30 20:47:48,699 - DEBUG - [_new_conn] - Starting new HTTPS connection (1): catalog.api.2gis.com:443
2025-10-30 20:47:49,090 - DEBUG - [_make_request] - https://catalog.api.2gis.com:443 "GET /3.0/items?key=cdbda41e-e8e4-4e8d-9886-f12c075adc64&q=%D0%B4%D0%B5%D1%82%D1%81%D0%BA%D0%B8%D0%B9+%D1%81%D0%B0%D0%B4&district_id=4504209512726654&type=branch&page=4&page_size=10&fields=items.point%2Citems.name%2Citems.address_name%2Citems.reviews HTTP/1.1" 200 133
2025-10-30 20:47:49,091 - DEBUG - [получить_детские_сады_в_районе] - Статус ответа: 200
2025-10-30 20:47:49,091 - WARNING - [получить_детские_сады_в_районе] - На странице 4 нет данных в ожидаемом формате
2025-10-30 20:47:49,592 - DEBUG - [получить_детские_сады_в_районе] - Запрос страницы 5 для района Молжаниновский
2025-10-30 20:47:49,593 - DEBUG - [_new_conn] - Starting new HTTPS connection (1): catalog.api.2gis.com:443
2025-10-30 20:47:49,982 - DEBUG - [_make_request] - https://catalog.api.2gis.com:443 "GET /3.0/items?key=cdbda41e-e8e4-4e8d-9886-f12c075adc64&q=%D0%B4%D0%B5%D1%82%D1%81%D0%BA%D0%B8%D0%B9+%D1%81%D0%B0%D0%B4&district_id=4504209512726654&type=branch&page=5&page_size=10&fields=items.point%2Citems.name%2Citems.address_name%2Citems.reviews HTTP/1.1" 200 133
2025-10-30 20:47:49,983 - DEBUG - [получить_детские_сады_в_районе] - Статус ответа: 200
2025-10-30 20:47:49,983 - WARNING - [получить_детские_сады_в_районе] - На странице 5 нет данных в ожидаемом формате
2025-10-30 20:47:49,984 - INFO - [получить_детские_сады_в_районе] - Завершение сбора для района Молжаниновский. Найдено детских садов: 3
2025-10-30 20:47:49,986 - INFO - [<cell line: 0>] - Район 'Молжаниновский' завершен. Детских садов: 3
2025-10-30 20:47:50,987 - INFO - [<cell line: 0>] - [66/132] Обработка района: Москворечье-Сабурово
2025-10-30 20:47:50,988 - INFO - [получить_детские_сады_в_районе] - Начало сбора детских садов для района: Москворечье-Сабурово (ID: 4504209512726607)
2025-10-30 20:47:50,989 - DEBUG - [получить_детские_сады_в_районе] - Запрос страницы 1 для района Москворечье-Сабурово
2025-10-30 20:47:50,993 - DEBUG - [_new_conn] - Starting new HTTPS connection (1): catalog.api.2gis.com:443
2025-10-30 20:47:51,380 - DEBUG - [_make_request] - https://catalog.api.2gis.com:443 "GET /3.0/items?key=cdbda41e-e8e4-4e8d-9886-f12c075adc64&q=%D0%B4%D0%B5%D1%82%D1%81%D0%BA%D0%B8%D0%B9+%D1%81%D0%B0%D0%B4&district_id=4504209512726607&type=branch&page=1&page_size=10&fields=items.point%2Citems.name%2Citems.address_name%2Citems.reviews HTTP/1.1" 200 None
2025-10-30 20:47:51,381 - DEBUG - [получить_детские_сады_в_районе] - Статус ответа: 200
2025-10-30 20:47:51,381 - INFO - [получить_детские_сады_в_районе] - Загружено 10 детских садов со страницы 1
2025-10-30 20:47:51,882 - DEBUG - [получить_детские_сады_в_районе] - Запрос страницы 2 для района Москворечье-Сабурово
2025-10-30 20:47:51,883 - DEBUG - [_new_conn] - Starting new HTTPS connection (1): catalog.api.2gis.com:443
2025-10-30 20:47:52,267 - DEBUG - [_make_request] - https://catalog.api.2gis.com:443 "GET /3.0/items?key=cdbda41e-e8e4-4e8d-9886-f12c075adc64&q=%D0%B4%D0%B5%D1%82%D1%81%D0%BA%D0%B8%D0%B9+%D1%81%D0%B0%D0%B4&district_id=4504209512726607&type=branch&page=2&page_size=10&fields=items.point%2Citems.name%2Citems.address_name%2Citems.reviews HTTP/1.1" 200 None
2025-10-30 20:47:52,268 - DEBUG - [получить_детские_сады_в_районе] - Статус ответа: 200
2025-10-30 20:47:52,268 - INFO - [получить_детские_сады_в_районе] - Загружено 8 детских садов со страницы 2
2025-10-30 20:47:52,769 - DEBUG - [получить_детские_сады_в_районе] - Запрос страницы 3 для района Москворечье-Сабурово
2025-10-30 20:47:52,771 - DEBUG - [_new_conn] - Starting new HTTPS connection (1): catalog.api.2gis.com:443
2025-10-30 20:47:53,161 - DEBUG - [_make_request] - https://catalog.api.2gis.com:443 "GET /3.0/items?key=cdbda41e-e8e4-4e8d-9886-f12c075adc64&q=%D0%B4%D0%B5%D1%82%D1%81%D0%BA%D0%B8%D0%B9+%D1%81%D0%B0%D0%B4&district_id=4504209512726607&type=branch&page=3&page_size=10&fields=items.point%2Citems.name%2Citems.address_name%2Citems.reviews HTTP/1.1" 200 133
2025-10-30 20:47:53,162 - DEBUG - [получить_детские_сады_в_районе] - Статус ответа: 200
2025-10-30 20:47:53,162 - WARNING - [получить_детские_сады_в_районе] - На странице 3 нет данных в ожидаемом формате
2025-10-30 20:47:53,663 - DEBUG - [получить_детские_сады_в_районе] - Запрос страницы 4 для района Москворечье-Сабурово
2025-10-30 20:47:53,664 - DEBUG - [_new_conn] - Starting new HTTPS connection (1): catalog.api.2gis.com:443
2025-10-30 20:47:54,043 - DEBUG - [_make_request] - https://catalog.api.2gis.com:443 "GET /3.0/items?key=cdbda41e-e8e4-4e8d-9886-f12c075adc64&q=%D0%B4%D0%B5%D1%82%D1%81%D0%BA%D0%B8%D0%B9+%D1%81%D0%B0%D0%B4&district_id=4504209512726607&type=branch&page=4&page_size=10&fields=items.point%2Citems.name%2Citems.address_name%2Citems.reviews HTTP/1.1" 200 133
2025-10-30 20:47:54,044 - DEBUG - [получить_детские_сады_в_районе] - Статус ответа: 200
2025-10-30 20:47:54,044 - WARNING - [получить_детские_сады_в_районе] - На странице 4 нет данных в ожидаемом формате
2025-10-30 20:47:54,545 - DEBUG - [получить_детские_сады_в_районе] - Запрос страницы 5 для района Москворечье-Сабурово
2025-10-30 20:47:54,547 - DEBUG - [_new_conn] - Starting new HTTPS connection (1): catalog.api.2gis.com:443
2025-10-30 20:47:54,938 - DEBUG - [_make_request] - https://catalog.api.2gis.com:443 "GET /3.0/items?key=cdbda41e-e8e4-4e8d-9886-f12c075adc64&q=%D0%B4%D0%B5%D1%82%D1%81%D0%BA%D0%B8%D0%B9+%D1%81%D0%B0%D0%B4&district_id=4504209512726607&type=branch&page=5&page_size=10&fields=items.point%2Citems.name%2Citems.address_name%2Citems.reviews HTTP/1.1" 200 133
2025-10-30 20:47:54,939 - DEBUG - [получить_детские_сады_в_районе] - Статус ответа: 200
2025-10-30 20:47:54,939 - WARNING - [получить_детские_сады_в_районе] - На странице 5 нет данных в ожидаемом формате
2025-10-30 20:47:54,940 - INFO - [получить_детские_сады_в_районе] - Завершение сбора для района Москворечье-Сабурово. Найдено детских садов: 18
2025-10-30 20:47:54,942 - INFO - [<cell line: 0>] - Район 'Москворечье-Сабурово' завершен. Детских садов: 18
2025-10-30 20:47:55,943 - INFO - [<cell line: 0>] - [67/132] Обработка района: Нагатино-Садовники
2025-10-30 20:47:55,944 - INFO - [получить_детские_сады_в_районе] - Начало сбора детских садов для района: Нагатино-Садовники (ID: 4504209512726604)
2025-10-30 20:47:55,945 - DEBUG - [получить_детские_сады_в_районе] - Запрос страницы 1 для района Нагатино-Садовники
2025-10-30 20:47:55,947 - DEBUG - [_new_conn] - Starting new HTTPS connection (1): catalog.api.2gis.com:443
2025-10-30 20:47:56,342 - DEBUG - [_make_request] - https://catalog.api.2gis.com:443 "GET /3.0/items?key=cdbda41e-e8e4-4e8d-9886-f12c075adc64&q=%D0%B4%D0%B5%D1%82%D1%81%D0%BA%D0%B8%D0%B9+%D1%81%D0%B0%D0%B4&district_id=4504209512726604&type=branch&page=1&page_size=10&fields=items.point%2Citems.name%2Citems.address_name%2Citems.reviews HTTP/1.1" 200 None
2025-10-30 20:47:56,342 - DEBUG - [получить_детские_сады_в_районе] - Статус ответа: 200
2025-10-30 20:47:56,343 - INFO - [получить_детские_сады_в_районе] - Загружено 10 детских садов со страницы 1
2025-10-30 20:47:56,844 - DEBUG - [получить_детские_сады_в_районе] - Запрос страницы 2 для района Нагатино-Садовники
2025-10-30 20:47:56,845 - DEBUG - [_new_conn] - Starting new HTTPS connection (1): catalog.api.2gis.com:443
2025-10-30 20:47:57,361 - DEBUG - [_make_request] - https://catalog.api.2gis.com:443 "GET /3.0/items?key=cdbda41e-e8e4-4e8d-9886-f12c075adc64&q=%D0%B4%D0%B5%D1%82%D1%81%D0%BA%D0%B8%D0%B9+%D1%81%D0%B0%D0%B4&district_id=4504209512726604&type=branch&page=2&page_size=10&fields=items.point%2Citems.name%2Citems.address_name%2Citems.reviews HTTP/1.1" 200 None
2025-10-30 20:47:57,362 - DEBUG - [получить_детские_сады_в_районе] - Статус ответа: 200
2025-10-30 20:47:57,363 - INFO - [получить_детские_сады_в_районе] - Загружено 10 детских садов со страницы 2
2025-10-30 20:47:57,864 - DEBUG - [получить_детские_сады_в_районе] - Запрос страницы 3 для района Нагатино-Садовники
2025-10-30 20:47:57,865 - DEBUG - [_new_conn] - Starting new HTTPS connection (1): catalog.api.2gis.com:443
2025-10-30 20:47:58,378 - DEBUG - [_make_request] - https://catalog.api.2gis.com:443 "GET /3.0/items?key=cdbda41e-e8e4-4e8d-9886-f12c075adc64&q=%D0%B4%D0%B5%D1%82%D1%81%D0%BA%D0%B8%D0%B9+%D1%81%D0%B0%D0%B4&district_id=4504209512726604&type=branch&page=3&page_size=10&fields=items.point%2Citems.name%2Citems.address_name%2Citems.reviews HTTP/1.1" 200 None
2025-10-30 20:47:58,379 - DEBUG - [получить_детские_сады_в_районе] - Статус ответа: 200
2025-10-30 20:47:58,380 - INFO - [получить_детские_сады_в_районе] - Загружено 3 детских садов со страницы 3
2025-10-30 20:47:58,881 - DEBUG - [получить_детские_сады_в_районе] - Запрос страницы 4 для района Нагатино-Садовники
2025-10-30 20:47:58,882 - DEBUG - [_new_conn] - Starting new HTTPS connection (1): catalog.api.2gis.com:443
2025-10-30 20:47:59,270 - DEBUG - [_make_request] - https://catalog.api.2gis.com:443 "GET /3.0/items?key=cdbda41e-e8e4-4e8d-9886-f12c075adc64&q=%D0%B4%D0%B5%D1%82%D1%81%D0%BA%D0%B8%D0%B9+%D1%81%D0%B0%D0%B4&district_id=4504209512726604&type=branch&page=4&page_size=10&fields=items.point%2Citems.name%2Citems.address_name%2Citems.reviews HTTP/1.1" 200 133
2025-10-30 20:47:59,271 - DEBUG - [получить_детские_сады_в_районе] - Статус ответа: 200
2025-10-30 20:47:59,272 - WARNING - [получить_детские_сады_в_районе] - На странице 4 нет данных в ожидаемом формате
2025-10-30 20:47:59,773 - DEBUG - [получить_детские_сады_в_районе] - Запрос страницы 5 для района Нагатино-Садовники
2025-10-30 20:47:59,774 - DEBUG - [_new_conn] - Starting new HTTPS connection (1): catalog.api.2gis.com:443
2025-10-30 20:48:00,159 - DEBUG - [_make_request] - https://catalog.api.2gis.com:443 "GET /3.0/items?key=cdbda41e-e8e4-4e8d-9886-f12c075adc64&q=%D0%B4%D0%B5%D1%82%D1%81%D0%BA%D0%B8%D0%B9+%D1%81%D0%B0%D0%B4&district_id=4504209512726604&type=branch&page=5&page_size=10&fields=items.point%2Citems.name%2Citems.address_name%2Citems.reviews HTTP/1.1" 200 133
2025-10-30 20:48:00,160 - DEBUG - [получить_детские_сады_в_районе] - Статус ответа: 200
2025-10-30 20:48:00,160 - WARNING - [получить_детские_сады_в_районе] - На странице 5 нет данных в ожидаемом формате
2025-10-30 20:48:00,161 - INFO - [получить_детские_сады_в_районе] - Завершение сбора для района Нагатино-Садовники. Найдено детских садов: 23
2025-10-30 20:48:00,162 - INFO - [<cell line: 0>] - Район 'Нагатино-Садовники' завершен. Детских садов: 23
2025-10-30 20:48:01,163 - INFO - [<cell line: 0>] - [68/132] Обработка района: Нагатинский Затон
2025-10-30 20:48:01,164 - INFO - [получить_детские_сады_в_районе] - Начало сбора детских садов для района: Нагатинский Затон (ID: 4504209512726603)
2025-10-30 20:48:01,165 - DEBUG - [получить_детские_сады_в_районе] - Запрос страницы 1 для района Нагатинский Затон
2025-10-30 20:48:01,167 - DEBUG - [_new_conn] - Starting new HTTPS connection (1): catalog.api.2gis.com:443
2025-10-30 20:48:01,566 - DEBUG - [_make_request] - https://catalog.api.2gis.com:443 "GET /3.0/items?key=cdbda41e-e8e4-4e8d-9886-f12c075adc64&q=%D0%B4%D0%B5%D1%82%D1%81%D0%BA%D0%B8%D0%B9+%D1%81%D0%B0%D0%B4&district_id=4504209512726603&type=branch&page=1&page_size=10&fields=items.point%2Citems.name%2Citems.address_name%2Citems.reviews HTTP/1.1" 200 None
2025-10-30 20:48:01,567 - DEBUG - [получить_детские_сады_в_районе] - Статус ответа: 200
2025-10-30 20:48:01,567 - INFO - [получить_детские_сады_в_районе] - Загружено 10 детских садов со страницы 1
2025-10-30 20:48:02,068 - DEBUG - [получить_детские_сады_в_районе] - Запрос страницы 2 для района Нагатинский Затон
2025-10-30 20:48:02,069 - DEBUG - [_new_conn] - Starting new HTTPS connection (1): catalog.api.2gis.com:443
2025-10-30 20:48:02,476 - DEBUG - [_make_request] - https://catalog.api.2gis.com:443 "GET /3.0/items?key=cdbda41e-e8e4-4e8d-9886-f12c075adc64&q=%D0%B4%D0%B5%D1%82%D1%81%D0%BA%D0%B8%D0%B9+%D1%81%D0%B0%D0%B4&district_id=4504209512726603&type=branch&page=2&page_size=10&fields=items.point%2Citems.name%2Citems.address_name%2Citems.reviews HTTP/1.1" 200 None
2025-10-30 20:48:02,477 - DEBUG - [получить_детские_сады_в_районе] - Статус ответа: 200
2025-10-30 20:48:02,477 - INFO - [получить_детские_сады_в_районе] - Загружено 10 детских садов со страницы 2
2025-10-30 20:48:02,978 - DEBUG - [получить_детские_сады_в_районе] - Запрос страницы 3 для района Нагатинский Затон
2025-10-30 20:48:02,980 - DEBUG - [_new_conn] - Starting new HTTPS connection (1): catalog.api.2gis.com:443
2025-10-30 20:48:03,381 - DEBUG - [_make_request] - https://catalog.api.2gis.com:443 "GET /3.0/items?key=cdbda41e-e8e4-4e8d-9886-f12c075adc64&q=%D0%B4%D0%B5%D1%82%D1%81%D0%BA%D0%B8%D0%B9+%D1%81%D0%B0%D0%B4&district_id=4504209512726603&type=branch&page=3&page_size=10&fields=items.point%2Citems.name%2Citems.address_name%2Citems.reviews HTTP/1.1" 200 None
2025-10-30 20:48:03,382 - DEBUG - [получить_детские_сады_в_районе] - Статус ответа: 200
2025-10-30 20:48:03,382 - INFO - [получить_детские_сады_в_районе] - Загружено 10 детских садов со страницы 3
2025-10-30 20:48:03,883 - DEBUG - [получить_детские_сады_в_районе] - Запрос страницы 4 для района Нагатинский Затон
2025-10-30 20:48:03,885 - DEBUG - [_new_conn] - Starting new HTTPS connection (1): catalog.api.2gis.com:443
2025-10-30 20:48:04,267 - DEBUG - [_make_request] - https://catalog.api.2gis.com:443 "GET /3.0/items?key=cdbda41e-e8e4-4e8d-9886-f12c075adc64&q=%D0%B4%D0%B5%D1%82%D1%81%D0%BA%D0%B8%D0%B9+%D1%81%D0%B0%D0%B4&district_id=4504209512726603&type=branch&page=4&page_size=10&fields=items.point%2Citems.name%2Citems.address_name%2Citems.reviews HTTP/1.1" 200 None
2025-10-30 20:48:04,268 - DEBUG - [получить_детские_сады_в_районе] - Статус ответа: 200
2025-10-30 20:48:04,268 - INFO - [получить_детские_сады_в_районе] - Загружено 10 детских садов со страницы 4
2025-10-30 20:48:04,769 - DEBUG - [получить_детские_сады_в_районе] - Запрос страницы 5 для района Нагатинский Затон
2025-10-30 20:48:04,770 - DEBUG - [_new_conn] - Starting new HTTPS connection (1): catalog.api.2gis.com:443
2025-10-30 20:48:05,156 - DEBUG - [_make_request] - https://catalog.api.2gis.com:443 "GET /3.0/items?key=cdbda41e-e8e4-4e8d-9886-f12c075adc64&q=%D0%B4%D0%B5%D1%82%D1%81%D0%BA%D0%B8%D0%B9+%D1%81%D0%B0%D0%B4&district_id=4504209512726603&type=branch&page=5&page_size=10&fields=items.point%2Citems.name%2Citems.address_name%2Citems.reviews HTTP/1.1" 200 None
2025-10-30 20:48:05,157 - DEBUG - [получить_детские_сады_в_районе] - Статус ответа: 200
2025-10-30 20:48:05,158 - INFO - [получить_детские_сады_в_районе] - Загружено 3 детских садов со страницы 5
2025-10-30 20:48:05,158 - INFO - [получить_детские_сады_в_районе] - Завершение сбора для района Нагатинский Затон. Найдено детских садов: 43
2025-10-30 20:48:05,160 - INFO - [<cell line: 0>] - Район 'Нагатинский Затон' завершен. Детских садов: 43
2025-10-30 20:48:06,162 - INFO - [<cell line: 0>] - [69/132] Обработка района: Нагорный
2025-10-30 20:48:06,165 - INFO - [получить_детские_сады_в_районе] - Начало сбора детских садов для района: Нагорный (ID: 4504209512726606)
2025-10-30 20:48:06,166 - DEBUG - [получить_детские_сады_в_районе] - Запрос страницы 1 для района Нагорный
2025-10-30 20:48:06,169 - DEBUG - [_new_conn] - Starting new HTTPS connection (1): catalog.api.2gis.com:443
2025-10-30 20:48:06,583 - DEBUG - [_make_request] - https://catalog.api.2gis.com:443 "GET /3.0/items?key=cdbda41e-e8e4-4e8d-9886-f12c075adc64&q=%D0%B4%D0%B5%D1%82%D1%81%D0%BA%D0%B8%D0%B9+%D1%81%D0%B0%D0%B4&district_id=4504209512726606&type=branch&page=1&page_size=10&fields=items.point%2Citems.name%2Citems.address_name%2Citems.reviews HTTP/1.1" 200 None
2025-10-30 20:48:06,584 - DEBUG - [получить_детские_сады_в_районе] - Статус ответа: 200
2025-10-30 20:48:06,584 - INFO - [получить_детские_сады_в_районе] - Загружено 10 детских садов со страницы 1
2025-10-30 20:48:07,085 - DEBUG - [получить_детские_сады_в_районе] - Запрос страницы 2 для района Нагорный
2025-10-30 20:48:07,086 - DEBUG - [_new_conn] - Starting new HTTPS connection (1): catalog.api.2gis.com:443
2025-10-30 20:48:07,486 - DEBUG - [_make_request] - https://catalog.api.2gis.com:443 "GET /3.0/items?key=cdbda41e-e8e4-4e8d-9886-f12c075adc64&q=%D0%B4%D0%B5%D1%82%D1%81%D0%BA%D0%B8%D0%B9+%D1%81%D0%B0%D0%B4&district_id=4504209512726606&type=branch&page=2&page_size=10&fields=items.point%2Citems.name%2Citems.address_name%2Citems.reviews HTTP/1.1" 200 None
2025-10-30 20:48:07,487 - DEBUG - [получить_детские_сады_в_районе] - Статус ответа: 200
2025-10-30 20:48:07,488 - INFO - [получить_детские_сады_в_районе] - Загружено 8 детских садов со страницы 2
2025-10-30 20:48:07,990 - DEBUG - [получить_детские_сады_в_районе] - Запрос страницы 3 для района Нагорный
2025-10-30 20:48:07,991 - DEBUG - [_new_conn] - Starting new HTTPS connection (1): catalog.api.2gis.com:443
2025-10-30 20:48:08,381 - DEBUG - [_make_request] - https://catalog.api.2gis.com:443 "GET /3.0/items?key=cdbda41e-e8e4-4e8d-9886-f12c075adc64&q=%D0%B4%D0%B5%D1%82%D1%81%D0%BA%D0%B8%D0%B9+%D1%81%D0%B0%D0%B4&district_id=4504209512726606&type=branch&page=3&page_size=10&fields=items.point%2Citems.name%2Citems.address_name%2Citems.reviews HTTP/1.1" 200 133
2025-10-30 20:48:08,382 - DEBUG - [получить_детские_сады_в_районе] - Статус ответа: 200
2025-10-30 20:48:08,382 - WARNING - [получить_детские_сады_в_районе] - На странице 3 нет данных в ожидаемом формате
2025-10-30 20:48:08,883 - DEBUG - [получить_детские_сады_в_районе] - Запрос страницы 4 для района Нагорный
2025-10-30 20:48:08,885 - DEBUG - [_new_conn] - Starting new HTTPS connection (1): catalog.api.2gis.com:443
2025-10-30 20:48:09,274 - DEBUG - [_make_request] - https://catalog.api.2gis.com:443 "GET /3.0/items?key=cdbda41e-e8e4-4e8d-9886-f12c075adc64&q=%D0%B4%D0%B5%D1%82%D1%81%D0%BA%D0%B8%D0%B9+%D1%81%D0%B0%D0%B4&district_id=4504209512726606&type=branch&page=4&page_size=10&fields=items.point%2Citems.name%2Citems.address_name%2Citems.reviews HTTP/1.1" 200 133
2025-10-30 20:48:09,275 - DEBUG - [получить_детские_сады_в_районе] - Статус ответа: 200
2025-10-30 20:48:09,275 - WARNING - [получить_детские_сады_в_районе] - На странице 4 нет данных в ожидаемом формате
2025-10-30 20:48:09,776 - DEBUG - [получить_детские_сады_в_районе] - Запрос страницы 5 для района Нагорный
2025-10-30 20:48:09,777 - DEBUG - [_new_conn] - Starting new HTTPS connection (1): catalog.api.2gis.com:443
2025-10-30 20:48:10,175 - DEBUG - [_make_request] - https://catalog.api.2gis.com:443 "GET /3.0/items?key=cdbda41e-e8e4-4e8d-9886-f12c075adc64&q=%D0%B4%D0%B5%D1%82%D1%81%D0%BA%D0%B8%D0%B9+%D1%81%D0%B0%D0%B4&district_id=4504209512726606&type=branch&page=5&page_size=10&fields=items.point%2Citems.name%2Citems.address_name%2Citems.reviews HTTP/1.1" 200 133
2025-10-30 20:48:10,176 - DEBUG - [получить_детские_сады_в_районе] - Статус ответа: 200
2025-10-30 20:48:10,176 - WARNING - [получить_детские_сады_в_районе] - На странице 5 нет данных в ожидаемом формате
2025-10-30 20:48:10,177 - INFO - [получить_детские_сады_в_районе] - Завершение сбора для района Нагорный. Найдено детских садов: 18
2025-10-30 20:48:10,178 - INFO - [<cell line: 0>] - Район 'Нагорный' завершен. Детских садов: 18
2025-10-30 20:48:11,180 - INFO - [<cell line: 0>] - [70/132] Обработка района: Некрасовка
2025-10-30 20:48:11,181 - INFO - [получить_детские_сады_в_районе] - Начало сбора детских садов для района: Некрасовка (ID: 4504209512726599)
2025-10-30 20:48:11,182 - DEBUG - [получить_детские_сады_в_районе] - Запрос страницы 1 для района Некрасовка
2025-10-30 20:48:11,183 - DEBUG - [_new_conn] - Starting new HTTPS connection (1): catalog.api.2gis.com:443
2025-10-30 20:48:11,592 - DEBUG - [_make_request] - https://catalog.api.2gis.com:443 "GET /3.0/items?key=cdbda41e-e8e4-4e8d-9886-f12c075adc64&q=%D0%B4%D0%B5%D1%82%D1%81%D0%BA%D0%B8%D0%B9+%D1%81%D0%B0%D0%B4&district_id=4504209512726599&type=branch&page=1&page_size=10&fields=items.point%2Citems.name%2Citems.address_name%2Citems.reviews HTTP/1.1" 200 None
2025-10-30 20:48:11,593 - DEBUG - [получить_детские_сады_в_районе] - Статус ответа: 200
2025-10-30 20:48:11,593 - INFO - [получить_детские_сады_в_районе] - Загружено 10 детских садов со страницы 1
2025-10-30 20:48:12,094 - DEBUG - [получить_детские_сады_в_районе] - Запрос страницы 2 для района Некрасовка
2025-10-30 20:48:12,095 - DEBUG - [_new_conn] - Starting new HTTPS connection (1): catalog.api.2gis.com:443
2025-10-30 20:48:12,494 - DEBUG - [_make_request] - https://catalog.api.2gis.com:443 "GET /3.0/items?key=cdbda41e-e8e4-4e8d-9886-f12c075adc64&q=%D0%B4%D0%B5%D1%82%D1%81%D0%BA%D0%B8%D0%B9+%D1%81%D0%B0%D0%B4&district_id=4504209512726599&type=branch&page=2&page_size=10&fields=items.point%2Citems.name%2Citems.address_name%2Citems.reviews HTTP/1.1" 200 None
2025-10-30 20:48:12,496 - DEBUG - [получить_детские_сады_в_районе] - Статус ответа: 200
2025-10-30 20:48:12,496 - INFO - [получить_детские_сады_в_районе] - Загружено 10 детских садов со страницы 2
2025-10-30 20:48:12,997 - DEBUG - [получить_детские_сады_в_районе] - Запрос страницы 3 для района Некрасовка
2025-10-30 20:48:12,998 - DEBUG - [_new_conn] - Starting new HTTPS connection (1): catalog.api.2gis.com:443
2025-10-30 20:48:13,401 - DEBUG - [_make_request] - https://catalog.api.2gis.com:443 "GET /3.0/items?key=cdbda41e-e8e4-4e8d-9886-f12c075adc64&q=%D0%B4%D0%B5%D1%82%D1%81%D0%BA%D0%B8%D0%B9+%D1%81%D0%B0%D0%B4&district_id=4504209512726599&type=branch&page=3&page_size=10&fields=items.point%2Citems.name%2Citems.address_name%2Citems.reviews HTTP/1.1" 200 None
2025-10-30 20:48:13,402 - DEBUG - [получить_детские_сады_в_районе] - Статус ответа: 200
2025-10-30 20:48:13,402 - INFO - [получить_детские_сады_в_районе] - Загружено 10 детских садов со страницы 3
2025-10-30 20:48:13,903 - DEBUG - [получить_детские_сады_в_районе] - Запрос страницы 4 для района Некрасовка
2025-10-30 20:48:13,904 - DEBUG - [_new_conn] - Starting new HTTPS connection (1): catalog.api.2gis.com:443
2025-10-30 20:48:14,310 - DEBUG - [_make_request] - https://catalog.api.2gis.com:443 "GET /3.0/items?key=cdbda41e-e8e4-4e8d-9886-f12c075adc64&q=%D0%B4%D0%B5%D1%82%D1%81%D0%BA%D0%B8%D0%B9+%D1%81%D0%B0%D0%B4&district_id=4504209512726599&type=branch&page=4&page_size=10&fields=items.point%2Citems.name%2Citems.address_name%2Citems.reviews HTTP/1.1" 200 None
2025-10-30 20:48:14,311 - DEBUG - [получить_детские_сады_в_районе] - Статус ответа: 200
2025-10-30 20:48:14,311 - INFO - [получить_детские_сады_в_районе] - Загружено 8 детских садов со страницы 4
2025-10-30 20:48:14,812 - DEBUG - [получить_детские_сады_в_районе] - Запрос страницы 5 для района Некрасовка
2025-10-30 20:48:14,813 - DEBUG - [_new_conn] - Starting new HTTPS connection (1): catalog.api.2gis.com:443
2025-10-30 20:48:15,205 - DEBUG - [_make_request] - https://catalog.api.2gis.com:443 "GET /3.0/items?key=cdbda41e-e8e4-4e8d-9886-f12c075adc64&q=%D0%B4%D0%B5%D1%82%D1%81%D0%BA%D0%B8%D0%B9+%D1%81%D0%B0%D0%B4&district_id=4504209512726599&type=branch&page=5&page_size=10&fields=items.point%2Citems.name%2Citems.address_name%2Citems.reviews HTTP/1.1" 200 133
2025-10-30 20:48:15,206 - DEBUG - [получить_детские_сады_в_районе] - Статус ответа: 200
2025-10-30 20:48:15,206 - WARNING - [получить_детские_сады_в_районе] - На странице 5 нет данных в ожидаемом формате
2025-10-30 20:48:15,207 - INFO - [получить_детские_сады_в_районе] - Завершение сбора для района Некрасовка. Найдено детских садов: 38
2025-10-30 20:48:15,209 - INFO - [<cell line: 0>] - Район 'Некрасовка' завершен. Детских садов: 38
2025-10-30 20:48:16,210 - INFO - [<cell line: 0>] - [71/132] Обработка района: Нижегородский
2025-10-30 20:48:16,211 - INFO - [получить_детские_сады_в_районе] - Начало сбора детских садов для района: Нижегородский (ID: 4504209512726591)
2025-10-30 20:48:16,212 - DEBUG - [получить_детские_сады_в_районе] - Запрос страницы 1 для района Нижегородский
2025-10-30 20:48:16,214 - DEBUG - [_new_conn] - Starting new HTTPS connection (1): catalog.api.2gis.com:443
2025-10-30 20:48:16,606 - DEBUG - [_make_request] - https://catalog.api.2gis.com:443 "GET /3.0/items?key=cdbda41e-e8e4-4e8d-9886-f12c075adc64&q=%D0%B4%D0%B5%D1%82%D1%81%D0%BA%D0%B8%D0%B9+%D1%81%D0%B0%D0%B4&district_id=4504209512726591&type=branch&page=1&page_size=10&fields=items.point%2Citems.name%2Citems.address_name%2Citems.reviews HTTP/1.1" 200 None
2025-10-30 20:48:16,607 - DEBUG - [получить_детские_сады_в_районе] - Статус ответа: 200
2025-10-30 20:48:16,607 - INFO - [получить_детские_сады_в_районе] - Загружено 10 детских садов со страницы 1
2025-10-30 20:48:17,108 - DEBUG - [получить_детские_сады_в_районе] - Запрос страницы 2 для района Нижегородский
2025-10-30 20:48:17,109 - DEBUG - [_new_conn] - Starting new HTTPS connection (1): catalog.api.2gis.com:443
2025-10-30 20:48:17,526 - DEBUG - [_make_request] - https://catalog.api.2gis.com:443 "GET /3.0/items?key=cdbda41e-e8e4-4e8d-9886-f12c075adc64&q=%D0%B4%D0%B5%D1%82%D1%81%D0%BA%D0%B8%D0%B9+%D1%81%D0%B0%D0%B4&district_id=4504209512726591&type=branch&page=2&page_size=10&fields=items.point%2Citems.name%2Citems.address_name%2Citems.reviews HTTP/1.1" 200 None
2025-10-30 20:48:17,527 - DEBUG - [получить_детские_сады_в_районе] - Статус ответа: 200
2025-10-30 20:48:17,528 - INFO - [получить_детские_сады_в_районе] - Загружено 7 детских садов со страницы 2
2025-10-30 20:48:18,029 - DEBUG - [получить_детские_сады_в_районе] - Запрос страницы 3 для района Нижегородский
2025-10-30 20:48:18,030 - DEBUG - [_new_conn] - Starting new HTTPS connection (1): catalog.api.2gis.com:443
2025-10-30 20:48:18,416 - DEBUG - [_make_request] - https://catalog.api.2gis.com:443 "GET /3.0/items?key=cdbda41e-e8e4-4e8d-9886-f12c075adc64&q=%D0%B4%D0%B5%D1%82%D1%81%D0%BA%D0%B8%D0%B9+%D1%81%D0%B0%D0%B4&district_id=4504209512726591&type=branch&page=3&page_size=10&fields=items.point%2Citems.name%2Citems.address_name%2Citems.reviews HTTP/1.1" 200 133
2025-10-30 20:48:18,417 - DEBUG - [получить_детские_сады_в_районе] - Статус ответа: 200
2025-10-30 20:48:18,417 - WARNING - [получить_детские_сады_в_районе] - На странице 3 нет данных в ожидаемом формате
2025-10-30 20:48:18,918 - DEBUG - [получить_детские_сады_в_районе] - Запрос страницы 4 для района Нижегородский
2025-10-30 20:48:18,920 - DEBUG - [_new_conn] - Starting new HTTPS connection (1): catalog.api.2gis.com:443
2025-10-30 20:48:19,314 - DEBUG - [_make_request] - https://catalog.api.2gis.com:443 "GET /3.0/items?key=cdbda41e-e8e4-4e8d-9886-f12c075adc64&q=%D0%B4%D0%B5%D1%82%D1%81%D0%BA%D0%B8%D0%B9+%D1%81%D0%B0%D0%B4&district_id=4504209512726591&type=branch&page=4&page_size=10&fields=items.point%2Citems.name%2Citems.address_name%2Citems.reviews HTTP/1.1" 200 133
2025-10-30 20:48:19,315 - DEBUG - [получить_детские_сады_в_районе] - Статус ответа: 200
2025-10-30 20:48:19,315 - WARNING - [получить_детские_сады_в_районе] - На странице 4 нет данных в ожидаемом формате
2025-10-30 20:48:19,816 - DEBUG - [получить_детские_сады_в_районе] - Запрос страницы 5 для района Нижегородский
2025-10-30 20:48:19,817 - DEBUG - [_new_conn] - Starting new HTTPS connection (1): catalog.api.2gis.com:443
2025-10-30 20:48:20,221 - DEBUG - [_make_request] - https://catalog.api.2gis.com:443 "GET /3.0/items?key=cdbda41e-e8e4-4e8d-9886-f12c075adc64&q=%D0%B4%D0%B5%D1%82%D1%81%D0%BA%D0%B8%D0%B9+%D1%81%D0%B0%D0%B4&district_id=4504209512726591&type=branch&page=5&page_size=10&fields=items.point%2Citems.name%2Citems.address_name%2Citems.reviews HTTP/1.1" 200 133
2025-10-30 20:48:20,222 - DEBUG - [получить_детские_сады_в_районе] - Статус ответа: 200
2025-10-30 20:48:20,223 - WARNING - [получить_детские_сады_в_районе] - На странице 5 нет данных в ожидаемом формате
2025-10-30 20:48:20,223 - INFO - [получить_детские_сады_в_районе] - Завершение сбора для района Нижегородский. Найдено детских садов: 17
2025-10-30 20:48:20,226 - INFO - [<cell line: 0>] - Район 'Нижегородский' завершен. Детских садов: 17
2025-10-30 20:48:21,228 - INFO - [<cell line: 0>] - [72/132] Обработка района: Новогиреево
2025-10-30 20:48:21,229 - INFO - [получить_детские_сады_в_районе] - Начало сбора детских садов для района: Новогиреево (ID: 4504209512726580)
2025-10-30 20:48:21,231 - DEBUG - [получить_детские_сады_в_районе] - Запрос страницы 1 для района Новогиреево
2025-10-30 20:48:21,232 - DEBUG - [_new_conn] - Starting new HTTPS connection (1): catalog.api.2gis.com:443
2025-10-30 20:48:21,627 - DEBUG - [_make_request] - https://catalog.api.2gis.com:443 "GET /3.0/items?key=cdbda41e-e8e4-4e8d-9886-f12c075adc64&q=%D0%B4%D0%B5%D1%82%D1%81%D0%BA%D0%B8%D0%B9+%D1%81%D0%B0%D0%B4&district_id=4504209512726580&type=branch&page=1&page_size=10&fields=items.point%2Citems.name%2Citems.address_name%2Citems.reviews HTTP/1.1" 200 None
2025-10-30 20:48:21,627 - DEBUG - [получить_детские_сады_в_районе] - Статус ответа: 200
2025-10-30 20:48:21,628 - INFO - [получить_детские_сады_в_районе] - Загружено 10 детских садов со страницы 1
2025-10-30 20:48:22,129 - DEBUG - [получить_детские_сады_в_районе] - Запрос страницы 2 для района Новогиреево
2025-10-30 20:48:22,130 - DEBUG - [_new_conn] - Starting new HTTPS connection (1): catalog.api.2gis.com:443
2025-10-30 20:48:22,536 - DEBUG - [_make_request] - https://catalog.api.2gis.com:443 "GET /3.0/items?key=cdbda41e-e8e4-4e8d-9886-f12c075adc64&q=%D0%B4%D0%B5%D1%82%D1%81%D0%BA%D0%B8%D0%B9+%D1%81%D0%B0%D0%B4&district_id=4504209512726580&type=branch&page=2&page_size=10&fields=items.point%2Citems.name%2Citems.address_name%2Citems.reviews HTTP/1.1" 200 None
2025-10-30 20:48:22,537 - DEBUG - [получить_детские_сады_в_районе] - Статус ответа: 200
2025-10-30 20:48:22,537 - INFO - [получить_детские_сады_в_районе] - Загружено 10 детских садов со страницы 2
2025-10-30 20:48:23,038 - DEBUG - [получить_детские_сады_в_районе] - Запрос страницы 3 для района Новогиреево
2025-10-30 20:48:23,040 - DEBUG - [_new_conn] - Starting new HTTPS connection (1): catalog.api.2gis.com:443
2025-10-30 20:48:23,437 - DEBUG - [_make_request] - https://catalog.api.2gis.com:443 "GET /3.0/items?key=cdbda41e-e8e4-4e8d-9886-f12c075adc64&q=%D0%B4%D0%B5%D1%82%D1%81%D0%BA%D0%B8%D0%B9+%D1%81%D0%B0%D0%B4&district_id=4504209512726580&type=branch&page=3&page_size=10&fields=items.point%2Citems.name%2Citems.address_name%2Citems.reviews HTTP/1.1" 200 None
2025-10-30 20:48:23,438 - DEBUG - [получить_детские_сады_в_районе] - Статус ответа: 200
2025-10-30 20:48:23,438 - INFO - [получить_детские_сады_в_районе] - Загружено 5 детских садов со страницы 3
2025-10-30 20:48:23,939 - DEBUG - [получить_детские_сады_в_районе] - Запрос страницы 4 для района Новогиреево
2025-10-30 20:48:23,941 - DEBUG - [_new_conn] - Starting new HTTPS connection (1): catalog.api.2gis.com:443
2025-10-30 20:48:24,342 - DEBUG - [_make_request] - https://catalog.api.2gis.com:443 "GET /3.0/items?key=cdbda41e-e8e4-4e8d-9886-f12c075adc64&q=%D0%B4%D0%B5%D1%82%D1%81%D0%BA%D0%B8%D0%B9+%D1%81%D0%B0%D0%B4&district_id=4504209512726580&type=branch&page=4&page_size=10&fields=items.point%2Citems.name%2Citems.address_name%2Citems.reviews HTTP/1.1" 200 133
2025-10-30 20:48:24,343 - DEBUG - [получить_детские_сады_в_районе] - Статус ответа: 200
2025-10-30 20:48:24,343 - WARNING - [получить_детские_сады_в_районе] - На странице 4 нет данных в ожидаемом формате
2025-10-30 20:48:24,844 - DEBUG - [получить_детские_сады_в_районе] - Запрос страницы 5 для района Новогиреево
2025-10-30 20:48:24,845 - DEBUG - [_new_conn] - Starting new HTTPS connection (1): catalog.api.2gis.com:443
2025-10-30 20:48:25,244 - DEBUG - [_make_request] - https://catalog.api.2gis.com:443 "GET /3.0/items?key=cdbda41e-e8e4-4e8d-9886-f12c075adc64&q=%D0%B4%D0%B5%D1%82%D1%81%D0%BA%D0%B8%D0%B9+%D1%81%D0%B0%D0%B4&district_id=4504209512726580&type=branch&page=5&page_size=10&fields=items.point%2Citems.name%2Citems.address_name%2Citems.reviews HTTP/1.1" 200 133
2025-10-30 20:48:25,245 - DEBUG - [получить_детские_сады_в_районе] - Статус ответа: 200
2025-10-30 20:48:25,246 - WARNING - [получить_детские_сады_в_районе] - На странице 5 нет данных в ожидаемом формате
2025-10-30 20:48:25,246 - INFO - [получить_детские_сады_в_районе] - Завершение сбора для района Новогиреево. Найдено детских садов: 25
2025-10-30 20:48:25,248 - INFO - [<cell line: 0>] - Район 'Новогиреево' завершен. Детских садов: 25
2025-10-30 20:48:26,250 - INFO - [<cell line: 0>] - [73/132] Обработка района: Новокосино
2025-10-30 20:48:26,251 - INFO - [получить_детские_сады_в_районе] - Начало сбора детских садов для района: Новокосино (ID: 4504209512726576)
2025-10-30 20:48:26,252 - DEBUG - [получить_детские_сады_в_районе] - Запрос страницы 1 для района Новокосино
2025-10-30 20:48:26,254 - DEBUG - [_new_conn] - Starting new HTTPS connection (1): catalog.api.2gis.com:443
2025-10-30 20:48:26,750 - DEBUG - [_make_request] - https://catalog.api.2gis.com:443 "GET /3.0/items?key=cdbda41e-e8e4-4e8d-9886-f12c075adc64&q=%D0%B4%D0%B5%D1%82%D1%81%D0%BA%D0%B8%D0%B9+%D1%81%D0%B0%D0%B4&district_id=4504209512726576&type=branch&page=1&page_size=10&fields=items.point%2Citems.name%2Citems.address_name%2Citems.reviews HTTP/1.1" 200 None
2025-10-30 20:48:26,751 - DEBUG - [получить_детские_сады_в_районе] - Статус ответа: 200
2025-10-30 20:48:26,751 - INFO - [получить_детские_сады_в_районе] - Загружено 10 детских садов со страницы 1
2025-10-30 20:48:27,252 - DEBUG - [получить_детские_сады_в_районе] - Запрос страницы 2 для района Новокосино
2025-10-30 20:48:27,253 - DEBUG - [_new_conn] - Starting new HTTPS connection (1): catalog.api.2gis.com:443
2025-10-30 20:48:27,743 - DEBUG - [_make_request] - https://catalog.api.2gis.com:443 "GET /3.0/items?key=cdbda41e-e8e4-4e8d-9886-f12c075adc64&q=%D0%B4%D0%B5%D1%82%D1%81%D0%BA%D0%B8%D0%B9+%D1%81%D0%B0%D0%B4&district_id=4504209512726576&type=branch&page=2&page_size=10&fields=items.point%2Citems.name%2Citems.address_name%2Citems.reviews HTTP/1.1" 200 None
2025-10-30 20:48:27,744 - DEBUG - [получить_детские_сады_в_районе] - Статус ответа: 200
2025-10-30 20:48:27,744 - INFO - [получить_детские_сады_в_районе] - Загружено 10 детских садов со страницы 2
2025-10-30 20:48:28,245 - DEBUG - [получить_детские_сады_в_районе] - Запрос страницы 3 для района Новокосино
2025-10-30 20:48:28,246 - DEBUG - [_new_conn] - Starting new HTTPS connection (1): catalog.api.2gis.com:443
2025-10-30 20:48:28,626 - DEBUG - [_make_request] - https://catalog.api.2gis.com:443 "GET /3.0/items?key=cdbda41e-e8e4-4e8d-9886-f12c075adc64&q=%D0%B4%D0%B5%D1%82%D1%81%D0%BA%D0%B8%D0%B9+%D1%81%D0%B0%D0%B4&district_id=4504209512726576&type=branch&page=3&page_size=10&fields=items.point%2Citems.name%2Citems.address_name%2Citems.reviews HTTP/1.1" 200 133
2025-10-30 20:48:28,627 - DEBUG - [получить_детские_сады_в_районе] - Статус ответа: 200
2025-10-30 20:48:28,627 - WARNING - [получить_детские_сады_в_районе] - На странице 3 нет данных в ожидаемом формате
2025-10-30 20:48:29,128 - DEBUG - [получить_детские_сады_в_районе] - Запрос страницы 4 для района Новокосино
2025-10-30 20:48:29,130 - DEBUG - [_new_conn] - Starting new HTTPS connection (1): catalog.api.2gis.com:443
2025-10-30 20:48:29,507 - DEBUG - [_make_request] - https://catalog.api.2gis.com:443 "GET /3.0/items?key=cdbda41e-e8e4-4e8d-9886-f12c075adc64&q=%D0%B4%D0%B5%D1%82%D1%81%D0%BA%D0%B8%D0%B9+%D1%81%D0%B0%D0%B4&district_id=4504209512726576&type=branch&page=4&page_size=10&fields=items.point%2Citems.name%2Citems.address_name%2Citems.reviews HTTP/1.1" 200 133
2025-10-30 20:48:29,508 - DEBUG - [получить_детские_сады_в_районе] - Статус ответа: 200
2025-10-30 20:48:29,509 - WARNING - [получить_детские_сады_в_районе] - На странице 4 нет данных в ожидаемом формате
2025-10-30 20:48:30,012 - DEBUG - [получить_детские_сады_в_районе] - Запрос страницы 5 для района Новокосино
2025-10-30 20:48:30,014 - DEBUG - [_new_conn] - Starting new HTTPS connection (1): catalog.api.2gis.com:443
2025-10-30 20:48:30,411 - DEBUG - [_make_request] - https://catalog.api.2gis.com:443 "GET /3.0/items?key=cdbda41e-e8e4-4e8d-9886-f12c075adc64&q=%D0%B4%D0%B5%D1%82%D1%81%D0%BA%D0%B8%D0%B9+%D1%81%D0%B0%D0%B4&district_id=4504209512726576&type=branch&page=5&page_size=10&fields=items.point%2Citems.name%2Citems.address_name%2Citems.reviews HTTP/1.1" 200 133
2025-10-30 20:48:30,412 - DEBUG - [получить_детские_сады_в_районе] - Статус ответа: 200
2025-10-30 20:48:30,412 - WARNING - [получить_детские_сады_в_районе] - На странице 5 нет данных в ожидаемом формате
2025-10-30 20:48:30,413 - INFO - [получить_детские_сады_в_районе] - Завершение сбора для района Новокосино. Найдено детских садов: 20
2025-10-30 20:48:30,415 - INFO - [<cell line: 0>] - Район 'Новокосино' завершен. Детских садов: 20
2025-10-30 20:48:31,417 - INFO - [<cell line: 0>] - [74/132] Обработка района: Ново-Переделкино
2025-10-30 20:48:31,418 - INFO - [получить_детские_сады_в_районе] - Начало сбора детских садов для района: Ново-Переделкино (ID: 4504209512726641)
2025-10-30 20:48:31,419 - DEBUG - [получить_детские_сады_в_районе] - Запрос страницы 1 для района Ново-Переделкино
2025-10-30 20:48:31,421 - DEBUG - [_new_conn] - Starting new HTTPS connection (1): catalog.api.2gis.com:443
2025-10-30 20:48:31,817 - DEBUG - [_make_request] - https://catalog.api.2gis.com:443 "GET /3.0/items?key=cdbda41e-e8e4-4e8d-9886-f12c075adc64&q=%D0%B4%D0%B5%D1%82%D1%81%D0%BA%D0%B8%D0%B9+%D1%81%D0%B0%D0%B4&district_id=4504209512726641&type=branch&page=1&page_size=10&fields=items.point%2Citems.name%2Citems.address_name%2Citems.reviews HTTP/1.1" 200 None
2025-10-30 20:48:31,818 - DEBUG - [получить_детские_сады_в_районе] - Статус ответа: 200
2025-10-30 20:48:31,818 - INFO - [получить_детские_сады_в_районе] - Загружено 10 детских садов со страницы 1
2025-10-30 20:48:32,319 - DEBUG - [получить_детские_сады_в_районе] - Запрос страницы 2 для района Ново-Переделкино
2025-10-30 20:48:32,321 - DEBUG - [_new_conn] - Starting new HTTPS connection (1): catalog.api.2gis.com:443
2025-10-30 20:48:32,716 - DEBUG - [_make_request] - https://catalog.api.2gis.com:443 "GET /3.0/items?key=cdbda41e-e8e4-4e8d-9886-f12c075adc64&q=%D0%B4%D0%B5%D1%82%D1%81%D0%BA%D0%B8%D0%B9+%D1%81%D0%B0%D0%B4&district_id=4504209512726641&type=branch&page=2&page_size=10&fields=items.point%2Citems.name%2Citems.address_name%2Citems.reviews HTTP/1.1" 200 None
2025-10-30 20:48:32,717 - DEBUG - [получить_детские_сады_в_районе] - Статус ответа: 200
2025-10-30 20:48:32,718 - INFO - [получить_детские_сады_в_районе] - Загружено 10 детских садов со страницы 2
2025-10-30 20:48:33,218 - DEBUG - [получить_детские_сады_в_районе] - Запрос страницы 3 для района Ново-Переделкино
2025-10-30 20:48:33,220 - DEBUG - [_new_conn] - Starting new HTTPS connection (1): catalog.api.2gis.com:443
2025-10-30 20:48:33,614 - DEBUG - [_make_request] - https://catalog.api.2gis.com:443 "GET /3.0/items?key=cdbda41e-e8e4-4e8d-9886-f12c075adc64&q=%D0%B4%D0%B5%D1%82%D1%81%D0%BA%D0%B8%D0%B9+%D1%81%D0%B0%D0%B4&district_id=4504209512726641&type=branch&page=3&page_size=10&fields=items.point%2Citems.name%2Citems.address_name%2Citems.reviews HTTP/1.1" 200 None
2025-10-30 20:48:33,615 - DEBUG - [получить_детские_сады_в_районе] - Статус ответа: 200
2025-10-30 20:48:33,615 - INFO - [получить_детские_сады_в_районе] - Загружено 9 детских садов со страницы 3
2025-10-30 20:48:34,116 - DEBUG - [получить_детские_сады_в_районе] - Запрос страницы 4 для района Ново-Переделкино
2025-10-30 20:48:34,117 - DEBUG - [_new_conn] - Starting new HTTPS connection (1): catalog.api.2gis.com:443
2025-10-30 20:48:34,508 - DEBUG - [_make_request] - https://catalog.api.2gis.com:443 "GET /3.0/items?key=cdbda41e-e8e4-4e8d-9886-f12c075adc64&q=%D0%B4%D0%B5%D1%82%D1%81%D0%BA%D0%B8%D0%B9+%D1%81%D0%B0%D0%B4&district_id=4504209512726641&type=branch&page=4&page_size=10&fields=items.point%2Citems.name%2Citems.address_name%2Citems.reviews HTTP/1.1" 200 133
2025-10-30 20:48:34,509 - DEBUG - [получить_детские_сады_в_районе] - Статус ответа: 200
2025-10-30 20:48:34,509 - WARNING - [получить_детские_сады_в_районе] - На странице 4 нет данных в ожидаемом формате
2025-10-30 20:48:35,010 - DEBUG - [получить_детские_сады_в_районе] - Запрос страницы 5 для района Ново-Переделкино
2025-10-30 20:48:35,011 - DEBUG - [_new_conn] - Starting new HTTPS connection (1): catalog.api.2gis.com:443
2025-10-30 20:48:35,394 - DEBUG - [_make_request] - https://catalog.api.2gis.com:443 "GET /3.0/items?key=cdbda41e-e8e4-4e8d-9886-f12c075adc64&q=%D0%B4%D0%B5%D1%82%D1%81%D0%BA%D0%B8%D0%B9+%D1%81%D0%B0%D0%B4&district_id=4504209512726641&type=branch&page=5&page_size=10&fields=items.point%2Citems.name%2Citems.address_name%2Citems.reviews HTTP/1.1" 200 133
2025-10-30 20:48:35,394 - DEBUG - [получить_детские_сады_в_районе] - Статус ответа: 200
2025-10-30 20:48:35,395 - WARNING - [получить_детские_сады_в_районе] - На странице 5 нет данных в ожидаемом формате
2025-10-30 20:48:35,395 - INFO - [получить_детские_сады_в_районе] - Завершение сбора для района Ново-Переделкино. Найдено детских садов: 29
2025-10-30 20:48:35,396 - INFO - [<cell line: 0>] - Район 'Ново-Переделкино' завершен. Детских садов: 29
2025-10-30 20:48:36,399 - INFO - [<cell line: 0>] - [75/132] Обработка района: Обручевский
2025-10-30 20:48:36,400 - INFO - [получить_детские_сады_в_районе] - Начало сбора детских садов для района: Обручевский (ID: 4504209512726622)
2025-10-30 20:48:36,401 - DEBUG - [получить_детские_сады_в_районе] - Запрос страницы 1 для района Обручевский
2025-10-30 20:48:36,403 - DEBUG - [_new_conn] - Starting new HTTPS connection (1): catalog.api.2gis.com:443
2025-10-30 20:48:36,808 - DEBUG - [_make_request] - https://catalog.api.2gis.com:443 "GET /3.0/items?key=cdbda41e-e8e4-4e8d-9886-f12c075adc64&q=%D0%B4%D0%B5%D1%82%D1%81%D0%BA%D0%B8%D0%B9+%D1%81%D0%B0%D0%B4&district_id=4504209512726622&type=branch&page=1&page_size=10&fields=items.point%2Citems.name%2Citems.address_name%2Citems.reviews HTTP/1.1" 200 None
2025-10-30 20:48:36,808 - DEBUG - [получить_детские_сады_в_районе] - Статус ответа: 200
2025-10-30 20:48:36,809 - INFO - [получить_детские_сады_в_районе] - Загружено 10 детских садов со страницы 1
2025-10-30 20:48:37,310 - DEBUG - [получить_детские_сады_в_районе] - Запрос страницы 2 для района Обручевский
2025-10-30 20:48:37,311 - DEBUG - [_new_conn] - Starting new HTTPS connection (1): catalog.api.2gis.com:443
2025-10-30 20:48:37,726 - DEBUG - [_make_request] - https://catalog.api.2gis.com:443 "GET /3.0/items?key=cdbda41e-e8e4-4e8d-9886-f12c075adc64&q=%D0%B4%D0%B5%D1%82%D1%81%D0%BA%D0%B8%D0%B9+%D1%81%D0%B0%D0%B4&district_id=4504209512726622&type=branch&page=2&page_size=10&fields=items.point%2Citems.name%2Citems.address_name%2Citems.reviews HTTP/1.1" 200 None
2025-10-30 20:48:37,727 - DEBUG - [получить_детские_сады_в_районе] - Статус ответа: 200
2025-10-30 20:48:37,727 - INFO - [получить_детские_сады_в_районе] - Загружено 10 детских садов со страницы 2
2025-10-30 20:48:38,228 - DEBUG - [получить_детские_сады_в_районе] - Запрос страницы 3 для района Обручевский
2025-10-30 20:48:38,230 - DEBUG - [_new_conn] - Starting new HTTPS connection (1): catalog.api.2gis.com:443
2025-10-30 20:48:38,631 - DEBUG - [_make_request] - https://catalog.api.2gis.com:443 "GET /3.0/items?key=cdbda41e-e8e4-4e8d-9886-f12c075adc64&q=%D0%B4%D0%B5%D1%82%D1%81%D0%BA%D0%B8%D0%B9+%D1%81%D0%B0%D0%B4&district_id=4504209512726622&type=branch&page=3&page_size=10&fields=items.point%2Citems.name%2Citems.address_name%2Citems.reviews HTTP/1.1" 200 None
2025-10-30 20:48:38,632 - DEBUG - [получить_детские_сады_в_районе] - Статус ответа: 200
2025-10-30 20:48:38,632 - INFO - [получить_детские_сады_в_районе] - Загружено 10 детских садов со страницы 3
2025-10-30 20:48:39,133 - DEBUG - [получить_детские_сады_в_районе] - Запрос страницы 4 для района Обручевский
2025-10-30 20:48:39,135 - DEBUG - [_new_conn] - Starting new HTTPS connection (1): catalog.api.2gis.com:443
2025-10-30 20:48:39,526 - DEBUG - [_make_request] - https://catalog.api.2gis.com:443 "GET /3.0/items?key=cdbda41e-e8e4-4e8d-9886-f12c075adc64&q=%D0%B4%D0%B5%D1%82%D1%81%D0%BA%D0%B8%D0%B9+%D1%81%D0%B0%D0%B4&district_id=4504209512726622&type=branch&page=4&page_size=10&fields=items.point%2Citems.name%2Citems.address_name%2Citems.reviews HTTP/1.1" 200 None
2025-10-30 20:48:39,527 - DEBUG - [получить_детские_сады_в_районе] - Статус ответа: 200
2025-10-30 20:48:39,527 - INFO - [получить_детские_сады_в_районе] - Загружено 6 детских садов со страницы 4
2025-10-30 20:48:40,028 - DEBUG - [получить_детские_сады_в_районе] - Запрос страницы 5 для района Обручевский
2025-10-30 20:48:40,029 - DEBUG - [_new_conn] - Starting new HTTPS connection (1): catalog.api.2gis.com:443
2025-10-30 20:48:40,423 - DEBUG - [_make_request] - https://catalog.api.2gis.com:443 "GET /3.0/items?key=cdbda41e-e8e4-4e8d-9886-f12c075adc64&q=%D0%B4%D0%B5%D1%82%D1%81%D0%BA%D0%B8%D0%B9+%D1%81%D0%B0%D0%B4&district_id=4504209512726622&type=branch&page=5&page_size=10&fields=items.point%2Citems.name%2Citems.address_name%2Citems.reviews HTTP/1.1" 200 133
2025-10-30 20:48:40,424 - DEBUG - [получить_детские_сады_в_районе] - Статус ответа: 200
2025-10-30 20:48:40,424 - WARNING - [получить_детские_сады_в_районе] - На странице 5 нет данных в ожидаемом формате
2025-10-30 20:48:40,425 - INFO - [получить_детские_сады_в_районе] - Завершение сбора для района Обручевский. Найдено детских садов: 36
2025-10-30 20:48:40,427 - INFO - [<cell line: 0>] - Район 'Обручевский' завершен. Детских садов: 36
2025-10-30 20:48:41,428 - INFO - [<cell line: 0>] - [76/132] Обработка района: Орехово-Борисово Северное
2025-10-30 20:48:41,431 - INFO - [получить_детские_сады_в_районе] - Начало сбора детских садов для района: Орехово-Борисово Северное (ID: 4504209512726616)
2025-10-30 20:48:41,432 - DEBUG - [получить_детские_сады_в_районе] - Запрос страницы 1 для района Орехово-Борисово Северное
2025-10-30 20:48:41,433 - DEBUG - [_new_conn] - Starting new HTTPS connection (1): catalog.api.2gis.com:443
2025-10-30 20:48:41,843 - DEBUG - [_make_request] - https://catalog.api.2gis.com:443 "GET /3.0/items?key=cdbda41e-e8e4-4e8d-9886-f12c075adc64&q=%D0%B4%D0%B5%D1%82%D1%81%D0%BA%D0%B8%D0%B9+%D1%81%D0%B0%D0%B4&district_id=4504209512726616&type=branch&page=1&page_size=10&fields=items.point%2Citems.name%2Citems.address_name%2Citems.reviews HTTP/1.1" 200 None
2025-10-30 20:48:41,844 - DEBUG - [получить_детские_сады_в_районе] - Статус ответа: 200
2025-10-30 20:48:41,845 - INFO - [получить_детские_сады_в_районе] - Загружено 10 детских садов со страницы 1
2025-10-30 20:48:42,346 - DEBUG - [получить_детские_сады_в_районе] - Запрос страницы 2 для района Орехово-Борисово Северное
2025-10-30 20:48:42,348 - DEBUG - [_new_conn] - Starting new HTTPS connection (1): catalog.api.2gis.com:443
2025-10-30 20:48:42,763 - DEBUG - [_make_request] - https://catalog.api.2gis.com:443 "GET /3.0/items?key=cdbda41e-e8e4-4e8d-9886-f12c075adc64&q=%D0%B4%D0%B5%D1%82%D1%81%D0%BA%D0%B8%D0%B9+%D1%81%D0%B0%D0%B4&district_id=4504209512726616&type=branch&page=2&page_size=10&fields=items.point%2Citems.name%2Citems.address_name%2Citems.reviews HTTP/1.1" 200 None
2025-10-30 20:48:42,765 - DEBUG - [получить_детские_сады_в_районе] - Статус ответа: 200
2025-10-30 20:48:42,765 - INFO - [получить_детские_сады_в_районе] - Загружено 10 детских садов со страницы 2
2025-10-30 20:48:43,266 - DEBUG - [получить_детские_сады_в_районе] - Запрос страницы 3 для района Орехово-Борисово Северное
2025-10-30 20:48:43,267 - DEBUG - [_new_conn] - Starting new HTTPS connection (1): catalog.api.2gis.com:443
2025-10-30 20:48:43,674 - DEBUG - [_make_request] - https://catalog.api.2gis.com:443 "GET /3.0/items?key=cdbda41e-e8e4-4e8d-9886-f12c075adc64&q=%D0%B4%D0%B5%D1%82%D1%81%D0%BA%D0%B8%D0%B9+%D1%81%D0%B0%D0%B4&district_id=4504209512726616&type=branch&page=3&page_size=10&fields=items.point%2Citems.name%2Citems.address_name%2Citems.reviews HTTP/1.1" 200 None
2025-10-30 20:48:43,675 - DEBUG - [получить_детские_сады_в_районе] - Статус ответа: 200
2025-10-30 20:48:43,675 - INFO - [получить_детские_сады_в_районе] - Загружено 5 детских садов со страницы 3
2025-10-30 20:48:44,176 - DEBUG - [получить_детские_сады_в_районе] - Запрос страницы 4 для района Орехово-Борисово Северное
2025-10-30 20:48:44,177 - DEBUG - [_new_conn] - Starting new HTTPS connection (1): catalog.api.2gis.com:443
2025-10-30 20:48:44,575 - DEBUG - [_make_request] - https://catalog.api.2gis.com:443 "GET /3.0/items?key=cdbda41e-e8e4-4e8d-9886-f12c075adc64&q=%D0%B4%D0%B5%D1%82%D1%81%D0%BA%D0%B8%D0%B9+%D1%81%D0%B0%D0%B4&district_id=4504209512726616&type=branch&page=4&page_size=10&fields=items.point%2Citems.name%2Citems.address_name%2Citems.reviews HTTP/1.1" 200 133
2025-10-30 20:48:44,576 - DEBUG - [получить_детские_сады_в_районе] - Статус ответа: 200
2025-10-30 20:48:44,576 - WARNING - [получить_детские_сады_в_районе] - На странице 4 нет данных в ожидаемом формате
2025-10-30 20:48:45,078 - DEBUG - [получить_детские_сады_в_районе] - Запрос страницы 5 для района Орехово-Борисово Северное
2025-10-30 20:48:45,079 - DEBUG - [_new_conn] - Starting new HTTPS connection (1): catalog.api.2gis.com:443
2025-10-30 20:48:45,456 - DEBUG - [_make_request] - https://catalog.api.2gis.com:443 "GET /3.0/items?key=cdbda41e-e8e4-4e8d-9886-f12c075adc64&q=%D0%B4%D0%B5%D1%82%D1%81%D0%BA%D0%B8%D0%B9+%D1%81%D0%B0%D0%B4&district_id=4504209512726616&type=branch&page=5&page_size=10&fields=items.point%2Citems.name%2Citems.address_name%2Citems.reviews HTTP/1.1" 200 133
2025-10-30 20:48:45,457 - DEBUG - [получить_детские_сады_в_районе] - Статус ответа: 200
2025-10-30 20:48:45,457 - WARNING - [получить_детские_сады_в_районе] - На странице 5 нет данных в ожидаемом формате
2025-10-30 20:48:45,458 - INFO - [получить_детские_сады_в_районе] - Завершение сбора для района Орехово-Борисово Северное. Найдено детских садов: 25
2025-10-30 20:48:45,460 - INFO - [<cell line: 0>] - Район 'Орехово-Борисово Северное' завершен. Детских садов: 25
2025-10-30 20:48:46,461 - INFO - [<cell line: 0>] - [77/132] Обработка района: Орехово-Борисово Южное
2025-10-30 20:48:46,462 - INFO - [получить_детские_сады_в_районе] - Начало сбора детских садов для района: Орехово-Борисово Южное (ID: 4504209512726610)
2025-10-30 20:48:46,463 - DEBUG - [получить_детские_сады_в_районе] - Запрос страницы 1 для района Орехово-Борисово Южное
2025-10-30 20:48:46,465 - DEBUG - [_new_conn] - Starting new HTTPS connection (1): catalog.api.2gis.com:443
2025-10-30 20:48:46,882 - DEBUG - [_make_request] - https://catalog.api.2gis.com:443 "GET /3.0/items?key=cdbda41e-e8e4-4e8d-9886-f12c075adc64&q=%D0%B4%D0%B5%D1%82%D1%81%D0%BA%D0%B8%D0%B9+%D1%81%D0%B0%D0%B4&district_id=4504209512726610&type=branch&page=1&page_size=10&fields=items.point%2Citems.name%2Citems.address_name%2Citems.reviews HTTP/1.1" 200 None
2025-10-30 20:48:46,883 - DEBUG - [получить_детские_сады_в_районе] - Статус ответа: 200
2025-10-30 20:48:46,883 - INFO - [получить_детские_сады_в_районе] - Загружено 10 детских садов со страницы 1
2025-10-30 20:48:47,384 - DEBUG - [получить_детские_сады_в_районе] - Запрос страницы 2 для района Орехово-Борисово Южное
2025-10-30 20:48:47,385 - DEBUG - [_new_conn] - Starting new HTTPS connection (1): catalog.api.2gis.com:443
2025-10-30 20:48:47,777 - DEBUG - [_make_request] - https://catalog.api.2gis.com:443 "GET /3.0/items?key=cdbda41e-e8e4-4e8d-9886-f12c075adc64&q=%D0%B4%D0%B5%D1%82%D1%81%D0%BA%D0%B8%D0%B9+%D1%81%D0%B0%D0%B4&district_id=4504209512726610&type=branch&page=2&page_size=10&fields=items.point%2Citems.name%2Citems.address_name%2Citems.reviews HTTP/1.1" 200 None
2025-10-30 20:48:47,778 - DEBUG - [получить_детские_сады_в_районе] - Статус ответа: 200
2025-10-30 20:48:47,779 - INFO - [получить_детские_сады_в_районе] - Загружено 10 детских садов со страницы 2
2025-10-30 20:48:48,280 - DEBUG - [получить_детские_сады_в_районе] - Запрос страницы 3 для района Орехово-Борисово Южное
2025-10-30 20:48:48,281 - DEBUG - [_new_conn] - Starting new HTTPS connection (1): catalog.api.2gis.com:443
2025-10-30 20:48:48,678 - DEBUG - [_make_request] - https://catalog.api.2gis.com:443 "GET /3.0/items?key=cdbda41e-e8e4-4e8d-9886-f12c075adc64&q=%D0%B4%D0%B5%D1%82%D1%81%D0%BA%D0%B8%D0%B9+%D1%81%D0%B0%D0%B4&district_id=4504209512726610&type=branch&page=3&page_size=10&fields=items.point%2Citems.name%2Citems.address_name%2Citems.reviews HTTP/1.1" 200 None
2025-10-30 20:48:48,679 - DEBUG - [получить_детские_сады_в_районе] - Статус ответа: 200
2025-10-30 20:48:48,679 - INFO - [получить_детские_сады_в_районе] - Загружено 10 детских садов со страницы 3
2025-10-30 20:48:49,180 - DEBUG - [получить_детские_сады_в_районе] - Запрос страницы 4 для района Орехово-Борисово Южное
2025-10-30 20:48:49,182 - DEBUG - [_new_conn] - Starting new HTTPS connection (1): catalog.api.2gis.com:443
2025-10-30 20:48:49,595 - DEBUG - [_make_request] - https://catalog.api.2gis.com:443 "GET /3.0/items?key=cdbda41e-e8e4-4e8d-9886-f12c075adc64&q=%D0%B4%D0%B5%D1%82%D1%81%D0%BA%D0%B8%D0%B9+%D1%81%D0%B0%D0%B4&district_id=4504209512726610&type=branch&page=4&page_size=10&fields=items.point%2Citems.name%2Citems.address_name%2Citems.reviews HTTP/1.1" 200 None
2025-10-30 20:48:49,596 - DEBUG - [получить_детские_сады_в_районе] - Статус ответа: 200
2025-10-30 20:48:49,597 - INFO - [получить_детские_сады_в_районе] - Загружено 5 детских садов со страницы 4
2025-10-30 20:48:50,098 - DEBUG - [получить_детские_сады_в_районе] - Запрос страницы 5 для района Орехово-Борисово Южное
2025-10-30 20:48:50,099 - DEBUG - [_new_conn] - Starting new HTTPS connection (1): catalog.api.2gis.com:443
2025-10-30 20:48:50,479 - DEBUG - [_make_request] - https://catalog.api.2gis.com:443 "GET /3.0/items?key=cdbda41e-e8e4-4e8d-9886-f12c075adc64&q=%D0%B4%D0%B5%D1%82%D1%81%D0%BA%D0%B8%D0%B9+%D1%81%D0%B0%D0%B4&district_id=4504209512726610&type=branch&page=5&page_size=10&fields=items.point%2Citems.name%2Citems.address_name%2Citems.reviews HTTP/1.1" 200 133
2025-10-30 20:48:50,480 - DEBUG - [получить_детские_сады_в_районе] - Статус ответа: 200
2025-10-30 20:48:50,480 - WARNING - [получить_детские_сады_в_районе] - На странице 5 нет данных в ожидаемом формате
2025-10-30 20:48:50,480 - INFO - [получить_детские_сады_в_районе] - Завершение сбора для района Орехово-Борисово Южное. Найдено детских садов: 35
2025-10-30 20:48:50,482 - INFO - [<cell line: 0>] - Район 'Орехово-Борисово Южное' завершен. Детских садов: 35
2025-10-30 20:48:51,484 - INFO - [<cell line: 0>] - [78/132] Обработка района: Останкинский
2025-10-30 20:48:51,485 - INFO - [получить_детские_сады_в_районе] - Начало сбора детских садов для района: Останкинский (ID: 4504209512726572)
2025-10-30 20:48:51,486 - DEBUG - [получить_детские_сады_в_районе] - Запрос страницы 1 для района Останкинский
2025-10-30 20:48:51,489 - DEBUG - [_new_conn] - Starting new HTTPS connection (1): catalog.api.2gis.com:443
2025-10-30 20:48:51,886 - DEBUG - [_make_request] - https://catalog.api.2gis.com:443 "GET /3.0/items?key=cdbda41e-e8e4-4e8d-9886-f12c075adc64&q=%D0%B4%D0%B5%D1%82%D1%81%D0%BA%D0%B8%D0%B9+%D1%81%D0%B0%D0%B4&district_id=4504209512726572&type=branch&page=1&page_size=10&fields=items.point%2Citems.name%2Citems.address_name%2Citems.reviews HTTP/1.1" 200 None
2025-10-30 20:48:51,887 - DEBUG - [получить_детские_сады_в_районе] - Статус ответа: 200
2025-10-30 20:48:51,887 - INFO - [получить_детские_сады_в_районе] - Загружено 10 детских садов со страницы 1
2025-10-30 20:48:52,388 - DEBUG - [получить_детские_сады_в_районе] - Запрос страницы 2 для района Останкинский
2025-10-30 20:48:52,389 - DEBUG - [_new_conn] - Starting new HTTPS connection (1): catalog.api.2gis.com:443
2025-10-30 20:48:52,799 - DEBUG - [_make_request] - https://catalog.api.2gis.com:443 "GET /3.0/items?key=cdbda41e-e8e4-4e8d-9886-f12c075adc64&q=%D0%B4%D0%B5%D1%82%D1%81%D0%BA%D0%B8%D0%B9+%D1%81%D0%B0%D0%B4&district_id=4504209512726572&type=branch&page=2&page_size=10&fields=items.point%2Citems.name%2Citems.address_name%2Citems.reviews HTTP/1.1" 200 None
2025-10-30 20:48:52,800 - DEBUG - [получить_детские_сады_в_районе] - Статус ответа: 200
2025-10-30 20:48:52,800 - INFO - [получить_детские_сады_в_районе] - Загружено 10 детских садов со страницы 2
2025-10-30 20:48:53,302 - DEBUG - [получить_детские_сады_в_районе] - Запрос страницы 3 для района Останкинский
2025-10-30 20:48:53,304 - DEBUG - [_new_conn] - Starting new HTTPS connection (1): catalog.api.2gis.com:443
2025-10-30 20:48:53,705 - DEBUG - [_make_request] - https://catalog.api.2gis.com:443 "GET /3.0/items?key=cdbda41e-e8e4-4e8d-9886-f12c075adc64&q=%D0%B4%D0%B5%D1%82%D1%81%D0%BA%D0%B8%D0%B9+%D1%81%D0%B0%D0%B4&district_id=4504209512726572&type=branch&page=3&page_size=10&fields=items.point%2Citems.name%2Citems.address_name%2Citems.reviews HTTP/1.1" 200 None
2025-10-30 20:48:53,707 - DEBUG - [получить_детские_сады_в_районе] - Статус ответа: 200
2025-10-30 20:48:53,707 - INFO - [получить_детские_сады_в_районе] - Загружено 10 детских садов со страницы 3
2025-10-30 20:48:54,208 - DEBUG - [получить_детские_сады_в_районе] - Запрос страницы 4 для района Останкинский
2025-10-30 20:48:54,210 - DEBUG - [_new_conn] - Starting new HTTPS connection (1): catalog.api.2gis.com:443
2025-10-30 20:48:54,603 - DEBUG - [_make_request] - https://catalog.api.2gis.com:443 "GET /3.0/items?key=cdbda41e-e8e4-4e8d-9886-f12c075adc64&q=%D0%B4%D0%B5%D1%82%D1%81%D0%BA%D0%B8%D0%B9+%D1%81%D0%B0%D0%B4&district_id=4504209512726572&type=branch&page=4&page_size=10&fields=items.point%2Citems.name%2Citems.address_name%2Citems.reviews HTTP/1.1" 200 None
2025-10-30 20:48:54,604 - DEBUG - [получить_детские_сады_в_районе] - Статус ответа: 200
2025-10-30 20:48:54,604 - INFO - [получить_детские_сады_в_районе] - Загружено 1 детских садов со страницы 4
2025-10-30 20:48:55,107 - DEBUG - [получить_детские_сады_в_районе] - Запрос страницы 5 для района Останкинский
2025-10-30 20:48:55,108 - DEBUG - [_new_conn] - Starting new HTTPS connection (1): catalog.api.2gis.com:443
2025-10-30 20:48:55,490 - DEBUG - [_make_request] - https://catalog.api.2gis.com:443 "GET /3.0/items?key=cdbda41e-e8e4-4e8d-9886-f12c075adc64&q=%D0%B4%D0%B5%D1%82%D1%81%D0%BA%D0%B8%D0%B9+%D1%81%D0%B0%D0%B4&district_id=4504209512726572&type=branch&page=5&page_size=10&fields=items.point%2Citems.name%2Citems.address_name%2Citems.reviews HTTP/1.1" 200 133
2025-10-30 20:48:55,491 - DEBUG - [получить_детские_сады_в_районе] - Статус ответа: 200
2025-10-30 20:48:55,491 - WARNING - [получить_детские_сады_в_районе] - На странице 5 нет данных в ожидаемом формате
2025-10-30 20:48:55,492 - INFO - [получить_детские_сады_в_районе] - Завершение сбора для района Останкинский. Найдено детских садов: 31
2025-10-30 20:48:55,494 - INFO - [<cell line: 0>] - Район 'Останкинский' завершен. Детских садов: 31
2025-10-30 20:48:56,495 - INFO - [<cell line: 0>] - [79/132] Обработка района: Отрадное
2025-10-30 20:48:56,496 - INFO - [получить_детские_сады_в_районе] - Начало сбора детских садов для района: Отрадное (ID: 4504209512726569)
2025-10-30 20:48:56,498 - DEBUG - [получить_детские_сады_в_районе] - Запрос страницы 1 для района Отрадное
2025-10-30 20:48:56,500 - DEBUG - [_new_conn] - Starting new HTTPS connection (1): catalog.api.2gis.com:443
2025-10-30 20:48:56,987 - DEBUG - [_make_request] - https://catalog.api.2gis.com:443 "GET /3.0/items?key=cdbda41e-e8e4-4e8d-9886-f12c075adc64&q=%D0%B4%D0%B5%D1%82%D1%81%D0%BA%D0%B8%D0%B9+%D1%81%D0%B0%D0%B4&district_id=4504209512726569&type=branch&page=1&page_size=10&fields=items.point%2Citems.name%2Citems.address_name%2Citems.reviews HTTP/1.1" 200 None
2025-10-30 20:48:56,988 - DEBUG - [получить_детские_сады_в_районе] - Статус ответа: 200
2025-10-30 20:48:56,988 - INFO - [получить_детские_сады_в_районе] - Загружено 10 детских садов со страницы 1
2025-10-30 20:48:57,489 - DEBUG - [получить_детские_сады_в_районе] - Запрос страницы 2 для района Отрадное
2025-10-30 20:48:57,490 - DEBUG - [_new_conn] - Starting new HTTPS connection (1): catalog.api.2gis.com:443
2025-10-30 20:48:57,969 - DEBUG - [_make_request] - https://catalog.api.2gis.com:443 "GET /3.0/items?key=cdbda41e-e8e4-4e8d-9886-f12c075adc64&q=%D0%B4%D0%B5%D1%82%D1%81%D0%BA%D0%B8%D0%B9+%D1%81%D0%B0%D0%B4&district_id=4504209512726569&type=branch&page=2&page_size=10&fields=items.point%2Citems.name%2Citems.address_name%2Citems.reviews HTTP/1.1" 200 None
2025-10-30 20:48:57,970 - DEBUG - [получить_детские_сады_в_районе] - Статус ответа: 200
2025-10-30 20:48:57,970 - INFO - [получить_детские_сады_в_районе] - Загружено 10 детских садов со страницы 2
2025-10-30 20:48:58,471 - DEBUG - [получить_детские_сады_в_районе] - Запрос страницы 3 для района Отрадное
2025-10-30 20:48:58,472 - DEBUG - [_new_conn] - Starting new HTTPS connection (1): catalog.api.2gis.com:443
2025-10-30 20:48:58,864 - DEBUG - [_make_request] - https://catalog.api.2gis.com:443 "GET /3.0/items?key=cdbda41e-e8e4-4e8d-9886-f12c075adc64&q=%D0%B4%D0%B5%D1%82%D1%81%D0%BA%D0%B8%D0%B9+%D1%81%D0%B0%D0%B4&district_id=4504209512726569&type=branch&page=3&page_size=10&fields=items.point%2Citems.name%2Citems.address_name%2Citems.reviews HTTP/1.1" 200 None
2025-10-30 20:48:58,865 - DEBUG - [получить_детские_сады_в_районе] - Статус ответа: 200
2025-10-30 20:48:58,865 - INFO - [получить_детские_сады_в_районе] - Загружено 10 детских садов со страницы 3
2025-10-30 20:48:59,366 - DEBUG - [получить_детские_сады_в_районе] - Запрос страницы 4 для района Отрадное
2025-10-30 20:48:59,368 - DEBUG - [_new_conn] - Starting new HTTPS connection (1): catalog.api.2gis.com:443
2025-10-30 20:48:59,788 - DEBUG - [_make_request] - https://catalog.api.2gis.com:443 "GET /3.0/items?key=cdbda41e-e8e4-4e8d-9886-f12c075adc64&q=%D0%B4%D0%B5%D1%82%D1%81%D0%BA%D0%B8%D0%B9+%D1%81%D0%B0%D0%B4&district_id=4504209512726569&type=branch&page=4&page_size=10&fields=items.point%2Citems.name%2Citems.address_name%2Citems.reviews HTTP/1.1" 200 None
2025-10-30 20:48:59,789 - DEBUG - [получить_детские_сады_в_районе] - Статус ответа: 200
2025-10-30 20:48:59,790 - INFO - [получить_детские_сады_в_районе] - Загружено 10 детских садов со страницы 4
2025-10-30 20:49:00,291 - DEBUG - [получить_детские_сады_в_районе] - Запрос страницы 5 для района Отрадное
2025-10-30 20:49:00,292 - DEBUG - [_new_conn] - Starting new HTTPS connection (1): catalog.api.2gis.com:443
2025-10-30 20:49:00,704 - DEBUG - [_make_request] - https://catalog.api.2gis.com:443 "GET /3.0/items?key=cdbda41e-e8e4-4e8d-9886-f12c075adc64&q=%D0%B4%D0%B5%D1%82%D1%81%D0%BA%D0%B8%D0%B9+%D1%81%D0%B0%D0%B4&district_id=4504209512726569&type=branch&page=5&page_size=10&fields=items.point%2Citems.name%2Citems.address_name%2Citems.reviews HTTP/1.1" 200 None
2025-10-30 20:49:00,705 - DEBUG - [получить_детские_сады_в_районе] - Статус ответа: 200
2025-10-30 20:49:00,705 - INFO - [получить_детские_сады_в_районе] - Загружено 3 детских садов со страницы 5
2025-10-30 20:49:00,706 - INFO - [получить_детские_сады_в_районе] - Завершение сбора для района Отрадное. Найдено детских садов: 43
2025-10-30 20:49:00,708 - INFO - [<cell line: 0>] - Район 'Отрадное' завершен. Детских садов: 43
2025-10-30 20:49:01,709 - INFO - [<cell line: 0>] - [80/132] Обработка района: Очаково-Матвеевское
2025-10-30 20:49:01,710 - INFO - [получить_детские_сады_в_районе] - Начало сбора детских садов для района: Очаково-Матвеевское (ID: 4504209512726632)
2025-10-30 20:49:01,711 - DEBUG - [получить_детские_сады_в_районе] - Запрос страницы 1 для района Очаково-Матвеевское
2025-10-30 20:49:01,713 - DEBUG - [_new_conn] - Starting new HTTPS connection (1): catalog.api.2gis.com:443
2025-10-30 20:49:02,120 - DEBUG - [_make_request] - https://catalog.api.2gis.com:443 "GET /3.0/items?key=cdbda41e-e8e4-4e8d-9886-f12c075adc64&q=%D0%B4%D0%B5%D1%82%D1%81%D0%BA%D0%B8%D0%B9+%D1%81%D0%B0%D0%B4&district_id=4504209512726632&type=branch&page=1&page_size=10&fields=items.point%2Citems.name%2Citems.address_name%2Citems.reviews HTTP/1.1" 200 None
2025-10-30 20:49:02,121 - DEBUG - [получить_детские_сады_в_районе] - Статус ответа: 200
2025-10-30 20:49:02,121 - INFO - [получить_детские_сады_в_районе] - Загружено 10 детских садов со страницы 1
2025-10-30 20:49:02,622 - DEBUG - [получить_детские_сады_в_районе] - Запрос страницы 2 для района Очаково-Матвеевское
2025-10-30 20:49:02,623 - DEBUG - [_new_conn] - Starting new HTTPS connection (1): catalog.api.2gis.com:443
2025-10-30 20:49:03,015 - DEBUG - [_make_request] - https://catalog.api.2gis.com:443 "GET /3.0/items?key=cdbda41e-e8e4-4e8d-9886-f12c075adc64&q=%D0%B4%D0%B5%D1%82%D1%81%D0%BA%D0%B8%D0%B9+%D1%81%D0%B0%D0%B4&district_id=4504209512726632&type=branch&page=2&page_size=10&fields=items.point%2Citems.name%2Citems.address_name%2Citems.reviews HTTP/1.1" 200 None
2025-10-30 20:49:03,016 - DEBUG - [получить_детские_сады_в_районе] - Статус ответа: 200
2025-10-30 20:49:03,016 - INFO - [получить_детские_сады_в_районе] - Загружено 10 детских садов со страницы 2
2025-10-30 20:49:03,517 - DEBUG - [получить_детские_сады_в_районе] - Запрос страницы 3 для района Очаково-Матвеевское
2025-10-30 20:49:03,519 - DEBUG - [_new_conn] - Starting new HTTPS connection (1): catalog.api.2gis.com:443
2025-10-30 20:49:03,919 - DEBUG - [_make_request] - https://catalog.api.2gis.com:443 "GET /3.0/items?key=cdbda41e-e8e4-4e8d-9886-f12c075adc64&q=%D0%B4%D0%B5%D1%82%D1%81%D0%BA%D0%B8%D0%B9+%D1%81%D0%B0%D0%B4&district_id=4504209512726632&type=branch&page=3&page_size=10&fields=items.point%2Citems.name%2Citems.address_name%2Citems.reviews HTTP/1.1" 200 None
2025-10-30 20:49:03,920 - DEBUG - [получить_детские_сады_в_районе] - Статус ответа: 200
2025-10-30 20:49:03,921 - INFO - [получить_детские_сады_в_районе] - Загружено 10 детских садов со страницы 3
2025-10-30 20:49:04,422 - DEBUG - [получить_детские_сады_в_районе] - Запрос страницы 4 для района Очаково-Матвеевское
2025-10-30 20:49:04,423 - DEBUG - [_new_conn] - Starting new HTTPS connection (1): catalog.api.2gis.com:443
2025-10-30 20:49:04,829 - DEBUG - [_make_request] - https://catalog.api.2gis.com:443 "GET /3.0/items?key=cdbda41e-e8e4-4e8d-9886-f12c075adc64&q=%D0%B4%D0%B5%D1%82%D1%81%D0%BA%D0%B8%D0%B9+%D1%81%D0%B0%D0%B4&district_id=4504209512726632&type=branch&page=4&page_size=10&fields=items.point%2Citems.name%2Citems.address_name%2Citems.reviews HTTP/1.1" 200 None
2025-10-30 20:49:04,830 - DEBUG - [получить_детские_сады_в_районе] - Статус ответа: 200
2025-10-30 20:49:04,830 - INFO - [получить_детские_сады_в_районе] - Загружено 9 детских садов со страницы 4
2025-10-30 20:49:05,331 - DEBUG - [получить_детские_сады_в_районе] - Запрос страницы 5 для района Очаково-Матвеевское
2025-10-30 20:49:05,333 - DEBUG - [_new_conn] - Starting new HTTPS connection (1): catalog.api.2gis.com:443
2025-10-30 20:49:05,735 - DEBUG - [_make_request] - https://catalog.api.2gis.com:443 "GET /3.0/items?key=cdbda41e-e8e4-4e8d-9886-f12c075adc64&q=%D0%B4%D0%B5%D1%82%D1%81%D0%BA%D0%B8%D0%B9+%D1%81%D0%B0%D0%B4&district_id=4504209512726632&type=branch&page=5&page_size=10&fields=items.point%2Citems.name%2Citems.address_name%2Citems.reviews HTTP/1.1" 200 133
2025-10-30 20:49:05,736 - DEBUG - [получить_детские_сады_в_районе] - Статус ответа: 200
2025-10-30 20:49:05,737 - WARNING - [получить_детские_сады_в_районе] - На странице 5 нет данных в ожидаемом формате
2025-10-30 20:49:05,737 - INFO - [получить_детские_сады_в_районе] - Завершение сбора для района Очаково-Матвеевское. Найдено детских садов: 39
2025-10-30 20:49:05,739 - INFO - [<cell line: 0>] - Район 'Очаково-Матвеевское' завершен. Детских садов: 39
2025-10-30 20:49:06,740 - INFO - [<cell line: 0>] - [81/132] Обработка района: Перово
2025-10-30 20:49:06,742 - INFO - [получить_детские_сады_в_районе] - Начало сбора детских садов для района: Перово (ID: 4504209512726581)
2025-10-30 20:49:06,743 - DEBUG - [получить_детские_сады_в_районе] - Запрос страницы 1 для района Перово
2025-10-30 20:49:06,746 - DEBUG - [_new_conn] - Starting new HTTPS connection (1): catalog.api.2gis.com:443
2025-10-30 20:49:07,154 - DEBUG - [_make_request] - https://catalog.api.2gis.com:443 "GET /3.0/items?key=cdbda41e-e8e4-4e8d-9886-f12c075adc64&q=%D0%B4%D0%B5%D1%82%D1%81%D0%BA%D0%B8%D0%B9+%D1%81%D0%B0%D0%B4&district_id=4504209512726581&type=branch&page=1&page_size=10&fields=items.point%2Citems.name%2Citems.address_name%2Citems.reviews HTTP/1.1" 200 None
2025-10-30 20:49:07,155 - DEBUG - [получить_детские_сады_в_районе] - Статус ответа: 200
2025-10-30 20:49:07,155 - INFO - [получить_детские_сады_в_районе] - Загружено 10 детских садов со страницы 1
2025-10-30 20:49:07,656 - DEBUG - [получить_детские_сады_в_районе] - Запрос страницы 2 для района Перово
2025-10-30 20:49:07,657 - DEBUG - [_new_conn] - Starting new HTTPS connection (1): catalog.api.2gis.com:443
2025-10-30 20:49:08,061 - DEBUG - [_make_request] - https://catalog.api.2gis.com:443 "GET /3.0/items?key=cdbda41e-e8e4-4e8d-9886-f12c075adc64&q=%D0%B4%D0%B5%D1%82%D1%81%D0%BA%D0%B8%D0%B9+%D1%81%D0%B0%D0%B4&district_id=4504209512726581&type=branch&page=2&page_size=10&fields=items.point%2Citems.name%2Citems.address_name%2Citems.reviews HTTP/1.1" 200 None
2025-10-30 20:49:08,062 - DEBUG - [получить_детские_сады_в_районе] - Статус ответа: 200
2025-10-30 20:49:08,062 - INFO - [получить_детские_сады_в_районе] - Загружено 10 детских садов со страницы 2
2025-10-30 20:49:08,563 - DEBUG - [получить_детские_сады_в_районе] - Запрос страницы 3 для района Перово
2025-10-30 20:49:08,564 - DEBUG - [_new_conn] - Starting new HTTPS connection (1): catalog.api.2gis.com:443
2025-10-30 20:49:08,958 - DEBUG - [_make_request] - https://catalog.api.2gis.com:443 "GET /3.0/items?key=cdbda41e-e8e4-4e8d-9886-f12c075adc64&q=%D0%B4%D0%B5%D1%82%D1%81%D0%BA%D0%B8%D0%B9+%D1%81%D0%B0%D0%B4&district_id=4504209512726581&type=branch&page=3&page_size=10&fields=items.point%2Citems.name%2Citems.address_name%2Citems.reviews HTTP/1.1" 200 None
2025-10-30 20:49:08,959 - DEBUG - [получить_детские_сады_в_районе] - Статус ответа: 200
2025-10-30 20:49:08,959 - INFO - [получить_детские_сады_в_районе] - Загружено 6 детских садов со страницы 3
2025-10-30 20:49:09,460 - DEBUG - [получить_детские_сады_в_районе] - Запрос страницы 4 для района Перово
2025-10-30 20:49:09,461 - DEBUG - [_new_conn] - Starting new HTTPS connection (1): catalog.api.2gis.com:443
2025-10-30 20:49:09,839 - DEBUG - [_make_request] - https://catalog.api.2gis.com:443 "GET /3.0/items?key=cdbda41e-e8e4-4e8d-9886-f12c075adc64&q=%D0%B4%D0%B5%D1%82%D1%81%D0%BA%D0%B8%D0%B9+%D1%81%D0%B0%D0%B4&district_id=4504209512726581&type=branch&page=4&page_size=10&fields=items.point%2Citems.name%2Citems.address_name%2Citems.reviews HTTP/1.1" 200 133
2025-10-30 20:49:09,840 - DEBUG - [получить_детские_сады_в_районе] - Статус ответа: 200
2025-10-30 20:49:09,840 - WARNING - [получить_детские_сады_в_районе] - На странице 4 нет данных в ожидаемом формате
2025-10-30 20:49:10,341 - DEBUG - [получить_детские_сады_в_районе] - Запрос страницы 5 для района Перово
2025-10-30 20:49:10,342 - DEBUG - [_new_conn] - Starting new HTTPS connection (1): catalog.api.2gis.com:443
2025-10-30 20:49:10,753 - DEBUG - [_make_request] - https://catalog.api.2gis.com:443 "GET /3.0/items?key=cdbda41e-e8e4-4e8d-9886-f12c075adc64&q=%D0%B4%D0%B5%D1%82%D1%81%D0%BA%D0%B8%D0%B9+%D1%81%D0%B0%D0%B4&district_id=4504209512726581&type=branch&page=5&page_size=10&fields=items.point%2Citems.name%2Citems.address_name%2Citems.reviews HTTP/1.1" 200 133
2025-10-30 20:49:10,754 - DEBUG - [получить_детские_сады_в_районе] - Статус ответа: 200
2025-10-30 20:49:10,754 - WARNING - [получить_детские_сады_в_районе] - На странице 5 нет данных в ожидаемом формате
2025-10-30 20:49:10,755 - INFO - [получить_детские_сады_в_районе] - Завершение сбора для района Перово. Найдено детских садов: 26
2025-10-30 20:49:10,757 - INFO - [<cell line: 0>] - Район 'Перово' завершен. Детских садов: 26
2025-10-30 20:49:11,759 - INFO - [<cell line: 0>] - [82/132] Обработка района: Печатники
2025-10-30 20:49:11,760 - INFO - [получить_детские_сады_в_районе] - Начало сбора детских садов для района: Печатники (ID: 4504209512726593)
2025-10-30 20:49:11,762 - DEBUG - [получить_детские_сады_в_районе] - Запрос страницы 1 для района Печатники
2025-10-30 20:49:11,764 - DEBUG - [_new_conn] - Starting new HTTPS connection (1): catalog.api.2gis.com:443
2025-10-30 20:49:12,184 - DEBUG - [_make_request] - https://catalog.api.2gis.com:443 "GET /3.0/items?key=cdbda41e-e8e4-4e8d-9886-f12c075adc64&q=%D0%B4%D0%B5%D1%82%D1%81%D0%BA%D0%B8%D0%B9+%D1%81%D0%B0%D0%B4&district_id=4504209512726593&type=branch&page=1&page_size=10&fields=items.point%2Citems.name%2Citems.address_name%2Citems.reviews HTTP/1.1" 200 None
2025-10-30 20:49:12,185 - DEBUG - [получить_детские_сады_в_районе] - Статус ответа: 200
2025-10-30 20:49:12,185 - INFO - [получить_детские_сады_в_районе] - Загружено 10 детских садов со страницы 1
2025-10-30 20:49:12,686 - DEBUG - [получить_детские_сады_в_районе] - Запрос страницы 2 для района Печатники
2025-10-30 20:49:12,687 - DEBUG - [_new_conn] - Starting new HTTPS connection (1): catalog.api.2gis.com:443
2025-10-30 20:49:13,088 - DEBUG - [_make_request] - https://catalog.api.2gis.com:443 "GET /3.0/items?key=cdbda41e-e8e4-4e8d-9886-f12c075adc64&q=%D0%B4%D0%B5%D1%82%D1%81%D0%BA%D0%B8%D0%B9+%D1%81%D0%B0%D0%B4&district_id=4504209512726593&type=branch&page=2&page_size=10&fields=items.point%2Citems.name%2Citems.address_name%2Citems.reviews HTTP/1.1" 200 None
2025-10-30 20:49:13,089 - DEBUG - [получить_детские_сады_в_районе] - Статус ответа: 200
2025-10-30 20:49:13,090 - INFO - [получить_детские_сады_в_районе] - Загружено 10 детских садов со страницы 2
2025-10-30 20:49:13,591 - DEBUG - [получить_детские_сады_в_районе] - Запрос страницы 3 для района Печатники
2025-10-30 20:49:13,592 - DEBUG - [_new_conn] - Starting new HTTPS connection (1): catalog.api.2gis.com:443
2025-10-30 20:49:13,985 - DEBUG - [_make_request] - https://catalog.api.2gis.com:443 "GET /3.0/items?key=cdbda41e-e8e4-4e8d-9886-f12c075adc64&q=%D0%B4%D0%B5%D1%82%D1%81%D0%BA%D0%B8%D0%B9+%D1%81%D0%B0%D0%B4&district_id=4504209512726593&type=branch&page=3&page_size=10&fields=items.point%2Citems.name%2Citems.address_name%2Citems.reviews HTTP/1.1" 200 None
2025-10-30 20:49:13,986 - DEBUG - [получить_детские_сады_в_районе] - Статус ответа: 200
2025-10-30 20:49:13,986 - INFO - [получить_детские_сады_в_районе] - Загружено 3 детских садов со страницы 3
2025-10-30 20:49:14,487 - DEBUG - [получить_детские_сады_в_районе] - Запрос страницы 4 для района Печатники
2025-10-30 20:49:14,488 - DEBUG - [_new_conn] - Starting new HTTPS connection (1): catalog.api.2gis.com:443
2025-10-30 20:49:15,052 - DEBUG - [_make_request] - https://catalog.api.2gis.com:443 "GET /3.0/items?key=cdbda41e-e8e4-4e8d-9886-f12c075adc64&q=%D0%B4%D0%B5%D1%82%D1%81%D0%BA%D0%B8%D0%B9+%D1%81%D0%B0%D0%B4&district_id=4504209512726593&type=branch&page=4&page_size=10&fields=items.point%2Citems.name%2Citems.address_name%2Citems.reviews HTTP/1.1" 200 133
2025-10-30 20:49:15,053 - DEBUG - [получить_детские_сады_в_районе] - Статус ответа: 200
2025-10-30 20:49:15,053 - WARNING - [получить_детские_сады_в_районе] - На странице 4 нет данных в ожидаемом формате
2025-10-30 20:49:15,554 - DEBUG - [получить_детские_сады_в_районе] - Запрос страницы 5 для района Печатники
2025-10-30 20:49:15,555 - DEBUG - [_new_conn] - Starting new HTTPS connection (1): catalog.api.2gis.com:443
2025-10-30 20:49:16,010 - DEBUG - [_make_request] - https://catalog.api.2gis.com:443 "GET /3.0/items?key=cdbda41e-e8e4-4e8d-9886-f12c075adc64&q=%D0%B4%D0%B5%D1%82%D1%81%D0%BA%D0%B8%D0%B9+%D1%81%D0%B0%D0%B4&district_id=4504209512726593&type=branch&page=5&page_size=10&fields=items.point%2Citems.name%2Citems.address_name%2Citems.reviews HTTP/1.1" 200 133
2025-10-30 20:49:16,011 - DEBUG - [получить_детские_сады_в_районе] - Статус ответа: 200
2025-10-30 20:49:16,011 - WARNING - [получить_детские_сады_в_районе] - На странице 5 нет данных в ожидаемом формате
2025-10-30 20:49:16,012 - INFO - [получить_детские_сады_в_районе] - Завершение сбора для района Печатники. Найдено детских садов: 23
2025-10-30 20:49:16,015 - INFO - [<cell line: 0>] - Район 'Печатники' завершен. Детских садов: 23
2025-10-30 20:49:17,016 - INFO - [<cell line: 0>] - [83/132] Обработка района: Покровское-Стрешнево
2025-10-30 20:49:17,017 - INFO - [получить_детские_сады_в_районе] - Начало сбора детских садов для района: Покровское-Стрешнево (ID: 4504209512726650)
2025-10-30 20:49:17,019 - DEBUG - [получить_детские_сады_в_районе] - Запрос страницы 1 для района Покровское-Стрешнево
2025-10-30 20:49:17,020 - DEBUG - [_new_conn] - Starting new HTTPS connection (1): catalog.api.2gis.com:443
2025-10-30 20:49:17,415 - DEBUG - [_make_request] - https://catalog.api.2gis.com:443 "GET /3.0/items?key=cdbda41e-e8e4-4e8d-9886-f12c075adc64&q=%D0%B4%D0%B5%D1%82%D1%81%D0%BA%D0%B8%D0%B9+%D1%81%D0%B0%D0%B4&district_id=4504209512726650&type=branch&page=1&page_size=10&fields=items.point%2Citems.name%2Citems.address_name%2Citems.reviews HTTP/1.1" 200 None
2025-10-30 20:49:17,416 - DEBUG - [получить_детские_сады_в_районе] - Статус ответа: 200
2025-10-30 20:49:17,416 - INFO - [получить_детские_сады_в_районе] - Загружено 10 детских садов со страницы 1
2025-10-30 20:49:17,918 - DEBUG - [получить_детские_сады_в_районе] - Запрос страницы 2 для района Покровское-Стрешнево
2025-10-30 20:49:17,920 - DEBUG - [_new_conn] - Starting new HTTPS connection (1): catalog.api.2gis.com:443
2025-10-30 20:49:18,306 - DEBUG - [_make_request] - https://catalog.api.2gis.com:443 "GET /3.0/items?key=cdbda41e-e8e4-4e8d-9886-f12c075adc64&q=%D0%B4%D0%B5%D1%82%D1%81%D0%BA%D0%B8%D0%B9+%D1%81%D0%B0%D0%B4&district_id=4504209512726650&type=branch&page=2&page_size=10&fields=items.point%2Citems.name%2Citems.address_name%2Citems.reviews HTTP/1.1" 200 None
2025-10-30 20:49:18,307 - DEBUG - [получить_детские_сады_в_районе] - Статус ответа: 200
2025-10-30 20:49:18,308 - INFO - [получить_детские_сады_в_районе] - Загружено 8 детских садов со страницы 2
2025-10-30 20:49:18,809 - DEBUG - [получить_детские_сады_в_районе] - Запрос страницы 3 для района Покровское-Стрешнево
2025-10-30 20:49:18,810 - DEBUG - [_new_conn] - Starting new HTTPS connection (1): catalog.api.2gis.com:443
2025-10-30 20:49:19,212 - DEBUG - [_make_request] - https://catalog.api.2gis.com:443 "GET /3.0/items?key=cdbda41e-e8e4-4e8d-9886-f12c075adc64&q=%D0%B4%D0%B5%D1%82%D1%81%D0%BA%D0%B8%D0%B9+%D1%81%D0%B0%D0%B4&district_id=4504209512726650&type=branch&page=3&page_size=10&fields=items.point%2Citems.name%2Citems.address_name%2Citems.reviews HTTP/1.1" 200 133
2025-10-30 20:49:19,213 - DEBUG - [получить_детские_сады_в_районе] - Статус ответа: 200
2025-10-30 20:49:19,213 - WARNING - [получить_детские_сады_в_районе] - На странице 3 нет данных в ожидаемом формате
2025-10-30 20:49:19,714 - DEBUG - [получить_детские_сады_в_районе] - Запрос страницы 4 для района Покровское-Стрешнево
2025-10-30 20:49:19,715 - DEBUG - [_new_conn] - Starting new HTTPS connection (1): catalog.api.2gis.com:443
2025-10-30 20:49:20,111 - DEBUG - [_make_request] - https://catalog.api.2gis.com:443 "GET /3.0/items?key=cdbda41e-e8e4-4e8d-9886-f12c075adc64&q=%D0%B4%D0%B5%D1%82%D1%81%D0%BA%D0%B8%D0%B9+%D1%81%D0%B0%D0%B4&district_id=4504209512726650&type=branch&page=4&page_size=10&fields=items.point%2Citems.name%2Citems.address_name%2Citems.reviews HTTP/1.1" 200 133
2025-10-30 20:49:20,112 - DEBUG - [получить_детские_сады_в_районе] - Статус ответа: 200
2025-10-30 20:49:20,112 - WARNING - [получить_детские_сады_в_районе] - На странице 4 нет данных в ожидаемом формате
2025-10-30 20:49:20,613 - DEBUG - [получить_детские_сады_в_районе] - Запрос страницы 5 для района Покровское-Стрешнево
2025-10-30 20:49:20,614 - DEBUG - [_new_conn] - Starting new HTTPS connection (1): catalog.api.2gis.com:443
2025-10-30 20:49:21,012 - DEBUG - [_make_request] - https://catalog.api.2gis.com:443 "GET /3.0/items?key=cdbda41e-e8e4-4e8d-9886-f12c075adc64&q=%D0%B4%D0%B5%D1%82%D1%81%D0%BA%D0%B8%D0%B9+%D1%81%D0%B0%D0%B4&district_id=4504209512726650&type=branch&page=5&page_size=10&fields=items.point%2Citems.name%2Citems.address_name%2Citems.reviews HTTP/1.1" 200 133
2025-10-30 20:49:21,013 - DEBUG - [получить_детские_сады_в_районе] - Статус ответа: 200
2025-10-30 20:49:21,013 - WARNING - [получить_детские_сады_в_районе] - На странице 5 нет данных в ожидаемом формате
2025-10-30 20:49:21,014 - INFO - [получить_детские_сады_в_районе] - Завершение сбора для района Покровское-Стрешнево. Найдено детских садов: 18
2025-10-30 20:49:21,015 - INFO - [<cell line: 0>] - Район 'Покровское-Стрешнево' завершен. Детских садов: 18
2025-10-30 20:49:22,018 - INFO - [<cell line: 0>] - [84/132] Обработка района: Преображенское
2025-10-30 20:49:22,019 - INFO - [получить_детские_сады_в_районе] - Начало сбора детских садов для района: Преображенское (ID: 4504209512726584)
2025-10-30 20:49:22,021 - DEBUG - [получить_детские_сады_в_районе] - Запрос страницы 1 для района Преображенское
2025-10-30 20:49:22,022 - DEBUG - [_new_conn] - Starting new HTTPS connection (1): catalog.api.2gis.com:443
2025-10-30 20:49:22,416 - DEBUG - [_make_request] - https://catalog.api.2gis.com:443 "GET /3.0/items?key=cdbda41e-e8e4-4e8d-9886-f12c075adc64&q=%D0%B4%D0%B5%D1%82%D1%81%D0%BA%D0%B8%D0%B9+%D1%81%D0%B0%D0%B4&district_id=4504209512726584&type=branch&page=1&page_size=10&fields=items.point%2Citems.name%2Citems.address_name%2Citems.reviews HTTP/1.1" 200 None
2025-10-30 20:49:22,417 - DEBUG - [получить_детские_сады_в_районе] - Статус ответа: 200
2025-10-30 20:49:22,417 - INFO - [получить_детские_сады_в_районе] - Загружено 10 детских садов со страницы 1
2025-10-30 20:49:22,918 - DEBUG - [получить_детские_сады_в_районе] - Запрос страницы 2 для района Преображенское
2025-10-30 20:49:22,919 - DEBUG - [_new_conn] - Starting new HTTPS connection (1): catalog.api.2gis.com:443
2025-10-30 20:49:23,326 - DEBUG - [_make_request] - https://catalog.api.2gis.com:443 "GET /3.0/items?key=cdbda41e-e8e4-4e8d-9886-f12c075adc64&q=%D0%B4%D0%B5%D1%82%D1%81%D0%BA%D0%B8%D0%B9+%D1%81%D0%B0%D0%B4&district_id=4504209512726584&type=branch&page=2&page_size=10&fields=items.point%2Citems.name%2Citems.address_name%2Citems.reviews HTTP/1.1" 200 None
2025-10-30 20:49:23,327 - DEBUG - [получить_детские_сады_в_районе] - Статус ответа: 200
2025-10-30 20:49:23,327 - INFO - [получить_детские_сады_в_районе] - Загружено 5 детских садов со страницы 2
2025-10-30 20:49:23,828 - DEBUG - [получить_детские_сады_в_районе] - Запрос страницы 3 для района Преображенское
2025-10-30 20:49:23,830 - DEBUG - [_new_conn] - Starting new HTTPS connection (1): catalog.api.2gis.com:443
2025-10-30 20:49:24,242 - DEBUG - [_make_request] - https://catalog.api.2gis.com:443 "GET /3.0/items?key=cdbda41e-e8e4-4e8d-9886-f12c075adc64&q=%D0%B4%D0%B5%D1%82%D1%81%D0%BA%D0%B8%D0%B9+%D1%81%D0%B0%D0%B4&district_id=4504209512726584&type=branch&page=3&page_size=10&fields=items.point%2Citems.name%2Citems.address_name%2Citems.reviews HTTP/1.1" 200 133
2025-10-30 20:49:24,243 - DEBUG - [получить_детские_сады_в_районе] - Статус ответа: 200
2025-10-30 20:49:24,244 - WARNING - [получить_детские_сады_в_районе] - На странице 3 нет данных в ожидаемом формате
2025-10-30 20:49:24,744 - DEBUG - [получить_детские_сады_в_районе] - Запрос страницы 4 для района Преображенское
2025-10-30 20:49:24,746 - DEBUG - [_new_conn] - Starting new HTTPS connection (1): catalog.api.2gis.com:443
2025-10-30 20:49:25,125 - DEBUG - [_make_request] - https://catalog.api.2gis.com:443 "GET /3.0/items?key=cdbda41e-e8e4-4e8d-9886-f12c075adc64&q=%D0%B4%D0%B5%D1%82%D1%81%D0%BA%D0%B8%D0%B9+%D1%81%D0%B0%D0%B4&district_id=4504209512726584&type=branch&page=4&page_size=10&fields=items.point%2Citems.name%2Citems.address_name%2Citems.reviews HTTP/1.1" 200 133
2025-10-30 20:49:25,126 - DEBUG - [получить_детские_сады_в_районе] - Статус ответа: 200
2025-10-30 20:49:25,126 - WARNING - [получить_детские_сады_в_районе] - На странице 4 нет данных в ожидаемом формате
2025-10-30 20:49:25,627 - DEBUG - [получить_детские_сады_в_районе] - Запрос страницы 5 для района Преображенское
2025-10-30 20:49:25,628 - DEBUG - [_new_conn] - Starting new HTTPS connection (1): catalog.api.2gis.com:443
2025-10-30 20:49:26,008 - DEBUG - [_make_request] - https://catalog.api.2gis.com:443 "GET /3.0/items?key=cdbda41e-e8e4-4e8d-9886-f12c075adc64&q=%D0%B4%D0%B5%D1%82%D1%81%D0%BA%D0%B8%D0%B9+%D1%81%D0%B0%D0%B4&district_id=4504209512726584&type=branch&page=5&page_size=10&fields=items.point%2Citems.name%2Citems.address_name%2Citems.reviews HTTP/1.1" 200 133
2025-10-30 20:49:26,010 - DEBUG - [получить_детские_сады_в_районе] - Статус ответа: 200
2025-10-30 20:49:26,010 - WARNING - [получить_детские_сады_в_районе] - На странице 5 нет данных в ожидаемом формате
2025-10-30 20:49:26,010 - INFO - [получить_детские_сады_в_районе] - Завершение сбора для района Преображенское. Найдено детских садов: 15
2025-10-30 20:49:26,013 - INFO - [<cell line: 0>] - Район 'Преображенское' завершен. Детских садов: 15
2025-10-30 20:49:27,015 - INFO - [<cell line: 0>] - [85/132] Обработка района: Пресненский
2025-10-30 20:49:27,016 - INFO - [получить_детские_сады_в_районе] - Начало сбора детских садов для района: Пресненский (ID: 4504209512726539)
2025-10-30 20:49:27,017 - DEBUG - [получить_детские_сады_в_районе] - Запрос страницы 1 для района Пресненский
2025-10-30 20:49:27,019 - DEBUG - [_new_conn] - Starting new HTTPS connection (1): catalog.api.2gis.com:443
2025-10-30 20:49:27,541 - DEBUG - [_make_request] - https://catalog.api.2gis.com:443 "GET /3.0/items?key=cdbda41e-e8e4-4e8d-9886-f12c075adc64&q=%D0%B4%D0%B5%D1%82%D1%81%D0%BA%D0%B8%D0%B9+%D1%81%D0%B0%D0%B4&district_id=4504209512726539&type=branch&page=1&page_size=10&fields=items.point%2Citems.name%2Citems.address_name%2Citems.reviews HTTP/1.1" 200 None
2025-10-30 20:49:27,542 - DEBUG - [получить_детские_сады_в_районе] - Статус ответа: 200
2025-10-30 20:49:27,542 - INFO - [получить_детские_сады_в_районе] - Загружено 10 детских садов со страницы 1
2025-10-30 20:49:28,043 - DEBUG - [получить_детские_сады_в_районе] - Запрос страницы 2 для района Пресненский
2025-10-30 20:49:28,044 - DEBUG - [_new_conn] - Starting new HTTPS connection (1): catalog.api.2gis.com:443
2025-10-30 20:49:28,444 - DEBUG - [_make_request] - https://catalog.api.2gis.com:443 "GET /3.0/items?key=cdbda41e-e8e4-4e8d-9886-f12c075adc64&q=%D0%B4%D0%B5%D1%82%D1%81%D0%BA%D0%B8%D0%B9+%D1%81%D0%B0%D0%B4&district_id=4504209512726539&type=branch&page=2&page_size=10&fields=items.point%2Citems.name%2Citems.address_name%2Citems.reviews HTTP/1.1" 200 None
2025-10-30 20:49:28,445 - DEBUG - [получить_детские_сады_в_районе] - Статус ответа: 200
2025-10-30 20:49:28,446 - INFO - [получить_детские_сады_в_районе] - Загружено 10 детских садов со страницы 2
2025-10-30 20:49:28,947 - DEBUG - [получить_детские_сады_в_районе] - Запрос страницы 3 для района Пресненский
2025-10-30 20:49:28,948 - DEBUG - [_new_conn] - Starting new HTTPS connection (1): catalog.api.2gis.com:443
2025-10-30 20:49:29,349 - DEBUG - [_make_request] - https://catalog.api.2gis.com:443 "GET /3.0/items?key=cdbda41e-e8e4-4e8d-9886-f12c075adc64&q=%D0%B4%D0%B5%D1%82%D1%81%D0%BA%D0%B8%D0%B9+%D1%81%D0%B0%D0%B4&district_id=4504209512726539&type=branch&page=3&page_size=10&fields=items.point%2Citems.name%2Citems.address_name%2Citems.reviews HTTP/1.1" 200 None
2025-10-30 20:49:29,350 - DEBUG - [получить_детские_сады_в_районе] - Статус ответа: 200
2025-10-30 20:49:29,351 - INFO - [получить_детские_сады_в_районе] - Загружено 10 детских садов со страницы 3
2025-10-30 20:49:29,852 - DEBUG - [получить_детские_сады_в_районе] - Запрос страницы 4 для района Пресненский
2025-10-30 20:49:29,854 - DEBUG - [_new_conn] - Starting new HTTPS connection (1): catalog.api.2gis.com:443
2025-10-30 20:49:30,258 - DEBUG - [_make_request] - https://catalog.api.2gis.com:443 "GET /3.0/items?key=cdbda41e-e8e4-4e8d-9886-f12c075adc64&q=%D0%B4%D0%B5%D1%82%D1%81%D0%BA%D0%B8%D0%B9+%D1%81%D0%B0%D0%B4&district_id=4504209512726539&type=branch&page=4&page_size=10&fields=items.point%2Citems.name%2Citems.address_name%2Citems.reviews HTTP/1.1" 200 None
2025-10-30 20:49:30,260 - DEBUG - [получить_детские_сады_в_районе] - Статус ответа: 200
2025-10-30 20:49:30,260 - INFO - [получить_детские_сады_в_районе] - Загружено 10 детских садов со страницы 4
2025-10-30 20:49:30,761 - DEBUG - [получить_детские_сады_в_районе] - Запрос страницы 5 для района Пресненский
2025-10-30 20:49:30,763 - DEBUG - [_new_conn] - Starting new HTTPS connection (1): catalog.api.2gis.com:443
2025-10-30 20:49:31,176 - DEBUG - [_make_request] - https://catalog.api.2gis.com:443 "GET /3.0/items?key=cdbda41e-e8e4-4e8d-9886-f12c075adc64&q=%D0%B4%D0%B5%D1%82%D1%81%D0%BA%D0%B8%D0%B9+%D1%81%D0%B0%D0%B4&district_id=4504209512726539&type=branch&page=5&page_size=10&fields=items.point%2Citems.name%2Citems.address_name%2Citems.reviews HTTP/1.1" 200 None
2025-10-30 20:49:31,177 - DEBUG - [получить_детские_сады_в_районе] - Статус ответа: 200
2025-10-30 20:49:31,177 - INFO - [получить_детские_сады_в_районе] - Загружено 10 детских садов со страницы 5
2025-10-30 20:49:31,178 - INFO - [получить_детские_сады_в_районе] - Завершение сбора для района Пресненский. Найдено детских садов: 50
2025-10-30 20:49:31,179 - INFO - [<cell line: 0>] - Район 'Пресненский' завершен. Детских садов: 50
2025-10-30 20:49:32,180 - INFO - [<cell line: 0>] - [86/132] Обработка района: Проспект Вернадского
2025-10-30 20:49:32,181 - INFO - [получить_детские_сады_в_районе] - Начало сбора детских садов для района: Проспект Вернадского (ID: 4504209512726631)
2025-10-30 20:49:32,183 - DEBUG - [получить_детские_сады_в_районе] - Запрос страницы 1 для района Проспект Вернадского
2025-10-30 20:49:32,184 - DEBUG - [_new_conn] - Starting new HTTPS connection (1): catalog.api.2gis.com:443
2025-10-30 20:49:32,589 - DEBUG - [_make_request] - https://catalog.api.2gis.com:443 "GET /3.0/items?key=cdbda41e-e8e4-4e8d-9886-f12c075adc64&q=%D0%B4%D0%B5%D1%82%D1%81%D0%BA%D0%B8%D0%B9+%D1%81%D0%B0%D0%B4&district_id=4504209512726631&type=branch&page=1&page_size=10&fields=items.point%2Citems.name%2Citems.address_name%2Citems.reviews HTTP/1.1" 200 None
2025-10-30 20:49:32,590 - DEBUG - [получить_детские_сады_в_районе] - Статус ответа: 200
2025-10-30 20:49:32,590 - INFO - [получить_детские_сады_в_районе] - Загружено 10 детских садов со страницы 1
2025-10-30 20:49:33,091 - DEBUG - [получить_детские_сады_в_районе] - Запрос страницы 2 для района Проспект Вернадского
2025-10-30 20:49:33,092 - DEBUG - [_new_conn] - Starting new HTTPS connection (1): catalog.api.2gis.com:443
2025-10-30 20:49:33,501 - DEBUG - [_make_request] - https://catalog.api.2gis.com:443 "GET /3.0/items?key=cdbda41e-e8e4-4e8d-9886-f12c075adc64&q=%D0%B4%D0%B5%D1%82%D1%81%D0%BA%D0%B8%D0%B9+%D1%81%D0%B0%D0%B4&district_id=4504209512726631&type=branch&page=2&page_size=10&fields=items.point%2Citems.name%2Citems.address_name%2Citems.reviews HTTP/1.1" 200 None
2025-10-30 20:49:33,502 - DEBUG - [получить_детские_сады_в_районе] - Статус ответа: 200
2025-10-30 20:49:33,502 - INFO - [получить_детские_сады_в_районе] - Загружено 10 детских садов со страницы 2
2025-10-30 20:49:34,003 - DEBUG - [получить_детские_сады_в_районе] - Запрос страницы 3 для района Проспект Вернадского
2025-10-30 20:49:34,004 - DEBUG - [_new_conn] - Starting new HTTPS connection (1): catalog.api.2gis.com:443
2025-10-30 20:49:34,385 - DEBUG - [_make_request] - https://catalog.api.2gis.com:443 "GET /3.0/items?key=cdbda41e-e8e4-4e8d-9886-f12c075adc64&q=%D0%B4%D0%B5%D1%82%D1%81%D0%BA%D0%B8%D0%B9+%D1%81%D0%B0%D0%B4&district_id=4504209512726631&type=branch&page=3&page_size=10&fields=items.point%2Citems.name%2Citems.address_name%2Citems.reviews HTTP/1.1" 200 None
2025-10-30 20:49:34,387 - DEBUG - [получить_детские_сады_в_районе] - Статус ответа: 200
2025-10-30 20:49:34,387 - INFO - [получить_детские_сады_в_районе] - Загружено 4 детских садов со страницы 3
2025-10-30 20:49:34,888 - DEBUG - [получить_детские_сады_в_районе] - Запрос страницы 4 для района Проспект Вернадского
2025-10-30 20:49:34,889 - DEBUG - [_new_conn] - Starting new HTTPS connection (1): catalog.api.2gis.com:443
2025-10-30 20:49:35,269 - DEBUG - [_make_request] - https://catalog.api.2gis.com:443 "GET /3.0/items?key=cdbda41e-e8e4-4e8d-9886-f12c075adc64&q=%D0%B4%D0%B5%D1%82%D1%81%D0%BA%D0%B8%D0%B9+%D1%81%D0%B0%D0%B4&district_id=4504209512726631&type=branch&page=4&page_size=10&fields=items.point%2Citems.name%2Citems.address_name%2Citems.reviews HTTP/1.1" 200 133
2025-10-30 20:49:35,270 - DEBUG - [получить_детские_сады_в_районе] - Статус ответа: 200
2025-10-30 20:49:35,270 - WARNING - [получить_детские_сады_в_районе] - На странице 4 нет данных в ожидаемом формате
2025-10-30 20:49:35,771 - DEBUG - [получить_детские_сады_в_районе] - Запрос страницы 5 для района Проспект Вернадского
2025-10-30 20:49:35,773 - DEBUG - [_new_conn] - Starting new HTTPS connection (1): catalog.api.2gis.com:443
2025-10-30 20:49:36,153 - DEBUG - [_make_request] - https://catalog.api.2gis.com:443 "GET /3.0/items?key=cdbda41e-e8e4-4e8d-9886-f12c075adc64&q=%D0%B4%D0%B5%D1%82%D1%81%D0%BA%D0%B8%D0%B9+%D1%81%D0%B0%D0%B4&district_id=4504209512726631&type=branch&page=5&page_size=10&fields=items.point%2Citems.name%2Citems.address_name%2Citems.reviews HTTP/1.1" 200 133
2025-10-30 20:49:36,154 - DEBUG - [получить_детские_сады_в_районе] - Статус ответа: 200
2025-10-30 20:49:36,154 - WARNING - [получить_детские_сады_в_районе] - На странице 5 нет данных в ожидаемом формате
2025-10-30 20:49:36,155 - INFO - [получить_детские_сады_в_районе] - Завершение сбора для района Проспект Вернадского. Найдено детских садов: 24
2025-10-30 20:49:36,157 - INFO - [<cell line: 0>] - Район 'Проспект Вернадского' завершен. Детских садов: 24
2025-10-30 20:49:37,158 - INFO - [<cell line: 0>] - [87/132] Обработка района: Раменки
2025-10-30 20:49:37,159 - INFO - [получить_детские_сады_в_районе] - Начало сбора детских садов для района: Раменки (ID: 4504209512726639)
2025-10-30 20:49:37,161 - DEBUG - [получить_детские_сады_в_районе] - Запрос страницы 1 для района Раменки
2025-10-30 20:49:37,162 - DEBUG - [_new_conn] - Starting new HTTPS connection (1): catalog.api.2gis.com:443
2025-10-30 20:49:37,554 - DEBUG - [_make_request] - https://catalog.api.2gis.com:443 "GET /3.0/items?key=cdbda41e-e8e4-4e8d-9886-f12c075adc64&q=%D0%B4%D0%B5%D1%82%D1%81%D0%BA%D0%B8%D0%B9+%D1%81%D0%B0%D0%B4&district_id=4504209512726639&type=branch&page=1&page_size=10&fields=items.point%2Citems.name%2Citems.address_name%2Citems.reviews HTTP/1.1" 200 None
2025-10-30 20:49:37,554 - DEBUG - [получить_детские_сады_в_районе] - Статус ответа: 200
2025-10-30 20:49:37,555 - INFO - [получить_детские_сады_в_районе] - Загружено 10 детских садов со страницы 1
2025-10-30 20:49:38,056 - DEBUG - [получить_детские_сады_в_районе] - Запрос страницы 2 для района Раменки
2025-10-30 20:49:38,057 - DEBUG - [_new_conn] - Starting new HTTPS connection (1): catalog.api.2gis.com:443
2025-10-30 20:49:38,459 - DEBUG - [_make_request] - https://catalog.api.2gis.com:443 "GET /3.0/items?key=cdbda41e-e8e4-4e8d-9886-f12c075adc64&q=%D0%B4%D0%B5%D1%82%D1%81%D0%BA%D0%B8%D0%B9+%D1%81%D0%B0%D0%B4&district_id=4504209512726639&type=branch&page=2&page_size=10&fields=items.point%2Citems.name%2Citems.address_name%2Citems.reviews HTTP/1.1" 200 None
2025-10-30 20:49:38,460 - DEBUG - [получить_детские_сады_в_районе] - Статус ответа: 200
2025-10-30 20:49:38,460 - INFO - [получить_детские_сады_в_районе] - Загружено 10 детских садов со страницы 2
2025-10-30 20:49:38,961 - DEBUG - [получить_детские_сады_в_районе] - Запрос страницы 3 для района Раменки
2025-10-30 20:49:38,962 - DEBUG - [_new_conn] - Starting new HTTPS connection (1): catalog.api.2gis.com:443
2025-10-30 20:49:39,372 - DEBUG - [_make_request] - https://catalog.api.2gis.com:443 "GET /3.0/items?key=cdbda41e-e8e4-4e8d-9886-f12c075adc64&q=%D0%B4%D0%B5%D1%82%D1%81%D0%BA%D0%B8%D0%B9+%D1%81%D0%B0%D0%B4&district_id=4504209512726639&type=branch&page=3&page_size=10&fields=items.point%2Citems.name%2Citems.address_name%2Citems.reviews HTTP/1.1" 200 None
2025-10-30 20:49:39,373 - DEBUG - [получить_детские_сады_в_районе] - Статус ответа: 200
2025-10-30 20:49:39,373 - INFO - [получить_детские_сады_в_районе] - Загружено 10 детских садов со страницы 3
2025-10-30 20:49:39,874 - DEBUG - [получить_детские_сады_в_районе] - Запрос страницы 4 для района Раменки
2025-10-30 20:49:39,876 - DEBUG - [_new_conn] - Starting new HTTPS connection (1): catalog.api.2gis.com:443
2025-10-30 20:49:40,306 - DEBUG - [_make_request] - https://catalog.api.2gis.com:443 "GET /3.0/items?key=cdbda41e-e8e4-4e8d-9886-f12c075adc64&q=%D0%B4%D0%B5%D1%82%D1%81%D0%BA%D0%B8%D0%B9+%D1%81%D0%B0%D0%B4&district_id=4504209512726639&type=branch&page=4&page_size=10&fields=items.point%2Citems.name%2Citems.address_name%2Citems.reviews HTTP/1.1" 200 None
2025-10-30 20:49:40,307 - DEBUG - [получить_детские_сады_в_районе] - Статус ответа: 200
2025-10-30 20:49:40,307 - INFO - [получить_детские_сады_в_районе] - Загружено 10 детских садов со страницы 4
2025-10-30 20:49:40,808 - DEBUG - [получить_детские_сады_в_районе] - Запрос страницы 5 для района Раменки
2025-10-30 20:49:40,810 - DEBUG - [_new_conn] - Starting new HTTPS connection (1): catalog.api.2gis.com:443
2025-10-30 20:49:41,210 - DEBUG - [_make_request] - https://catalog.api.2gis.com:443 "GET /3.0/items?key=cdbda41e-e8e4-4e8d-9886-f12c075adc64&q=%D0%B4%D0%B5%D1%82%D1%81%D0%BA%D0%B8%D0%B9+%D1%81%D0%B0%D0%B4&district_id=4504209512726639&type=branch&page=5&page_size=10&fields=items.point%2Citems.name%2Citems.address_name%2Citems.reviews HTTP/1.1" 200 None
2025-10-30 20:49:41,212 - DEBUG - [получить_детские_сады_в_районе] - Статус ответа: 200
2025-10-30 20:49:41,212 - INFO - [получить_детские_сады_в_районе] - Загружено 10 детских садов со страницы 5
2025-10-30 20:49:41,213 - INFO - [получить_детские_сады_в_районе] - Завершение сбора для района Раменки. Найдено детских садов: 50
2025-10-30 20:49:41,215 - INFO - [<cell line: 0>] - Район 'Раменки' завершен. Детских садов: 50
2025-10-30 20:49:42,216 - INFO - [<cell line: 0>] - [88/132] Обработка района: Ростокино
2025-10-30 20:49:42,217 - INFO - [получить_детские_сады_в_районе] - Начало сбора детских садов для района: Ростокино (ID: 4504209512726558)
2025-10-30 20:49:42,218 - DEBUG - [получить_детские_сады_в_районе] - Запрос страницы 1 для района Ростокино
2025-10-30 20:49:42,220 - DEBUG - [_new_conn] - Starting new HTTPS connection (1): catalog.api.2gis.com:443
2025-10-30 20:49:42,613 - DEBUG - [_make_request] - https://catalog.api.2gis.com:443 "GET /3.0/items?key=cdbda41e-e8e4-4e8d-9886-f12c075adc64&q=%D0%B4%D0%B5%D1%82%D1%81%D0%BA%D0%B8%D0%B9+%D1%81%D0%B0%D0%B4&district_id=4504209512726558&type=branch&page=1&page_size=10&fields=items.point%2Citems.name%2Citems.address_name%2Citems.reviews HTTP/1.1" 200 None
2025-10-30 20:49:42,613 - DEBUG - [получить_детские_сады_в_районе] - Статус ответа: 200
2025-10-30 20:49:42,614 - INFO - [получить_детские_сады_в_районе] - Загружено 10 детских садов со страницы 1
2025-10-30 20:49:43,115 - DEBUG - [получить_детские_сады_в_районе] - Запрос страницы 2 для района Ростокино
2025-10-30 20:49:43,116 - DEBUG - [_new_conn] - Starting new HTTPS connection (1): catalog.api.2gis.com:443
2025-10-30 20:49:43,507 - DEBUG - [_make_request] - https://catalog.api.2gis.com:443 "GET /3.0/items?key=cdbda41e-e8e4-4e8d-9886-f12c075adc64&q=%D0%B4%D0%B5%D1%82%D1%81%D0%BA%D0%B8%D0%B9+%D1%81%D0%B0%D0%B4&district_id=4504209512726558&type=branch&page=2&page_size=10&fields=items.point%2Citems.name%2Citems.address_name%2Citems.reviews HTTP/1.1" 200 None
2025-10-30 20:49:43,508 - DEBUG - [получить_детские_сады_в_районе] - Статус ответа: 200
2025-10-30 20:49:43,508 - INFO - [получить_детские_сады_в_районе] - Загружено 1 детских садов со страницы 2
2025-10-30 20:49:44,009 - DEBUG - [получить_детские_сады_в_районе] - Запрос страницы 3 для района Ростокино
2025-10-30 20:49:44,010 - DEBUG - [_new_conn] - Starting new HTTPS connection (1): catalog.api.2gis.com:443
2025-10-30 20:49:44,397 - DEBUG - [_make_request] - https://catalog.api.2gis.com:443 "GET /3.0/items?key=cdbda41e-e8e4-4e8d-9886-f12c075adc64&q=%D0%B4%D0%B5%D1%82%D1%81%D0%BA%D0%B8%D0%B9+%D1%81%D0%B0%D0%B4&district_id=4504209512726558&type=branch&page=3&page_size=10&fields=items.point%2Citems.name%2Citems.address_name%2Citems.reviews HTTP/1.1" 200 133
2025-10-30 20:49:44,398 - DEBUG - [получить_детские_сады_в_районе] - Статус ответа: 200
2025-10-30 20:49:44,398 - WARNING - [получить_детские_сады_в_районе] - На странице 3 нет данных в ожидаемом формате
2025-10-30 20:49:44,899 - DEBUG - [получить_детские_сады_в_районе] - Запрос страницы 4 для района Ростокино
2025-10-30 20:49:44,901 - DEBUG - [_new_conn] - Starting new HTTPS connection (1): catalog.api.2gis.com:443
2025-10-30 20:49:45,296 - DEBUG - [_make_request] - https://catalog.api.2gis.com:443 "GET /3.0/items?key=cdbda41e-e8e4-4e8d-9886-f12c075adc64&q=%D0%B4%D0%B5%D1%82%D1%81%D0%BA%D0%B8%D0%B9+%D1%81%D0%B0%D0%B4&district_id=4504209512726558&type=branch&page=4&page_size=10&fields=items.point%2Citems.name%2Citems.address_name%2Citems.reviews HTTP/1.1" 200 133
2025-10-30 20:49:45,297 - DEBUG - [получить_детские_сады_в_районе] - Статус ответа: 200
2025-10-30 20:49:45,297 - WARNING - [получить_детские_сады_в_районе] - На странице 4 нет данных в ожидаемом формате
2025-10-30 20:49:45,798 - DEBUG - [получить_детские_сады_в_районе] - Запрос страницы 5 для района Ростокино
2025-10-30 20:49:45,799 - DEBUG - [_new_conn] - Starting new HTTPS connection (1): catalog.api.2gis.com:443
2025-10-30 20:49:46,174 - DEBUG - [_make_request] - https://catalog.api.2gis.com:443 "GET /3.0/items?key=cdbda41e-e8e4-4e8d-9886-f12c075adc64&q=%D0%B4%D0%B5%D1%82%D1%81%D0%BA%D0%B8%D0%B9+%D1%81%D0%B0%D0%B4&district_id=4504209512726558&type=branch&page=5&page_size=10&fields=items.point%2Citems.name%2Citems.address_name%2Citems.reviews HTTP/1.1" 200 133
2025-10-30 20:49:46,175 - DEBUG - [получить_детские_сады_в_районе] - Статус ответа: 200
2025-10-30 20:49:46,175 - WARNING - [получить_детские_сады_в_районе] - На странице 5 нет данных в ожидаемом формате
2025-10-30 20:49:46,175 - INFO - [получить_детские_сады_в_районе] - Завершение сбора для района Ростокино. Найдено детских садов: 11
2025-10-30 20:49:46,177 - INFO - [<cell line: 0>] - Район 'Ростокино' завершен. Детских садов: 11
2025-10-30 20:49:47,177 - INFO - [<cell line: 0>] - [89/132] Обработка района: Рязанский
2025-10-30 20:49:47,179 - INFO - [получить_детские_сады_в_районе] - Начало сбора детских садов для района: Рязанский (ID: 4504209512726595)
2025-10-30 20:49:47,181 - DEBUG - [получить_детские_сады_в_районе] - Запрос страницы 1 для района Рязанский
2025-10-30 20:49:47,182 - DEBUG - [_new_conn] - Starting new HTTPS connection (1): catalog.api.2gis.com:443
2025-10-30 20:49:47,597 - DEBUG - [_make_request] - https://catalog.api.2gis.com:443 "GET /3.0/items?key=cdbda41e-e8e4-4e8d-9886-f12c075adc64&q=%D0%B4%D0%B5%D1%82%D1%81%D0%BA%D0%B8%D0%B9+%D1%81%D0%B0%D0%B4&district_id=4504209512726595&type=branch&page=1&page_size=10&fields=items.point%2Citems.name%2Citems.address_name%2Citems.reviews HTTP/1.1" 200 None
2025-10-30 20:49:47,598 - DEBUG - [получить_детские_сады_в_районе] - Статус ответа: 200
2025-10-30 20:49:47,598 - INFO - [получить_детские_сады_в_районе] - Загружено 10 детских садов со страницы 1
2025-10-30 20:49:48,099 - DEBUG - [получить_детские_сады_в_районе] - Запрос страницы 2 для района Рязанский
2025-10-30 20:49:48,100 - DEBUG - [_new_conn] - Starting new HTTPS connection (1): catalog.api.2gis.com:443
2025-10-30 20:49:48,498 - DEBUG - [_make_request] - https://catalog.api.2gis.com:443 "GET /3.0/items?key=cdbda41e-e8e4-4e8d-9886-f12c075adc64&q=%D0%B4%D0%B5%D1%82%D1%81%D0%BA%D0%B8%D0%B9+%D1%81%D0%B0%D0%B4&district_id=4504209512726595&type=branch&page=2&page_size=10&fields=items.point%2Citems.name%2Citems.address_name%2Citems.reviews HTTP/1.1" 200 None
2025-10-30 20:49:48,499 - DEBUG - [получить_детские_сады_в_районе] - Статус ответа: 200
2025-10-30 20:49:48,499 - INFO - [получить_детские_сады_в_районе] - Загружено 10 детских садов со страницы 2
2025-10-30 20:49:49,000 - DEBUG - [получить_детские_сады_в_районе] - Запрос страницы 3 для района Рязанский
2025-10-30 20:49:49,002 - DEBUG - [_new_conn] - Starting new HTTPS connection (1): catalog.api.2gis.com:443
2025-10-30 20:49:49,408 - DEBUG - [_make_request] - https://catalog.api.2gis.com:443 "GET /3.0/items?key=cdbda41e-e8e4-4e8d-9886-f12c075adc64&q=%D0%B4%D0%B5%D1%82%D1%81%D0%BA%D0%B8%D0%B9+%D1%81%D0%B0%D0%B4&district_id=4504209512726595&type=branch&page=3&page_size=10&fields=items.point%2Citems.name%2Citems.address_name%2Citems.reviews HTTP/1.1" 200 None
2025-10-30 20:49:49,409 - DEBUG - [получить_детские_сады_в_районе] - Статус ответа: 200
2025-10-30 20:49:49,409 - INFO - [получить_детские_сады_в_районе] - Загружено 10 детских садов со страницы 3
2025-10-30 20:49:49,910 - DEBUG - [получить_детские_сады_в_районе] - Запрос страницы 4 для района Рязанский
2025-10-30 20:49:49,911 - DEBUG - [_new_conn] - Starting new HTTPS connection (1): catalog.api.2gis.com:443
2025-10-30 20:49:50,294 - DEBUG - [_make_request] - https://catalog.api.2gis.com:443 "GET /3.0/items?key=cdbda41e-e8e4-4e8d-9886-f12c075adc64&q=%D0%B4%D0%B5%D1%82%D1%81%D0%BA%D0%B8%D0%B9+%D1%81%D0%B0%D0%B4&district_id=4504209512726595&type=branch&page=4&page_size=10&fields=items.point%2Citems.name%2Citems.address_name%2Citems.reviews HTTP/1.1" 200 None
2025-10-30 20:49:50,295 - DEBUG - [получить_детские_сады_в_районе] - Статус ответа: 200
2025-10-30 20:49:50,296 - INFO - [получить_детские_сады_в_районе] - Загружено 8 детских садов со страницы 4
2025-10-30 20:49:50,797 - DEBUG - [получить_детские_сады_в_районе] - Запрос страницы 5 для района Рязанский
2025-10-30 20:49:50,798 - DEBUG - [_new_conn] - Starting new HTTPS connection (1): catalog.api.2gis.com:443
2025-10-30 20:49:51,203 - DEBUG - [_make_request] - https://catalog.api.2gis.com:443 "GET /3.0/items?key=cdbda41e-e8e4-4e8d-9886-f12c075adc64&q=%D0%B4%D0%B5%D1%82%D1%81%D0%BA%D0%B8%D0%B9+%D1%81%D0%B0%D0%B4&district_id=4504209512726595&type=branch&page=5&page_size=10&fields=items.point%2Citems.name%2Citems.address_name%2Citems.reviews HTTP/1.1" 200 133
2025-10-30 20:49:51,204 - DEBUG - [получить_детские_сады_в_районе] - Статус ответа: 200
2025-10-30 20:49:51,204 - WARNING - [получить_детские_сады_в_районе] - На странице 5 нет данных в ожидаемом формате
2025-10-30 20:49:51,205 - INFO - [получить_детские_сады_в_районе] - Завершение сбора для района Рязанский. Найдено детских садов: 38
2025-10-30 20:49:51,207 - INFO - [<cell line: 0>] - Район 'Рязанский' завершен. Детских садов: 38
2025-10-30 20:49:52,208 - INFO - [<cell line: 0>] - [90/132] Обработка района: Савёлки
2025-10-30 20:49:52,209 - INFO - [получить_детские_сады_в_районе] - Начало сбора детских садов для района: Савёлки (ID: 4504209512726658)
2025-10-30 20:49:52,212 - DEBUG - [получить_детские_сады_в_районе] - Запрос страницы 1 для района Савёлки
2025-10-30 20:49:52,214 - DEBUG - [_new_conn] - Starting new HTTPS connection (1): catalog.api.2gis.com:443
2025-10-30 20:49:52,621 - DEBUG - [_make_request] - https://catalog.api.2gis.com:443 "GET /3.0/items?key=cdbda41e-e8e4-4e8d-9886-f12c075adc64&q=%D0%B4%D0%B5%D1%82%D1%81%D0%BA%D0%B8%D0%B9+%D1%81%D0%B0%D0%B4&district_id=4504209512726658&type=branch&page=1&page_size=10&fields=items.point%2Citems.name%2Citems.address_name%2Citems.reviews HTTP/1.1" 200 None
2025-10-30 20:49:52,621 - DEBUG - [получить_детские_сады_в_районе] - Статус ответа: 200
2025-10-30 20:49:52,622 - INFO - [получить_детские_сады_в_районе] - Загружено 10 детских садов со страницы 1
2025-10-30 20:49:53,123 - DEBUG - [получить_детские_сады_в_районе] - Запрос страницы 2 для района Савёлки
2025-10-30 20:49:53,125 - DEBUG - [_new_conn] - Starting new HTTPS connection (1): catalog.api.2gis.com:443
2025-10-30 20:49:53,531 - DEBUG - [_make_request] - https://catalog.api.2gis.com:443 "GET /3.0/items?key=cdbda41e-e8e4-4e8d-9886-f12c075adc64&q=%D0%B4%D0%B5%D1%82%D1%81%D0%BA%D0%B8%D0%B9+%D1%81%D0%B0%D0%B4&district_id=4504209512726658&type=branch&page=2&page_size=10&fields=items.point%2Citems.name%2Citems.address_name%2Citems.reviews HTTP/1.1" 200 None
2025-10-30 20:49:53,532 - DEBUG - [получить_детские_сады_в_районе] - Статус ответа: 200
2025-10-30 20:49:53,532 - INFO - [получить_детские_сады_в_районе] - Загружено 9 детских садов со страницы 2
2025-10-30 20:49:54,033 - DEBUG - [получить_детские_сады_в_районе] - Запрос страницы 3 для района Савёлки
2025-10-30 20:49:54,035 - DEBUG - [_new_conn] - Starting new HTTPS connection (1): catalog.api.2gis.com:443
2025-10-30 20:49:54,411 - DEBUG - [_make_request] - https://catalog.api.2gis.com:443 "GET /3.0/items?key=cdbda41e-e8e4-4e8d-9886-f12c075adc64&q=%D0%B4%D0%B5%D1%82%D1%81%D0%BA%D0%B8%D0%B9+%D1%81%D0%B0%D0%B4&district_id=4504209512726658&type=branch&page=3&page_size=10&fields=items.point%2Citems.name%2Citems.address_name%2Citems.reviews HTTP/1.1" 200 133
2025-10-30 20:49:54,412 - DEBUG - [получить_детские_сады_в_районе] - Статус ответа: 200
2025-10-30 20:49:54,412 - WARNING - [получить_детские_сады_в_районе] - На странице 3 нет данных в ожидаемом формате
2025-10-30 20:49:54,913 - DEBUG - [получить_детские_сады_в_районе] - Запрос страницы 4 для района Савёлки
2025-10-30 20:49:54,915 - DEBUG - [_new_conn] - Starting new HTTPS connection (1): catalog.api.2gis.com:443
2025-10-30 20:49:55,300 - DEBUG - [_make_request] - https://catalog.api.2gis.com:443 "GET /3.0/items?key=cdbda41e-e8e4-4e8d-9886-f12c075adc64&q=%D0%B4%D0%B5%D1%82%D1%81%D0%BA%D0%B8%D0%B9+%D1%81%D0%B0%D0%B4&district_id=4504209512726658&type=branch&page=4&page_size=10&fields=items.point%2Citems.name%2Citems.address_name%2Citems.reviews HTTP/1.1" 200 133
2025-10-30 20:49:55,301 - DEBUG - [получить_детские_сады_в_районе] - Статус ответа: 200
2025-10-30 20:49:55,301 - WARNING - [получить_детские_сады_в_районе] - На странице 4 нет данных в ожидаемом формате
2025-10-30 20:49:55,802 - DEBUG - [получить_детские_сады_в_районе] - Запрос страницы 5 для района Савёлки
2025-10-30 20:49:55,804 - DEBUG - [_new_conn] - Starting new HTTPS connection (1): catalog.api.2gis.com:443
2025-10-30 20:49:56,188 - DEBUG - [_make_request] - https://catalog.api.2gis.com:443 "GET /3.0/items?key=cdbda41e-e8e4-4e8d-9886-f12c075adc64&q=%D0%B4%D0%B5%D1%82%D1%81%D0%BA%D0%B8%D0%B9+%D1%81%D0%B0%D0%B4&district_id=4504209512726658&type=branch&page=5&page_size=10&fields=items.point%2Citems.name%2Citems.address_name%2Citems.reviews HTTP/1.1" 200 133
2025-10-30 20:49:56,189 - DEBUG - [получить_детские_сады_в_районе] - Статус ответа: 200
2025-10-30 20:49:56,190 - WARNING - [получить_детские_сады_в_районе] - На странице 5 нет данных в ожидаемом формате
2025-10-30 20:49:56,190 - INFO - [получить_детские_сады_в_районе] - Завершение сбора для района Савёлки. Найдено детских садов: 19
2025-10-30 20:49:56,192 - INFO - [<cell line: 0>] - Район 'Савёлки' завершен. Детских садов: 19
2025-10-30 20:49:57,192 - INFO - [<cell line: 0>] - [91/132] Обработка района: Савёловский
2025-10-30 20:49:57,193 - INFO - [получить_детские_сады_в_районе] - Начало сбора детских садов для района: Савёловский (ID: 4504209512726548)
2025-10-30 20:49:57,195 - DEBUG - [получить_детские_сады_в_районе] - Запрос страницы 1 для района Савёловский
2025-10-30 20:49:57,196 - DEBUG - [_new_conn] - Starting new HTTPS connection (1): catalog.api.2gis.com:443
2025-10-30 20:49:57,694 - DEBUG - [_make_request] - https://catalog.api.2gis.com:443 "GET /3.0/items?key=cdbda41e-e8e4-4e8d-9886-f12c075adc64&q=%D0%B4%D0%B5%D1%82%D1%81%D0%BA%D0%B8%D0%B9+%D1%81%D0%B0%D0%B4&district_id=4504209512726548&type=branch&page=1&page_size=10&fields=items.point%2Citems.name%2Citems.address_name%2Citems.reviews HTTP/1.1" 200 None
2025-10-30 20:49:57,694 - DEBUG - [получить_детские_сады_в_районе] - Статус ответа: 200
2025-10-30 20:49:57,695 - INFO - [получить_детские_сады_в_районе] - Загружено 10 детских садов со страницы 1
2025-10-30 20:49:58,195 - DEBUG - [получить_детские_сады_в_районе] - Запрос страницы 2 для района Савёловский
2025-10-30 20:49:58,197 - DEBUG - [_new_conn] - Starting new HTTPS connection (1): catalog.api.2gis.com:443
2025-10-30 20:49:58,709 - DEBUG - [_make_request] - https://catalog.api.2gis.com:443 "GET /3.0/items?key=cdbda41e-e8e4-4e8d-9886-f12c075adc64&q=%D0%B4%D0%B5%D1%82%D1%81%D0%BA%D0%B8%D0%B9+%D1%81%D0%B0%D0%B4&district_id=4504209512726548&type=branch&page=2&page_size=10&fields=items.point%2Citems.name%2Citems.address_name%2Citems.reviews HTTP/1.1" 200 None
2025-10-30 20:49:58,710 - DEBUG - [получить_детские_сады_в_районе] - Статус ответа: 200
2025-10-30 20:49:58,711 - INFO - [получить_детские_сады_в_районе] - Загружено 2 детских садов со страницы 2
2025-10-30 20:49:59,211 - DEBUG - [получить_детские_сады_в_районе] - Запрос страницы 3 для района Савёловский
2025-10-30 20:49:59,213 - DEBUG - [_new_conn] - Starting new HTTPS connection (1): catalog.api.2gis.com:443
2025-10-30 20:49:59,586 - DEBUG - [_make_request] - https://catalog.api.2gis.com:443 "GET /3.0/items?key=cdbda41e-e8e4-4e8d-9886-f12c075adc64&q=%D0%B4%D0%B5%D1%82%D1%81%D0%BA%D0%B8%D0%B9+%D1%81%D0%B0%D0%B4&district_id=4504209512726548&type=branch&page=3&page_size=10&fields=items.point%2Citems.name%2Citems.address_name%2Citems.reviews HTTP/1.1" 200 133
2025-10-30 20:49:59,587 - DEBUG - [получить_детские_сады_в_районе] - Статус ответа: 200
2025-10-30 20:49:59,587 - WARNING - [получить_детские_сады_в_районе] - На странице 3 нет данных в ожидаемом формате
2025-10-30 20:50:00,088 - DEBUG - [получить_детские_сады_в_районе] - Запрос страницы 4 для района Савёловский
2025-10-30 20:50:00,090 - DEBUG - [_new_conn] - Starting new HTTPS connection (1): catalog.api.2gis.com:443
2025-10-30 20:50:00,470 - DEBUG - [_make_request] - https://catalog.api.2gis.com:443 "GET /3.0/items?key=cdbda41e-e8e4-4e8d-9886-f12c075adc64&q=%D0%B4%D0%B5%D1%82%D1%81%D0%BA%D0%B8%D0%B9+%D1%81%D0%B0%D0%B4&district_id=4504209512726548&type=branch&page=4&page_size=10&fields=items.point%2Citems.name%2Citems.address_name%2Citems.reviews HTTP/1.1" 200 133
2025-10-30 20:50:00,471 - DEBUG - [получить_детские_сады_в_районе] - Статус ответа: 200
2025-10-30 20:50:00,471 - WARNING - [получить_детские_сады_в_районе] - На странице 4 нет данных в ожидаемом формате
2025-10-30 20:50:00,972 - DEBUG - [получить_детские_сады_в_районе] - Запрос страницы 5 для района Савёловский
2025-10-30 20:50:00,973 - DEBUG - [_new_conn] - Starting new HTTPS connection (1): catalog.api.2gis.com:443
2025-10-30 20:50:01,352 - DEBUG - [_make_request] - https://catalog.api.2gis.com:443 "GET /3.0/items?key=cdbda41e-e8e4-4e8d-9886-f12c075adc64&q=%D0%B4%D0%B5%D1%82%D1%81%D0%BA%D0%B8%D0%B9+%D1%81%D0%B0%D0%B4&district_id=4504209512726548&type=branch&page=5&page_size=10&fields=items.point%2Citems.name%2Citems.address_name%2Citems.reviews HTTP/1.1" 200 133
2025-10-30 20:50:01,353 - DEBUG - [получить_детские_сады_в_районе] - Статус ответа: 200
2025-10-30 20:50:01,353 - WARNING - [получить_детские_сады_в_районе] - На странице 5 нет данных в ожидаемом формате
2025-10-30 20:50:01,354 - INFO - [получить_детские_сады_в_районе] - Завершение сбора для района Савёловский. Найдено детских садов: 12
2025-10-30 20:50:01,355 - INFO - [<cell line: 0>] - Район 'Савёловский' завершен. Детских садов: 12
2025-10-30 20:50:02,356 - INFO - [<cell line: 0>] - [92/132] Обработка района: Свиблово
2025-10-30 20:50:02,357 - INFO - [получить_детские_сады_в_районе] - Начало сбора детских садов для района: Свиблово (ID: 4504209512726563)
2025-10-30 20:50:02,358 - DEBUG - [получить_детские_сады_в_районе] - Запрос страницы 1 для района Свиблово
2025-10-30 20:50:02,360 - DEBUG - [_new_conn] - Starting new HTTPS connection (1): catalog.api.2gis.com:443
2025-10-30 20:50:02,752 - DEBUG - [_make_request] - https://catalog.api.2gis.com:443 "GET /3.0/items?key=cdbda41e-e8e4-4e8d-9886-f12c075adc64&q=%D0%B4%D0%B5%D1%82%D1%81%D0%BA%D0%B8%D0%B9+%D1%81%D0%B0%D0%B4&district_id=4504209512726563&type=branch&page=1&page_size=10&fields=items.point%2Citems.name%2Citems.address_name%2Citems.reviews HTTP/1.1" 200 None
2025-10-30 20:50:02,752 - DEBUG - [получить_детские_сады_в_районе] - Статус ответа: 200
2025-10-30 20:50:02,752 - INFO - [получить_детские_сады_в_районе] - Загружено 10 детских садов со страницы 1
2025-10-30 20:50:03,253 - DEBUG - [получить_детские_сады_в_районе] - Запрос страницы 2 для района Свиблово
2025-10-30 20:50:03,255 - DEBUG - [_new_conn] - Starting new HTTPS connection (1): catalog.api.2gis.com:443
2025-10-30 20:50:03,649 - DEBUG - [_make_request] - https://catalog.api.2gis.com:443 "GET /3.0/items?key=cdbda41e-e8e4-4e8d-9886-f12c075adc64&q=%D0%B4%D0%B5%D1%82%D1%81%D0%BA%D0%B8%D0%B9+%D1%81%D0%B0%D0%B4&district_id=4504209512726563&type=branch&page=2&page_size=10&fields=items.point%2Citems.name%2Citems.address_name%2Citems.reviews HTTP/1.1" 200 None
2025-10-30 20:50:03,650 - DEBUG - [получить_детские_сады_в_районе] - Статус ответа: 200
2025-10-30 20:50:03,650 - INFO - [получить_детские_сады_в_районе] - Загружено 7 детских садов со страницы 2
2025-10-30 20:50:04,151 - DEBUG - [получить_детские_сады_в_районе] - Запрос страницы 3 для района Свиблово
2025-10-30 20:50:04,153 - DEBUG - [_new_conn] - Starting new HTTPS connection (1): catalog.api.2gis.com:443
2025-10-30 20:50:04,536 - DEBUG - [_make_request] - https://catalog.api.2gis.com:443 "GET /3.0/items?key=cdbda41e-e8e4-4e8d-9886-f12c075adc64&q=%D0%B4%D0%B5%D1%82%D1%81%D0%BA%D0%B8%D0%B9+%D1%81%D0%B0%D0%B4&district_id=4504209512726563&type=branch&page=3&page_size=10&fields=items.point%2Citems.name%2Citems.address_name%2Citems.reviews HTTP/1.1" 200 133
2025-10-30 20:50:04,537 - DEBUG - [получить_детские_сады_в_районе] - Статус ответа: 200
2025-10-30 20:50:04,537 - WARNING - [получить_детские_сады_в_районе] - На странице 3 нет данных в ожидаемом формате
2025-10-30 20:50:05,038 - DEBUG - [получить_детские_сады_в_районе] - Запрос страницы 4 для района Свиблово
2025-10-30 20:50:05,042 - DEBUG - [_new_conn] - Starting new HTTPS connection (1): catalog.api.2gis.com:443
2025-10-30 20:50:05,421 - DEBUG - [_make_request] - https://catalog.api.2gis.com:443 "GET /3.0/items?key=cdbda41e-e8e4-4e8d-9886-f12c075adc64&q=%D0%B4%D0%B5%D1%82%D1%81%D0%BA%D0%B8%D0%B9+%D1%81%D0%B0%D0%B4&district_id=4504209512726563&type=branch&page=4&page_size=10&fields=items.point%2Citems.name%2Citems.address_name%2Citems.reviews HTTP/1.1" 200 133
2025-10-30 20:50:05,423 - DEBUG - [получить_детские_сады_в_районе] - Статус ответа: 200
2025-10-30 20:50:05,423 - WARNING - [получить_детские_сады_в_районе] - На странице 4 нет данных в ожидаемом формате
2025-10-30 20:50:05,926 - DEBUG - [получить_детские_сады_в_районе] - Запрос страницы 5 для района Свиблово
2025-10-30 20:50:05,927 - DEBUG - [_new_conn] - Starting new HTTPS connection (1): catalog.api.2gis.com:443
2025-10-30 20:50:06,307 - DEBUG - [_make_request] - https://catalog.api.2gis.com:443 "GET /3.0/items?key=cdbda41e-e8e4-4e8d-9886-f12c075adc64&q=%D0%B4%D0%B5%D1%82%D1%81%D0%BA%D0%B8%D0%B9+%D1%81%D0%B0%D0%B4&district_id=4504209512726563&type=branch&page=5&page_size=10&fields=items.point%2Citems.name%2Citems.address_name%2Citems.reviews HTTP/1.1" 200 133
2025-10-30 20:50:06,308 - DEBUG - [получить_детские_сады_в_районе] - Статус ответа: 200
2025-10-30 20:50:06,308 - WARNING - [получить_детские_сады_в_районе] - На странице 5 нет данных в ожидаемом формате
2025-10-30 20:50:06,309 - INFO - [получить_детские_сады_в_районе] - Завершение сбора для района Свиблово. Найдено детских садов: 17
2025-10-30 20:50:06,312 - INFO - [<cell line: 0>] - Район 'Свиблово' завершен. Детских садов: 17
2025-10-30 20:50:07,313 - INFO - [<cell line: 0>] - [93/132] Обработка района: Северное Бутово
2025-10-30 20:50:07,314 - INFO - [получить_детские_сады_в_районе] - Начало сбора детских садов для района: Северное Бутово (ID: 4504209512726618)
2025-10-30 20:50:07,317 - DEBUG - [получить_детские_сады_в_районе] - Запрос страницы 1 для района Северное Бутово
2025-10-30 20:50:07,319 - DEBUG - [_new_conn] - Starting new HTTPS connection (1): catalog.api.2gis.com:443
2025-10-30 20:50:07,716 - DEBUG - [_make_request] - https://catalog.api.2gis.com:443 "GET /3.0/items?key=cdbda41e-e8e4-4e8d-9886-f12c075adc64&q=%D0%B4%D0%B5%D1%82%D1%81%D0%BA%D0%B8%D0%B9+%D1%81%D0%B0%D0%B4&district_id=4504209512726618&type=branch&page=1&page_size=10&fields=items.point%2Citems.name%2Citems.address_name%2Citems.reviews HTTP/1.1" 200 None
2025-10-30 20:50:07,717 - DEBUG - [получить_детские_сады_в_районе] - Статус ответа: 200
2025-10-30 20:50:07,718 - INFO - [получить_детские_сады_в_районе] - Загружено 10 детских садов со страницы 1
2025-10-30 20:50:08,219 - DEBUG - [получить_детские_сады_в_районе] - Запрос страницы 2 для района Северное Бутово
2025-10-30 20:50:08,220 - DEBUG - [_new_conn] - Starting new HTTPS connection (1): catalog.api.2gis.com:443
2025-10-30 20:50:08,603 - DEBUG - [_make_request] - https://catalog.api.2gis.com:443 "GET /3.0/items?key=cdbda41e-e8e4-4e8d-9886-f12c075adc64&q=%D0%B4%D0%B5%D1%82%D1%81%D0%BA%D0%B8%D0%B9+%D1%81%D0%B0%D0%B4&district_id=4504209512726618&type=branch&page=2&page_size=10&fields=items.point%2Citems.name%2Citems.address_name%2Citems.reviews HTTP/1.1" 200 None
2025-10-30 20:50:08,604 - DEBUG - [получить_детские_сады_в_районе] - Статус ответа: 200
2025-10-30 20:50:08,604 - INFO - [получить_детские_сады_в_районе] - Загружено 10 детских садов со страницы 2
2025-10-30 20:50:09,105 - DEBUG - [получить_детские_сады_в_районе] - Запрос страницы 3 для района Северное Бутово
2025-10-30 20:50:09,107 - DEBUG - [_new_conn] - Starting new HTTPS connection (1): catalog.api.2gis.com:443
2025-10-30 20:50:09,492 - DEBUG - [_make_request] - https://catalog.api.2gis.com:443 "GET /3.0/items?key=cdbda41e-e8e4-4e8d-9886-f12c075adc64&q=%D0%B4%D0%B5%D1%82%D1%81%D0%BA%D0%B8%D0%B9+%D1%81%D0%B0%D0%B4&district_id=4504209512726618&type=branch&page=3&page_size=10&fields=items.point%2Citems.name%2Citems.address_name%2Citems.reviews HTTP/1.1" 200 None
2025-10-30 20:50:09,493 - DEBUG - [получить_детские_сады_в_районе] - Статус ответа: 200
2025-10-30 20:50:09,494 - INFO - [получить_детские_сады_в_районе] - Загружено 6 детских садов со страницы 3
2025-10-30 20:50:09,994 - DEBUG - [получить_детские_сады_в_районе] - Запрос страницы 4 для района Северное Бутово
2025-10-30 20:50:09,996 - DEBUG - [_new_conn] - Starting new HTTPS connection (1): catalog.api.2gis.com:443
2025-10-30 20:50:10,390 - DEBUG - [_make_request] - https://catalog.api.2gis.com:443 "GET /3.0/items?key=cdbda41e-e8e4-4e8d-9886-f12c075adc64&q=%D0%B4%D0%B5%D1%82%D1%81%D0%BA%D0%B8%D0%B9+%D1%81%D0%B0%D0%B4&district_id=4504209512726618&type=branch&page=4&page_size=10&fields=items.point%2Citems.name%2Citems.address_name%2Citems.reviews HTTP/1.1" 200 133
2025-10-30 20:50:10,391 - DEBUG - [получить_детские_сады_в_районе] - Статус ответа: 200
2025-10-30 20:50:10,391 - WARNING - [получить_детские_сады_в_районе] - На странице 4 нет данных в ожидаемом формате
2025-10-30 20:50:10,892 - DEBUG - [получить_детские_сады_в_районе] - Запрос страницы 5 для района Северное Бутово
2025-10-30 20:50:10,893 - DEBUG - [_new_conn] - Starting new HTTPS connection (1): catalog.api.2gis.com:443
2025-10-30 20:50:11,281 - DEBUG - [_make_request] - https://catalog.api.2gis.com:443 "GET /3.0/items?key=cdbda41e-e8e4-4e8d-9886-f12c075adc64&q=%D0%B4%D0%B5%D1%82%D1%81%D0%BA%D0%B8%D0%B9+%D1%81%D0%B0%D0%B4&district_id=4504209512726618&type=branch&page=5&page_size=10&fields=items.point%2Citems.name%2Citems.address_name%2Citems.reviews HTTP/1.1" 200 133
2025-10-30 20:50:11,282 - DEBUG - [получить_детские_сады_в_районе] - Статус ответа: 200
2025-10-30 20:50:11,282 - WARNING - [получить_детские_сады_в_районе] - На странице 5 нет данных в ожидаемом формате
2025-10-30 20:50:11,283 - INFO - [получить_детские_сады_в_районе] - Завершение сбора для района Северное Бутово. Найдено детских садов: 26
2025-10-30 20:50:11,285 - INFO - [<cell line: 0>] - Район 'Северное Бутово' завершен. Детских садов: 26
2025-10-30 20:50:12,287 - INFO - [<cell line: 0>] - [94/132] Обработка района: Северное Измайлово
2025-10-30 20:50:12,288 - INFO - [получить_детские_сады_в_районе] - Начало сбора детских садов для района: Северное Измайлово (ID: 4504209512726583)
2025-10-30 20:50:12,289 - DEBUG - [получить_детские_сады_в_районе] - Запрос страницы 1 для района Северное Измайлово
2025-10-30 20:50:12,290 - DEBUG - [_new_conn] - Starting new HTTPS connection (1): catalog.api.2gis.com:443
2025-10-30 20:50:12,695 - DEBUG - [_make_request] - https://catalog.api.2gis.com:443 "GET /3.0/items?key=cdbda41e-e8e4-4e8d-9886-f12c075adc64&q=%D0%B4%D0%B5%D1%82%D1%81%D0%BA%D0%B8%D0%B9+%D1%81%D0%B0%D0%B4&district_id=4504209512726583&type=branch&page=1&page_size=10&fields=items.point%2Citems.name%2Citems.address_name%2Citems.reviews HTTP/1.1" 200 None
2025-10-30 20:50:12,696 - DEBUG - [получить_детские_сады_в_районе] - Статус ответа: 200
2025-10-30 20:50:12,696 - INFO - [получить_детские_сады_в_районе] - Загружено 10 детских садов со страницы 1
2025-10-30 20:50:13,197 - DEBUG - [получить_детские_сады_в_районе] - Запрос страницы 2 для района Северное Измайлово
2025-10-30 20:50:13,198 - DEBUG - [_new_conn] - Starting new HTTPS connection (1): catalog.api.2gis.com:443
2025-10-30 20:50:13,596 - DEBUG - [_make_request] - https://catalog.api.2gis.com:443 "GET /3.0/items?key=cdbda41e-e8e4-4e8d-9886-f12c075adc64&q=%D0%B4%D0%B5%D1%82%D1%81%D0%BA%D0%B8%D0%B9+%D1%81%D0%B0%D0%B4&district_id=4504209512726583&type=branch&page=2&page_size=10&fields=items.point%2Citems.name%2Citems.address_name%2Citems.reviews HTTP/1.1" 200 None
2025-10-30 20:50:13,597 - DEBUG - [получить_детские_сады_в_районе] - Статус ответа: 200
2025-10-30 20:50:13,597 - INFO - [получить_детские_сады_в_районе] - Загружено 10 детских садов со страницы 2
2025-10-30 20:50:14,098 - DEBUG - [получить_детские_сады_в_районе] - Запрос страницы 3 для района Северное Измайлово
2025-10-30 20:50:14,099 - DEBUG - [_new_conn] - Starting new HTTPS connection (1): catalog.api.2gis.com:443
2025-10-30 20:50:14,500 - DEBUG - [_make_request] - https://catalog.api.2gis.com:443 "GET /3.0/items?key=cdbda41e-e8e4-4e8d-9886-f12c075adc64&q=%D0%B4%D0%B5%D1%82%D1%81%D0%BA%D0%B8%D0%B9+%D1%81%D0%B0%D0%B4&district_id=4504209512726583&type=branch&page=3&page_size=10&fields=items.point%2Citems.name%2Citems.address_name%2Citems.reviews HTTP/1.1" 200 None
2025-10-30 20:50:14,501 - DEBUG - [получить_детские_сады_в_районе] - Статус ответа: 200
2025-10-30 20:50:14,502 - INFO - [получить_детские_сады_в_районе] - Загружено 7 детских садов со страницы 3
2025-10-30 20:50:15,003 - DEBUG - [получить_детские_сады_в_районе] - Запрос страницы 4 для района Северное Измайлово
2025-10-30 20:50:15,004 - DEBUG - [_new_conn] - Starting new HTTPS connection (1): catalog.api.2gis.com:443
2025-10-30 20:50:15,389 - DEBUG - [_make_request] - https://catalog.api.2gis.com:443 "GET /3.0/items?key=cdbda41e-e8e4-4e8d-9886-f12c075adc64&q=%D0%B4%D0%B5%D1%82%D1%81%D0%BA%D0%B8%D0%B9+%D1%81%D0%B0%D0%B4&district_id=4504209512726583&type=branch&page=4&page_size=10&fields=items.point%2Citems.name%2Citems.address_name%2Citems.reviews HTTP/1.1" 200 133
2025-10-30 20:50:15,390 - DEBUG - [получить_детские_сады_в_районе] - Статус ответа: 200
2025-10-30 20:50:15,390 - WARNING - [получить_детские_сады_в_районе] - На странице 4 нет данных в ожидаемом формате
2025-10-30 20:50:15,891 - DEBUG - [получить_детские_сады_в_районе] - Запрос страницы 5 для района Северное Измайлово
2025-10-30 20:50:15,893 - DEBUG - [_new_conn] - Starting new HTTPS connection (1): catalog.api.2gis.com:443
2025-10-30 20:50:16,278 - DEBUG - [_make_request] - https://catalog.api.2gis.com:443 "GET /3.0/items?key=cdbda41e-e8e4-4e8d-9886-f12c075adc64&q=%D0%B4%D0%B5%D1%82%D1%81%D0%BA%D0%B8%D0%B9+%D1%81%D0%B0%D0%B4&district_id=4504209512726583&type=branch&page=5&page_size=10&fields=items.point%2Citems.name%2Citems.address_name%2Citems.reviews HTTP/1.1" 200 133
2025-10-30 20:50:16,279 - DEBUG - [получить_детские_сады_в_районе] - Статус ответа: 200
2025-10-30 20:50:16,279 - WARNING - [получить_детские_сады_в_районе] - На странице 5 нет данных в ожидаемом формате
2025-10-30 20:50:16,280 - INFO - [получить_детские_сады_в_районе] - Завершение сбора для района Северное Измайлово. Найдено детских садов: 27
2025-10-30 20:50:16,281 - INFO - [<cell line: 0>] - Район 'Северное Измайлово' завершен. Детских садов: 27
2025-10-30 20:50:17,284 - INFO - [<cell line: 0>] - [95/132] Обработка района: Северное Медведково
2025-10-30 20:50:17,285 - INFO - [получить_детские_сады_в_районе] - Начало сбора детских садов для района: Северное Медведково (ID: 4504209512726566)
2025-10-30 20:50:17,286 - DEBUG - [получить_детские_сады_в_районе] - Запрос страницы 1 для района Северное Медведково
2025-10-30 20:50:17,289 - DEBUG - [_new_conn] - Starting new HTTPS connection (1): catalog.api.2gis.com:443
2025-10-30 20:50:17,689 - DEBUG - [_make_request] - https://catalog.api.2gis.com:443 "GET /3.0/items?key=cdbda41e-e8e4-4e8d-9886-f12c075adc64&q=%D0%B4%D0%B5%D1%82%D1%81%D0%BA%D0%B8%D0%B9+%D1%81%D0%B0%D0%B4&district_id=4504209512726566&type=branch&page=1&page_size=10&fields=items.point%2Citems.name%2Citems.address_name%2Citems.reviews HTTP/1.1" 200 None
2025-10-30 20:50:17,690 - DEBUG - [получить_детские_сады_в_районе] - Статус ответа: 200
2025-10-30 20:50:17,690 - INFO - [получить_детские_сады_в_районе] - Загружено 10 детских садов со страницы 1
2025-10-30 20:50:18,191 - DEBUG - [получить_детские_сады_в_районе] - Запрос страницы 2 для района Северное Медведково
2025-10-30 20:50:18,192 - DEBUG - [_new_conn] - Starting new HTTPS connection (1): catalog.api.2gis.com:443
2025-10-30 20:50:18,604 - DEBUG - [_make_request] - https://catalog.api.2gis.com:443 "GET /3.0/items?key=cdbda41e-e8e4-4e8d-9886-f12c075adc64&q=%D0%B4%D0%B5%D1%82%D1%81%D0%BA%D0%B8%D0%B9+%D1%81%D0%B0%D0%B4&district_id=4504209512726566&type=branch&page=2&page_size=10&fields=items.point%2Citems.name%2Citems.address_name%2Citems.reviews HTTP/1.1" 200 None
2025-10-30 20:50:18,605 - DEBUG - [получить_детские_сады_в_районе] - Статус ответа: 200
2025-10-30 20:50:18,605 - INFO - [получить_детские_сады_в_районе] - Загружено 10 детских садов со страницы 2
2025-10-30 20:50:19,106 - DEBUG - [получить_детские_сады_в_районе] - Запрос страницы 3 для района Северное Медведково
2025-10-30 20:50:19,108 - DEBUG - [_new_conn] - Starting new HTTPS connection (1): catalog.api.2gis.com:443
2025-10-30 20:50:19,491 - DEBUG - [_make_request] - https://catalog.api.2gis.com:443 "GET /3.0/items?key=cdbda41e-e8e4-4e8d-9886-f12c075adc64&q=%D0%B4%D0%B5%D1%82%D1%81%D0%BA%D0%B8%D0%B9+%D1%81%D0%B0%D0%B4&district_id=4504209512726566&type=branch&page=3&page_size=10&fields=items.point%2Citems.name%2Citems.address_name%2Citems.reviews HTTP/1.1" 200 None
2025-10-30 20:50:19,492 - DEBUG - [получить_детские_сады_в_районе] - Статус ответа: 200
2025-10-30 20:50:19,492 - INFO - [получить_детские_сады_в_районе] - Загружено 4 детских садов со страницы 3
2025-10-30 20:50:19,993 - DEBUG - [получить_детские_сады_в_районе] - Запрос страницы 4 для района Северное Медведково
2025-10-30 20:50:19,994 - DEBUG - [_new_conn] - Starting new HTTPS connection (1): catalog.api.2gis.com:443
2025-10-30 20:50:20,382 - DEBUG - [_make_request] - https://catalog.api.2gis.com:443 "GET /3.0/items?key=cdbda41e-e8e4-4e8d-9886-f12c075adc64&q=%D0%B4%D0%B5%D1%82%D1%81%D0%BA%D0%B8%D0%B9+%D1%81%D0%B0%D0%B4&district_id=4504209512726566&type=branch&page=4&page_size=10&fields=items.point%2Citems.name%2Citems.address_name%2Citems.reviews HTTP/1.1" 200 133
2025-10-30 20:50:20,383 - DEBUG - [получить_детские_сады_в_районе] - Статус ответа: 200
2025-10-30 20:50:20,383 - WARNING - [получить_детские_сады_в_районе] - На странице 4 нет данных в ожидаемом формате
2025-10-30 20:50:20,884 - DEBUG - [получить_детские_сады_в_районе] - Запрос страницы 5 для района Северное Медведково
2025-10-30 20:50:20,885 - DEBUG - [_new_conn] - Starting new HTTPS connection (1): catalog.api.2gis.com:443
2025-10-30 20:50:21,283 - DEBUG - [_make_request] - https://catalog.api.2gis.com:443 "GET /3.0/items?key=cdbda41e-e8e4-4e8d-9886-f12c075adc64&q=%D0%B4%D0%B5%D1%82%D1%81%D0%BA%D0%B8%D0%B9+%D1%81%D0%B0%D0%B4&district_id=4504209512726566&type=branch&page=5&page_size=10&fields=items.point%2Citems.name%2Citems.address_name%2Citems.reviews HTTP/1.1" 200 133
2025-10-30 20:50:21,284 - DEBUG - [получить_детские_сады_в_районе] - Статус ответа: 200
2025-10-30 20:50:21,284 - WARNING - [получить_детские_сады_в_районе] - На странице 5 нет данных в ожидаемом формате
2025-10-30 20:50:21,285 - INFO - [получить_детские_сады_в_районе] - Завершение сбора для района Северное Медведково. Найдено детских садов: 24
2025-10-30 20:50:21,286 - INFO - [<cell line: 0>] - Район 'Северное Медведково' завершен. Детских садов: 24
2025-10-30 20:50:22,288 - INFO - [<cell line: 0>] - [96/132] Обработка района: Северное Тушино
2025-10-30 20:50:22,289 - INFO - [получить_детские_сады_в_районе] - Начало сбора детских садов для района: Северное Тушино (ID: 4504209512726646)
2025-10-30 20:50:22,291 - DEBUG - [получить_детские_сады_в_районе] - Запрос страницы 1 для района Северное Тушино
2025-10-30 20:50:22,293 - DEBUG - [_new_conn] - Starting new HTTPS connection (1): catalog.api.2gis.com:443
2025-10-30 20:50:22,703 - DEBUG - [_make_request] - https://catalog.api.2gis.com:443 "GET /3.0/items?key=cdbda41e-e8e4-4e8d-9886-f12c075adc64&q=%D0%B4%D0%B5%D1%82%D1%81%D0%BA%D0%B8%D0%B9+%D1%81%D0%B0%D0%B4&district_id=4504209512726646&type=branch&page=1&page_size=10&fields=items.point%2Citems.name%2Citems.address_name%2Citems.reviews HTTP/1.1" 200 None
2025-10-30 20:50:22,704 - DEBUG - [получить_детские_сады_в_районе] - Статус ответа: 200
2025-10-30 20:50:22,704 - INFO - [получить_детские_сады_в_районе] - Загружено 10 детских садов со страницы 1
2025-10-30 20:50:23,205 - DEBUG - [получить_детские_сады_в_районе] - Запрос страницы 2 для района Северное Тушино
2025-10-30 20:50:23,206 - DEBUG - [_new_conn] - Starting new HTTPS connection (1): catalog.api.2gis.com:443
2025-10-30 20:50:23,601 - DEBUG - [_make_request] - https://catalog.api.2gis.com:443 "GET /3.0/items?key=cdbda41e-e8e4-4e8d-9886-f12c075adc64&q=%D0%B4%D0%B5%D1%82%D1%81%D0%BA%D0%B8%D0%B9+%D1%81%D0%B0%D0%B4&district_id=4504209512726646&type=branch&page=2&page_size=10&fields=items.point%2Citems.name%2Citems.address_name%2Citems.reviews HTTP/1.1" 200 None
2025-10-30 20:50:23,602 - DEBUG - [получить_детские_сады_в_районе] - Статус ответа: 200
2025-10-30 20:50:23,602 - INFO - [получить_детские_сады_в_районе] - Загружено 10 детских садов со страницы 2
2025-10-30 20:50:24,103 - DEBUG - [получить_детские_сады_в_районе] - Запрос страницы 3 для района Северное Тушино
2025-10-30 20:50:24,104 - DEBUG - [_new_conn] - Starting new HTTPS connection (1): catalog.api.2gis.com:443
2025-10-30 20:50:24,499 - DEBUG - [_make_request] - https://catalog.api.2gis.com:443 "GET /3.0/items?key=cdbda41e-e8e4-4e8d-9886-f12c075adc64&q=%D0%B4%D0%B5%D1%82%D1%81%D0%BA%D0%B8%D0%B9+%D1%81%D0%B0%D0%B4&district_id=4504209512726646&type=branch&page=3&page_size=10&fields=items.point%2Citems.name%2Citems.address_name%2Citems.reviews HTTP/1.1" 200 None
2025-10-30 20:50:24,500 - DEBUG - [получить_детские_сады_в_районе] - Статус ответа: 200
2025-10-30 20:50:24,500 - INFO - [получить_детские_сады_в_районе] - Загружено 9 детских садов со страницы 3
2025-10-30 20:50:25,001 - DEBUG - [получить_детские_сады_в_районе] - Запрос страницы 4 для района Северное Тушино
2025-10-30 20:50:25,003 - DEBUG - [_new_conn] - Starting new HTTPS connection (1): catalog.api.2gis.com:443
2025-10-30 20:50:25,388 - DEBUG - [_make_request] - https://catalog.api.2gis.com:443 "GET /3.0/items?key=cdbda41e-e8e4-4e8d-9886-f12c075adc64&q=%D0%B4%D0%B5%D1%82%D1%81%D0%BA%D0%B8%D0%B9+%D1%81%D0%B0%D0%B4&district_id=4504209512726646&type=branch&page=4&page_size=10&fields=items.point%2Citems.name%2Citems.address_name%2Citems.reviews HTTP/1.1" 200 133
2025-10-30 20:50:25,389 - DEBUG - [получить_детские_сады_в_районе] - Статус ответа: 200
2025-10-30 20:50:25,389 - WARNING - [получить_детские_сады_в_районе] - На странице 4 нет данных в ожидаемом формате
2025-10-30 20:50:25,890 - DEBUG - [получить_детские_сады_в_районе] - Запрос страницы 5 для района Северное Тушино
2025-10-30 20:50:25,891 - DEBUG - [_new_conn] - Starting new HTTPS connection (1): catalog.api.2gis.com:443
2025-10-30 20:50:26,289 - DEBUG - [_make_request] - https://catalog.api.2gis.com:443 "GET /3.0/items?key=cdbda41e-e8e4-4e8d-9886-f12c075adc64&q=%D0%B4%D0%B5%D1%82%D1%81%D0%BA%D0%B8%D0%B9+%D1%81%D0%B0%D0%B4&district_id=4504209512726646&type=branch&page=5&page_size=10&fields=items.point%2Citems.name%2Citems.address_name%2Citems.reviews HTTP/1.1" 200 133
2025-10-30 20:50:26,290 - DEBUG - [получить_детские_сады_в_районе] - Статус ответа: 200
2025-10-30 20:50:26,290 - WARNING - [получить_детские_сады_в_районе] - На странице 5 нет данных в ожидаемом формате
2025-10-30 20:50:26,291 - INFO - [получить_детские_сады_в_районе] - Завершение сбора для района Северное Тушино. Найдено детских садов: 29
2025-10-30 20:50:26,293 - INFO - [<cell line: 0>] - Район 'Северное Тушино' завершен. Детских садов: 29
2025-10-30 20:50:27,294 - INFO - [<cell line: 0>] - [97/132] Обработка района: Северный
2025-10-30 20:50:27,295 - INFO - [получить_детские_сады_в_районе] - Начало сбора детских садов для района: Северный (ID: 4504209512726573)
2025-10-30 20:50:27,296 - DEBUG - [получить_детские_сады_в_районе] - Запрос страницы 1 для района Северный
2025-10-30 20:50:27,298 - DEBUG - [_new_conn] - Starting new HTTPS connection (1): catalog.api.2gis.com:443
2025-10-30 20:50:27,699 - DEBUG - [_make_request] - https://catalog.api.2gis.com:443 "GET /3.0/items?key=cdbda41e-e8e4-4e8d-9886-f12c075adc64&q=%D0%B4%D0%B5%D1%82%D1%81%D0%BA%D0%B8%D0%B9+%D1%81%D0%B0%D0%B4&district_id=4504209512726573&type=branch&page=1&page_size=10&fields=items.point%2Citems.name%2Citems.address_name%2Citems.reviews HTTP/1.1" 200 None
2025-10-30 20:50:27,701 - DEBUG - [получить_детские_сады_в_районе] - Статус ответа: 200
2025-10-30 20:50:27,702 - INFO - [получить_детские_сады_в_районе] - Загружено 10 детских садов со страницы 1
2025-10-30 20:50:28,203 - DEBUG - [получить_детские_сады_в_районе] - Запрос страницы 2 для района Северный
2025-10-30 20:50:28,204 - DEBUG - [_new_conn] - Starting new HTTPS connection (1): catalog.api.2gis.com:443
2025-10-30 20:50:28,783 - DEBUG - [_make_request] - https://catalog.api.2gis.com:443 "GET /3.0/items?key=cdbda41e-e8e4-4e8d-9886-f12c075adc64&q=%D0%B4%D0%B5%D1%82%D1%81%D0%BA%D0%B8%D0%B9+%D1%81%D0%B0%D0%B4&district_id=4504209512726573&type=branch&page=2&page_size=10&fields=items.point%2Citems.name%2Citems.address_name%2Citems.reviews HTTP/1.1" 200 None
2025-10-30 20:50:28,783 - DEBUG - [получить_детские_сады_в_районе] - Статус ответа: 200
2025-10-30 20:50:28,784 - INFO - [получить_детские_сады_в_районе] - Загружено 9 детских садов со страницы 2
2025-10-30 20:50:29,285 - DEBUG - [получить_детские_сады_в_районе] - Запрос страницы 3 для района Северный
2025-10-30 20:50:29,286 - DEBUG - [_new_conn] - Starting new HTTPS connection (1): catalog.api.2gis.com:443
2025-10-30 20:50:29,900 - DEBUG - [_make_request] - https://catalog.api.2gis.com:443 "GET /3.0/items?key=cdbda41e-e8e4-4e8d-9886-f12c075adc64&q=%D0%B4%D0%B5%D1%82%D1%81%D0%BA%D0%B8%D0%B9+%D1%81%D0%B0%D0%B4&district_id=4504209512726573&type=branch&page=3&page_size=10&fields=items.point%2Citems.name%2Citems.address_name%2Citems.reviews HTTP/1.1" 200 133
2025-10-30 20:50:29,901 - DEBUG - [получить_детские_сады_в_районе] - Статус ответа: 200
2025-10-30 20:50:29,901 - WARNING - [получить_детские_сады_в_районе] - На странице 3 нет данных в ожидаемом формате
2025-10-30 20:50:30,402 - DEBUG - [получить_детские_сады_в_районе] - Запрос страницы 4 для района Северный
2025-10-30 20:50:30,403 - DEBUG - [_new_conn] - Starting new HTTPS connection (1): catalog.api.2gis.com:443
2025-10-30 20:50:30,790 - DEBUG - [_make_request] - https://catalog.api.2gis.com:443 "GET /3.0/items?key=cdbda41e-e8e4-4e8d-9886-f12c075adc64&q=%D0%B4%D0%B5%D1%82%D1%81%D0%BA%D0%B8%D0%B9+%D1%81%D0%B0%D0%B4&district_id=4504209512726573&type=branch&page=4&page_size=10&fields=items.point%2Citems.name%2Citems.address_name%2Citems.reviews HTTP/1.1" 200 133
2025-10-30 20:50:30,791 - DEBUG - [получить_детские_сады_в_районе] - Статус ответа: 200
2025-10-30 20:50:30,791 - WARNING - [получить_детские_сады_в_районе] - На странице 4 нет данных в ожидаемом формате
2025-10-30 20:50:31,292 - DEBUG - [получить_детские_сады_в_районе] - Запрос страницы 5 для района Северный
2025-10-30 20:50:31,293 - DEBUG - [_new_conn] - Starting new HTTPS connection (1): catalog.api.2gis.com:443
2025-10-30 20:50:31,675 - DEBUG - [_make_request] - https://catalog.api.2gis.com:443 "GET /3.0/items?key=cdbda41e-e8e4-4e8d-9886-f12c075adc64&q=%D0%B4%D0%B5%D1%82%D1%81%D0%BA%D0%B8%D0%B9+%D1%81%D0%B0%D0%B4&district_id=4504209512726573&type=branch&page=5&page_size=10&fields=items.point%2Citems.name%2Citems.address_name%2Citems.reviews HTTP/1.1" 200 133
2025-10-30 20:50:31,677 - DEBUG - [получить_детские_сады_в_районе] - Статус ответа: 200
2025-10-30 20:50:31,677 - WARNING - [получить_детские_сады_в_районе] - На странице 5 нет данных в ожидаемом формате
2025-10-30 20:50:31,678 - INFO - [получить_детские_сады_в_районе] - Завершение сбора для района Северный. Найдено детских садов: 19
2025-10-30 20:50:31,680 - INFO - [<cell line: 0>] - Район 'Северный' завершен. Детских садов: 19
2025-10-30 20:50:32,682 - INFO - [<cell line: 0>] - [98/132] Обработка района: Силино
2025-10-30 20:50:32,682 - INFO - [получить_детские_сады_в_районе] - Начало сбора детских садов для района: Силино (ID: 4504209512726656)
2025-10-30 20:50:32,683 - DEBUG - [получить_детские_сады_в_районе] - Запрос страницы 1 для района Силино
2025-10-30 20:50:32,686 - DEBUG - [_new_conn] - Starting new HTTPS connection (1): catalog.api.2gis.com:443
2025-10-30 20:50:33,067 - DEBUG - [_make_request] - https://catalog.api.2gis.com:443 "GET /3.0/items?key=cdbda41e-e8e4-4e8d-9886-f12c075adc64&q=%D0%B4%D0%B5%D1%82%D1%81%D0%BA%D0%B8%D0%B9+%D1%81%D0%B0%D0%B4&district_id=4504209512726656&type=branch&page=1&page_size=10&fields=items.point%2Citems.name%2Citems.address_name%2Citems.reviews HTTP/1.1" 200 None
2025-10-30 20:50:33,067 - DEBUG - [получить_детские_сады_в_районе] - Статус ответа: 200
2025-10-30 20:50:33,068 - INFO - [получить_детские_сады_в_районе] - Загружено 9 детских садов со страницы 1
2025-10-30 20:50:33,569 - DEBUG - [получить_детские_сады_в_районе] - Запрос страницы 2 для района Силино
2025-10-30 20:50:33,570 - DEBUG - [_new_conn] - Starting new HTTPS connection (1): catalog.api.2gis.com:443
2025-10-30 20:50:33,951 - DEBUG - [_make_request] - https://catalog.api.2gis.com:443 "GET /3.0/items?key=cdbda41e-e8e4-4e8d-9886-f12c075adc64&q=%D0%B4%D0%B5%D1%82%D1%81%D0%BA%D0%B8%D0%B9+%D1%81%D0%B0%D0%B4&district_id=4504209512726656&type=branch&page=2&page_size=10&fields=items.point%2Citems.name%2Citems.address_name%2Citems.reviews HTTP/1.1" 200 133
2025-10-30 20:50:33,952 - DEBUG - [получить_детские_сады_в_районе] - Статус ответа: 200
2025-10-30 20:50:33,952 - WARNING - [получить_детские_сады_в_районе] - На странице 2 нет данных в ожидаемом формате
2025-10-30 20:50:34,453 - DEBUG - [получить_детские_сады_в_районе] - Запрос страницы 3 для района Силино
2025-10-30 20:50:34,454 - DEBUG - [_new_conn] - Starting new HTTPS connection (1): catalog.api.2gis.com:443
2025-10-30 20:50:34,839 - DEBUG - [_make_request] - https://catalog.api.2gis.com:443 "GET /3.0/items?key=cdbda41e-e8e4-4e8d-9886-f12c075adc64&q=%D0%B4%D0%B5%D1%82%D1%81%D0%BA%D0%B8%D0%B9+%D1%81%D0%B0%D0%B4&district_id=4504209512726656&type=branch&page=3&page_size=10&fields=items.point%2Citems.name%2Citems.address_name%2Citems.reviews HTTP/1.1" 200 133
2025-10-30 20:50:34,840 - DEBUG - [получить_детские_сады_в_районе] - Статус ответа: 200
2025-10-30 20:50:34,840 - WARNING - [получить_детские_сады_в_районе] - На странице 3 нет данных в ожидаемом формате
2025-10-30 20:50:35,341 - DEBUG - [получить_детские_сады_в_районе] - Запрос страницы 4 для района Силино
2025-10-30 20:50:35,342 - DEBUG - [_new_conn] - Starting new HTTPS connection (1): catalog.api.2gis.com:443
2025-10-30 20:50:35,718 - DEBUG - [_make_request] - https://catalog.api.2gis.com:443 "GET /3.0/items?key=cdbda41e-e8e4-4e8d-9886-f12c075adc64&q=%D0%B4%D0%B5%D1%82%D1%81%D0%BA%D0%B8%D0%B9+%D1%81%D0%B0%D0%B4&district_id=4504209512726656&type=branch&page=4&page_size=10&fields=items.point%2Citems.name%2Citems.address_name%2Citems.reviews HTTP/1.1" 200 133
2025-10-30 20:50:35,719 - DEBUG - [получить_детские_сады_в_районе] - Статус ответа: 200
2025-10-30 20:50:35,719 - WARNING - [получить_детские_сады_в_районе] - На странице 4 нет данных в ожидаемом формате
2025-10-30 20:50:36,220 - DEBUG - [получить_детские_сады_в_районе] - Запрос страницы 5 для района Силино
2025-10-30 20:50:36,222 - DEBUG - [_new_conn] - Starting new HTTPS connection (1): catalog.api.2gis.com:443
2025-10-30 20:50:36,638 - DEBUG - [_make_request] - https://catalog.api.2gis.com:443 "GET /3.0/items?key=cdbda41e-e8e4-4e8d-9886-f12c075adc64&q=%D0%B4%D0%B5%D1%82%D1%81%D0%BA%D0%B8%D0%B9+%D1%81%D0%B0%D0%B4&district_id=4504209512726656&type=branch&page=5&page_size=10&fields=items.point%2Citems.name%2Citems.address_name%2Citems.reviews HTTP/1.1" 200 133
2025-10-30 20:50:36,640 - DEBUG - [получить_детские_сады_в_районе] - Статус ответа: 200
2025-10-30 20:50:36,640 - WARNING - [получить_детские_сады_в_районе] - На странице 5 нет данных в ожидаемом формате
2025-10-30 20:50:36,641 - INFO - [получить_детские_сады_в_районе] - Завершение сбора для района Силино. Найдено детских садов: 9
2025-10-30 20:50:36,642 - INFO - [<cell line: 0>] - Район 'Силино' завершен. Детских садов: 9
2025-10-30 20:50:37,645 - INFO - [<cell line: 0>] - [99/132] Обработка района: Сокол
2025-10-30 20:50:37,646 - INFO - [получить_детские_сады_в_районе] - Начало сбора детских садов для района: Сокол (ID: 4504209512726552)
2025-10-30 20:50:37,647 - DEBUG - [получить_детские_сады_в_районе] - Запрос страницы 1 для района Сокол
2025-10-30 20:50:37,649 - DEBUG - [_new_conn] - Starting new HTTPS connection (1): catalog.api.2gis.com:443
2025-10-30 20:50:38,053 - DEBUG - [_make_request] - https://catalog.api.2gis.com:443 "GET /3.0/items?key=cdbda41e-e8e4-4e8d-9886-f12c075adc64&q=%D0%B4%D0%B5%D1%82%D1%81%D0%BA%D0%B8%D0%B9+%D1%81%D0%B0%D0%B4&district_id=4504209512726552&type=branch&page=1&page_size=10&fields=items.point%2Citems.name%2Citems.address_name%2Citems.reviews HTTP/1.1" 200 None
2025-10-30 20:50:38,053 - DEBUG - [получить_детские_сады_в_районе] - Статус ответа: 200
2025-10-30 20:50:38,054 - INFO - [получить_детские_сады_в_районе] - Загружено 10 детских садов со страницы 1
2025-10-30 20:50:38,555 - DEBUG - [получить_детские_сады_в_районе] - Запрос страницы 2 для района Сокол
2025-10-30 20:50:38,556 - DEBUG - [_new_conn] - Starting new HTTPS connection (1): catalog.api.2gis.com:443
2025-10-30 20:50:38,964 - DEBUG - [_make_request] - https://catalog.api.2gis.com:443 "GET /3.0/items?key=cdbda41e-e8e4-4e8d-9886-f12c075adc64&q=%D0%B4%D0%B5%D1%82%D1%81%D0%BA%D0%B8%D0%B9+%D1%81%D0%B0%D0%B4&district_id=4504209512726552&type=branch&page=2&page_size=10&fields=items.point%2Citems.name%2Citems.address_name%2Citems.reviews HTTP/1.1" 200 None
2025-10-30 20:50:38,965 - DEBUG - [получить_детские_сады_в_районе] - Статус ответа: 200
2025-10-30 20:50:38,965 - INFO - [получить_детские_сады_в_районе] - Загружено 9 детских садов со страницы 2
2025-10-30 20:50:39,466 - DEBUG - [получить_детские_сады_в_районе] - Запрос страницы 3 для района Сокол
2025-10-30 20:50:39,468 - DEBUG - [_new_conn] - Starting new HTTPS connection (1): catalog.api.2gis.com:443
2025-10-30 20:50:39,864 - DEBUG - [_make_request] - https://catalog.api.2gis.com:443 "GET /3.0/items?key=cdbda41e-e8e4-4e8d-9886-f12c075adc64&q=%D0%B4%D0%B5%D1%82%D1%81%D0%BA%D0%B8%D0%B9+%D1%81%D0%B0%D0%B4&district_id=4504209512726552&type=branch&page=3&page_size=10&fields=items.point%2Citems.name%2Citems.address_name%2Citems.reviews HTTP/1.1" 200 133
2025-10-30 20:50:39,865 - DEBUG - [получить_детские_сады_в_районе] - Статус ответа: 200
2025-10-30 20:50:39,865 - WARNING - [получить_детские_сады_в_районе] - На странице 3 нет данных в ожидаемом формате
2025-10-30 20:50:40,366 - DEBUG - [получить_детские_сады_в_районе] - Запрос страницы 4 для района Сокол
2025-10-30 20:50:40,368 - DEBUG - [_new_conn] - Starting new HTTPS connection (1): catalog.api.2gis.com:443
2025-10-30 20:50:40,758 - DEBUG - [_make_request] - https://catalog.api.2gis.com:443 "GET /3.0/items?key=cdbda41e-e8e4-4e8d-9886-f12c075adc64&q=%D0%B4%D0%B5%D1%82%D1%81%D0%BA%D0%B8%D0%B9+%D1%81%D0%B0%D0%B4&district_id=4504209512726552&type=branch&page=4&page_size=10&fields=items.point%2Citems.name%2Citems.address_name%2Citems.reviews HTTP/1.1" 200 133
2025-10-30 20:50:40,760 - DEBUG - [получить_детские_сады_в_районе] - Статус ответа: 200
2025-10-30 20:50:40,760 - WARNING - [получить_детские_сады_в_районе] - На странице 4 нет данных в ожидаемом формате
2025-10-30 20:50:41,261 - DEBUG - [получить_детские_сады_в_районе] - Запрос страницы 5 для района Сокол
2025-10-30 20:50:41,263 - DEBUG - [_new_conn] - Starting new HTTPS connection (1): catalog.api.2gis.com:443
2025-10-30 20:50:41,647 - DEBUG - [_make_request] - https://catalog.api.2gis.com:443 "GET /3.0/items?key=cdbda41e-e8e4-4e8d-9886-f12c075adc64&q=%D0%B4%D0%B5%D1%82%D1%81%D0%BA%D0%B8%D0%B9+%D1%81%D0%B0%D0%B4&district_id=4504209512726552&type=branch&page=5&page_size=10&fields=items.point%2Citems.name%2Citems.address_name%2Citems.reviews HTTP/1.1" 200 133
2025-10-30 20:50:41,648 - DEBUG - [получить_детские_сады_в_районе] - Статус ответа: 200
2025-10-30 20:50:41,648 - WARNING - [получить_детские_сады_в_районе] - На странице 5 нет данных в ожидаемом формате
2025-10-30 20:50:41,649 - INFO - [получить_детские_сады_в_районе] - Завершение сбора для района Сокол. Найдено детских садов: 19
2025-10-30 20:50:41,651 - INFO - [<cell line: 0>] - Район 'Сокол' завершен. Детских садов: 19
2025-10-30 20:50:42,653 - INFO - [<cell line: 0>] - [100/132] Обработка района: Соколиная Гора
2025-10-30 20:50:42,653 - INFO - [получить_детские_сады_в_районе] - Начало сбора детских садов для района: Соколиная Гора (ID: 4504209512726585)
2025-10-30 20:50:42,655 - DEBUG - [получить_детские_сады_в_районе] - Запрос страницы 1 для района Соколиная Гора
2025-10-30 20:50:42,657 - DEBUG - [_new_conn] - Starting new HTTPS connection (1): catalog.api.2gis.com:443
2025-10-30 20:50:43,069 - DEBUG - [_make_request] - https://catalog.api.2gis.com:443 "GET /3.0/items?key=cdbda41e-e8e4-4e8d-9886-f12c075adc64&q=%D0%B4%D0%B5%D1%82%D1%81%D0%BA%D0%B8%D0%B9+%D1%81%D0%B0%D0%B4&district_id=4504209512726585&type=branch&page=1&page_size=10&fields=items.point%2Citems.name%2Citems.address_name%2Citems.reviews HTTP/1.1" 200 None
2025-10-30 20:50:43,070 - DEBUG - [получить_детские_сады_в_районе] - Статус ответа: 200
2025-10-30 20:50:43,071 - INFO - [получить_детские_сады_в_районе] - Загружено 10 детских садов со страницы 1
2025-10-30 20:50:43,572 - DEBUG - [получить_детские_сады_в_районе] - Запрос страницы 2 для района Соколиная Гора
2025-10-30 20:50:43,573 - DEBUG - [_new_conn] - Starting new HTTPS connection (1): catalog.api.2gis.com:443
2025-10-30 20:50:43,972 - DEBUG - [_make_request] - https://catalog.api.2gis.com:443 "GET /3.0/items?key=cdbda41e-e8e4-4e8d-9886-f12c075adc64&q=%D0%B4%D0%B5%D1%82%D1%81%D0%BA%D0%B8%D0%B9+%D1%81%D0%B0%D0%B4&district_id=4504209512726585&type=branch&page=2&page_size=10&fields=items.point%2Citems.name%2Citems.address_name%2Citems.reviews HTTP/1.1" 200 None
2025-10-30 20:50:43,973 - DEBUG - [получить_детские_сады_в_районе] - Статус ответа: 200
2025-10-30 20:50:43,973 - INFO - [получить_детские_сады_в_районе] - Загружено 10 детских садов со страницы 2
2025-10-30 20:50:44,474 - DEBUG - [получить_детские_сады_в_районе] - Запрос страницы 3 для района Соколиная Гора
2025-10-30 20:50:44,476 - DEBUG - [_new_conn] - Starting new HTTPS connection (1): catalog.api.2gis.com:443
2025-10-30 20:50:44,896 - DEBUG - [_make_request] - https://catalog.api.2gis.com:443 "GET /3.0/items?key=cdbda41e-e8e4-4e8d-9886-f12c075adc64&q=%D0%B4%D0%B5%D1%82%D1%81%D0%BA%D0%B8%D0%B9+%D1%81%D0%B0%D0%B4&district_id=4504209512726585&type=branch&page=3&page_size=10&fields=items.point%2Citems.name%2Citems.address_name%2Citems.reviews HTTP/1.1" 200 None
2025-10-30 20:50:44,897 - DEBUG - [получить_детские_сады_в_районе] - Статус ответа: 200
2025-10-30 20:50:44,897 - INFO - [получить_детские_сады_в_районе] - Загружено 7 детских садов со страницы 3
2025-10-30 20:50:45,398 - DEBUG - [получить_детские_сады_в_районе] - Запрос страницы 4 для района Соколиная Гора
2025-10-30 20:50:45,399 - DEBUG - [_new_conn] - Starting new HTTPS connection (1): catalog.api.2gis.com:443
2025-10-30 20:50:45,776 - DEBUG - [_make_request] - https://catalog.api.2gis.com:443 "GET /3.0/items?key=cdbda41e-e8e4-4e8d-9886-f12c075adc64&q=%D0%B4%D0%B5%D1%82%D1%81%D0%BA%D0%B8%D0%B9+%D1%81%D0%B0%D0%B4&district_id=4504209512726585&type=branch&page=4&page_size=10&fields=items.point%2Citems.name%2Citems.address_name%2Citems.reviews HTTP/1.1" 200 133
2025-10-30 20:50:45,777 - DEBUG - [получить_детские_сады_в_районе] - Статус ответа: 200
2025-10-30 20:50:45,777 - WARNING - [получить_детские_сады_в_районе] - На странице 4 нет данных в ожидаемом формате
2025-10-30 20:50:46,278 - DEBUG - [получить_детские_сады_в_районе] - Запрос страницы 5 для района Соколиная Гора
2025-10-30 20:50:46,280 - DEBUG - [_new_conn] - Starting new HTTPS connection (1): catalog.api.2gis.com:443
2025-10-30 20:50:46,656 - DEBUG - [_make_request] - https://catalog.api.2gis.com:443 "GET /3.0/items?key=cdbda41e-e8e4-4e8d-9886-f12c075adc64&q=%D0%B4%D0%B5%D1%82%D1%81%D0%BA%D0%B8%D0%B9+%D1%81%D0%B0%D0%B4&district_id=4504209512726585&type=branch&page=5&page_size=10&fields=items.point%2Citems.name%2Citems.address_name%2Citems.reviews HTTP/1.1" 200 133
2025-10-30 20:50:46,657 - DEBUG - [получить_детские_сады_в_районе] - Статус ответа: 200
2025-10-30 20:50:46,657 - WARNING - [получить_детские_сады_в_районе] - На странице 5 нет данных в ожидаемом формате
2025-10-30 20:50:46,658 - INFO - [получить_детские_сады_в_районе] - Завершение сбора для района Соколиная Гора. Найдено детских садов: 27
2025-10-30 20:50:46,659 - INFO - [<cell line: 0>] - Район 'Соколиная Гора' завершен. Детских садов: 27
2025-10-30 20:50:47,661 - INFO - [<cell line: 0>] - [101/132] Обработка района: Сокольники
2025-10-30 20:50:47,662 - INFO - [получить_детские_сады_в_районе] - Начало сбора детских садов для района: Сокольники (ID: 4504209512726582)
2025-10-30 20:50:47,663 - DEBUG - [получить_детские_сады_в_районе] - Запрос страницы 1 для района Сокольники
2025-10-30 20:50:47,665 - DEBUG - [_new_conn] - Starting new HTTPS connection (1): catalog.api.2gis.com:443
2025-10-30 20:50:48,086 - DEBUG - [_make_request] - https://catalog.api.2gis.com:443 "GET /3.0/items?key=cdbda41e-e8e4-4e8d-9886-f12c075adc64&q=%D0%B4%D0%B5%D1%82%D1%81%D0%BA%D0%B8%D0%B9+%D1%81%D0%B0%D0%B4&district_id=4504209512726582&type=branch&page=1&page_size=10&fields=items.point%2Citems.name%2Citems.address_name%2Citems.reviews HTTP/1.1" 200 None
2025-10-30 20:50:48,087 - DEBUG - [получить_детские_сады_в_районе] - Статус ответа: 200
2025-10-30 20:50:48,088 - INFO - [получить_детские_сады_в_районе] - Загружено 10 детских садов со страницы 1
2025-10-30 20:50:48,589 - DEBUG - [получить_детские_сады_в_районе] - Запрос страницы 2 для района Сокольники
2025-10-30 20:50:48,590 - DEBUG - [_new_conn] - Starting new HTTPS connection (1): catalog.api.2gis.com:443
2025-10-30 20:50:48,987 - DEBUG - [_make_request] - https://catalog.api.2gis.com:443 "GET /3.0/items?key=cdbda41e-e8e4-4e8d-9886-f12c075adc64&q=%D0%B4%D0%B5%D1%82%D1%81%D0%BA%D0%B8%D0%B9+%D1%81%D0%B0%D0%B4&district_id=4504209512726582&type=branch&page=2&page_size=10&fields=items.point%2Citems.name%2Citems.address_name%2Citems.reviews HTTP/1.1" 200 None
2025-10-30 20:50:48,988 - DEBUG - [получить_детские_сады_в_районе] - Статус ответа: 200
2025-10-30 20:50:48,988 - INFO - [получить_детские_сады_в_районе] - Загружено 10 детских садов со страницы 2
2025-10-30 20:50:49,489 - DEBUG - [получить_детские_сады_в_районе] - Запрос страницы 3 для района Сокольники
2025-10-30 20:50:49,492 - DEBUG - [_new_conn] - Starting new HTTPS connection (1): catalog.api.2gis.com:443
2025-10-30 20:50:49,869 - DEBUG - [_make_request] - https://catalog.api.2gis.com:443 "GET /3.0/items?key=cdbda41e-e8e4-4e8d-9886-f12c075adc64&q=%D0%B4%D0%B5%D1%82%D1%81%D0%BA%D0%B8%D0%B9+%D1%81%D0%B0%D0%B4&district_id=4504209512726582&type=branch&page=3&page_size=10&fields=items.point%2Citems.name%2Citems.address_name%2Citems.reviews HTTP/1.1" 200 None
2025-10-30 20:50:49,870 - DEBUG - [получить_детские_сады_в_районе] - Статус ответа: 200
2025-10-30 20:50:49,871 - INFO - [получить_детские_сады_в_районе] - Загружено 1 детских садов со страницы 3
2025-10-30 20:50:50,371 - DEBUG - [получить_детские_сады_в_районе] - Запрос страницы 4 для района Сокольники
2025-10-30 20:50:50,373 - DEBUG - [_new_conn] - Starting new HTTPS connection (1): catalog.api.2gis.com:443
2025-10-30 20:50:50,778 - DEBUG - [_make_request] - https://catalog.api.2gis.com:443 "GET /3.0/items?key=cdbda41e-e8e4-4e8d-9886-f12c075adc64&q=%D0%B4%D0%B5%D1%82%D1%81%D0%BA%D0%B8%D0%B9+%D1%81%D0%B0%D0%B4&district_id=4504209512726582&type=branch&page=4&page_size=10&fields=items.point%2Citems.name%2Citems.address_name%2Citems.reviews HTTP/1.1" 200 133
2025-10-30 20:50:50,779 - DEBUG - [получить_детские_сады_в_районе] - Статус ответа: 200
2025-10-30 20:50:50,780 - WARNING - [получить_детские_сады_в_районе] - На странице 4 нет данных в ожидаемом формате
2025-10-30 20:50:51,281 - DEBUG - [получить_детские_сады_в_районе] - Запрос страницы 5 для района Сокольники
2025-10-30 20:50:51,282 - DEBUG - [_new_conn] - Starting new HTTPS connection (1): catalog.api.2gis.com:443
2025-10-30 20:50:51,678 - DEBUG - [_make_request] - https://catalog.api.2gis.com:443 "GET /3.0/items?key=cdbda41e-e8e4-4e8d-9886-f12c075adc64&q=%D0%B4%D0%B5%D1%82%D1%81%D0%BA%D0%B8%D0%B9+%D1%81%D0%B0%D0%B4&district_id=4504209512726582&type=branch&page=5&page_size=10&fields=items.point%2Citems.name%2Citems.address_name%2Citems.reviews HTTP/1.1" 200 133
2025-10-30 20:50:51,680 - DEBUG - [получить_детские_сады_в_районе] - Статус ответа: 200
2025-10-30 20:50:51,680 - WARNING - [получить_детские_сады_в_районе] - На странице 5 нет данных в ожидаемом формате
2025-10-30 20:50:51,681 - INFO - [получить_детские_сады_в_районе] - Завершение сбора для района Сокольники. Найдено детских садов: 21
2025-10-30 20:50:51,682 - INFO - [<cell line: 0>] - Район 'Сокольники' завершен. Детских садов: 21
2025-10-30 20:50:52,683 - INFO - [<cell line: 0>] - [102/132] Обработка района: Солнцево
2025-10-30 20:50:52,684 - INFO - [получить_детские_сады_в_районе] - Начало сбора детских садов для района: Солнцево (ID: 4504209512726640)
2025-10-30 20:50:52,686 - DEBUG - [получить_детские_сады_в_районе] - Запрос страницы 1 для района Солнцево
2025-10-30 20:50:52,687 - DEBUG - [_new_conn] - Starting new HTTPS connection (1): catalog.api.2gis.com:443
2025-10-30 20:50:53,085 - DEBUG - [_make_request] - https://catalog.api.2gis.com:443 "GET /3.0/items?key=cdbda41e-e8e4-4e8d-9886-f12c075adc64&q=%D0%B4%D0%B5%D1%82%D1%81%D0%BA%D0%B8%D0%B9+%D1%81%D0%B0%D0%B4&district_id=4504209512726640&type=branch&page=1&page_size=10&fields=items.point%2Citems.name%2Citems.address_name%2Citems.reviews HTTP/1.1" 200 None
2025-10-30 20:50:53,086 - DEBUG - [получить_детские_сады_в_районе] - Статус ответа: 200
2025-10-30 20:50:53,087 - INFO - [получить_детские_сады_в_районе] - Загружено 10 детских садов со страницы 1
2025-10-30 20:50:53,588 - DEBUG - [получить_детские_сады_в_районе] - Запрос страницы 2 для района Солнцево
2025-10-30 20:50:53,589 - DEBUG - [_new_conn] - Starting new HTTPS connection (1): catalog.api.2gis.com:443
2025-10-30 20:50:53,989 - DEBUG - [_make_request] - https://catalog.api.2gis.com:443 "GET /3.0/items?key=cdbda41e-e8e4-4e8d-9886-f12c075adc64&q=%D0%B4%D0%B5%D1%82%D1%81%D0%BA%D0%B8%D0%B9+%D1%81%D0%B0%D0%B4&district_id=4504209512726640&type=branch&page=2&page_size=10&fields=items.point%2Citems.name%2Citems.address_name%2Citems.reviews HTTP/1.1" 200 None
2025-10-30 20:50:53,990 - DEBUG - [получить_детские_сады_в_районе] - Статус ответа: 200
2025-10-30 20:50:53,990 - INFO - [получить_детские_сады_в_районе] - Загружено 10 детских садов со страницы 2
2025-10-30 20:50:54,491 - DEBUG - [получить_детские_сады_в_районе] - Запрос страницы 3 для района Солнцево
2025-10-30 20:50:54,492 - DEBUG - [_new_conn] - Starting new HTTPS connection (1): catalog.api.2gis.com:443
2025-10-30 20:50:54,892 - DEBUG - [_make_request] - https://catalog.api.2gis.com:443 "GET /3.0/items?key=cdbda41e-e8e4-4e8d-9886-f12c075adc64&q=%D0%B4%D0%B5%D1%82%D1%81%D0%BA%D0%B8%D0%B9+%D1%81%D0%B0%D0%B4&district_id=4504209512726640&type=branch&page=3&page_size=10&fields=items.point%2Citems.name%2Citems.address_name%2Citems.reviews HTTP/1.1" 200 None
2025-10-30 20:50:54,893 - DEBUG - [получить_детские_сады_в_районе] - Статус ответа: 200
2025-10-30 20:50:54,893 - INFO - [получить_детские_сады_в_районе] - Загружено 10 детских садов со страницы 3
2025-10-30 20:50:55,394 - DEBUG - [получить_детские_сады_в_районе] - Запрос страницы 4 для района Солнцево
2025-10-30 20:50:55,395 - DEBUG - [_new_conn] - Starting new HTTPS connection (1): catalog.api.2gis.com:443
2025-10-30 20:50:55,792 - DEBUG - [_make_request] - https://catalog.api.2gis.com:443 "GET /3.0/items?key=cdbda41e-e8e4-4e8d-9886-f12c075adc64&q=%D0%B4%D0%B5%D1%82%D1%81%D0%BA%D0%B8%D0%B9+%D1%81%D0%B0%D0%B4&district_id=4504209512726640&type=branch&page=4&page_size=10&fields=items.point%2Citems.name%2Citems.address_name%2Citems.reviews HTTP/1.1" 200 None
2025-10-30 20:50:55,793 - DEBUG - [получить_детские_сады_в_районе] - Статус ответа: 200
2025-10-30 20:50:55,793 - INFO - [получить_детские_сады_в_районе] - Загружено 10 детских садов со страницы 4
2025-10-30 20:50:56,294 - DEBUG - [получить_детские_сады_в_районе] - Запрос страницы 5 для района Солнцево
2025-10-30 20:50:56,296 - DEBUG - [_new_conn] - Starting new HTTPS connection (1): catalog.api.2gis.com:443
2025-10-30 20:50:56,698 - DEBUG - [_make_request] - https://catalog.api.2gis.com:443 "GET /3.0/items?key=cdbda41e-e8e4-4e8d-9886-f12c075adc64&q=%D0%B4%D0%B5%D1%82%D1%81%D0%BA%D0%B8%D0%B9+%D1%81%D0%B0%D0%B4&district_id=4504209512726640&type=branch&page=5&page_size=10&fields=items.point%2Citems.name%2Citems.address_name%2Citems.reviews HTTP/1.1" 200 None
2025-10-30 20:50:56,699 - DEBUG - [получить_детские_сады_в_районе] - Статус ответа: 200
2025-10-30 20:50:56,700 - INFO - [получить_детские_сады_в_районе] - Загружено 10 детских садов со страницы 5
2025-10-30 20:50:56,700 - INFO - [получить_детские_сады_в_районе] - Завершение сбора для района Солнцево. Найдено детских садов: 50
2025-10-30 20:50:56,702 - INFO - [<cell line: 0>] - Район 'Солнцево' завершен. Детских садов: 50
2025-10-30 20:50:57,704 - INFO - [<cell line: 0>] - [103/132] Обработка района: Старое Крюково
2025-10-30 20:50:57,705 - INFO - [получить_детские_сады_в_районе] - Начало сбора детских садов для района: Старое Крюково (ID: 4504209512726655)
2025-10-30 20:50:57,706 - DEBUG - [получить_детские_сады_в_районе] - Запрос страницы 1 для района Старое Крюково
2025-10-30 20:50:57,708 - DEBUG - [_new_conn] - Starting new HTTPS connection (1): catalog.api.2gis.com:443
2025-10-30 20:50:58,109 - DEBUG - [_make_request] - https://catalog.api.2gis.com:443 "GET /3.0/items?key=cdbda41e-e8e4-4e8d-9886-f12c075adc64&q=%D0%B4%D0%B5%D1%82%D1%81%D0%BA%D0%B8%D0%B9+%D1%81%D0%B0%D0%B4&district_id=4504209512726655&type=branch&page=1&page_size=10&fields=items.point%2Citems.name%2Citems.address_name%2Citems.reviews HTTP/1.1" 200 None
2025-10-30 20:50:58,110 - DEBUG - [получить_детские_сады_в_районе] - Статус ответа: 200
2025-10-30 20:50:58,110 - INFO - [получить_детские_сады_в_районе] - Загружено 9 детских садов со страницы 1
2025-10-30 20:50:58,611 - DEBUG - [получить_детские_сады_в_районе] - Запрос страницы 2 для района Старое Крюково
2025-10-30 20:50:58,613 - DEBUG - [_new_conn] - Starting new HTTPS connection (1): catalog.api.2gis.com:443
2025-10-30 20:50:59,104 - DEBUG - [_make_request] - https://catalog.api.2gis.com:443 "GET /3.0/items?key=cdbda41e-e8e4-4e8d-9886-f12c075adc64&q=%D0%B4%D0%B5%D1%82%D1%81%D0%BA%D0%B8%D0%B9+%D1%81%D0%B0%D0%B4&district_id=4504209512726655&type=branch&page=2&page_size=10&fields=items.point%2Citems.name%2Citems.address_name%2Citems.reviews HTTP/1.1" 200 133
2025-10-30 20:50:59,105 - DEBUG - [получить_детские_сады_в_районе] - Статус ответа: 200
2025-10-30 20:50:59,105 - WARNING - [получить_детские_сады_в_районе] - На странице 2 нет данных в ожидаемом формате
2025-10-30 20:50:59,606 - DEBUG - [получить_детские_сады_в_районе] - Запрос страницы 3 для района Старое Крюково
2025-10-30 20:50:59,607 - DEBUG - [_new_conn] - Starting new HTTPS connection (1): catalog.api.2gis.com:443
2025-10-30 20:51:00,007 - DEBUG - [_make_request] - https://catalog.api.2gis.com:443 "GET /3.0/items?key=cdbda41e-e8e4-4e8d-9886-f12c075adc64&q=%D0%B4%D0%B5%D1%82%D1%81%D0%BA%D0%B8%D0%B9+%D1%81%D0%B0%D0%B4&district_id=4504209512726655&type=branch&page=3&page_size=10&fields=items.point%2Citems.name%2Citems.address_name%2Citems.reviews HTTP/1.1" 200 133
2025-10-30 20:51:00,008 - DEBUG - [получить_детские_сады_в_районе] - Статус ответа: 200
2025-10-30 20:51:00,008 - WARNING - [получить_детские_сады_в_районе] - На странице 3 нет данных в ожидаемом формате
2025-10-30 20:51:00,509 - DEBUG - [получить_детские_сады_в_районе] - Запрос страницы 4 для района Старое Крюково
2025-10-30 20:51:00,510 - DEBUG - [_new_conn] - Starting new HTTPS connection (1): catalog.api.2gis.com:443
2025-10-30 20:51:01,041 - DEBUG - [_make_request] - https://catalog.api.2gis.com:443 "GET /3.0/items?key=cdbda41e-e8e4-4e8d-9886-f12c075adc64&q=%D0%B4%D0%B5%D1%82%D1%81%D0%BA%D0%B8%D0%B9+%D1%81%D0%B0%D0%B4&district_id=4504209512726655&type=branch&page=4&page_size=10&fields=items.point%2Citems.name%2Citems.address_name%2Citems.reviews HTTP/1.1" 200 133
2025-10-30 20:51:01,042 - DEBUG - [получить_детские_сады_в_районе] - Статус ответа: 200
2025-10-30 20:51:01,042 - WARNING - [получить_детские_сады_в_районе] - На странице 4 нет данных в ожидаемом формате
2025-10-30 20:51:01,543 - DEBUG - [получить_детские_сады_в_районе] - Запрос страницы 5 для района Старое Крюково
2025-10-30 20:51:01,545 - DEBUG - [_new_conn] - Starting new HTTPS connection (1): catalog.api.2gis.com:443
2025-10-30 20:51:01,942 - DEBUG - [_make_request] - https://catalog.api.2gis.com:443 "GET /3.0/items?key=cdbda41e-e8e4-4e8d-9886-f12c075adc64&q=%D0%B4%D0%B5%D1%82%D1%81%D0%BA%D0%B8%D0%B9+%D1%81%D0%B0%D0%B4&district_id=4504209512726655&type=branch&page=5&page_size=10&fields=items.point%2Citems.name%2Citems.address_name%2Citems.reviews HTTP/1.1" 200 133
2025-10-30 20:51:01,943 - DEBUG - [получить_детские_сады_в_районе] - Статус ответа: 200
2025-10-30 20:51:01,943 - WARNING - [получить_детские_сады_в_районе] - На странице 5 нет данных в ожидаемом формате
2025-10-30 20:51:01,944 - INFO - [получить_детские_сады_в_районе] - Завершение сбора для района Старое Крюково. Найдено детских садов: 9
2025-10-30 20:51:01,946 - INFO - [<cell line: 0>] - Район 'Старое Крюково' завершен. Детских садов: 9
2025-10-30 20:51:02,947 - INFO - [<cell line: 0>] - [104/132] Обработка района: Строгино
2025-10-30 20:51:02,948 - INFO - [получить_детские_сады_в_районе] - Начало сбора детских садов для района: Строгино (ID: 4504209512726644)
2025-10-30 20:51:02,949 - DEBUG - [получить_детские_сады_в_районе] - Запрос страницы 1 для района Строгино
2025-10-30 20:51:02,952 - DEBUG - [_new_conn] - Starting new HTTPS connection (1): catalog.api.2gis.com:443
2025-10-30 20:51:03,360 - DEBUG - [_make_request] - https://catalog.api.2gis.com:443 "GET /3.0/items?key=cdbda41e-e8e4-4e8d-9886-f12c075adc64&q=%D0%B4%D0%B5%D1%82%D1%81%D0%BA%D0%B8%D0%B9+%D1%81%D0%B0%D0%B4&district_id=4504209512726644&type=branch&page=1&page_size=10&fields=items.point%2Citems.name%2Citems.address_name%2Citems.reviews HTTP/1.1" 200 None
2025-10-30 20:51:03,361 - DEBUG - [получить_детские_сады_в_районе] - Статус ответа: 200
2025-10-30 20:51:03,361 - INFO - [получить_детские_сады_в_районе] - Загружено 10 детских садов со страницы 1
2025-10-30 20:51:03,862 - DEBUG - [получить_детские_сады_в_районе] - Запрос страницы 2 для района Строгино
2025-10-30 20:51:03,864 - DEBUG - [_new_conn] - Starting new HTTPS connection (1): catalog.api.2gis.com:443
2025-10-30 20:51:04,280 - DEBUG - [_make_request] - https://catalog.api.2gis.com:443 "GET /3.0/items?key=cdbda41e-e8e4-4e8d-9886-f12c075adc64&q=%D0%B4%D0%B5%D1%82%D1%81%D0%BA%D0%B8%D0%B9+%D1%81%D0%B0%D0%B4&district_id=4504209512726644&type=branch&page=2&page_size=10&fields=items.point%2Citems.name%2Citems.address_name%2Citems.reviews HTTP/1.1" 200 None
2025-10-30 20:51:04,281 - DEBUG - [получить_детские_сады_в_районе] - Статус ответа: 200
2025-10-30 20:51:04,282 - INFO - [получить_детские_сады_в_районе] - Загружено 10 детских садов со страницы 2
2025-10-30 20:51:04,784 - DEBUG - [получить_детские_сады_в_районе] - Запрос страницы 3 для района Строгино
2025-10-30 20:51:04,786 - DEBUG - [_new_conn] - Starting new HTTPS connection (1): catalog.api.2gis.com:443
2025-10-30 20:51:05,171 - DEBUG - [_make_request] - https://catalog.api.2gis.com:443 "GET /3.0/items?key=cdbda41e-e8e4-4e8d-9886-f12c075adc64&q=%D0%B4%D0%B5%D1%82%D1%81%D0%BA%D0%B8%D0%B9+%D1%81%D0%B0%D0%B4&district_id=4504209512726644&type=branch&page=3&page_size=10&fields=items.point%2Citems.name%2Citems.address_name%2Citems.reviews HTTP/1.1" 200 None
2025-10-30 20:51:05,172 - DEBUG - [получить_детские_сады_в_районе] - Статус ответа: 200
2025-10-30 20:51:05,172 - INFO - [получить_детские_сады_в_районе] - Загружено 10 детских садов со страницы 3
2025-10-30 20:51:05,673 - DEBUG - [получить_детские_сады_в_районе] - Запрос страницы 4 для района Строгино
2025-10-30 20:51:05,674 - DEBUG - [_new_conn] - Starting new HTTPS connection (1): catalog.api.2gis.com:443
2025-10-30 20:51:06,062 - DEBUG - [_make_request] - https://catalog.api.2gis.com:443 "GET /3.0/items?key=cdbda41e-e8e4-4e8d-9886-f12c075adc64&q=%D0%B4%D0%B5%D1%82%D1%81%D0%BA%D0%B8%D0%B9+%D1%81%D0%B0%D0%B4&district_id=4504209512726644&type=branch&page=4&page_size=10&fields=items.point%2Citems.name%2Citems.address_name%2Citems.reviews HTTP/1.1" 200 None
2025-10-30 20:51:06,063 - DEBUG - [получить_детские_сады_в_районе] - Статус ответа: 200
2025-10-30 20:51:06,064 - INFO - [получить_детские_сады_в_районе] - Загружено 2 детских садов со страницы 4
2025-10-30 20:51:06,565 - DEBUG - [получить_детские_сады_в_районе] - Запрос страницы 5 для района Строгино
2025-10-30 20:51:06,566 - DEBUG - [_new_conn] - Starting new HTTPS connection (1): catalog.api.2gis.com:443
2025-10-30 20:51:06,947 - DEBUG - [_make_request] - https://catalog.api.2gis.com:443 "GET /3.0/items?key=cdbda41e-e8e4-4e8d-9886-f12c075adc64&q=%D0%B4%D0%B5%D1%82%D1%81%D0%BA%D0%B8%D0%B9+%D1%81%D0%B0%D0%B4&district_id=4504209512726644&type=branch&page=5&page_size=10&fields=items.point%2Citems.name%2Citems.address_name%2Citems.reviews HTTP/1.1" 200 133
2025-10-30 20:51:06,948 - DEBUG - [получить_детские_сады_в_районе] - Статус ответа: 200
2025-10-30 20:51:06,948 - WARNING - [получить_детские_сады_в_районе] - На странице 5 нет данных в ожидаемом формате
2025-10-30 20:51:06,949 - INFO - [получить_детские_сады_в_районе] - Завершение сбора для района Строгино. Найдено детских садов: 32
2025-10-30 20:51:06,951 - INFO - [<cell line: 0>] - Район 'Строгино' завершен. Детских садов: 32
2025-10-30 20:51:07,953 - INFO - [<cell line: 0>] - [105/132] Обработка района: Таганский
2025-10-30 20:51:07,954 - INFO - [получить_детские_сады_в_районе] - Начало сбора детских садов для района: Таганский (ID: 4504209512726538)
2025-10-30 20:51:07,955 - DEBUG - [получить_детские_сады_в_районе] - Запрос страницы 1 для района Таганский
2025-10-30 20:51:07,956 - DEBUG - [_new_conn] - Starting new HTTPS connection (1): catalog.api.2gis.com:443
2025-10-30 20:51:08,343 - DEBUG - [_make_request] - https://catalog.api.2gis.com:443 "GET /3.0/items?key=cdbda41e-e8e4-4e8d-9886-f12c075adc64&q=%D0%B4%D0%B5%D1%82%D1%81%D0%BA%D0%B8%D0%B9+%D1%81%D0%B0%D0%B4&district_id=4504209512726538&type=branch&page=1&page_size=10&fields=items.point%2Citems.name%2Citems.address_name%2Citems.reviews HTTP/1.1" 200 None
2025-10-30 20:51:08,344 - DEBUG - [получить_детские_сады_в_районе] - Статус ответа: 200
2025-10-30 20:51:08,344 - INFO - [получить_детские_сады_в_районе] - Загружено 10 детских садов со страницы 1
2025-10-30 20:51:08,845 - DEBUG - [получить_детские_сады_в_районе] - Запрос страницы 2 для района Таганский
2025-10-30 20:51:08,847 - DEBUG - [_new_conn] - Starting new HTTPS connection (1): catalog.api.2gis.com:443
2025-10-30 20:51:09,235 - DEBUG - [_make_request] - https://catalog.api.2gis.com:443 "GET /3.0/items?key=cdbda41e-e8e4-4e8d-9886-f12c075adc64&q=%D0%B4%D0%B5%D1%82%D1%81%D0%BA%D0%B8%D0%B9+%D1%81%D0%B0%D0%B4&district_id=4504209512726538&type=branch&page=2&page_size=10&fields=items.point%2Citems.name%2Citems.address_name%2Citems.reviews HTTP/1.1" 200 None
2025-10-30 20:51:09,236 - DEBUG - [получить_детские_сады_в_районе] - Статус ответа: 200
2025-10-30 20:51:09,237 - INFO - [получить_детские_сады_в_районе] - Загружено 10 детских садов со страницы 2
2025-10-30 20:51:09,738 - DEBUG - [получить_детские_сады_в_районе] - Запрос страницы 3 для района Таганский
2025-10-30 20:51:09,739 - DEBUG - [_new_conn] - Starting new HTTPS connection (1): catalog.api.2gis.com:443
2025-10-30 20:51:10,140 - DEBUG - [_make_request] - https://catalog.api.2gis.com:443 "GET /3.0/items?key=cdbda41e-e8e4-4e8d-9886-f12c075adc64&q=%D0%B4%D0%B5%D1%82%D1%81%D0%BA%D0%B8%D0%B9+%D1%81%D0%B0%D0%B4&district_id=4504209512726538&type=branch&page=3&page_size=10&fields=items.point%2Citems.name%2Citems.address_name%2Citems.reviews HTTP/1.1" 200 None
2025-10-30 20:51:10,141 - DEBUG - [получить_детские_сады_в_районе] - Статус ответа: 200
2025-10-30 20:51:10,142 - INFO - [получить_детские_сады_в_районе] - Загружено 10 детских садов со страницы 3
2025-10-30 20:51:10,643 - DEBUG - [получить_детские_сады_в_районе] - Запрос страницы 4 для района Таганский
2025-10-30 20:51:10,644 - DEBUG - [_new_conn] - Starting new HTTPS connection (1): catalog.api.2gis.com:443
2025-10-30 20:51:11,038 - DEBUG - [_make_request] - https://catalog.api.2gis.com:443 "GET /3.0/items?key=cdbda41e-e8e4-4e8d-9886-f12c075adc64&q=%D0%B4%D0%B5%D1%82%D1%81%D0%BA%D0%B8%D0%B9+%D1%81%D0%B0%D0%B4&district_id=4504209512726538&type=branch&page=4&page_size=10&fields=items.point%2Citems.name%2Citems.address_name%2Citems.reviews HTTP/1.1" 200 None
2025-10-30 20:51:11,039 - DEBUG - [получить_детские_сады_в_районе] - Статус ответа: 200
2025-10-30 20:51:11,039 - INFO - [получить_детские_сады_в_районе] - Загружено 7 детских садов со страницы 4
2025-10-30 20:51:11,540 - DEBUG - [получить_детские_сады_в_районе] - Запрос страницы 5 для района Таганский
2025-10-30 20:51:11,542 - DEBUG - [_new_conn] - Starting new HTTPS connection (1): catalog.api.2gis.com:443
2025-10-30 20:51:11,924 - DEBUG - [_make_request] - https://catalog.api.2gis.com:443 "GET /3.0/items?key=cdbda41e-e8e4-4e8d-9886-f12c075adc64&q=%D0%B4%D0%B5%D1%82%D1%81%D0%BA%D0%B8%D0%B9+%D1%81%D0%B0%D0%B4&district_id=4504209512726538&type=branch&page=5&page_size=10&fields=items.point%2Citems.name%2Citems.address_name%2Citems.reviews HTTP/1.1" 200 133
2025-10-30 20:51:11,925 - DEBUG - [получить_детские_сады_в_районе] - Статус ответа: 200
2025-10-30 20:51:11,925 - WARNING - [получить_детские_сады_в_районе] - На странице 5 нет данных в ожидаемом формате
2025-10-30 20:51:11,926 - INFO - [получить_детские_сады_в_районе] - Завершение сбора для района Таганский. Найдено детских садов: 37
2025-10-30 20:51:11,927 - INFO - [<cell line: 0>] - Район 'Таганский' завершен. Детских садов: 37
2025-10-30 20:51:12,929 - INFO - [<cell line: 0>] - [106/132] Обработка района: Тверской
2025-10-30 20:51:12,930 - INFO - [получить_детские_сады_в_районе] - Начало сбора детских садов для района: Тверской (ID: 4504209512726536)
2025-10-30 20:51:12,931 - DEBUG - [получить_детские_сады_в_районе] - Запрос страницы 1 для района Тверской
2025-10-30 20:51:12,934 - DEBUG - [_new_conn] - Starting new HTTPS connection (1): catalog.api.2gis.com:443
2025-10-30 20:51:13,354 - DEBUG - [_make_request] - https://catalog.api.2gis.com:443 "GET /3.0/items?key=cdbda41e-e8e4-4e8d-9886-f12c075adc64&q=%D0%B4%D0%B5%D1%82%D1%81%D0%BA%D0%B8%D0%B9+%D1%81%D0%B0%D0%B4&district_id=4504209512726536&type=branch&page=1&page_size=10&fields=items.point%2Citems.name%2Citems.address_name%2Citems.reviews HTTP/1.1" 200 None
2025-10-30 20:51:13,355 - DEBUG - [получить_детские_сады_в_районе] - Статус ответа: 200
2025-10-30 20:51:13,355 - INFO - [получить_детские_сады_в_районе] - Загружено 10 детских садов со страницы 1
2025-10-30 20:51:13,856 - DEBUG - [получить_детские_сады_в_районе] - Запрос страницы 2 для района Тверской
2025-10-30 20:51:13,858 - DEBUG - [_new_conn] - Starting new HTTPS connection (1): catalog.api.2gis.com:443
2025-10-30 20:51:14,262 - DEBUG - [_make_request] - https://catalog.api.2gis.com:443 "GET /3.0/items?key=cdbda41e-e8e4-4e8d-9886-f12c075adc64&q=%D0%B4%D0%B5%D1%82%D1%81%D0%BA%D0%B8%D0%B9+%D1%81%D0%B0%D0%B4&district_id=4504209512726536&type=branch&page=2&page_size=10&fields=items.point%2Citems.name%2Citems.address_name%2Citems.reviews HTTP/1.1" 200 None
2025-10-30 20:51:14,263 - DEBUG - [получить_детские_сады_в_районе] - Статус ответа: 200
2025-10-30 20:51:14,263 - INFO - [получить_детские_сады_в_районе] - Загружено 10 детских садов со страницы 2
2025-10-30 20:51:14,764 - DEBUG - [получить_детские_сады_в_районе] - Запрос страницы 3 для района Тверской
2025-10-30 20:51:14,765 - DEBUG - [_new_conn] - Starting new HTTPS connection (1): catalog.api.2gis.com:443
2025-10-30 20:51:15,149 - DEBUG - [_make_request] - https://catalog.api.2gis.com:443 "GET /3.0/items?key=cdbda41e-e8e4-4e8d-9886-f12c075adc64&q=%D0%B4%D0%B5%D1%82%D1%81%D0%BA%D0%B8%D0%B9+%D1%81%D0%B0%D0%B4&district_id=4504209512726536&type=branch&page=3&page_size=10&fields=items.point%2Citems.name%2Citems.address_name%2Citems.reviews HTTP/1.1" 200 None
2025-10-30 20:51:15,150 - DEBUG - [получить_детские_сады_в_районе] - Статус ответа: 200
2025-10-30 20:51:15,151 - INFO - [получить_детские_сады_в_районе] - Загружено 10 детских садов со страницы 3
2025-10-30 20:51:15,652 - DEBUG - [получить_детские_сады_в_районе] - Запрос страницы 4 для района Тверской
2025-10-30 20:51:15,653 - DEBUG - [_new_conn] - Starting new HTTPS connection (1): catalog.api.2gis.com:443
2025-10-30 20:51:16,059 - DEBUG - [_make_request] - https://catalog.api.2gis.com:443 "GET /3.0/items?key=cdbda41e-e8e4-4e8d-9886-f12c075adc64&q=%D0%B4%D0%B5%D1%82%D1%81%D0%BA%D0%B8%D0%B9+%D1%81%D0%B0%D0%B4&district_id=4504209512726536&type=branch&page=4&page_size=10&fields=items.point%2Citems.name%2Citems.address_name%2Citems.reviews HTTP/1.1" 200 None
2025-10-30 20:51:16,060 - DEBUG - [получить_детские_сады_в_районе] - Статус ответа: 200
2025-10-30 20:51:16,061 - INFO - [получить_детские_сады_в_районе] - Загружено 2 детских садов со страницы 4
2025-10-30 20:51:16,562 - DEBUG - [получить_детские_сады_в_районе] - Запрос страницы 5 для района Тверской
2025-10-30 20:51:16,564 - DEBUG - [_new_conn] - Starting new HTTPS connection (1): catalog.api.2gis.com:443
2025-10-30 20:51:16,941 - DEBUG - [_make_request] - https://catalog.api.2gis.com:443 "GET /3.0/items?key=cdbda41e-e8e4-4e8d-9886-f12c075adc64&q=%D0%B4%D0%B5%D1%82%D1%81%D0%BA%D0%B8%D0%B9+%D1%81%D0%B0%D0%B4&district_id=4504209512726536&type=branch&page=5&page_size=10&fields=items.point%2Citems.name%2Citems.address_name%2Citems.reviews HTTP/1.1" 200 133
2025-10-30 20:51:16,943 - DEBUG - [получить_детские_сады_в_районе] - Статус ответа: 200
2025-10-30 20:51:16,943 - WARNING - [получить_детские_сады_в_районе] - На странице 5 нет данных в ожидаемом формате
2025-10-30 20:51:16,943 - INFO - [получить_детские_сады_в_районе] - Завершение сбора для района Тверской. Найдено детских садов: 32
2025-10-30 20:51:16,946 - INFO - [<cell line: 0>] - Район 'Тверской' завершен. Детских садов: 32
2025-10-30 20:51:17,946 - INFO - [<cell line: 0>] - [107/132] Обработка района: Текстильщики
2025-10-30 20:51:17,947 - INFO - [получить_детские_сады_в_районе] - Начало сбора детских садов для района: Текстильщики (ID: 4504209512726594)
2025-10-30 20:51:17,948 - DEBUG - [получить_детские_сады_в_районе] - Запрос страницы 1 для района Текстильщики
2025-10-30 20:51:17,951 - DEBUG - [_new_conn] - Starting new HTTPS connection (1): catalog.api.2gis.com:443
2025-10-30 20:51:18,344 - DEBUG - [_make_request] - https://catalog.api.2gis.com:443 "GET /3.0/items?key=cdbda41e-e8e4-4e8d-9886-f12c075adc64&q=%D0%B4%D0%B5%D1%82%D1%81%D0%BA%D0%B8%D0%B9+%D1%81%D0%B0%D0%B4&district_id=4504209512726594&type=branch&page=1&page_size=10&fields=items.point%2Citems.name%2Citems.address_name%2Citems.reviews HTTP/1.1" 200 None
2025-10-30 20:51:18,345 - DEBUG - [получить_детские_сады_в_районе] - Статус ответа: 200
2025-10-30 20:51:18,345 - INFO - [получить_детские_сады_в_районе] - Загружено 10 детских садов со страницы 1
2025-10-30 20:51:18,846 - DEBUG - [получить_детские_сады_в_районе] - Запрос страницы 2 для района Текстильщики
2025-10-30 20:51:18,847 - DEBUG - [_new_conn] - Starting new HTTPS connection (1): catalog.api.2gis.com:443
2025-10-30 20:51:19,253 - DEBUG - [_make_request] - https://catalog.api.2gis.com:443 "GET /3.0/items?key=cdbda41e-e8e4-4e8d-9886-f12c075adc64&q=%D0%B4%D0%B5%D1%82%D1%81%D0%BA%D0%B8%D0%B9+%D1%81%D0%B0%D0%B4&district_id=4504209512726594&type=branch&page=2&page_size=10&fields=items.point%2Citems.name%2Citems.address_name%2Citems.reviews HTTP/1.1" 200 None
2025-10-30 20:51:19,254 - DEBUG - [получить_детские_сады_в_районе] - Статус ответа: 200
2025-10-30 20:51:19,254 - INFO - [получить_детские_сады_в_районе] - Загружено 10 детских садов со страницы 2
2025-10-30 20:51:19,755 - DEBUG - [получить_детские_сады_в_районе] - Запрос страницы 3 для района Текстильщики
2025-10-30 20:51:19,756 - DEBUG - [_new_conn] - Starting new HTTPS connection (1): catalog.api.2gis.com:443
2025-10-30 20:51:20,137 - DEBUG - [_make_request] - https://catalog.api.2gis.com:443 "GET /3.0/items?key=cdbda41e-e8e4-4e8d-9886-f12c075adc64&q=%D0%B4%D0%B5%D1%82%D1%81%D0%BA%D0%B8%D0%B9+%D1%81%D0%B0%D0%B4&district_id=4504209512726594&type=branch&page=3&page_size=10&fields=items.point%2Citems.name%2Citems.address_name%2Citems.reviews HTTP/1.1" 200 133
2025-10-30 20:51:20,138 - DEBUG - [получить_детские_сады_в_районе] - Статус ответа: 200
2025-10-30 20:51:20,138 - WARNING - [получить_детские_сады_в_районе] - На странице 3 нет данных в ожидаемом формате
2025-10-30 20:51:20,639 - DEBUG - [получить_детские_сады_в_районе] - Запрос страницы 4 для района Текстильщики
2025-10-30 20:51:20,641 - DEBUG - [_new_conn] - Starting new HTTPS connection (1): catalog.api.2gis.com:443
2025-10-30 20:51:21,030 - DEBUG - [_make_request] - https://catalog.api.2gis.com:443 "GET /3.0/items?key=cdbda41e-e8e4-4e8d-9886-f12c075adc64&q=%D0%B4%D0%B5%D1%82%D1%81%D0%BA%D0%B8%D0%B9+%D1%81%D0%B0%D0%B4&district_id=4504209512726594&type=branch&page=4&page_size=10&fields=items.point%2Citems.name%2Citems.address_name%2Citems.reviews HTTP/1.1" 200 133
2025-10-30 20:51:21,031 - DEBUG - [получить_детские_сады_в_районе] - Статус ответа: 200
2025-10-30 20:51:21,031 - WARNING - [получить_детские_сады_в_районе] - На странице 4 нет данных в ожидаемом формате
2025-10-30 20:51:21,532 - DEBUG - [получить_детские_сады_в_районе] - Запрос страницы 5 для района Текстильщики
2025-10-30 20:51:21,533 - DEBUG - [_new_conn] - Starting new HTTPS connection (1): catalog.api.2gis.com:443
2025-10-30 20:51:21,923 - DEBUG - [_make_request] - https://catalog.api.2gis.com:443 "GET /3.0/items?key=cdbda41e-e8e4-4e8d-9886-f12c075adc64&q=%D0%B4%D0%B5%D1%82%D1%81%D0%BA%D0%B8%D0%B9+%D1%81%D0%B0%D0%B4&district_id=4504209512726594&type=branch&page=5&page_size=10&fields=items.point%2Citems.name%2Citems.address_name%2Citems.reviews HTTP/1.1" 200 133
2025-10-30 20:51:21,924 - DEBUG - [получить_детские_сады_в_районе] - Статус ответа: 200
2025-10-30 20:51:21,924 - WARNING - [получить_детские_сады_в_районе] - На странице 5 нет данных в ожидаемом формате
2025-10-30 20:51:21,925 - INFO - [получить_детские_сады_в_районе] - Завершение сбора для района Текстильщики. Найдено детских садов: 20
2025-10-30 20:51:21,927 - INFO - [<cell line: 0>] - Район 'Текстильщики' завершен. Детских садов: 20
2025-10-30 20:51:22,928 - INFO - [<cell line: 0>] - [108/132] Обработка района: Тёплый Стан
2025-10-30 20:51:22,929 - INFO - [получить_детские_сады_в_районе] - Начало сбора детских садов для района: Тёплый Стан (ID: 4504209512726621)
2025-10-30 20:51:22,931 - DEBUG - [получить_детские_сады_в_районе] - Запрос страницы 1 для района Тёплый Стан
2025-10-30 20:51:22,933 - DEBUG - [_new_conn] - Starting new HTTPS connection (1): catalog.api.2gis.com:443
2025-10-30 20:51:23,327 - DEBUG - [_make_request] - https://catalog.api.2gis.com:443 "GET /3.0/items?key=cdbda41e-e8e4-4e8d-9886-f12c075adc64&q=%D0%B4%D0%B5%D1%82%D1%81%D0%BA%D0%B8%D0%B9+%D1%81%D0%B0%D0%B4&district_id=4504209512726621&type=branch&page=1&page_size=10&fields=items.point%2Citems.name%2Citems.address_name%2Citems.reviews HTTP/1.1" 200 None
2025-10-30 20:51:23,328 - DEBUG - [получить_детские_сады_в_районе] - Статус ответа: 200
2025-10-30 20:51:23,329 - INFO - [получить_детские_сады_в_районе] - Загружено 10 детских садов со страницы 1
2025-10-30 20:51:23,830 - DEBUG - [получить_детские_сады_в_районе] - Запрос страницы 2 для района Тёплый Стан
2025-10-30 20:51:23,831 - DEBUG - [_new_conn] - Starting new HTTPS connection (1): catalog.api.2gis.com:443
2025-10-30 20:51:24,225 - DEBUG - [_make_request] - https://catalog.api.2gis.com:443 "GET /3.0/items?key=cdbda41e-e8e4-4e8d-9886-f12c075adc64&q=%D0%B4%D0%B5%D1%82%D1%81%D0%BA%D0%B8%D0%B9+%D1%81%D0%B0%D0%B4&district_id=4504209512726621&type=branch&page=2&page_size=10&fields=items.point%2Citems.name%2Citems.address_name%2Citems.reviews HTTP/1.1" 200 None
2025-10-30 20:51:24,226 - DEBUG - [получить_детские_сады_в_районе] - Статус ответа: 200
2025-10-30 20:51:24,227 - INFO - [получить_детские_сады_в_районе] - Загружено 10 детских садов со страницы 2
2025-10-30 20:51:24,728 - DEBUG - [получить_детские_сады_в_районе] - Запрос страницы 3 для района Тёплый Стан
2025-10-30 20:51:24,729 - DEBUG - [_new_conn] - Starting new HTTPS connection (1): catalog.api.2gis.com:443
2025-10-30 20:51:25,125 - DEBUG - [_make_request] - https://catalog.api.2gis.com:443 "GET /3.0/items?key=cdbda41e-e8e4-4e8d-9886-f12c075adc64&q=%D0%B4%D0%B5%D1%82%D1%81%D0%BA%D0%B8%D0%B9+%D1%81%D0%B0%D0%B4&district_id=4504209512726621&type=branch&page=3&page_size=10&fields=items.point%2Citems.name%2Citems.address_name%2Citems.reviews HTTP/1.1" 200 None
2025-10-30 20:51:25,126 - DEBUG - [получить_детские_сады_в_районе] - Статус ответа: 200
2025-10-30 20:51:25,126 - INFO - [получить_детские_сады_в_районе] - Загружено 10 детских садов со страницы 3
2025-10-30 20:51:25,627 - DEBUG - [получить_детские_сады_в_районе] - Запрос страницы 4 для района Тёплый Стан
2025-10-30 20:51:25,628 - DEBUG - [_new_conn] - Starting new HTTPS connection (1): catalog.api.2gis.com:443
2025-10-30 20:51:26,020 - DEBUG - [_make_request] - https://catalog.api.2gis.com:443 "GET /3.0/items?key=cdbda41e-e8e4-4e8d-9886-f12c075adc64&q=%D0%B4%D0%B5%D1%82%D1%81%D0%BA%D0%B8%D0%B9+%D1%81%D0%B0%D0%B4&district_id=4504209512726621&type=branch&page=4&page_size=10&fields=items.point%2Citems.name%2Citems.address_name%2Citems.reviews HTTP/1.1" 200 None
2025-10-30 20:51:26,021 - DEBUG - [получить_детские_сады_в_районе] - Статус ответа: 200
2025-10-30 20:51:26,021 - INFO - [получить_детские_сады_в_районе] - Загружено 7 детских садов со страницы 4
2025-10-30 20:51:26,522 - DEBUG - [получить_детские_сады_в_районе] - Запрос страницы 5 для района Тёплый Стан
2025-10-30 20:51:26,524 - DEBUG - [_new_conn] - Starting new HTTPS connection (1): catalog.api.2gis.com:443
2025-10-30 20:51:26,910 - DEBUG - [_make_request] - https://catalog.api.2gis.com:443 "GET /3.0/items?key=cdbda41e-e8e4-4e8d-9886-f12c075adc64&q=%D0%B4%D0%B5%D1%82%D1%81%D0%BA%D0%B8%D0%B9+%D1%81%D0%B0%D0%B4&district_id=4504209512726621&type=branch&page=5&page_size=10&fields=items.point%2Citems.name%2Citems.address_name%2Citems.reviews HTTP/1.1" 200 133
2025-10-30 20:51:26,912 - DEBUG - [получить_детские_сады_в_районе] - Статус ответа: 200
2025-10-30 20:51:26,912 - WARNING - [получить_детские_сады_в_районе] - На странице 5 нет данных в ожидаемом формате
2025-10-30 20:51:26,913 - INFO - [получить_детские_сады_в_районе] - Завершение сбора для района Тёплый Стан. Найдено детских садов: 37
2025-10-30 20:51:26,914 - INFO - [<cell line: 0>] - Район 'Тёплый Стан' завершен. Детских садов: 37
2025-10-30 20:51:27,915 - INFO - [<cell line: 0>] - [109/132] Обработка района: Тимирязевский
2025-10-30 20:51:27,916 - INFO - [получить_детские_сады_в_районе] - Начало сбора детских садов для района: Тимирязевский (ID: 4504209512726547)
2025-10-30 20:51:27,917 - DEBUG - [получить_детские_сады_в_районе] - Запрос страницы 1 для района Тимирязевский
2025-10-30 20:51:27,918 - DEBUG - [_new_conn] - Starting new HTTPS connection (1): catalog.api.2gis.com:443
2025-10-30 20:51:28,313 - DEBUG - [_make_request] - https://catalog.api.2gis.com:443 "GET /3.0/items?key=cdbda41e-e8e4-4e8d-9886-f12c075adc64&q=%D0%B4%D0%B5%D1%82%D1%81%D0%BA%D0%B8%D0%B9+%D1%81%D0%B0%D0%B4&district_id=4504209512726547&type=branch&page=1&page_size=10&fields=items.point%2Citems.name%2Citems.address_name%2Citems.reviews HTTP/1.1" 200 None
2025-10-30 20:51:28,314 - DEBUG - [получить_детские_сады_в_районе] - Статус ответа: 200
2025-10-30 20:51:28,315 - INFO - [получить_детские_сады_в_районе] - Загружено 10 детских садов со страницы 1
2025-10-30 20:51:28,816 - DEBUG - [получить_детские_сады_в_районе] - Запрос страницы 2 для района Тимирязевский
2025-10-30 20:51:28,817 - DEBUG - [_new_conn] - Starting new HTTPS connection (1): catalog.api.2gis.com:443
2025-10-30 20:51:29,451 - DEBUG - [_make_request] - https://catalog.api.2gis.com:443 "GET /3.0/items?key=cdbda41e-e8e4-4e8d-9886-f12c075adc64&q=%D0%B4%D0%B5%D1%82%D1%81%D0%BA%D0%B8%D0%B9+%D1%81%D0%B0%D0%B4&district_id=4504209512726547&type=branch&page=2&page_size=10&fields=items.point%2Citems.name%2Citems.address_name%2Citems.reviews HTTP/1.1" 200 None
2025-10-30 20:51:29,452 - DEBUG - [получить_детские_сады_в_районе] - Статус ответа: 200
2025-10-30 20:51:29,452 - INFO - [получить_детские_сады_в_районе] - Загружено 10 детских садов со страницы 2
2025-10-30 20:51:29,953 - DEBUG - [получить_детские_сады_в_районе] - Запрос страницы 3 для района Тимирязевский
2025-10-30 20:51:29,954 - DEBUG - [_new_conn] - Starting new HTTPS connection (1): catalog.api.2gis.com:443
2025-10-30 20:51:30,336 - DEBUG - [_make_request] - https://catalog.api.2gis.com:443 "GET /3.0/items?key=cdbda41e-e8e4-4e8d-9886-f12c075adc64&q=%D0%B4%D0%B5%D1%82%D1%81%D0%BA%D0%B8%D0%B9+%D1%81%D0%B0%D0%B4&district_id=4504209512726547&type=branch&page=3&page_size=10&fields=items.point%2Citems.name%2Citems.address_name%2Citems.reviews HTTP/1.1" 200 None
2025-10-30 20:51:30,338 - DEBUG - [получить_детские_сады_в_районе] - Статус ответа: 200
2025-10-30 20:51:30,338 - INFO - [получить_детские_сады_в_районе] - Загружено 3 детских садов со страницы 3
2025-10-30 20:51:30,839 - DEBUG - [получить_детские_сады_в_районе] - Запрос страницы 4 для района Тимирязевский
2025-10-30 20:51:30,840 - DEBUG - [_new_conn] - Starting new HTTPS connection (1): catalog.api.2gis.com:443
2025-10-30 20:51:31,362 - DEBUG - [_make_request] - https://catalog.api.2gis.com:443 "GET /3.0/items?key=cdbda41e-e8e4-4e8d-9886-f12c075adc64&q=%D0%B4%D0%B5%D1%82%D1%81%D0%BA%D0%B8%D0%B9+%D1%81%D0%B0%D0%B4&district_id=4504209512726547&type=branch&page=4&page_size=10&fields=items.point%2Citems.name%2Citems.address_name%2Citems.reviews HTTP/1.1" 200 133
2025-10-30 20:51:31,363 - DEBUG - [получить_детские_сады_в_районе] - Статус ответа: 200
2025-10-30 20:51:31,363 - WARNING - [получить_детские_сады_в_районе] - На странице 4 нет данных в ожидаемом формате
2025-10-30 20:51:31,864 - DEBUG - [получить_детские_сады_в_районе] - Запрос страницы 5 для района Тимирязевский
2025-10-30 20:51:31,865 - DEBUG - [_new_conn] - Starting new HTTPS connection (1): catalog.api.2gis.com:443
2025-10-30 20:51:32,265 - DEBUG - [_make_request] - https://catalog.api.2gis.com:443 "GET /3.0/items?key=cdbda41e-e8e4-4e8d-9886-f12c075adc64&q=%D0%B4%D0%B5%D1%82%D1%81%D0%BA%D0%B8%D0%B9+%D1%81%D0%B0%D0%B4&district_id=4504209512726547&type=branch&page=5&page_size=10&fields=items.point%2Citems.name%2Citems.address_name%2Citems.reviews HTTP/1.1" 200 133
2025-10-30 20:51:32,266 - DEBUG - [получить_детские_сады_в_районе] - Статус ответа: 200
2025-10-30 20:51:32,266 - WARNING - [получить_детские_сады_в_районе] - На странице 5 нет данных в ожидаемом формате
2025-10-30 20:51:32,267 - INFO - [получить_детские_сады_в_районе] - Завершение сбора для района Тимирязевский. Найдено детских садов: 23
2025-10-30 20:51:32,269 - INFO - [<cell line: 0>] - Район 'Тимирязевский' завершен. Детских садов: 23
2025-10-30 20:51:33,270 - INFO - [<cell line: 0>] - [110/132] Обработка района: Троицк
2025-10-30 20:51:33,271 - INFO - [получить_детские_сады_в_районе] - Начало сбора детских садов для района: Троицк (ID: 4504209520933741)
2025-10-30 20:51:33,273 - DEBUG - [получить_детские_сады_в_районе] - Запрос страницы 1 для района Троицк
2025-10-30 20:51:33,274 - DEBUG - [_new_conn] - Starting new HTTPS connection (1): catalog.api.2gis.com:443
2025-10-30 20:51:33,661 - DEBUG - [_make_request] - https://catalog.api.2gis.com:443 "GET /3.0/items?key=cdbda41e-e8e4-4e8d-9886-f12c075adc64&q=%D0%B4%D0%B5%D1%82%D1%81%D0%BA%D0%B8%D0%B9+%D1%81%D0%B0%D0%B4&district_id=4504209520933741&type=branch&page=1&page_size=10&fields=items.point%2Citems.name%2Citems.address_name%2Citems.reviews HTTP/1.1" 200 None
2025-10-30 20:51:33,662 - DEBUG - [получить_детские_сады_в_районе] - Статус ответа: 200
2025-10-30 20:51:33,662 - INFO - [получить_детские_сады_в_районе] - Загружено 10 детских садов со страницы 1
2025-10-30 20:51:34,163 - DEBUG - [получить_детские_сады_в_районе] - Запрос страницы 2 для района Троицк
2025-10-30 20:51:34,165 - DEBUG - [_new_conn] - Starting new HTTPS connection (1): catalog.api.2gis.com:443
2025-10-30 20:51:34,580 - DEBUG - [_make_request] - https://catalog.api.2gis.com:443 "GET /3.0/items?key=cdbda41e-e8e4-4e8d-9886-f12c075adc64&q=%D0%B4%D0%B5%D1%82%D1%81%D0%BA%D0%B8%D0%B9+%D1%81%D0%B0%D0%B4&district_id=4504209520933741&type=branch&page=2&page_size=10&fields=items.point%2Citems.name%2Citems.address_name%2Citems.reviews HTTP/1.1" 200 None
2025-10-30 20:51:34,581 - DEBUG - [получить_детские_сады_в_районе] - Статус ответа: 200
2025-10-30 20:51:34,581 - INFO - [получить_детские_сады_в_районе] - Загружено 10 детских садов со страницы 2
2025-10-30 20:51:35,082 - DEBUG - [получить_детские_сады_в_районе] - Запрос страницы 3 для района Троицк
2025-10-30 20:51:35,084 - DEBUG - [_new_conn] - Starting new HTTPS connection (1): catalog.api.2gis.com:443
2025-10-30 20:51:35,492 - DEBUG - [_make_request] - https://catalog.api.2gis.com:443 "GET /3.0/items?key=cdbda41e-e8e4-4e8d-9886-f12c075adc64&q=%D0%B4%D0%B5%D1%82%D1%81%D0%BA%D0%B8%D0%B9+%D1%81%D0%B0%D0%B4&district_id=4504209520933741&type=branch&page=3&page_size=10&fields=items.point%2Citems.name%2Citems.address_name%2Citems.reviews HTTP/1.1" 200 None
2025-10-30 20:51:35,493 - DEBUG - [получить_детские_сады_в_районе] - Статус ответа: 200
2025-10-30 20:51:35,493 - INFO - [получить_детские_сады_в_районе] - Загружено 10 детских садов со страницы 3
2025-10-30 20:51:35,994 - DEBUG - [получить_детские_сады_в_районе] - Запрос страницы 4 для района Троицк
2025-10-30 20:51:35,995 - DEBUG - [_new_conn] - Starting new HTTPS connection (1): catalog.api.2gis.com:443
2025-10-30 20:51:36,392 - DEBUG - [_make_request] - https://catalog.api.2gis.com:443 "GET /3.0/items?key=cdbda41e-e8e4-4e8d-9886-f12c075adc64&q=%D0%B4%D0%B5%D1%82%D1%81%D0%BA%D0%B8%D0%B9+%D1%81%D0%B0%D0%B4&district_id=4504209520933741&type=branch&page=4&page_size=10&fields=items.point%2Citems.name%2Citems.address_name%2Citems.reviews HTTP/1.1" 200 None
2025-10-30 20:51:36,393 - DEBUG - [получить_детские_сады_в_районе] - Статус ответа: 200
2025-10-30 20:51:36,393 - INFO - [получить_детские_сады_в_районе] - Загружено 10 детских садов со страницы 4
2025-10-30 20:51:36,894 - DEBUG - [получить_детские_сады_в_районе] - Запрос страницы 5 для района Троицк
2025-10-30 20:51:36,895 - DEBUG - [_new_conn] - Starting new HTTPS connection (1): catalog.api.2gis.com:443
2025-10-30 20:51:37,290 - DEBUG - [_make_request] - https://catalog.api.2gis.com:443 "GET /3.0/items?key=cdbda41e-e8e4-4e8d-9886-f12c075adc64&q=%D0%B4%D0%B5%D1%82%D1%81%D0%BA%D0%B8%D0%B9+%D1%81%D0%B0%D0%B4&district_id=4504209520933741&type=branch&page=5&page_size=10&fields=items.point%2Citems.name%2Citems.address_name%2Citems.reviews HTTP/1.1" 200 None
2025-10-30 20:51:37,291 - DEBUG - [получить_детские_сады_в_районе] - Статус ответа: 200
2025-10-30 20:51:37,291 - INFO - [получить_детские_сады_в_районе] - Загружено 6 детских садов со страницы 5
2025-10-30 20:51:37,292 - INFO - [получить_детские_сады_в_районе] - Завершение сбора для района Троицк. Найдено детских садов: 46
2025-10-30 20:51:37,293 - INFO - [<cell line: 0>] - Район 'Троицк' завершен. Детских садов: 46
2025-10-30 20:51:38,295 - INFO - [<cell line: 0>] - [111/132] Обработка района: Тропарёво-Никулино
2025-10-30 20:51:38,297 - INFO - [получить_детские_сады_в_районе] - Начало сбора детских садов для района: Тропарёво-Никулино (ID: 4504209512726630)
2025-10-30 20:51:38,299 - DEBUG - [получить_детские_сады_в_районе] - Запрос страницы 1 для района Тропарёво-Никулино
2025-10-30 20:51:38,300 - DEBUG - [_new_conn] - Starting new HTTPS connection (1): catalog.api.2gis.com:443
2025-10-30 20:51:38,700 - DEBUG - [_make_request] - https://catalog.api.2gis.com:443 "GET /3.0/items?key=cdbda41e-e8e4-4e8d-9886-f12c075adc64&q=%D0%B4%D0%B5%D1%82%D1%81%D0%BA%D0%B8%D0%B9+%D1%81%D0%B0%D0%B4&district_id=4504209512726630&type=branch&page=1&page_size=10&fields=items.point%2Citems.name%2Citems.address_name%2Citems.reviews HTTP/1.1" 200 None
2025-10-30 20:51:38,702 - DEBUG - [получить_детские_сады_в_районе] - Статус ответа: 200
2025-10-30 20:51:38,702 - INFO - [получить_детские_сады_в_районе] - Загружено 10 детских садов со страницы 1
2025-10-30 20:51:39,203 - DEBUG - [получить_детские_сады_в_районе] - Запрос страницы 2 для района Тропарёво-Никулино
2025-10-30 20:51:39,205 - DEBUG - [_new_conn] - Starting new HTTPS connection (1): catalog.api.2gis.com:443
2025-10-30 20:51:39,596 - DEBUG - [_make_request] - https://catalog.api.2gis.com:443 "GET /3.0/items?key=cdbda41e-e8e4-4e8d-9886-f12c075adc64&q=%D0%B4%D0%B5%D1%82%D1%81%D0%BA%D0%B8%D0%B9+%D1%81%D0%B0%D0%B4&district_id=4504209512726630&type=branch&page=2&page_size=10&fields=items.point%2Citems.name%2Citems.address_name%2Citems.reviews HTTP/1.1" 200 None
2025-10-30 20:51:39,597 - DEBUG - [получить_детские_сады_в_районе] - Статус ответа: 200
2025-10-30 20:51:39,598 - INFO - [получить_детские_сады_в_районе] - Загружено 10 детских садов со страницы 2
2025-10-30 20:51:40,099 - DEBUG - [получить_детские_сады_в_районе] - Запрос страницы 3 для района Тропарёво-Никулино
2025-10-30 20:51:40,100 - DEBUG - [_new_conn] - Starting new HTTPS connection (1): catalog.api.2gis.com:443
2025-10-30 20:51:40,489 - DEBUG - [_make_request] - https://catalog.api.2gis.com:443 "GET /3.0/items?key=cdbda41e-e8e4-4e8d-9886-f12c075adc64&q=%D0%B4%D0%B5%D1%82%D1%81%D0%BA%D0%B8%D0%B9+%D1%81%D0%B0%D0%B4&district_id=4504209512726630&type=branch&page=3&page_size=10&fields=items.point%2Citems.name%2Citems.address_name%2Citems.reviews HTTP/1.1" 200 None
2025-10-30 20:51:40,490 - DEBUG - [получить_детские_сады_в_районе] - Статус ответа: 200
2025-10-30 20:51:40,491 - INFO - [получить_детские_сады_в_районе] - Загружено 10 детских садов со страницы 3
2025-10-30 20:51:40,992 - DEBUG - [получить_детские_сады_в_районе] - Запрос страницы 4 для района Тропарёво-Никулино
2025-10-30 20:51:40,993 - DEBUG - [_new_conn] - Starting new HTTPS connection (1): catalog.api.2gis.com:443
2025-10-30 20:51:41,407 - DEBUG - [_make_request] - https://catalog.api.2gis.com:443 "GET /3.0/items?key=cdbda41e-e8e4-4e8d-9886-f12c075adc64&q=%D0%B4%D0%B5%D1%82%D1%81%D0%BA%D0%B8%D0%B9+%D1%81%D0%B0%D0%B4&district_id=4504209512726630&type=branch&page=4&page_size=10&fields=items.point%2Citems.name%2Citems.address_name%2Citems.reviews HTTP/1.1" 200 None
2025-10-30 20:51:41,408 - DEBUG - [получить_детские_сады_в_районе] - Статус ответа: 200
2025-10-30 20:51:41,408 - INFO - [получить_детские_сады_в_районе] - Загружено 9 детских садов со страницы 4
2025-10-30 20:51:41,909 - DEBUG - [получить_детские_сады_в_районе] - Запрос страницы 5 для района Тропарёво-Никулино
2025-10-30 20:51:41,910 - DEBUG - [_new_conn] - Starting new HTTPS connection (1): catalog.api.2gis.com:443
2025-10-30 20:51:42,300 - DEBUG - [_make_request] - https://catalog.api.2gis.com:443 "GET /3.0/items?key=cdbda41e-e8e4-4e8d-9886-f12c075adc64&q=%D0%B4%D0%B5%D1%82%D1%81%D0%BA%D0%B8%D0%B9+%D1%81%D0%B0%D0%B4&district_id=4504209512726630&type=branch&page=5&page_size=10&fields=items.point%2Citems.name%2Citems.address_name%2Citems.reviews HTTP/1.1" 200 133
2025-10-30 20:51:42,301 - DEBUG - [получить_детские_сады_в_районе] - Статус ответа: 200
2025-10-30 20:51:42,301 - WARNING - [получить_детские_сады_в_районе] - На странице 5 нет данных в ожидаемом формате
2025-10-30 20:51:42,302 - INFO - [получить_детские_сады_в_районе] - Завершение сбора для района Тропарёво-Никулино. Найдено детских садов: 39
2025-10-30 20:51:42,305 - INFO - [<cell line: 0>] - Район 'Тропарёво-Никулино' завершен. Детских садов: 39
2025-10-30 20:51:43,306 - INFO - [<cell line: 0>] - [112/132] Обработка района: Филёвский Парк
2025-10-30 20:51:43,307 - INFO - [получить_детские_сады_в_районе] - Начало сбора детских садов для района: Филёвский Парк (ID: 4504209512726636)
2025-10-30 20:51:43,308 - DEBUG - [получить_детские_сады_в_районе] - Запрос страницы 1 для района Филёвский Парк
2025-10-30 20:51:43,310 - DEBUG - [_new_conn] - Starting new HTTPS connection (1): catalog.api.2gis.com:443
2025-10-30 20:51:43,708 - DEBUG - [_make_request] - https://catalog.api.2gis.com:443 "GET /3.0/items?key=cdbda41e-e8e4-4e8d-9886-f12c075adc64&q=%D0%B4%D0%B5%D1%82%D1%81%D0%BA%D0%B8%D0%B9+%D1%81%D0%B0%D0%B4&district_id=4504209512726636&type=branch&page=1&page_size=10&fields=items.point%2Citems.name%2Citems.address_name%2Citems.reviews HTTP/1.1" 200 None
2025-10-30 20:51:43,709 - DEBUG - [получить_детские_сады_в_районе] - Статус ответа: 200
2025-10-30 20:51:43,709 - INFO - [получить_детские_сады_в_районе] - Загружено 10 детских садов со страницы 1
2025-10-30 20:51:44,210 - DEBUG - [получить_детские_сады_в_районе] - Запрос страницы 2 для района Филёвский Парк
2025-10-30 20:51:44,211 - DEBUG - [_new_conn] - Starting new HTTPS connection (1): catalog.api.2gis.com:443
2025-10-30 20:51:44,607 - DEBUG - [_make_request] - https://catalog.api.2gis.com:443 "GET /3.0/items?key=cdbda41e-e8e4-4e8d-9886-f12c075adc64&q=%D0%B4%D0%B5%D1%82%D1%81%D0%BA%D0%B8%D0%B9+%D1%81%D0%B0%D0%B4&district_id=4504209512726636&type=branch&page=2&page_size=10&fields=items.point%2Citems.name%2Citems.address_name%2Citems.reviews HTTP/1.1" 200 None
2025-10-30 20:51:44,608 - DEBUG - [получить_детские_сады_в_районе] - Статус ответа: 200
2025-10-30 20:51:44,608 - INFO - [получить_детские_сады_в_районе] - Загружено 10 детских садов со страницы 2
2025-10-30 20:51:45,109 - DEBUG - [получить_детские_сады_в_районе] - Запрос страницы 3 для района Филёвский Парк
2025-10-30 20:51:45,111 - DEBUG - [_new_conn] - Starting new HTTPS connection (1): catalog.api.2gis.com:443
2025-10-30 20:51:45,511 - DEBUG - [_make_request] - https://catalog.api.2gis.com:443 "GET /3.0/items?key=cdbda41e-e8e4-4e8d-9886-f12c075adc64&q=%D0%B4%D0%B5%D1%82%D1%81%D0%BA%D0%B8%D0%B9+%D1%81%D0%B0%D0%B4&district_id=4504209512726636&type=branch&page=3&page_size=10&fields=items.point%2Citems.name%2Citems.address_name%2Citems.reviews HTTP/1.1" 200 None
2025-10-30 20:51:45,512 - DEBUG - [получить_детские_сады_в_районе] - Статус ответа: 200
2025-10-30 20:51:45,512 - INFO - [получить_детские_сады_в_районе] - Загружено 10 детских садов со страницы 3
2025-10-30 20:51:46,013 - DEBUG - [получить_детские_сады_в_районе] - Запрос страницы 4 для района Филёвский Парк
2025-10-30 20:51:46,014 - DEBUG - [_new_conn] - Starting new HTTPS connection (1): catalog.api.2gis.com:443
2025-10-30 20:51:46,406 - DEBUG - [_make_request] - https://catalog.api.2gis.com:443 "GET /3.0/items?key=cdbda41e-e8e4-4e8d-9886-f12c075adc64&q=%D0%B4%D0%B5%D1%82%D1%81%D0%BA%D0%B8%D0%B9+%D1%81%D0%B0%D0%B4&district_id=4504209512726636&type=branch&page=4&page_size=10&fields=items.point%2Citems.name%2Citems.address_name%2Citems.reviews HTTP/1.1" 200 133
2025-10-30 20:51:46,407 - DEBUG - [получить_детские_сады_в_районе] - Статус ответа: 200
2025-10-30 20:51:46,407 - WARNING - [получить_детские_сады_в_районе] - На странице 4 нет данных в ожидаемом формате
2025-10-30 20:51:46,908 - DEBUG - [получить_детские_сады_в_районе] - Запрос страницы 5 для района Филёвский Парк
2025-10-30 20:51:46,909 - DEBUG - [_new_conn] - Starting new HTTPS connection (1): catalog.api.2gis.com:443
2025-10-30 20:51:47,305 - DEBUG - [_make_request] - https://catalog.api.2gis.com:443 "GET /3.0/items?key=cdbda41e-e8e4-4e8d-9886-f12c075adc64&q=%D0%B4%D0%B5%D1%82%D1%81%D0%BA%D0%B8%D0%B9+%D1%81%D0%B0%D0%B4&district_id=4504209512726636&type=branch&page=5&page_size=10&fields=items.point%2Citems.name%2Citems.address_name%2Citems.reviews HTTP/1.1" 200 133
2025-10-30 20:51:47,306 - DEBUG - [получить_детские_сады_в_районе] - Статус ответа: 200
2025-10-30 20:51:47,306 - WARNING - [получить_детские_сады_в_районе] - На странице 5 нет данных в ожидаемом формате
2025-10-30 20:51:47,307 - INFO - [получить_детские_сады_в_районе] - Завершение сбора для района Филёвский Парк. Найдено детских садов: 30
2025-10-30 20:51:47,308 - INFO - [<cell line: 0>] - Район 'Филёвский Парк' завершен. Детских садов: 30
2025-10-30 20:51:48,309 - INFO - [<cell line: 0>] - [113/132] Обработка района: Фили-Давыдково
2025-10-30 20:51:48,310 - INFO - [получить_детские_сады_в_районе] - Начало сбора детских садов для района: Фили-Давыдково (ID: 4504209512726638)
2025-10-30 20:51:48,311 - DEBUG - [получить_детские_сады_в_районе] - Запрос страницы 1 для района Фили-Давыдково
2025-10-30 20:51:48,313 - DEBUG - [_new_conn] - Starting new HTTPS connection (1): catalog.api.2gis.com:443
2025-10-30 20:51:48,712 - DEBUG - [_make_request] - https://catalog.api.2gis.com:443 "GET /3.0/items?key=cdbda41e-e8e4-4e8d-9886-f12c075adc64&q=%D0%B4%D0%B5%D1%82%D1%81%D0%BA%D0%B8%D0%B9+%D1%81%D0%B0%D0%B4&district_id=4504209512726638&type=branch&page=1&page_size=10&fields=items.point%2Citems.name%2Citems.address_name%2Citems.reviews HTTP/1.1" 200 None
2025-10-30 20:51:48,713 - DEBUG - [получить_детские_сады_в_районе] - Статус ответа: 200
2025-10-30 20:51:48,713 - INFO - [получить_детские_сады_в_районе] - Загружено 10 детских садов со страницы 1
2025-10-30 20:51:49,214 - DEBUG - [получить_детские_сады_в_районе] - Запрос страницы 2 для района Фили-Давыдково
2025-10-30 20:51:49,215 - DEBUG - [_new_conn] - Starting new HTTPS connection (1): catalog.api.2gis.com:443
2025-10-30 20:51:49,614 - DEBUG - [_make_request] - https://catalog.api.2gis.com:443 "GET /3.0/items?key=cdbda41e-e8e4-4e8d-9886-f12c075adc64&q=%D0%B4%D0%B5%D1%82%D1%81%D0%BA%D0%B8%D0%B9+%D1%81%D0%B0%D0%B4&district_id=4504209512726638&type=branch&page=2&page_size=10&fields=items.point%2Citems.name%2Citems.address_name%2Citems.reviews HTTP/1.1" 200 None
2025-10-30 20:51:49,616 - DEBUG - [получить_детские_сады_в_районе] - Статус ответа: 200
2025-10-30 20:51:49,616 - INFO - [получить_детские_сады_в_районе] - Загружено 10 детских садов со страницы 2
2025-10-30 20:51:50,117 - DEBUG - [получить_детские_сады_в_районе] - Запрос страницы 3 для района Фили-Давыдково
2025-10-30 20:51:50,118 - DEBUG - [_new_conn] - Starting new HTTPS connection (1): catalog.api.2gis.com:443
2025-10-30 20:51:50,515 - DEBUG - [_make_request] - https://catalog.api.2gis.com:443 "GET /3.0/items?key=cdbda41e-e8e4-4e8d-9886-f12c075adc64&q=%D0%B4%D0%B5%D1%82%D1%81%D0%BA%D0%B8%D0%B9+%D1%81%D0%B0%D0%B4&district_id=4504209512726638&type=branch&page=3&page_size=10&fields=items.point%2Citems.name%2Citems.address_name%2Citems.reviews HTTP/1.1" 200 None
2025-10-30 20:51:50,517 - DEBUG - [получить_детские_сады_в_районе] - Статус ответа: 200
2025-10-30 20:51:50,517 - INFO - [получить_детские_сады_в_районе] - Загружено 4 детских садов со страницы 3
2025-10-30 20:51:51,019 - DEBUG - [получить_детские_сады_в_районе] - Запрос страницы 4 для района Фили-Давыдково
2025-10-30 20:51:51,021 - DEBUG - [_new_conn] - Starting new HTTPS connection (1): catalog.api.2gis.com:443
2025-10-30 20:51:51,410 - DEBUG - [_make_request] - https://catalog.api.2gis.com:443 "GET /3.0/items?key=cdbda41e-e8e4-4e8d-9886-f12c075adc64&q=%D0%B4%D0%B5%D1%82%D1%81%D0%BA%D0%B8%D0%B9+%D1%81%D0%B0%D0%B4&district_id=4504209512726638&type=branch&page=4&page_size=10&fields=items.point%2Citems.name%2Citems.address_name%2Citems.reviews HTTP/1.1" 200 133
2025-10-30 20:51:51,411 - DEBUG - [получить_детские_сады_в_районе] - Статус ответа: 200
2025-10-30 20:51:51,412 - WARNING - [получить_детские_сады_в_районе] - На странице 4 нет данных в ожидаемом формате
2025-10-30 20:51:51,913 - DEBUG - [получить_детские_сады_в_районе] - Запрос страницы 5 для района Фили-Давыдково
2025-10-30 20:51:51,915 - DEBUG - [_new_conn] - Starting new HTTPS connection (1): catalog.api.2gis.com:443
2025-10-30 20:51:52,300 - DEBUG - [_make_request] - https://catalog.api.2gis.com:443 "GET /3.0/items?key=cdbda41e-e8e4-4e8d-9886-f12c075adc64&q=%D0%B4%D0%B5%D1%82%D1%81%D0%BA%D0%B8%D0%B9+%D1%81%D0%B0%D0%B4&district_id=4504209512726638&type=branch&page=5&page_size=10&fields=items.point%2Citems.name%2Citems.address_name%2Citems.reviews HTTP/1.1" 200 133
2025-10-30 20:51:52,301 - DEBUG - [получить_детские_сады_в_районе] - Статус ответа: 200
2025-10-30 20:51:52,301 - WARNING - [получить_детские_сады_в_районе] - На странице 5 нет данных в ожидаемом формате
2025-10-30 20:51:52,302 - INFO - [получить_детские_сады_в_районе] - Завершение сбора для района Фили-Давыдково. Найдено детских садов: 24
2025-10-30 20:51:52,303 - INFO - [<cell line: 0>] - Район 'Фили-Давыдково' завершен. Детских садов: 24
2025-10-30 20:51:53,306 - INFO - [<cell line: 0>] - [114/132] Обработка района: Филимонковский
2025-10-30 20:51:53,307 - INFO - [получить_детские_сады_в_районе] - Начало сбора детских садов для района: Филимонковский (ID: 4504209520929329)
2025-10-30 20:51:53,308 - DEBUG - [получить_детские_сады_в_районе] - Запрос страницы 1 для района Филимонковский
2025-10-30 20:51:53,309 - DEBUG - [_new_conn] - Starting new HTTPS connection (1): catalog.api.2gis.com:443
2025-10-30 20:51:53,725 - DEBUG - [_make_request] - https://catalog.api.2gis.com:443 "GET /3.0/items?key=cdbda41e-e8e4-4e8d-9886-f12c075adc64&q=%D0%B4%D0%B5%D1%82%D1%81%D0%BA%D0%B8%D0%B9+%D1%81%D0%B0%D0%B4&district_id=4504209520929329&type=branch&page=1&page_size=10&fields=items.point%2Citems.name%2Citems.address_name%2Citems.reviews HTTP/1.1" 200 None
2025-10-30 20:51:53,725 - DEBUG - [получить_детские_сады_в_районе] - Статус ответа: 200
2025-10-30 20:51:53,726 - INFO - [получить_детские_сады_в_районе] - Загружено 10 детских садов со страницы 1
2025-10-30 20:51:54,227 - DEBUG - [получить_детские_сады_в_районе] - Запрос страницы 2 для района Филимонковский
2025-10-30 20:51:54,228 - DEBUG - [_new_conn] - Starting new HTTPS connection (1): catalog.api.2gis.com:443
2025-10-30 20:51:54,644 - DEBUG - [_make_request] - https://catalog.api.2gis.com:443 "GET /3.0/items?key=cdbda41e-e8e4-4e8d-9886-f12c075adc64&q=%D0%B4%D0%B5%D1%82%D1%81%D0%BA%D0%B8%D0%B9+%D1%81%D0%B0%D0%B4&district_id=4504209520929329&type=branch&page=2&page_size=10&fields=items.point%2Citems.name%2Citems.address_name%2Citems.reviews HTTP/1.1" 200 None
2025-10-30 20:51:54,645 - DEBUG - [получить_детские_сады_в_районе] - Статус ответа: 200
2025-10-30 20:51:54,645 - INFO - [получить_детские_сады_в_районе] - Загружено 10 детских садов со страницы 2
2025-10-30 20:51:55,146 - DEBUG - [получить_детские_сады_в_районе] - Запрос страницы 3 для района Филимонковский
2025-10-30 20:51:55,147 - DEBUG - [_new_conn] - Starting new HTTPS connection (1): catalog.api.2gis.com:443
2025-10-30 20:51:55,547 - DEBUG - [_make_request] - https://catalog.api.2gis.com:443 "GET /3.0/items?key=cdbda41e-e8e4-4e8d-9886-f12c075adc64&q=%D0%B4%D0%B5%D1%82%D1%81%D0%BA%D0%B8%D0%B9+%D1%81%D0%B0%D0%B4&district_id=4504209520929329&type=branch&page=3&page_size=10&fields=items.point%2Citems.name%2Citems.address_name%2Citems.reviews HTTP/1.1" 200 None
2025-10-30 20:51:55,548 - DEBUG - [получить_детские_сады_в_районе] - Статус ответа: 200
2025-10-30 20:51:55,548 - INFO - [получить_детские_сады_в_районе] - Загружено 10 детских садов со страницы 3
2025-10-30 20:51:56,049 - DEBUG - [получить_детские_сады_в_районе] - Запрос страницы 4 для района Филимонковский
2025-10-30 20:51:56,050 - DEBUG - [_new_conn] - Starting new HTTPS connection (1): catalog.api.2gis.com:443
2025-10-30 20:51:56,444 - DEBUG - [_make_request] - https://catalog.api.2gis.com:443 "GET /3.0/items?key=cdbda41e-e8e4-4e8d-9886-f12c075adc64&q=%D0%B4%D0%B5%D1%82%D1%81%D0%BA%D0%B8%D0%B9+%D1%81%D0%B0%D0%B4&district_id=4504209520929329&type=branch&page=4&page_size=10&fields=items.point%2Citems.name%2Citems.address_name%2Citems.reviews HTTP/1.1" 200 None
2025-10-30 20:51:56,445 - DEBUG - [получить_детские_сады_в_районе] - Статус ответа: 200
2025-10-30 20:51:56,445 - INFO - [получить_детские_сады_в_районе] - Загружено 10 детских садов со страницы 4
2025-10-30 20:51:56,946 - DEBUG - [получить_детские_сады_в_районе] - Запрос страницы 5 для района Филимонковский
2025-10-30 20:51:56,948 - DEBUG - [_new_conn] - Starting new HTTPS connection (1): catalog.api.2gis.com:443
2025-10-30 20:51:57,361 - DEBUG - [_make_request] - https://catalog.api.2gis.com:443 "GET /3.0/items?key=cdbda41e-e8e4-4e8d-9886-f12c075adc64&q=%D0%B4%D0%B5%D1%82%D1%81%D0%BA%D0%B8%D0%B9+%D1%81%D0%B0%D0%B4&district_id=4504209520929329&type=branch&page=5&page_size=10&fields=items.point%2Citems.name%2Citems.address_name%2Citems.reviews HTTP/1.1" 200 None
2025-10-30 20:51:57,362 - DEBUG - [получить_детские_сады_в_районе] - Статус ответа: 200
2025-10-30 20:51:57,362 - INFO - [получить_детские_сады_в_районе] - Загружено 10 детских садов со страницы 5
2025-10-30 20:51:57,363 - INFO - [получить_детские_сады_в_районе] - Завершение сбора для района Филимонковский. Найдено детских садов: 50
2025-10-30 20:51:57,365 - INFO - [<cell line: 0>] - Район 'Филимонковский' завершен. Детских садов: 50
2025-10-30 20:51:58,366 - INFO - [<cell line: 0>] - [115/132] Обработка района: Хамовники
2025-10-30 20:51:58,367 - INFO - [получить_детские_сады_в_районе] - Начало сбора детских садов для района: Хамовники (ID: 4504209512726533)
2025-10-30 20:51:58,368 - DEBUG - [получить_детские_сады_в_районе] - Запрос страницы 1 для района Хамовники
2025-10-30 20:51:58,370 - DEBUG - [_new_conn] - Starting new HTTPS connection (1): catalog.api.2gis.com:443
2025-10-30 20:51:58,785 - DEBUG - [_make_request] - https://catalog.api.2gis.com:443 "GET /3.0/items?key=cdbda41e-e8e4-4e8d-9886-f12c075adc64&q=%D0%B4%D0%B5%D1%82%D1%81%D0%BA%D0%B8%D0%B9+%D1%81%D0%B0%D0%B4&district_id=4504209512726533&type=branch&page=1&page_size=10&fields=items.point%2Citems.name%2Citems.address_name%2Citems.reviews HTTP/1.1" 200 None
2025-10-30 20:51:58,786 - DEBUG - [получить_детские_сады_в_районе] - Статус ответа: 200
2025-10-30 20:51:58,786 - INFO - [получить_детские_сады_в_районе] - Загружено 10 детских садов со страницы 1
2025-10-30 20:51:59,287 - DEBUG - [получить_детские_сады_в_районе] - Запрос страницы 2 для района Хамовники
2025-10-30 20:51:59,288 - DEBUG - [_new_conn] - Starting new HTTPS connection (1): catalog.api.2gis.com:443
2025-10-30 20:51:59,789 - DEBUG - [_make_request] - https://catalog.api.2gis.com:443 "GET /3.0/items?key=cdbda41e-e8e4-4e8d-9886-f12c075adc64&q=%D0%B4%D0%B5%D1%82%D1%81%D0%BA%D0%B8%D0%B9+%D1%81%D0%B0%D0%B4&district_id=4504209512726533&type=branch&page=2&page_size=10&fields=items.point%2Citems.name%2Citems.address_name%2Citems.reviews HTTP/1.1" 200 None
2025-10-30 20:51:59,790 - DEBUG - [получить_детские_сады_в_районе] - Статус ответа: 200
2025-10-30 20:51:59,790 - INFO - [получить_детские_сады_в_районе] - Загружено 10 детских садов со страницы 2
2025-10-30 20:52:00,291 - DEBUG - [получить_детские_сады_в_районе] - Запрос страницы 3 для района Хамовники
2025-10-30 20:52:00,292 - DEBUG - [_new_conn] - Starting new HTTPS connection (1): catalog.api.2gis.com:443
2025-10-30 20:52:00,705 - DEBUG - [_make_request] - https://catalog.api.2gis.com:443 "GET /3.0/items?key=cdbda41e-e8e4-4e8d-9886-f12c075adc64&q=%D0%B4%D0%B5%D1%82%D1%81%D0%BA%D0%B8%D0%B9+%D1%81%D0%B0%D0%B4&district_id=4504209512726533&type=branch&page=3&page_size=10&fields=items.point%2Citems.name%2Citems.address_name%2Citems.reviews HTTP/1.1" 200 None
2025-10-30 20:52:00,706 - DEBUG - [получить_детские_сады_в_районе] - Статус ответа: 200
2025-10-30 20:52:00,706 - INFO - [получить_детские_сады_в_районе] - Загружено 10 детских садов со страницы 3
2025-10-30 20:52:01,207 - DEBUG - [получить_детские_сады_в_районе] - Запрос страницы 4 для района Хамовники
2025-10-30 20:52:01,208 - DEBUG - [_new_conn] - Starting new HTTPS connection (1): catalog.api.2gis.com:443
2025-10-30 20:52:01,723 - DEBUG - [_make_request] - https://catalog.api.2gis.com:443 "GET /3.0/items?key=cdbda41e-e8e4-4e8d-9886-f12c075adc64&q=%D0%B4%D0%B5%D1%82%D1%81%D0%BA%D0%B8%D0%B9+%D1%81%D0%B0%D0%B4&district_id=4504209512726533&type=branch&page=4&page_size=10&fields=items.point%2Citems.name%2Citems.address_name%2Citems.reviews HTTP/1.1" 200 None
2025-10-30 20:52:01,724 - DEBUG - [получить_детские_сады_в_районе] - Статус ответа: 200
2025-10-30 20:52:01,725 - INFO - [получить_детские_сады_в_районе] - Загружено 10 детских садов со страницы 4
2025-10-30 20:52:02,226 - DEBUG - [получить_детские_сады_в_районе] - Запрос страницы 5 для района Хамовники
2025-10-30 20:52:02,227 - DEBUG - [_new_conn] - Starting new HTTPS connection (1): catalog.api.2gis.com:443
2025-10-30 20:52:02,635 - DEBUG - [_make_request] - https://catalog.api.2gis.com:443 "GET /3.0/items?key=cdbda41e-e8e4-4e8d-9886-f12c075adc64&q=%D0%B4%D0%B5%D1%82%D1%81%D0%BA%D0%B8%D0%B9+%D1%81%D0%B0%D0%B4&district_id=4504209512726533&type=branch&page=5&page_size=10&fields=items.point%2Citems.name%2Citems.address_name%2Citems.reviews HTTP/1.1" 200 None
2025-10-30 20:52:02,637 - DEBUG - [получить_детские_сады_в_районе] - Статус ответа: 200
2025-10-30 20:52:02,637 - INFO - [получить_детские_сады_в_районе] - Загружено 3 детских садов со страницы 5
2025-10-30 20:52:02,638 - INFO - [получить_детские_сады_в_районе] - Завершение сбора для района Хамовники. Найдено детских садов: 43
2025-10-30 20:52:02,640 - INFO - [<cell line: 0>] - Район 'Хамовники' завершен. Детских садов: 43
2025-10-30 20:52:03,641 - INFO - [<cell line: 0>] - [116/132] Обработка района: Ховрино
2025-10-30 20:52:03,643 - INFO - [получить_детские_сады_в_районе] - Начало сбора детских садов для района: Ховрино (ID: 4504209512726555)
2025-10-30 20:52:03,643 - DEBUG - [получить_детские_сады_в_районе] - Запрос страницы 1 для района Ховрино
2025-10-30 20:52:03,645 - DEBUG - [_new_conn] - Starting new HTTPS connection (1): catalog.api.2gis.com:443
2025-10-30 20:52:04,051 - DEBUG - [_make_request] - https://catalog.api.2gis.com:443 "GET /3.0/items?key=cdbda41e-e8e4-4e8d-9886-f12c075adc64&q=%D0%B4%D0%B5%D1%82%D1%81%D0%BA%D0%B8%D0%B9+%D1%81%D0%B0%D0%B4&district_id=4504209512726555&type=branch&page=1&page_size=10&fields=items.point%2Citems.name%2Citems.address_name%2Citems.reviews HTTP/1.1" 200 None
2025-10-30 20:52:04,052 - DEBUG - [получить_детские_сады_в_районе] - Статус ответа: 200
2025-10-30 20:52:04,052 - INFO - [получить_детские_сады_в_районе] - Загружено 10 детских садов со страницы 1
2025-10-30 20:52:04,553 - DEBUG - [получить_детские_сады_в_районе] - Запрос страницы 2 для района Ховрино
2025-10-30 20:52:04,555 - DEBUG - [_new_conn] - Starting new HTTPS connection (1): catalog.api.2gis.com:443
2025-10-30 20:52:04,968 - DEBUG - [_make_request] - https://catalog.api.2gis.com:443 "GET /3.0/items?key=cdbda41e-e8e4-4e8d-9886-f12c075adc64&q=%D0%B4%D0%B5%D1%82%D1%81%D0%BA%D0%B8%D0%B9+%D1%81%D0%B0%D0%B4&district_id=4504209512726555&type=branch&page=2&page_size=10&fields=items.point%2Citems.name%2Citems.address_name%2Citems.reviews HTTP/1.1" 200 None
2025-10-30 20:52:04,970 - DEBUG - [получить_детские_сады_в_районе] - Статус ответа: 200
2025-10-30 20:52:04,970 - INFO - [получить_детские_сады_в_районе] - Загружено 10 детских садов со страницы 2
2025-10-30 20:52:05,471 - DEBUG - [получить_детские_сады_в_районе] - Запрос страницы 3 для района Ховрино
2025-10-30 20:52:05,473 - DEBUG - [_new_conn] - Starting new HTTPS connection (1): catalog.api.2gis.com:443
2025-10-30 20:52:05,872 - DEBUG - [_make_request] - https://catalog.api.2gis.com:443 "GET /3.0/items?key=cdbda41e-e8e4-4e8d-9886-f12c075adc64&q=%D0%B4%D0%B5%D1%82%D1%81%D0%BA%D0%B8%D0%B9+%D1%81%D0%B0%D0%B4&district_id=4504209512726555&type=branch&page=3&page_size=10&fields=items.point%2Citems.name%2Citems.address_name%2Citems.reviews HTTP/1.1" 200 None
2025-10-30 20:52:05,873 - DEBUG - [получить_детские_сады_в_районе] - Статус ответа: 200
2025-10-30 20:52:05,873 - INFO - [получить_детские_сады_в_районе] - Загружено 10 детских садов со страницы 3
2025-10-30 20:52:06,374 - DEBUG - [получить_детские_сады_в_районе] - Запрос страницы 4 для района Ховрино
2025-10-30 20:52:06,375 - DEBUG - [_new_conn] - Starting new HTTPS connection (1): catalog.api.2gis.com:443
2025-10-30 20:52:06,770 - DEBUG - [_make_request] - https://catalog.api.2gis.com:443 "GET /3.0/items?key=cdbda41e-e8e4-4e8d-9886-f12c075adc64&q=%D0%B4%D0%B5%D1%82%D1%81%D0%BA%D0%B8%D0%B9+%D1%81%D0%B0%D0%B4&district_id=4504209512726555&type=branch&page=4&page_size=10&fields=items.point%2Citems.name%2Citems.address_name%2Citems.reviews HTTP/1.1" 200 None
2025-10-30 20:52:06,771 - DEBUG - [получить_детские_сады_в_районе] - Статус ответа: 200
2025-10-30 20:52:06,772 - INFO - [получить_детские_сады_в_районе] - Загружено 4 детских садов со страницы 4
2025-10-30 20:52:07,273 - DEBUG - [получить_детские_сады_в_районе] - Запрос страницы 5 для района Ховрино
2025-10-30 20:52:07,274 - DEBUG - [_new_conn] - Starting new HTTPS connection (1): catalog.api.2gis.com:443
2025-10-30 20:52:07,665 - DEBUG - [_make_request] - https://catalog.api.2gis.com:443 "GET /3.0/items?key=cdbda41e-e8e4-4e8d-9886-f12c075adc64&q=%D0%B4%D0%B5%D1%82%D1%81%D0%BA%D0%B8%D0%B9+%D1%81%D0%B0%D0%B4&district_id=4504209512726555&type=branch&page=5&page_size=10&fields=items.point%2Citems.name%2Citems.address_name%2Citems.reviews HTTP/1.1" 200 133
2025-10-30 20:52:07,666 - DEBUG - [получить_детские_сады_в_районе] - Статус ответа: 200
2025-10-30 20:52:07,667 - WARNING - [получить_детские_сады_в_районе] - На странице 5 нет данных в ожидаемом формате
2025-10-30 20:52:07,667 - INFO - [получить_детские_сады_в_районе] - Завершение сбора для района Ховрино. Найдено детских садов: 34
2025-10-30 20:52:07,669 - INFO - [<cell line: 0>] - Район 'Ховрино' завершен. Детских садов: 34
2025-10-30 20:52:08,672 - INFO - [<cell line: 0>] - [117/132] Обработка района: Хорошёво-Мнёвники
2025-10-30 20:52:08,673 - INFO - [получить_детские_сады_в_районе] - Начало сбора детских садов для района: Хорошёво-Мнёвники (ID: 4504209512726647)
2025-10-30 20:52:08,675 - DEBUG - [получить_детские_сады_в_районе] - Запрос страницы 1 для района Хорошёво-Мнёвники
2025-10-30 20:52:08,677 - DEBUG - [_new_conn] - Starting new HTTPS connection (1): catalog.api.2gis.com:443
2025-10-30 20:52:09,068 - DEBUG - [_make_request] - https://catalog.api.2gis.com:443 "GET /3.0/items?key=cdbda41e-e8e4-4e8d-9886-f12c075adc64&q=%D0%B4%D0%B5%D1%82%D1%81%D0%BA%D0%B8%D0%B9+%D1%81%D0%B0%D0%B4&district_id=4504209512726647&type=branch&page=1&page_size=10&fields=items.point%2Citems.name%2Citems.address_name%2Citems.reviews HTTP/1.1" 200 None
2025-10-30 20:52:09,069 - DEBUG - [получить_детские_сады_в_районе] - Статус ответа: 200
2025-10-30 20:52:09,070 - INFO - [получить_детские_сады_в_районе] - Загружено 10 детских садов со страницы 1
2025-10-30 20:52:09,571 - DEBUG - [получить_детские_сады_в_районе] - Запрос страницы 2 для района Хорошёво-Мнёвники
2025-10-30 20:52:09,572 - DEBUG - [_new_conn] - Starting new HTTPS connection (1): catalog.api.2gis.com:443
2025-10-30 20:52:09,980 - DEBUG - [_make_request] - https://catalog.api.2gis.com:443 "GET /3.0/items?key=cdbda41e-e8e4-4e8d-9886-f12c075adc64&q=%D0%B4%D0%B5%D1%82%D1%81%D0%BA%D0%B8%D0%B9+%D1%81%D0%B0%D0%B4&district_id=4504209512726647&type=branch&page=2&page_size=10&fields=items.point%2Citems.name%2Citems.address_name%2Citems.reviews HTTP/1.1" 200 None
2025-10-30 20:52:09,981 - DEBUG - [получить_детские_сады_в_районе] - Статус ответа: 200
2025-10-30 20:52:09,981 - INFO - [получить_детские_сады_в_районе] - Загружено 10 детских садов со страницы 2
2025-10-30 20:52:10,482 - DEBUG - [получить_детские_сады_в_районе] - Запрос страницы 3 для района Хорошёво-Мнёвники
2025-10-30 20:52:10,483 - DEBUG - [_new_conn] - Starting new HTTPS connection (1): catalog.api.2gis.com:443
2025-10-30 20:52:10,907 - DEBUG - [_make_request] - https://catalog.api.2gis.com:443 "GET /3.0/items?key=cdbda41e-e8e4-4e8d-9886-f12c075adc64&q=%D0%B4%D0%B5%D1%82%D1%81%D0%BA%D0%B8%D0%B9+%D1%81%D0%B0%D0%B4&district_id=4504209512726647&type=branch&page=3&page_size=10&fields=items.point%2Citems.name%2Citems.address_name%2Citems.reviews HTTP/1.1" 200 None
2025-10-30 20:52:10,908 - DEBUG - [получить_детские_сады_в_районе] - Статус ответа: 200
2025-10-30 20:52:10,908 - INFO - [получить_детские_сады_в_районе] - Загружено 10 детских садов со страницы 3
2025-10-30 20:52:11,409 - DEBUG - [получить_детские_сады_в_районе] - Запрос страницы 4 для района Хорошёво-Мнёвники
2025-10-30 20:52:11,411 - DEBUG - [_new_conn] - Starting new HTTPS connection (1): catalog.api.2gis.com:443
2025-10-30 20:52:11,818 - DEBUG - [_make_request] - https://catalog.api.2gis.com:443 "GET /3.0/items?key=cdbda41e-e8e4-4e8d-9886-f12c075adc64&q=%D0%B4%D0%B5%D1%82%D1%81%D0%BA%D0%B8%D0%B9+%D1%81%D0%B0%D0%B4&district_id=4504209512726647&type=branch&page=4&page_size=10&fields=items.point%2Citems.name%2Citems.address_name%2Citems.reviews HTTP/1.1" 200 None
2025-10-30 20:52:11,819 - DEBUG - [получить_детские_сады_в_районе] - Статус ответа: 200
2025-10-30 20:52:11,819 - INFO - [получить_детские_сады_в_районе] - Загружено 10 детских садов со страницы 4
2025-10-30 20:52:12,320 - DEBUG - [получить_детские_сады_в_районе] - Запрос страницы 5 для района Хорошёво-Мнёвники
2025-10-30 20:52:12,322 - DEBUG - [_new_conn] - Starting new HTTPS connection (1): catalog.api.2gis.com:443
2025-10-30 20:52:12,718 - DEBUG - [_make_request] - https://catalog.api.2gis.com:443 "GET /3.0/items?key=cdbda41e-e8e4-4e8d-9886-f12c075adc64&q=%D0%B4%D0%B5%D1%82%D1%81%D0%BA%D0%B8%D0%B9+%D1%81%D0%B0%D0%B4&district_id=4504209512726647&type=branch&page=5&page_size=10&fields=items.point%2Citems.name%2Citems.address_name%2Citems.reviews HTTP/1.1" 200 None
2025-10-30 20:52:12,719 - DEBUG - [получить_детские_сады_в_районе] - Статус ответа: 200
2025-10-30 20:52:12,719 - INFO - [получить_детские_сады_в_районе] - Загружено 10 детских садов со страницы 5
2025-10-30 20:52:12,720 - INFO - [получить_детские_сады_в_районе] - Завершение сбора для района Хорошёво-Мнёвники. Найдено детских садов: 50
2025-10-30 20:52:12,721 - INFO - [<cell line: 0>] - Район 'Хорошёво-Мнёвники' завершен. Детских садов: 50
2025-10-30 20:52:13,722 - INFO - [<cell line: 0>] - [118/132] Обработка района: Хорошёвский
2025-10-30 20:52:13,723 - INFO - [получить_детские_сады_в_районе] - Начало сбора детских садов для района: Хорошёвский (ID: 4504209512726553)
2025-10-30 20:52:13,724 - DEBUG - [получить_детские_сады_в_районе] - Запрос страницы 1 для района Хорошёвский
2025-10-30 20:52:13,726 - DEBUG - [_new_conn] - Starting new HTTPS connection (1): catalog.api.2gis.com:443
2025-10-30 20:52:14,117 - DEBUG - [_make_request] - https://catalog.api.2gis.com:443 "GET /3.0/items?key=cdbda41e-e8e4-4e8d-9886-f12c075adc64&q=%D0%B4%D0%B5%D1%82%D1%81%D0%BA%D0%B8%D0%B9+%D1%81%D0%B0%D0%B4&district_id=4504209512726553&type=branch&page=1&page_size=10&fields=items.point%2Citems.name%2Citems.address_name%2Citems.reviews HTTP/1.1" 200 None
2025-10-30 20:52:14,118 - DEBUG - [получить_детские_сады_в_районе] - Статус ответа: 200
2025-10-30 20:52:14,118 - INFO - [получить_детские_сады_в_районе] - Загружено 10 детских садов со страницы 1
2025-10-30 20:52:14,619 - DEBUG - [получить_детские_сады_в_районе] - Запрос страницы 2 для района Хорошёвский
2025-10-30 20:52:14,621 - DEBUG - [_new_conn] - Starting new HTTPS connection (1): catalog.api.2gis.com:443
2025-10-30 20:52:15,024 - DEBUG - [_make_request] - https://catalog.api.2gis.com:443 "GET /3.0/items?key=cdbda41e-e8e4-4e8d-9886-f12c075adc64&q=%D0%B4%D0%B5%D1%82%D1%81%D0%BA%D0%B8%D0%B9+%D1%81%D0%B0%D0%B4&district_id=4504209512726553&type=branch&page=2&page_size=10&fields=items.point%2Citems.name%2Citems.address_name%2Citems.reviews HTTP/1.1" 200 None
2025-10-30 20:52:15,026 - DEBUG - [получить_детские_сады_в_районе] - Статус ответа: 200
2025-10-30 20:52:15,026 - INFO - [получить_детские_сады_в_районе] - Загружено 10 детских садов со страницы 2
2025-10-30 20:52:15,528 - DEBUG - [получить_детские_сады_в_районе] - Запрос страницы 3 для района Хорошёвский
2025-10-30 20:52:15,531 - DEBUG - [_new_conn] - Starting new HTTPS connection (1): catalog.api.2gis.com:443
2025-10-30 20:52:15,946 - DEBUG - [_make_request] - https://catalog.api.2gis.com:443 "GET /3.0/items?key=cdbda41e-e8e4-4e8d-9886-f12c075adc64&q=%D0%B4%D0%B5%D1%82%D1%81%D0%BA%D0%B8%D0%B9+%D1%81%D0%B0%D0%B4&district_id=4504209512726553&type=branch&page=3&page_size=10&fields=items.point%2Citems.name%2Citems.address_name%2Citems.reviews HTTP/1.1" 200 None
2025-10-30 20:52:15,947 - DEBUG - [получить_детские_сады_в_районе] - Статус ответа: 200
2025-10-30 20:52:15,947 - INFO - [получить_детские_сады_в_районе] - Загружено 10 детских садов со страницы 3
2025-10-30 20:52:16,448 - DEBUG - [получить_детские_сады_в_районе] - Запрос страницы 4 для района Хорошёвский
2025-10-30 20:52:16,449 - DEBUG - [_new_conn] - Starting new HTTPS connection (1): catalog.api.2gis.com:443
2025-10-30 20:52:16,841 - DEBUG - [_make_request] - https://catalog.api.2gis.com:443 "GET /3.0/items?key=cdbda41e-e8e4-4e8d-9886-f12c075adc64&q=%D0%B4%D0%B5%D1%82%D1%81%D0%BA%D0%B8%D0%B9+%D1%81%D0%B0%D0%B4&district_id=4504209512726553&type=branch&page=4&page_size=10&fields=items.point%2Citems.name%2Citems.address_name%2Citems.reviews HTTP/1.1" 200 None
2025-10-30 20:52:16,842 - DEBUG - [получить_детские_сады_в_районе] - Статус ответа: 200
2025-10-30 20:52:16,842 - INFO - [получить_детские_сады_в_районе] - Загружено 10 детских садов со страницы 4
2025-10-30 20:52:17,343 - DEBUG - [получить_детские_сады_в_районе] - Запрос страницы 5 для района Хорошёвский
2025-10-30 20:52:17,345 - DEBUG - [_new_conn] - Starting new HTTPS connection (1): catalog.api.2gis.com:443
2025-10-30 20:52:17,727 - DEBUG - [_make_request] - https://catalog.api.2gis.com:443 "GET /3.0/items?key=cdbda41e-e8e4-4e8d-9886-f12c075adc64&q=%D0%B4%D0%B5%D1%82%D1%81%D0%BA%D0%B8%D0%B9+%D1%81%D0%B0%D0%B4&district_id=4504209512726553&type=branch&page=5&page_size=10&fields=items.point%2Citems.name%2Citems.address_name%2Citems.reviews HTTP/1.1" 200 133
2025-10-30 20:52:17,728 - DEBUG - [получить_детские_сады_в_районе] - Статус ответа: 200
2025-10-30 20:52:17,728 - WARNING - [получить_детские_сады_в_районе] - На странице 5 нет данных в ожидаемом формате
2025-10-30 20:52:17,729 - INFO - [получить_детские_сады_в_районе] - Завершение сбора для района Хорошёвский. Найдено детских садов: 40
2025-10-30 20:52:17,730 - INFO - [<cell line: 0>] - Район 'Хорошёвский' завершен. Детских садов: 40
2025-10-30 20:52:18,732 - INFO - [<cell line: 0>] - [119/132] Обработка района: Царицыно
2025-10-30 20:52:18,733 - INFO - [получить_детские_сады_в_районе] - Начало сбора детских садов для района: Царицыно (ID: 4504209512726608)
2025-10-30 20:52:18,735 - DEBUG - [получить_детские_сады_в_районе] - Запрос страницы 1 для района Царицыно
2025-10-30 20:52:18,738 - DEBUG - [_new_conn] - Starting new HTTPS connection (1): catalog.api.2gis.com:443
2025-10-30 20:52:19,155 - DEBUG - [_make_request] - https://catalog.api.2gis.com:443 "GET /3.0/items?key=cdbda41e-e8e4-4e8d-9886-f12c075adc64&q=%D0%B4%D0%B5%D1%82%D1%81%D0%BA%D0%B8%D0%B9+%D1%81%D0%B0%D0%B4&district_id=4504209512726608&type=branch&page=1&page_size=10&fields=items.point%2Citems.name%2Citems.address_name%2Citems.reviews HTTP/1.1" 200 None
2025-10-30 20:52:19,156 - DEBUG - [получить_детские_сады_в_районе] - Статус ответа: 200
2025-10-30 20:52:19,156 - INFO - [получить_детские_сады_в_районе] - Загружено 10 детских садов со страницы 1
2025-10-30 20:52:19,657 - DEBUG - [получить_детские_сады_в_районе] - Запрос страницы 2 для района Царицыно
2025-10-30 20:52:19,659 - DEBUG - [_new_conn] - Starting new HTTPS connection (1): catalog.api.2gis.com:443
2025-10-30 20:52:20,061 - DEBUG - [_make_request] - https://catalog.api.2gis.com:443 "GET /3.0/items?key=cdbda41e-e8e4-4e8d-9886-f12c075adc64&q=%D0%B4%D0%B5%D1%82%D1%81%D0%BA%D0%B8%D0%B9+%D1%81%D0%B0%D0%B4&district_id=4504209512726608&type=branch&page=2&page_size=10&fields=items.point%2Citems.name%2Citems.address_name%2Citems.reviews HTTP/1.1" 200 None
2025-10-30 20:52:20,062 - DEBUG - [получить_детские_сады_в_районе] - Статус ответа: 200
2025-10-30 20:52:20,063 - INFO - [получить_детские_сады_в_районе] - Загружено 10 детских садов со страницы 2
2025-10-30 20:52:20,564 - DEBUG - [получить_детские_сады_в_районе] - Запрос страницы 3 для района Царицыно
2025-10-30 20:52:20,565 - DEBUG - [_new_conn] - Starting new HTTPS connection (1): catalog.api.2gis.com:443
2025-10-30 20:52:20,961 - DEBUG - [_make_request] - https://catalog.api.2gis.com:443 "GET /3.0/items?key=cdbda41e-e8e4-4e8d-9886-f12c075adc64&q=%D0%B4%D0%B5%D1%82%D1%81%D0%BA%D0%B8%D0%B9+%D1%81%D0%B0%D0%B4&district_id=4504209512726608&type=branch&page=3&page_size=10&fields=items.point%2Citems.name%2Citems.address_name%2Citems.reviews HTTP/1.1" 200 None
2025-10-30 20:52:20,962 - DEBUG - [получить_детские_сады_в_районе] - Статус ответа: 200
2025-10-30 20:52:20,962 - INFO - [получить_детские_сады_в_районе] - Загружено 4 детских садов со страницы 3
2025-10-30 20:52:21,463 - DEBUG - [получить_детские_сады_в_районе] - Запрос страницы 4 для района Царицыно
2025-10-30 20:52:21,464 - DEBUG - [_new_conn] - Starting new HTTPS connection (1): catalog.api.2gis.com:443
2025-10-30 20:52:21,865 - DEBUG - [_make_request] - https://catalog.api.2gis.com:443 "GET /3.0/items?key=cdbda41e-e8e4-4e8d-9886-f12c075adc64&q=%D0%B4%D0%B5%D1%82%D1%81%D0%BA%D0%B8%D0%B9+%D1%81%D0%B0%D0%B4&district_id=4504209512726608&type=branch&page=4&page_size=10&fields=items.point%2Citems.name%2Citems.address_name%2Citems.reviews HTTP/1.1" 200 133
2025-10-30 20:52:21,866 - DEBUG - [получить_детские_сады_в_районе] - Статус ответа: 200
2025-10-30 20:52:21,866 - WARNING - [получить_детские_сады_в_районе] - На странице 4 нет данных в ожидаемом формате
2025-10-30 20:52:22,367 - DEBUG - [получить_детские_сады_в_районе] - Запрос страницы 5 для района Царицыно
2025-10-30 20:52:22,369 - DEBUG - [_new_conn] - Starting new HTTPS connection (1): catalog.api.2gis.com:443
2025-10-30 20:52:22,751 - DEBUG - [_make_request] - https://catalog.api.2gis.com:443 "GET /3.0/items?key=cdbda41e-e8e4-4e8d-9886-f12c075adc64&q=%D0%B4%D0%B5%D1%82%D1%81%D0%BA%D0%B8%D0%B9+%D1%81%D0%B0%D0%B4&district_id=4504209512726608&type=branch&page=5&page_size=10&fields=items.point%2Citems.name%2Citems.address_name%2Citems.reviews HTTP/1.1" 200 133
2025-10-30 20:52:22,752 - DEBUG - [получить_детские_сады_в_районе] - Статус ответа: 200
2025-10-30 20:52:22,752 - WARNING - [получить_детские_сады_в_районе] - На странице 5 нет данных в ожидаемом формате
2025-10-30 20:52:22,753 - INFO - [получить_детские_сады_в_районе] - Завершение сбора для района Царицыно. Найдено детских садов: 24
2025-10-30 20:52:22,755 - INFO - [<cell line: 0>] - Район 'Царицыно' завершен. Детских садов: 24
2025-10-30 20:52:23,758 - INFO - [<cell line: 0>] - [120/132] Обработка района: Черёмушки
2025-10-30 20:52:23,759 - INFO - [получить_детские_сады_в_районе] - Начало сбора детских садов для района: Черёмушки (ID: 4504209512726627)
2025-10-30 20:52:23,761 - DEBUG - [получить_детские_сады_в_районе] - Запрос страницы 1 для района Черёмушки
2025-10-30 20:52:23,762 - DEBUG - [_new_conn] - Starting new HTTPS connection (1): catalog.api.2gis.com:443
2025-10-30 20:52:24,169 - DEBUG - [_make_request] - https://catalog.api.2gis.com:443 "GET /3.0/items?key=cdbda41e-e8e4-4e8d-9886-f12c075adc64&q=%D0%B4%D0%B5%D1%82%D1%81%D0%BA%D0%B8%D0%B9+%D1%81%D0%B0%D0%B4&district_id=4504209512726627&type=branch&page=1&page_size=10&fields=items.point%2Citems.name%2Citems.address_name%2Citems.reviews HTTP/1.1" 200 None
2025-10-30 20:52:24,169 - DEBUG - [получить_детские_сады_в_районе] - Статус ответа: 200
2025-10-30 20:52:24,170 - INFO - [получить_детские_сады_в_районе] - Загружено 10 детских садов со страницы 1
2025-10-30 20:52:24,671 - DEBUG - [получить_детские_сады_в_районе] - Запрос страницы 2 для района Черёмушки
2025-10-30 20:52:24,672 - DEBUG - [_new_conn] - Starting new HTTPS connection (1): catalog.api.2gis.com:443
2025-10-30 20:52:25,072 - DEBUG - [_make_request] - https://catalog.api.2gis.com:443 "GET /3.0/items?key=cdbda41e-e8e4-4e8d-9886-f12c075adc64&q=%D0%B4%D0%B5%D1%82%D1%81%D0%BA%D0%B8%D0%B9+%D1%81%D0%B0%D0%B4&district_id=4504209512726627&type=branch&page=2&page_size=10&fields=items.point%2Citems.name%2Citems.address_name%2Citems.reviews HTTP/1.1" 200 None
2025-10-30 20:52:25,073 - DEBUG - [получить_детские_сады_в_районе] - Статус ответа: 200
2025-10-30 20:52:25,073 - INFO - [получить_детские_сады_в_районе] - Загружено 10 детских садов со страницы 2
2025-10-30 20:52:25,574 - DEBUG - [получить_детские_сады_в_районе] - Запрос страницы 3 для района Черёмушки
2025-10-30 20:52:25,575 - DEBUG - [_new_conn] - Starting new HTTPS connection (1): catalog.api.2gis.com:443
2025-10-30 20:52:25,979 - DEBUG - [_make_request] - https://catalog.api.2gis.com:443 "GET /3.0/items?key=cdbda41e-e8e4-4e8d-9886-f12c075adc64&q=%D0%B4%D0%B5%D1%82%D1%81%D0%BA%D0%B8%D0%B9+%D1%81%D0%B0%D0%B4&district_id=4504209512726627&type=branch&page=3&page_size=10&fields=items.point%2Citems.name%2Citems.address_name%2Citems.reviews HTTP/1.1" 200 None
2025-10-30 20:52:25,980 - DEBUG - [получить_детские_сады_в_районе] - Статус ответа: 200
2025-10-30 20:52:25,982 - INFO - [получить_детские_сады_в_районе] - Загружено 8 детских садов со страницы 3
2025-10-30 20:52:26,483 - DEBUG - [получить_детские_сады_в_районе] - Запрос страницы 4 для района Черёмушки
2025-10-30 20:52:26,485 - DEBUG - [_new_conn] - Starting new HTTPS connection (1): catalog.api.2gis.com:443
2025-10-30 20:52:26,882 - DEBUG - [_make_request] - https://catalog.api.2gis.com:443 "GET /3.0/items?key=cdbda41e-e8e4-4e8d-9886-f12c075adc64&q=%D0%B4%D0%B5%D1%82%D1%81%D0%BA%D0%B8%D0%B9+%D1%81%D0%B0%D0%B4&district_id=4504209512726627&type=branch&page=4&page_size=10&fields=items.point%2Citems.name%2Citems.address_name%2Citems.reviews HTTP/1.1" 200 133
2025-10-30 20:52:26,883 - DEBUG - [получить_детские_сады_в_районе] - Статус ответа: 200
2025-10-30 20:52:26,883 - WARNING - [получить_детские_сады_в_районе] - На странице 4 нет данных в ожидаемом формате
2025-10-30 20:52:27,384 - DEBUG - [получить_детские_сады_в_районе] - Запрос страницы 5 для района Черёмушки
2025-10-30 20:52:27,386 - DEBUG - [_new_conn] - Starting new HTTPS connection (1): catalog.api.2gis.com:443
2025-10-30 20:52:27,771 - DEBUG - [_make_request] - https://catalog.api.2gis.com:443 "GET /3.0/items?key=cdbda41e-e8e4-4e8d-9886-f12c075adc64&q=%D0%B4%D0%B5%D1%82%D1%81%D0%BA%D0%B8%D0%B9+%D1%81%D0%B0%D0%B4&district_id=4504209512726627&type=branch&page=5&page_size=10&fields=items.point%2Citems.name%2Citems.address_name%2Citems.reviews HTTP/1.1" 200 133
2025-10-30 20:52:27,773 - DEBUG - [получить_детские_сады_в_районе] - Статус ответа: 200
2025-10-30 20:52:27,773 - WARNING - [получить_детские_сады_в_районе] - На странице 5 нет данных в ожидаемом формате
2025-10-30 20:52:27,774 - INFO - [получить_детские_сады_в_районе] - Завершение сбора для района Черёмушки. Найдено детских садов: 28
2025-10-30 20:52:27,775 - INFO - [<cell line: 0>] - Район 'Черёмушки' завершен. Детских садов: 28
2025-10-30 20:52:28,777 - INFO - [<cell line: 0>] - [121/132] Обработка района: Чертаново Северное
2025-10-30 20:52:28,778 - INFO - [получить_детские_сады_в_районе] - Начало сбора детских садов для района: Чертаново Северное (ID: 4504209512726615)
2025-10-30 20:52:28,779 - DEBUG - [получить_детские_сады_в_районе] - Запрос страницы 1 для района Чертаново Северное
2025-10-30 20:52:28,781 - DEBUG - [_new_conn] - Starting new HTTPS connection (1): catalog.api.2gis.com:443
2025-10-30 20:52:29,191 - DEBUG - [_make_request] - https://catalog.api.2gis.com:443 "GET /3.0/items?key=cdbda41e-e8e4-4e8d-9886-f12c075adc64&q=%D0%B4%D0%B5%D1%82%D1%81%D0%BA%D0%B8%D0%B9+%D1%81%D0%B0%D0%B4&district_id=4504209512726615&type=branch&page=1&page_size=10&fields=items.point%2Citems.name%2Citems.address_name%2Citems.reviews HTTP/1.1" 200 None
2025-10-30 20:52:29,192 - DEBUG - [получить_детские_сады_в_районе] - Статус ответа: 200
2025-10-30 20:52:29,192 - INFO - [получить_детские_сады_в_районе] - Загружено 10 детских садов со страницы 1
2025-10-30 20:52:29,693 - DEBUG - [получить_детские_сады_в_районе] - Запрос страницы 2 для района Чертаново Северное
2025-10-30 20:52:29,694 - DEBUG - [_new_conn] - Starting new HTTPS connection (1): catalog.api.2gis.com:443
2025-10-30 20:52:30,111 - DEBUG - [_make_request] - https://catalog.api.2gis.com:443 "GET /3.0/items?key=cdbda41e-e8e4-4e8d-9886-f12c075adc64&q=%D0%B4%D0%B5%D1%82%D1%81%D0%BA%D0%B8%D0%B9+%D1%81%D0%B0%D0%B4&district_id=4504209512726615&type=branch&page=2&page_size=10&fields=items.point%2Citems.name%2Citems.address_name%2Citems.reviews HTTP/1.1" 200 None
2025-10-30 20:52:30,112 - DEBUG - [получить_детские_сады_в_районе] - Статус ответа: 200
2025-10-30 20:52:30,112 - INFO - [получить_детские_сады_в_районе] - Загружено 10 детских садов со страницы 2
2025-10-30 20:52:30,613 - DEBUG - [получить_детские_сады_в_районе] - Запрос страницы 3 для района Чертаново Северное
2025-10-30 20:52:30,614 - DEBUG - [_new_conn] - Starting new HTTPS connection (1): catalog.api.2gis.com:443
2025-10-30 20:52:31,126 - DEBUG - [_make_request] - https://catalog.api.2gis.com:443 "GET /3.0/items?key=cdbda41e-e8e4-4e8d-9886-f12c075adc64&q=%D0%B4%D0%B5%D1%82%D1%81%D0%BA%D0%B8%D0%B9+%D1%81%D0%B0%D0%B4&district_id=4504209512726615&type=branch&page=3&page_size=10&fields=items.point%2Citems.name%2Citems.address_name%2Citems.reviews HTTP/1.1" 200 None
2025-10-30 20:52:31,127 - DEBUG - [получить_детские_сады_в_районе] - Статус ответа: 200
2025-10-30 20:52:31,127 - INFO - [получить_детские_сады_в_районе] - Загружено 5 детских садов со страницы 3
2025-10-30 20:52:31,628 - DEBUG - [получить_детские_сады_в_районе] - Запрос страницы 4 для района Чертаново Северное
2025-10-30 20:52:31,629 - DEBUG - [_new_conn] - Starting new HTTPS connection (1): catalog.api.2gis.com:443
2025-10-30 20:52:32,207 - DEBUG - [_make_request] - https://catalog.api.2gis.com:443 "GET /3.0/items?key=cdbda41e-e8e4-4e8d-9886-f12c075adc64&q=%D0%B4%D0%B5%D1%82%D1%81%D0%BA%D0%B8%D0%B9+%D1%81%D0%B0%D0%B4&district_id=4504209512726615&type=branch&page=4&page_size=10&fields=items.point%2Citems.name%2Citems.address_name%2Citems.reviews HTTP/1.1" 200 133
2025-10-30 20:52:32,208 - DEBUG - [получить_детские_сады_в_районе] - Статус ответа: 200
2025-10-30 20:52:32,208 - WARNING - [получить_детские_сады_в_районе] - На странице 4 нет данных в ожидаемом формате
2025-10-30 20:52:32,709 - DEBUG - [получить_детские_сады_в_районе] - Запрос страницы 5 для района Чертаново Северное
2025-10-30 20:52:32,710 - DEBUG - [_new_conn] - Starting new HTTPS connection (1): catalog.api.2gis.com:443
2025-10-30 20:52:33,097 - DEBUG - [_make_request] - https://catalog.api.2gis.com:443 "GET /3.0/items?key=cdbda41e-e8e4-4e8d-9886-f12c075adc64&q=%D0%B4%D0%B5%D1%82%D1%81%D0%BA%D0%B8%D0%B9+%D1%81%D0%B0%D0%B4&district_id=4504209512726615&type=branch&page=5&page_size=10&fields=items.point%2Citems.name%2Citems.address_name%2Citems.reviews HTTP/1.1" 200 133
2025-10-30 20:52:33,098 - DEBUG - [получить_детские_сады_в_районе] - Статус ответа: 200
2025-10-30 20:52:33,099 - WARNING - [получить_детские_сады_в_районе] - На странице 5 нет данных в ожидаемом формате
2025-10-30 20:52:33,099 - INFO - [получить_детские_сады_в_районе] - Завершение сбора для района Чертаново Северное. Найдено детских садов: 25
2025-10-30 20:52:33,101 - INFO - [<cell line: 0>] - Район 'Чертаново Северное' завершен. Детских садов: 25
2025-10-30 20:52:34,102 - INFO - [<cell line: 0>] - [122/132] Обработка района: Чертаново Центральное
2025-10-30 20:52:34,103 - INFO - [получить_детские_сады_в_районе] - Начало сбора детских садов для района: Чертаново Центральное (ID: 4504209512726614)
2025-10-30 20:52:34,105 - DEBUG - [получить_детские_сады_в_районе] - Запрос страницы 1 для района Чертаново Центральное
2025-10-30 20:52:34,107 - DEBUG - [_new_conn] - Starting new HTTPS connection (1): catalog.api.2gis.com:443
2025-10-30 20:52:34,497 - DEBUG - [_make_request] - https://catalog.api.2gis.com:443 "GET /3.0/items?key=cdbda41e-e8e4-4e8d-9886-f12c075adc64&q=%D0%B4%D0%B5%D1%82%D1%81%D0%BA%D0%B8%D0%B9+%D1%81%D0%B0%D0%B4&district_id=4504209512726614&type=branch&page=1&page_size=10&fields=items.point%2Citems.name%2Citems.address_name%2Citems.reviews HTTP/1.1" 200 None
2025-10-30 20:52:34,498 - DEBUG - [получить_детские_сады_в_районе] - Статус ответа: 200
2025-10-30 20:52:34,498 - INFO - [получить_детские_сады_в_районе] - Загружено 10 детских садов со страницы 1
2025-10-30 20:52:34,999 - DEBUG - [получить_детские_сады_в_районе] - Запрос страницы 2 для района Чертаново Центральное
2025-10-30 20:52:35,001 - DEBUG - [_new_conn] - Starting new HTTPS connection (1): catalog.api.2gis.com:443
2025-10-30 20:52:35,387 - DEBUG - [_make_request] - https://catalog.api.2gis.com:443 "GET /3.0/items?key=cdbda41e-e8e4-4e8d-9886-f12c075adc64&q=%D0%B4%D0%B5%D1%82%D1%81%D0%BA%D0%B8%D0%B9+%D1%81%D0%B0%D0%B4&district_id=4504209512726614&type=branch&page=2&page_size=10&fields=items.point%2Citems.name%2Citems.address_name%2Citems.reviews HTTP/1.1" 200 None
2025-10-30 20:52:35,388 - DEBUG - [получить_детские_сады_в_районе] - Статус ответа: 200
2025-10-30 20:52:35,389 - INFO - [получить_детские_сады_в_районе] - Загружено 10 детских садов со страницы 2
2025-10-30 20:52:35,890 - DEBUG - [получить_детские_сады_в_районе] - Запрос страницы 3 для района Чертаново Центральное
2025-10-30 20:52:35,891 - DEBUG - [_new_conn] - Starting new HTTPS connection (1): catalog.api.2gis.com:443
2025-10-30 20:52:36,287 - DEBUG - [_make_request] - https://catalog.api.2gis.com:443 "GET /3.0/items?key=cdbda41e-e8e4-4e8d-9886-f12c075adc64&q=%D0%B4%D0%B5%D1%82%D1%81%D0%BA%D0%B8%D0%B9+%D1%81%D0%B0%D0%B4&district_id=4504209512726614&type=branch&page=3&page_size=10&fields=items.point%2Citems.name%2Citems.address_name%2Citems.reviews HTTP/1.1" 200 None
2025-10-30 20:52:36,288 - DEBUG - [получить_детские_сады_в_районе] - Статус ответа: 200
2025-10-30 20:52:36,288 - INFO - [получить_детские_сады_в_районе] - Загружено 7 детских садов со страницы 3
2025-10-30 20:52:36,789 - DEBUG - [получить_детские_сады_в_районе] - Запрос страницы 4 для района Чертаново Центральное
2025-10-30 20:52:36,790 - DEBUG - [_new_conn] - Starting new HTTPS connection (1): catalog.api.2gis.com:443
2025-10-30 20:52:37,174 - DEBUG - [_make_request] - https://catalog.api.2gis.com:443 "GET /3.0/items?key=cdbda41e-e8e4-4e8d-9886-f12c075adc64&q=%D0%B4%D0%B5%D1%82%D1%81%D0%BA%D0%B8%D0%B9+%D1%81%D0%B0%D0%B4&district_id=4504209512726614&type=branch&page=4&page_size=10&fields=items.point%2Citems.name%2Citems.address_name%2Citems.reviews HTTP/1.1" 200 133
2025-10-30 20:52:37,175 - DEBUG - [получить_детские_сады_в_районе] - Статус ответа: 200
2025-10-30 20:52:37,175 - WARNING - [получить_детские_сады_в_районе] - На странице 4 нет данных в ожидаемом формате
2025-10-30 20:52:37,676 - DEBUG - [получить_детские_сады_в_районе] - Запрос страницы 5 для района Чертаново Центральное
2025-10-30 20:52:37,678 - DEBUG - [_new_conn] - Starting new HTTPS connection (1): catalog.api.2gis.com:443
2025-10-30 20:52:38,062 - DEBUG - [_make_request] - https://catalog.api.2gis.com:443 "GET /3.0/items?key=cdbda41e-e8e4-4e8d-9886-f12c075adc64&q=%D0%B4%D0%B5%D1%82%D1%81%D0%BA%D0%B8%D0%B9+%D1%81%D0%B0%D0%B4&district_id=4504209512726614&type=branch&page=5&page_size=10&fields=items.point%2Citems.name%2Citems.address_name%2Citems.reviews HTTP/1.1" 200 133
2025-10-30 20:52:38,063 - DEBUG - [получить_детские_сады_в_районе] - Статус ответа: 200
2025-10-30 20:52:38,063 - WARNING - [получить_детские_сады_в_районе] - На странице 5 нет данных в ожидаемом формате
2025-10-30 20:52:38,064 - INFO - [получить_детские_сады_в_районе] - Завершение сбора для района Чертаново Центральное. Найдено детских садов: 27
2025-10-30 20:52:38,066 - INFO - [<cell line: 0>] - Район 'Чертаново Центральное' завершен. Детских садов: 27
2025-10-30 20:52:39,067 - INFO - [<cell line: 0>] - [123/132] Обработка района: Чертаново Южное
2025-10-30 20:52:39,068 - INFO - [получить_детские_сады_в_районе] - Начало сбора детских садов для района: Чертаново Южное (ID: 4504209512726659)
2025-10-30 20:52:39,070 - DEBUG - [получить_детские_сады_в_районе] - Запрос страницы 1 для района Чертаново Южное
2025-10-30 20:52:39,071 - DEBUG - [_new_conn] - Starting new HTTPS connection (1): catalog.api.2gis.com:443
2025-10-30 20:52:39,501 - DEBUG - [_make_request] - https://catalog.api.2gis.com:443 "GET /3.0/items?key=cdbda41e-e8e4-4e8d-9886-f12c075adc64&q=%D0%B4%D0%B5%D1%82%D1%81%D0%BA%D0%B8%D0%B9+%D1%81%D0%B0%D0%B4&district_id=4504209512726659&type=branch&page=1&page_size=10&fields=items.point%2Citems.name%2Citems.address_name%2Citems.reviews HTTP/1.1" 200 None
2025-10-30 20:52:39,502 - DEBUG - [получить_детские_сады_в_районе] - Статус ответа: 200
2025-10-30 20:52:39,502 - INFO - [получить_детские_сады_в_районе] - Загружено 10 детских садов со страницы 1
2025-10-30 20:52:40,003 - DEBUG - [получить_детские_сады_в_районе] - Запрос страницы 2 для района Чертаново Южное
2025-10-30 20:52:40,005 - DEBUG - [_new_conn] - Starting new HTTPS connection (1): catalog.api.2gis.com:443
2025-10-30 20:52:40,409 - DEBUG - [_make_request] - https://catalog.api.2gis.com:443 "GET /3.0/items?key=cdbda41e-e8e4-4e8d-9886-f12c075adc64&q=%D0%B4%D0%B5%D1%82%D1%81%D0%BA%D0%B8%D0%B9+%D1%81%D0%B0%D0%B4&district_id=4504209512726659&type=branch&page=2&page_size=10&fields=items.point%2Citems.name%2Citems.address_name%2Citems.reviews HTTP/1.1" 200 None
2025-10-30 20:52:40,410 - DEBUG - [получить_детские_сады_в_районе] - Статус ответа: 200
2025-10-30 20:52:40,410 - INFO - [получить_детские_сады_в_районе] - Загружено 10 детских садов со страницы 2
2025-10-30 20:52:40,911 - DEBUG - [получить_детские_сады_в_районе] - Запрос страницы 3 для района Чертаново Южное
2025-10-30 20:52:40,912 - DEBUG - [_new_conn] - Starting new HTTPS connection (1): catalog.api.2gis.com:443
2025-10-30 20:52:41,328 - DEBUG - [_make_request] - https://catalog.api.2gis.com:443 "GET /3.0/items?key=cdbda41e-e8e4-4e8d-9886-f12c075adc64&q=%D0%B4%D0%B5%D1%82%D1%81%D0%BA%D0%B8%D0%B9+%D1%81%D0%B0%D0%B4&district_id=4504209512726659&type=branch&page=3&page_size=10&fields=items.point%2Citems.name%2Citems.address_name%2Citems.reviews HTTP/1.1" 200 None
2025-10-30 20:52:41,329 - DEBUG - [получить_детские_сады_в_районе] - Статус ответа: 200
2025-10-30 20:52:41,329 - INFO - [получить_детские_сады_в_районе] - Загружено 10 детских садов со страницы 3
2025-10-30 20:52:41,830 - DEBUG - [получить_детские_сады_в_районе] - Запрос страницы 4 для района Чертаново Южное
2025-10-30 20:52:41,831 - DEBUG - [_new_conn] - Starting new HTTPS connection (1): catalog.api.2gis.com:443
2025-10-30 20:52:42,218 - DEBUG - [_make_request] - https://catalog.api.2gis.com:443 "GET /3.0/items?key=cdbda41e-e8e4-4e8d-9886-f12c075adc64&q=%D0%B4%D0%B5%D1%82%D1%81%D0%BA%D0%B8%D0%B9+%D1%81%D0%B0%D0%B4&district_id=4504209512726659&type=branch&page=4&page_size=10&fields=items.point%2Citems.name%2Citems.address_name%2Citems.reviews HTTP/1.1" 200 None
2025-10-30 20:52:42,219 - DEBUG - [получить_детские_сады_в_районе] - Статус ответа: 200
2025-10-30 20:52:42,220 - INFO - [получить_детские_сады_в_районе] - Загружено 2 детских садов со страницы 4
2025-10-30 20:52:42,721 - DEBUG - [получить_детские_сады_в_районе] - Запрос страницы 5 для района Чертаново Южное
2025-10-30 20:52:42,722 - DEBUG - [_new_conn] - Starting new HTTPS connection (1): catalog.api.2gis.com:443
2025-10-30 20:52:43,105 - DEBUG - [_make_request] - https://catalog.api.2gis.com:443 "GET /3.0/items?key=cdbda41e-e8e4-4e8d-9886-f12c075adc64&q=%D0%B4%D0%B5%D1%82%D1%81%D0%BA%D0%B8%D0%B9+%D1%81%D0%B0%D0%B4&district_id=4504209512726659&type=branch&page=5&page_size=10&fields=items.point%2Citems.name%2Citems.address_name%2Citems.reviews HTTP/1.1" 200 133
2025-10-30 20:52:43,106 - DEBUG - [получить_детские_сады_в_районе] - Статус ответа: 200
2025-10-30 20:52:43,106 - WARNING - [получить_детские_сады_в_районе] - На странице 5 нет данных в ожидаемом формате
2025-10-30 20:52:43,107 - INFO - [получить_детские_сады_в_районе] - Завершение сбора для района Чертаново Южное. Найдено детских садов: 32
2025-10-30 20:52:43,109 - INFO - [<cell line: 0>] - Район 'Чертаново Южное' завершен. Детских садов: 32
2025-10-30 20:52:44,112 - INFO - [<cell line: 0>] - [124/132] Обработка района: Щербинка
2025-10-30 20:52:44,113 - INFO - [получить_детские_сады_в_районе] - Начало сбора детских садов для района: Щербинка (ID: 4504209520928047)
2025-10-30 20:52:44,114 - DEBUG - [получить_детские_сады_в_районе] - Запрос страницы 1 для района Щербинка
2025-10-30 20:52:44,117 - DEBUG - [_new_conn] - Starting new HTTPS connection (1): catalog.api.2gis.com:443
2025-10-30 20:52:44,514 - DEBUG - [_make_request] - https://catalog.api.2gis.com:443 "GET /3.0/items?key=cdbda41e-e8e4-4e8d-9886-f12c075adc64&q=%D0%B4%D0%B5%D1%82%D1%81%D0%BA%D0%B8%D0%B9+%D1%81%D0%B0%D0%B4&district_id=4504209520928047&type=branch&page=1&page_size=10&fields=items.point%2Citems.name%2Citems.address_name%2Citems.reviews HTTP/1.1" 200 None
2025-10-30 20:52:44,515 - DEBUG - [получить_детские_сады_в_районе] - Статус ответа: 200
2025-10-30 20:52:44,515 - INFO - [получить_детские_сады_в_районе] - Загружено 10 детских садов со страницы 1
2025-10-30 20:52:45,016 - DEBUG - [получить_детские_сады_в_районе] - Запрос страницы 2 для района Щербинка
2025-10-30 20:52:45,018 - DEBUG - [_new_conn] - Starting new HTTPS connection (1): catalog.api.2gis.com:443
2025-10-30 20:52:45,412 - DEBUG - [_make_request] - https://catalog.api.2gis.com:443 "GET /3.0/items?key=cdbda41e-e8e4-4e8d-9886-f12c075adc64&q=%D0%B4%D0%B5%D1%82%D1%81%D0%BA%D0%B8%D0%B9+%D1%81%D0%B0%D0%B4&district_id=4504209520928047&type=branch&page=2&page_size=10&fields=items.point%2Citems.name%2Citems.address_name%2Citems.reviews HTTP/1.1" 200 None
2025-10-30 20:52:45,414 - DEBUG - [получить_детские_сады_в_районе] - Статус ответа: 200
2025-10-30 20:52:45,414 - INFO - [получить_детские_сады_в_районе] - Загружено 10 детских садов со страницы 2
2025-10-30 20:52:45,915 - DEBUG - [получить_детские_сады_в_районе] - Запрос страницы 3 для района Щербинка
2025-10-30 20:52:45,916 - DEBUG - [_new_conn] - Starting new HTTPS connection (1): catalog.api.2gis.com:443
2025-10-30 20:52:46,314 - DEBUG - [_make_request] - https://catalog.api.2gis.com:443 "GET /3.0/items?key=cdbda41e-e8e4-4e8d-9886-f12c075adc64&q=%D0%B4%D0%B5%D1%82%D1%81%D0%BA%D0%B8%D0%B9+%D1%81%D0%B0%D0%B4&district_id=4504209520928047&type=branch&page=3&page_size=10&fields=items.point%2Citems.name%2Citems.address_name%2Citems.reviews HTTP/1.1" 200 None
2025-10-30 20:52:46,315 - DEBUG - [получить_детские_сады_в_районе] - Статус ответа: 200
2025-10-30 20:52:46,315 - INFO - [получить_детские_сады_в_районе] - Загружено 10 детских садов со страницы 3
2025-10-30 20:52:46,816 - DEBUG - [получить_детские_сады_в_районе] - Запрос страницы 4 для района Щербинка
2025-10-30 20:52:46,817 - DEBUG - [_new_conn] - Starting new HTTPS connection (1): catalog.api.2gis.com:443
2025-10-30 20:52:47,222 - DEBUG - [_make_request] - https://catalog.api.2gis.com:443 "GET /3.0/items?key=cdbda41e-e8e4-4e8d-9886-f12c075adc64&q=%D0%B4%D0%B5%D1%82%D1%81%D0%BA%D0%B8%D0%B9+%D1%81%D0%B0%D0%B4&district_id=4504209520928047&type=branch&page=4&page_size=10&fields=items.point%2Citems.name%2Citems.address_name%2Citems.reviews HTTP/1.1" 200 None
2025-10-30 20:52:47,223 - DEBUG - [получить_детские_сады_в_районе] - Статус ответа: 200
2025-10-30 20:52:47,223 - INFO - [получить_детские_сады_в_районе] - Загружено 10 детских садов со страницы 4
2025-10-30 20:52:47,724 - DEBUG - [получить_детские_сады_в_районе] - Запрос страницы 5 для района Щербинка
2025-10-30 20:52:47,725 - DEBUG - [_new_conn] - Starting new HTTPS connection (1): catalog.api.2gis.com:443
2025-10-30 20:52:48,111 - DEBUG - [_make_request] - https://catalog.api.2gis.com:443 "GET /3.0/items?key=cdbda41e-e8e4-4e8d-9886-f12c075adc64&q=%D0%B4%D0%B5%D1%82%D1%81%D0%BA%D0%B8%D0%B9+%D1%81%D0%B0%D0%B4&district_id=4504209520928047&type=branch&page=5&page_size=10&fields=items.point%2Citems.name%2Citems.address_name%2Citems.reviews HTTP/1.1" 200 None
2025-10-30 20:52:48,112 - DEBUG - [получить_детские_сады_в_районе] - Статус ответа: 200
2025-10-30 20:52:48,112 - INFO - [получить_детские_сады_в_районе] - Загружено 4 детских садов со страницы 5
2025-10-30 20:52:48,113 - INFO - [получить_детские_сады_в_районе] - Завершение сбора для района Щербинка. Найдено детских садов: 44
2025-10-30 20:52:48,115 - INFO - [<cell line: 0>] - Район 'Щербинка' завершен. Детских садов: 44
2025-10-30 20:52:49,117 - INFO - [<cell line: 0>] - [125/132] Обработка района: Щукино
2025-10-30 20:52:49,118 - INFO - [получить_детские_сады_в_районе] - Начало сбора детских садов для района: Щукино (ID: 4504209512726648)
2025-10-30 20:52:49,119 - DEBUG - [получить_детские_сады_в_районе] - Запрос страницы 1 для района Щукино
2025-10-30 20:52:49,121 - DEBUG - [_new_conn] - Starting new HTTPS connection (1): catalog.api.2gis.com:443
2025-10-30 20:52:49,520 - DEBUG - [_make_request] - https://catalog.api.2gis.com:443 "GET /3.0/items?key=cdbda41e-e8e4-4e8d-9886-f12c075adc64&q=%D0%B4%D0%B5%D1%82%D1%81%D0%BA%D0%B8%D0%B9+%D1%81%D0%B0%D0%B4&district_id=4504209512726648&type=branch&page=1&page_size=10&fields=items.point%2Citems.name%2Citems.address_name%2Citems.reviews HTTP/1.1" 200 None
2025-10-30 20:52:49,521 - DEBUG - [получить_детские_сады_в_районе] - Статус ответа: 200
2025-10-30 20:52:49,521 - INFO - [получить_детские_сады_в_районе] - Загружено 10 детских садов со страницы 1
2025-10-30 20:52:50,023 - DEBUG - [получить_детские_сады_в_районе] - Запрос страницы 2 для района Щукино
2025-10-30 20:52:50,025 - DEBUG - [_new_conn] - Starting new HTTPS connection (1): catalog.api.2gis.com:443
2025-10-30 20:52:50,436 - DEBUG - [_make_request] - https://catalog.api.2gis.com:443 "GET /3.0/items?key=cdbda41e-e8e4-4e8d-9886-f12c075adc64&q=%D0%B4%D0%B5%D1%82%D1%81%D0%BA%D0%B8%D0%B9+%D1%81%D0%B0%D0%B4&district_id=4504209512726648&type=branch&page=2&page_size=10&fields=items.point%2Citems.name%2Citems.address_name%2Citems.reviews HTTP/1.1" 200 None
2025-10-30 20:52:50,440 - DEBUG - [получить_детские_сады_в_районе] - Статус ответа: 200
2025-10-30 20:52:50,440 - INFO - [получить_детские_сады_в_районе] - Загружено 10 детских садов со страницы 2
2025-10-30 20:52:50,942 - DEBUG - [получить_детские_сады_в_районе] - Запрос страницы 3 для района Щукино
2025-10-30 20:52:50,944 - DEBUG - [_new_conn] - Starting new HTTPS connection (1): catalog.api.2gis.com:443
2025-10-30 20:52:51,345 - DEBUG - [_make_request] - https://catalog.api.2gis.com:443 "GET /3.0/items?key=cdbda41e-e8e4-4e8d-9886-f12c075adc64&q=%D0%B4%D0%B5%D1%82%D1%81%D0%BA%D0%B8%D0%B9+%D1%81%D0%B0%D0%B4&district_id=4504209512726648&type=branch&page=3&page_size=10&fields=items.point%2Citems.name%2Citems.address_name%2Citems.reviews HTTP/1.1" 200 None
2025-10-30 20:52:51,347 - DEBUG - [получить_детские_сады_в_районе] - Статус ответа: 200
2025-10-30 20:52:51,347 - INFO - [получить_детские_сады_в_районе] - Загружено 10 детских садов со страницы 3
2025-10-30 20:52:51,848 - DEBUG - [получить_детские_сады_в_районе] - Запрос страницы 4 для района Щукино
2025-10-30 20:52:51,850 - DEBUG - [_new_conn] - Starting new HTTPS connection (1): catalog.api.2gis.com:443
2025-10-30 20:52:52,240 - DEBUG - [_make_request] - https://catalog.api.2gis.com:443 "GET /3.0/items?key=cdbda41e-e8e4-4e8d-9886-f12c075adc64&q=%D0%B4%D0%B5%D1%82%D1%81%D0%BA%D0%B8%D0%B9+%D1%81%D0%B0%D0%B4&district_id=4504209512726648&type=branch&page=4&page_size=10&fields=items.point%2Citems.name%2Citems.address_name%2Citems.reviews HTTP/1.1" 200 None
2025-10-30 20:52:52,241 - DEBUG - [получить_детские_сады_в_районе] - Статус ответа: 200
2025-10-30 20:52:52,241 - INFO - [получить_детские_сады_в_районе] - Загружено 5 детских садов со страницы 4
2025-10-30 20:52:52,742 - DEBUG - [получить_детские_сады_в_районе] - Запрос страницы 5 для района Щукино
2025-10-30 20:52:52,743 - DEBUG - [_new_conn] - Starting new HTTPS connection (1): catalog.api.2gis.com:443
2025-10-30 20:52:53,128 - DEBUG - [_make_request] - https://catalog.api.2gis.com:443 "GET /3.0/items?key=cdbda41e-e8e4-4e8d-9886-f12c075adc64&q=%D0%B4%D0%B5%D1%82%D1%81%D0%BA%D0%B8%D0%B9+%D1%81%D0%B0%D0%B4&district_id=4504209512726648&type=branch&page=5&page_size=10&fields=items.point%2Citems.name%2Citems.address_name%2Citems.reviews HTTP/1.1" 200 133
2025-10-30 20:52:53,129 - DEBUG - [получить_детские_сады_в_районе] - Статус ответа: 200
2025-10-30 20:52:53,129 - WARNING - [получить_детские_сады_в_районе] - На странице 5 нет данных в ожидаемом формате
2025-10-30 20:52:53,130 - INFO - [получить_детские_сады_в_районе] - Завершение сбора для района Щукино. Найдено детских садов: 35
2025-10-30 20:52:53,133 - INFO - [<cell line: 0>] - Район 'Щукино' завершен. Детских садов: 35
2025-10-30 20:52:54,134 - INFO - [<cell line: 0>] - [126/132] Обработка района: Южное Бутово
2025-10-30 20:52:54,135 - INFO - [получить_детские_сады_в_районе] - Начало сбора детских садов для района: Южное Бутово (ID: 4504209512726619)
2025-10-30 20:52:54,136 - DEBUG - [получить_детские_сады_в_районе] - Запрос страницы 1 для района Южное Бутово
2025-10-30 20:52:54,139 - DEBUG - [_new_conn] - Starting new HTTPS connection (1): catalog.api.2gis.com:443
2025-10-30 20:52:54,551 - DEBUG - [_make_request] - https://catalog.api.2gis.com:443 "GET /3.0/items?key=cdbda41e-e8e4-4e8d-9886-f12c075adc64&q=%D0%B4%D0%B5%D1%82%D1%81%D0%BA%D0%B8%D0%B9+%D1%81%D0%B0%D0%B4&district_id=4504209512726619&type=branch&page=1&page_size=10&fields=items.point%2Citems.name%2Citems.address_name%2Citems.reviews HTTP/1.1" 200 None
2025-10-30 20:52:54,551 - DEBUG - [получить_детские_сады_в_районе] - Статус ответа: 200
2025-10-30 20:52:54,552 - INFO - [получить_детские_сады_в_районе] - Загружено 10 детских садов со страницы 1
2025-10-30 20:52:55,053 - DEBUG - [получить_детские_сады_в_районе] - Запрос страницы 2 для района Южное Бутово
2025-10-30 20:52:55,054 - DEBUG - [_new_conn] - Starting new HTTPS connection (1): catalog.api.2gis.com:443
2025-10-30 20:52:55,466 - DEBUG - [_make_request] - https://catalog.api.2gis.com:443 "GET /3.0/items?key=cdbda41e-e8e4-4e8d-9886-f12c075adc64&q=%D0%B4%D0%B5%D1%82%D1%81%D0%BA%D0%B8%D0%B9+%D1%81%D0%B0%D0%B4&district_id=4504209512726619&type=branch&page=2&page_size=10&fields=items.point%2Citems.name%2Citems.address_name%2Citems.reviews HTTP/1.1" 200 None
2025-10-30 20:52:55,468 - DEBUG - [получить_детские_сады_в_районе] - Статус ответа: 200
2025-10-30 20:52:55,468 - INFO - [получить_детские_сады_в_районе] - Загружено 10 детских садов со страницы 2
2025-10-30 20:52:55,969 - DEBUG - [получить_детские_сады_в_районе] - Запрос страницы 3 для района Южное Бутово
2025-10-30 20:52:55,970 - DEBUG - [_new_conn] - Starting new HTTPS connection (1): catalog.api.2gis.com:443
2025-10-30 20:52:56,384 - DEBUG - [_make_request] - https://catalog.api.2gis.com:443 "GET /3.0/items?key=cdbda41e-e8e4-4e8d-9886-f12c075adc64&q=%D0%B4%D0%B5%D1%82%D1%81%D0%BA%D0%B8%D0%B9+%D1%81%D0%B0%D0%B4&district_id=4504209512726619&type=branch&page=3&page_size=10&fields=items.point%2Citems.name%2Citems.address_name%2Citems.reviews HTTP/1.1" 200 None
2025-10-30 20:52:56,385 - DEBUG - [получить_детские_сады_в_районе] - Статус ответа: 200
2025-10-30 20:52:56,386 - INFO - [получить_детские_сады_в_районе] - Загружено 10 детских садов со страницы 3
2025-10-30 20:52:56,887 - DEBUG - [получить_детские_сады_в_районе] - Запрос страницы 4 для района Южное Бутово
2025-10-30 20:52:56,888 - DEBUG - [_new_conn] - Starting new HTTPS connection (1): catalog.api.2gis.com:443
2025-10-30 20:52:57,281 - DEBUG - [_make_request] - https://catalog.api.2gis.com:443 "GET /3.0/items?key=cdbda41e-e8e4-4e8d-9886-f12c075adc64&q=%D0%B4%D0%B5%D1%82%D1%81%D0%BA%D0%B8%D0%B9+%D1%81%D0%B0%D0%B4&district_id=4504209512726619&type=branch&page=4&page_size=10&fields=items.point%2Citems.name%2Citems.address_name%2Citems.reviews HTTP/1.1" 200 None
2025-10-30 20:52:57,282 - DEBUG - [получить_детские_сады_в_районе] - Статус ответа: 200
2025-10-30 20:52:57,282 - INFO - [получить_детские_сады_в_районе] - Загружено 10 детских садов со страницы 4
2025-10-30 20:52:57,783 - DEBUG - [получить_детские_сады_в_районе] - Запрос страницы 5 для района Южное Бутово
2025-10-30 20:52:57,784 - DEBUG - [_new_conn] - Starting new HTTPS connection (1): catalog.api.2gis.com:443
2025-10-30 20:52:58,198 - DEBUG - [_make_request] - https://catalog.api.2gis.com:443 "GET /3.0/items?key=cdbda41e-e8e4-4e8d-9886-f12c075adc64&q=%D0%B4%D0%B5%D1%82%D1%81%D0%BA%D0%B8%D0%B9+%D1%81%D0%B0%D0%B4&district_id=4504209512726619&type=branch&page=5&page_size=10&fields=items.point%2Citems.name%2Citems.address_name%2Citems.reviews HTTP/1.1" 200 None
2025-10-30 20:52:58,199 - DEBUG - [получить_детские_сады_в_районе] - Статус ответа: 200
2025-10-30 20:52:58,199 - INFO - [получить_детские_сады_в_районе] - Загружено 10 детских садов со страницы 5
2025-10-30 20:52:58,200 - INFO - [получить_детские_сады_в_районе] - Завершение сбора для района Южное Бутово. Найдено детских садов: 50
2025-10-30 20:52:58,201 - INFO - [<cell line: 0>] - Район 'Южное Бутово' завершен. Детских садов: 50
2025-10-30 20:52:59,203 - INFO - [<cell line: 0>] - [127/132] Обработка района: Южное Медведково
2025-10-30 20:52:59,204 - INFO - [получить_детские_сады_в_районе] - Начало сбора детских садов для района: Южное Медведково (ID: 4504209512726561)
2025-10-30 20:52:59,205 - DEBUG - [получить_детские_сады_в_районе] - Запрос страницы 1 для района Южное Медведково
2025-10-30 20:52:59,207 - DEBUG - [_new_conn] - Starting new HTTPS connection (1): catalog.api.2gis.com:443
2025-10-30 20:52:59,616 - DEBUG - [_make_request] - https://catalog.api.2gis.com:443 "GET /3.0/items?key=cdbda41e-e8e4-4e8d-9886-f12c075adc64&q=%D0%B4%D0%B5%D1%82%D1%81%D0%BA%D0%B8%D0%B9+%D1%81%D0%B0%D0%B4&district_id=4504209512726561&type=branch&page=1&page_size=10&fields=items.point%2Citems.name%2Citems.address_name%2Citems.reviews HTTP/1.1" 200 None
2025-10-30 20:52:59,617 - DEBUG - [получить_детские_сады_в_районе] - Статус ответа: 200
2025-10-30 20:52:59,617 - INFO - [получить_детские_сады_в_районе] - Загружено 10 детских садов со страницы 1
2025-10-30 20:53:00,118 - DEBUG - [получить_детские_сады_в_районе] - Запрос страницы 2 для района Южное Медведково
2025-10-30 20:53:00,119 - DEBUG - [_new_conn] - Starting new HTTPS connection (1): catalog.api.2gis.com:443
2025-10-30 20:53:00,626 - DEBUG - [_make_request] - https://catalog.api.2gis.com:443 "GET /3.0/items?key=cdbda41e-e8e4-4e8d-9886-f12c075adc64&q=%D0%B4%D0%B5%D1%82%D1%81%D0%BA%D0%B8%D0%B9+%D1%81%D0%B0%D0%B4&district_id=4504209512726561&type=branch&page=2&page_size=10&fields=items.point%2Citems.name%2Citems.address_name%2Citems.reviews HTTP/1.1" 200 None
2025-10-30 20:53:00,628 - DEBUG - [получить_детские_сады_в_районе] - Статус ответа: 200
2025-10-30 20:53:00,628 - INFO - [получить_детские_сады_в_районе] - Загружено 10 детских садов со страницы 2
2025-10-30 20:53:01,129 - DEBUG - [получить_детские_сады_в_районе] - Запрос страницы 3 для района Южное Медведково
2025-10-30 20:53:01,131 - DEBUG - [_new_conn] - Starting new HTTPS connection (1): catalog.api.2gis.com:443
2025-10-30 20:53:01,642 - DEBUG - [_make_request] - https://catalog.api.2gis.com:443 "GET /3.0/items?key=cdbda41e-e8e4-4e8d-9886-f12c075adc64&q=%D0%B4%D0%B5%D1%82%D1%81%D0%BA%D0%B8%D0%B9+%D1%81%D0%B0%D0%B4&district_id=4504209512726561&type=branch&page=3&page_size=10&fields=items.point%2Citems.name%2Citems.address_name%2Citems.reviews HTTP/1.1" 200 None
2025-10-30 20:53:01,643 - DEBUG - [получить_детские_сады_в_районе] - Статус ответа: 200
2025-10-30 20:53:01,643 - INFO - [получить_детские_сады_в_районе] - Загружено 9 детских садов со страницы 3
2025-10-30 20:53:02,144 - DEBUG - [получить_детские_сады_в_районе] - Запрос страницы 4 для района Южное Медведково
2025-10-30 20:53:02,146 - DEBUG - [_new_conn] - Starting new HTTPS connection (1): catalog.api.2gis.com:443
2025-10-30 20:53:02,543 - DEBUG - [_make_request] - https://catalog.api.2gis.com:443 "GET /3.0/items?key=cdbda41e-e8e4-4e8d-9886-f12c075adc64&q=%D0%B4%D0%B5%D1%82%D1%81%D0%BA%D0%B8%D0%B9+%D1%81%D0%B0%D0%B4&district_id=4504209512726561&type=branch&page=4&page_size=10&fields=items.point%2Citems.name%2Citems.address_name%2Citems.reviews HTTP/1.1" 200 133
2025-10-30 20:53:02,544 - DEBUG - [получить_детские_сады_в_районе] - Статус ответа: 200
2025-10-30 20:53:02,544 - WARNING - [получить_детские_сады_в_районе] - На странице 4 нет данных в ожидаемом формате
2025-10-30 20:53:03,046 - DEBUG - [получить_детские_сады_в_районе] - Запрос страницы 5 для района Южное Медведково
2025-10-30 20:53:03,048 - DEBUG - [_new_conn] - Starting new HTTPS connection (1): catalog.api.2gis.com:443
2025-10-30 20:53:03,435 - DEBUG - [_make_request] - https://catalog.api.2gis.com:443 "GET /3.0/items?key=cdbda41e-e8e4-4e8d-9886-f12c075adc64&q=%D0%B4%D0%B5%D1%82%D1%81%D0%BA%D0%B8%D0%B9+%D1%81%D0%B0%D0%B4&district_id=4504209512726561&type=branch&page=5&page_size=10&fields=items.point%2Citems.name%2Citems.address_name%2Citems.reviews HTTP/1.1" 200 133
2025-10-30 20:53:03,436 - DEBUG - [получить_детские_сады_в_районе] - Статус ответа: 200
2025-10-30 20:53:03,436 - WARNING - [получить_детские_сады_в_районе] - На странице 5 нет данных в ожидаемом формате
2025-10-30 20:53:03,437 - INFO - [получить_детские_сады_в_районе] - Завершение сбора для района Южное Медведково. Найдено детских садов: 29
2025-10-30 20:53:03,438 - INFO - [<cell line: 0>] - Район 'Южное Медведково' завершен. Детских садов: 29
2025-10-30 20:53:04,441 - INFO - [<cell line: 0>] - [128/132] Обработка района: Южное Тушино
2025-10-30 20:53:04,442 - INFO - [получить_детские_сады_в_районе] - Начало сбора детских садов для района: Южное Тушино (ID: 4504209512726649)
2025-10-30 20:53:04,443 - DEBUG - [получить_детские_сады_в_районе] - Запрос страницы 1 для района Южное Тушино
2025-10-30 20:53:04,444 - DEBUG - [_new_conn] - Starting new HTTPS connection (1): catalog.api.2gis.com:443
2025-10-30 20:53:04,847 - DEBUG - [_make_request] - https://catalog.api.2gis.com:443 "GET /3.0/items?key=cdbda41e-e8e4-4e8d-9886-f12c075adc64&q=%D0%B4%D0%B5%D1%82%D1%81%D0%BA%D0%B8%D0%B9+%D1%81%D0%B0%D0%B4&district_id=4504209512726649&type=branch&page=1&page_size=10&fields=items.point%2Citems.name%2Citems.address_name%2Citems.reviews HTTP/1.1" 200 None
2025-10-30 20:53:04,848 - DEBUG - [получить_детские_сады_в_районе] - Статус ответа: 200
2025-10-30 20:53:04,848 - INFO - [получить_детские_сады_в_районе] - Загружено 10 детских садов со страницы 1
2025-10-30 20:53:05,349 - DEBUG - [получить_детские_сады_в_районе] - Запрос страницы 2 для района Южное Тушино
2025-10-30 20:53:05,350 - DEBUG - [_new_conn] - Starting new HTTPS connection (1): catalog.api.2gis.com:443
2025-10-30 20:53:05,752 - DEBUG - [_make_request] - https://catalog.api.2gis.com:443 "GET /3.0/items?key=cdbda41e-e8e4-4e8d-9886-f12c075adc64&q=%D0%B4%D0%B5%D1%82%D1%81%D0%BA%D0%B8%D0%B9+%D1%81%D0%B0%D0%B4&district_id=4504209512726649&type=branch&page=2&page_size=10&fields=items.point%2Citems.name%2Citems.address_name%2Citems.reviews HTTP/1.1" 200 None
2025-10-30 20:53:05,753 - DEBUG - [получить_детские_сады_в_районе] - Статус ответа: 200
2025-10-30 20:53:05,754 - INFO - [получить_детские_сады_в_районе] - Загружено 9 детских садов со страницы 2
2025-10-30 20:53:06,255 - DEBUG - [получить_детские_сады_в_районе] - Запрос страницы 3 для района Южное Тушино
2025-10-30 20:53:06,256 - DEBUG - [_new_conn] - Starting new HTTPS connection (1): catalog.api.2gis.com:443
2025-10-30 20:53:06,650 - DEBUG - [_make_request] - https://catalog.api.2gis.com:443 "GET /3.0/items?key=cdbda41e-e8e4-4e8d-9886-f12c075adc64&q=%D0%B4%D0%B5%D1%82%D1%81%D0%BA%D0%B8%D0%B9+%D1%81%D0%B0%D0%B4&district_id=4504209512726649&type=branch&page=3&page_size=10&fields=items.point%2Citems.name%2Citems.address_name%2Citems.reviews HTTP/1.1" 200 133
2025-10-30 20:53:06,651 - DEBUG - [получить_детские_сады_в_районе] - Статус ответа: 200
2025-10-30 20:53:06,652 - WARNING - [получить_детские_сады_в_районе] - На странице 3 нет данных в ожидаемом формате
2025-10-30 20:53:07,153 - DEBUG - [получить_детские_сады_в_районе] - Запрос страницы 4 для района Южное Тушино
2025-10-30 20:53:07,155 - DEBUG - [_new_conn] - Starting new HTTPS connection (1): catalog.api.2gis.com:443
2025-10-30 20:53:07,560 - DEBUG - [_make_request] - https://catalog.api.2gis.com:443 "GET /3.0/items?key=cdbda41e-e8e4-4e8d-9886-f12c075adc64&q=%D0%B4%D0%B5%D1%82%D1%81%D0%BA%D0%B8%D0%B9+%D1%81%D0%B0%D0%B4&district_id=4504209512726649&type=branch&page=4&page_size=10&fields=items.point%2Citems.name%2Citems.address_name%2Citems.reviews HTTP/1.1" 200 133
2025-10-30 20:53:07,561 - DEBUG - [получить_детские_сады_в_районе] - Статус ответа: 200
2025-10-30 20:53:07,561 - WARNING - [получить_детские_сады_в_районе] - На странице 4 нет данных в ожидаемом формате
2025-10-30 20:53:08,062 - DEBUG - [получить_детские_сады_в_районе] - Запрос страницы 5 для района Южное Тушино
2025-10-30 20:53:08,063 - DEBUG - [_new_conn] - Starting new HTTPS connection (1): catalog.api.2gis.com:443
2025-10-30 20:53:08,457 - DEBUG - [_make_request] - https://catalog.api.2gis.com:443 "GET /3.0/items?key=cdbda41e-e8e4-4e8d-9886-f12c075adc64&q=%D0%B4%D0%B5%D1%82%D1%81%D0%BA%D0%B8%D0%B9+%D1%81%D0%B0%D0%B4&district_id=4504209512726649&type=branch&page=5&page_size=10&fields=items.point%2Citems.name%2Citems.address_name%2Citems.reviews HTTP/1.1" 200 133
2025-10-30 20:53:08,458 - DEBUG - [получить_детские_сады_в_районе] - Статус ответа: 200
2025-10-30 20:53:08,459 - WARNING - [получить_детские_сады_в_районе] - На странице 5 нет данных в ожидаемом формате
2025-10-30 20:53:08,460 - INFO - [получить_детские_сады_в_районе] - Завершение сбора для района Южное Тушино. Найдено детских садов: 19
2025-10-30 20:53:08,462 - INFO - [<cell line: 0>] - Район 'Южное Тушино' завершен. Детских садов: 19
2025-10-30 20:53:09,464 - INFO - [<cell line: 0>] - [129/132] Обработка района: Южнопортовый
2025-10-30 20:53:09,465 - INFO - [получить_детские_сады_в_районе] - Начало сбора детских садов для района: Южнопортовый (ID: 70030076266239145)
2025-10-30 20:53:09,466 - DEBUG - [получить_детские_сады_в_районе] - Запрос страницы 1 для района Южнопортовый
2025-10-30 20:53:09,469 - DEBUG - [_new_conn] - Starting new HTTPS connection (1): catalog.api.2gis.com:443
2025-10-30 20:53:09,859 - DEBUG - [_make_request] - https://catalog.api.2gis.com:443 "GET /3.0/items?key=cdbda41e-e8e4-4e8d-9886-f12c075adc64&q=%D0%B4%D0%B5%D1%82%D1%81%D0%BA%D0%B8%D0%B9+%D1%81%D0%B0%D0%B4&district_id=70030076266239145&type=branch&page=1&page_size=10&fields=items.point%2Citems.name%2Citems.address_name%2Citems.reviews HTTP/1.1" 200 None
2025-10-30 20:53:09,860 - DEBUG - [получить_детские_сады_в_районе] - Статус ответа: 200
2025-10-30 20:53:09,860 - INFO - [получить_детские_сады_в_районе] - Загружено 10 детских садов со страницы 1
2025-10-30 20:53:10,361 - DEBUG - [получить_детские_сады_в_районе] - Запрос страницы 2 для района Южнопортовый
2025-10-30 20:53:10,363 - DEBUG - [_new_conn] - Starting new HTTPS connection (1): catalog.api.2gis.com:443
2025-10-30 20:53:10,764 - DEBUG - [_make_request] - https://catalog.api.2gis.com:443 "GET /3.0/items?key=cdbda41e-e8e4-4e8d-9886-f12c075adc64&q=%D0%B4%D0%B5%D1%82%D1%81%D0%BA%D0%B8%D0%B9+%D1%81%D0%B0%D0%B4&district_id=70030076266239145&type=branch&page=2&page_size=10&fields=items.point%2Citems.name%2Citems.address_name%2Citems.reviews HTTP/1.1" 200 None
2025-10-30 20:53:10,765 - DEBUG - [получить_детские_сады_в_районе] - Статус ответа: 200
2025-10-30 20:53:10,766 - INFO - [получить_детские_сады_в_районе] - Загружено 9 детских садов со страницы 2
2025-10-30 20:53:11,267 - DEBUG - [получить_детские_сады_в_районе] - Запрос страницы 3 для района Южнопортовый
2025-10-30 20:53:11,268 - DEBUG - [_new_conn] - Starting new HTTPS connection (1): catalog.api.2gis.com:443
2025-10-30 20:53:11,640 - DEBUG - [_make_request] - https://catalog.api.2gis.com:443 "GET /3.0/items?key=cdbda41e-e8e4-4e8d-9886-f12c075adc64&q=%D0%B4%D0%B5%D1%82%D1%81%D0%BA%D0%B8%D0%B9+%D1%81%D0%B0%D0%B4&district_id=70030076266239145&type=branch&page=3&page_size=10&fields=items.point%2Citems.name%2Citems.address_name%2Citems.reviews HTTP/1.1" 200 133
2025-10-30 20:53:11,641 - DEBUG - [получить_детские_сады_в_районе] - Статус ответа: 200
2025-10-30 20:53:11,641 - WARNING - [получить_детские_сады_в_районе] - На странице 3 нет данных в ожидаемом формате
2025-10-30 20:53:12,143 - DEBUG - [получить_детские_сады_в_районе] - Запрос страницы 4 для района Южнопортовый
2025-10-30 20:53:12,144 - DEBUG - [_new_conn] - Starting new HTTPS connection (1): catalog.api.2gis.com:443
2025-10-30 20:53:12,532 - DEBUG - [_make_request] - https://catalog.api.2gis.com:443 "GET /3.0/items?key=cdbda41e-e8e4-4e8d-9886-f12c075adc64&q=%D0%B4%D0%B5%D1%82%D1%81%D0%BA%D0%B8%D0%B9+%D1%81%D0%B0%D0%B4&district_id=70030076266239145&type=branch&page=4&page_size=10&fields=items.point%2Citems.name%2Citems.address_name%2Citems.reviews HTTP/1.1" 200 133
2025-10-30 20:53:12,534 - DEBUG - [получить_детские_сады_в_районе] - Статус ответа: 200
2025-10-30 20:53:12,534 - WARNING - [получить_детские_сады_в_районе] - На странице 4 нет данных в ожидаемом формате
2025-10-30 20:53:13,035 - DEBUG - [получить_детские_сады_в_районе] - Запрос страницы 5 для района Южнопортовый
2025-10-30 20:53:13,036 - DEBUG - [_new_conn] - Starting new HTTPS connection (1): catalog.api.2gis.com:443
2025-10-30 20:53:13,414 - DEBUG - [_make_request] - https://catalog.api.2gis.com:443 "GET /3.0/items?key=cdbda41e-e8e4-4e8d-9886-f12c075adc64&q=%D0%B4%D0%B5%D1%82%D1%81%D0%BA%D0%B8%D0%B9+%D1%81%D0%B0%D0%B4&district_id=70030076266239145&type=branch&page=5&page_size=10&fields=items.point%2Citems.name%2Citems.address_name%2Citems.reviews HTTP/1.1" 200 133
2025-10-30 20:53:13,415 - DEBUG - [получить_детские_сады_в_районе] - Статус ответа: 200
2025-10-30 20:53:13,416 - WARNING - [получить_детские_сады_в_районе] - На странице 5 нет данных в ожидаемом формате
2025-10-30 20:53:13,419 - INFO - [получить_детские_сады_в_районе] - Завершение сбора для района Южнопортовый. Найдено детских садов: 19
2025-10-30 20:53:13,420 - INFO - [<cell line: 0>] - Район 'Южнопортовый' завершен. Детских садов: 19
2025-10-30 20:53:14,421 - INFO - [<cell line: 0>] - [130/132] Обработка района: Якиманка
2025-10-30 20:53:14,422 - INFO - [получить_детские_сады_в_районе] - Начало сбора детских садов для района: Якиманка (ID: 4504209512726534)
2025-10-30 20:53:14,424 - DEBUG - [получить_детские_сады_в_районе] - Запрос страницы 1 для района Якиманка
2025-10-30 20:53:14,425 - DEBUG - [_new_conn] - Starting new HTTPS connection (1): catalog.api.2gis.com:443
2025-10-30 20:53:14,841 - DEBUG - [_make_request] - https://catalog.api.2gis.com:443 "GET /3.0/items?key=cdbda41e-e8e4-4e8d-9886-f12c075adc64&q=%D0%B4%D0%B5%D1%82%D1%81%D0%BA%D0%B8%D0%B9+%D1%81%D0%B0%D0%B4&district_id=4504209512726534&type=branch&page=1&page_size=10&fields=items.point%2Citems.name%2Citems.address_name%2Citems.reviews HTTP/1.1" 200 None
2025-10-30 20:53:14,842 - DEBUG - [получить_детские_сады_в_районе] - Статус ответа: 200
2025-10-30 20:53:14,843 - INFO - [получить_детские_сады_в_районе] - Загружено 9 детских садов со страницы 1
2025-10-30 20:53:15,344 - DEBUG - [получить_детские_сады_в_районе] - Запрос страницы 2 для района Якиманка
2025-10-30 20:53:15,345 - DEBUG - [_new_conn] - Starting new HTTPS connection (1): catalog.api.2gis.com:443
2025-10-30 20:53:15,724 - DEBUG - [_make_request] - https://catalog.api.2gis.com:443 "GET /3.0/items?key=cdbda41e-e8e4-4e8d-9886-f12c075adc64&q=%D0%B4%D0%B5%D1%82%D1%81%D0%BA%D0%B8%D0%B9+%D1%81%D0%B0%D0%B4&district_id=4504209512726534&type=branch&page=2&page_size=10&fields=items.point%2Citems.name%2Citems.address_name%2Citems.reviews HTTP/1.1" 200 133
2025-10-30 20:53:15,725 - DEBUG - [получить_детские_сады_в_районе] - Статус ответа: 200
2025-10-30 20:53:15,726 - WARNING - [получить_детские_сады_в_районе] - На странице 2 нет данных в ожидаемом формате
2025-10-30 20:53:16,227 - DEBUG - [получить_детские_сады_в_районе] - Запрос страницы 3 для района Якиманка
2025-10-30 20:53:16,228 - DEBUG - [_new_conn] - Starting new HTTPS connection (1): catalog.api.2gis.com:443
2025-10-30 20:53:16,611 - DEBUG - [_make_request] - https://catalog.api.2gis.com:443 "GET /3.0/items?key=cdbda41e-e8e4-4e8d-9886-f12c075adc64&q=%D0%B4%D0%B5%D1%82%D1%81%D0%BA%D0%B8%D0%B9+%D1%81%D0%B0%D0%B4&district_id=4504209512726534&type=branch&page=3&page_size=10&fields=items.point%2Citems.name%2Citems.address_name%2Citems.reviews HTTP/1.1" 200 133
2025-10-30 20:53:16,612 - DEBUG - [получить_детские_сады_в_районе] - Статус ответа: 200
2025-10-30 20:53:16,612 - WARNING - [получить_детские_сады_в_районе] - На странице 3 нет данных в ожидаемом формате
2025-10-30 20:53:17,113 - DEBUG - [получить_детские_сады_в_районе] - Запрос страницы 4 для района Якиманка
2025-10-30 20:53:17,114 - DEBUG - [_new_conn] - Starting new HTTPS connection (1): catalog.api.2gis.com:443
2025-10-30 20:53:17,515 - DEBUG - [_make_request] - https://catalog.api.2gis.com:443 "GET /3.0/items?key=cdbda41e-e8e4-4e8d-9886-f12c075adc64&q=%D0%B4%D0%B5%D1%82%D1%81%D0%BA%D0%B8%D0%B9+%D1%81%D0%B0%D0%B4&district_id=4504209512726534&type=branch&page=4&page_size=10&fields=items.point%2Citems.name%2Citems.address_name%2Citems.reviews HTTP/1.1" 200 133
2025-10-30 20:53:17,516 - DEBUG - [получить_детские_сады_в_районе] - Статус ответа: 200
2025-10-30 20:53:17,516 - WARNING - [получить_детские_сады_в_районе] - На странице 4 нет данных в ожидаемом формате
2025-10-30 20:53:18,017 - DEBUG - [получить_детские_сады_в_районе] - Запрос страницы 5 для района Якиманка
2025-10-30 20:53:18,019 - DEBUG - [_new_conn] - Starting new HTTPS connection (1): catalog.api.2gis.com:443
2025-10-30 20:53:18,396 - DEBUG - [_make_request] - https://catalog.api.2gis.com:443 "GET /3.0/items?key=cdbda41e-e8e4-4e8d-9886-f12c075adc64&q=%D0%B4%D0%B5%D1%82%D1%81%D0%BA%D0%B8%D0%B9+%D1%81%D0%B0%D0%B4&district_id=4504209512726534&type=branch&page=5&page_size=10&fields=items.point%2Citems.name%2Citems.address_name%2Citems.reviews HTTP/1.1" 200 133
2025-10-30 20:53:18,397 - DEBUG - [получить_детские_сады_в_районе] - Статус ответа: 200
2025-10-30 20:53:18,397 - WARNING - [получить_детские_сады_в_районе] - На странице 5 нет данных в ожидаемом формате
2025-10-30 20:53:18,397 - INFO - [получить_детские_сады_в_районе] - Завершение сбора для района Якиманка. Найдено детских садов: 9
2025-10-30 20:53:18,400 - INFO - [<cell line: 0>] - Район 'Якиманка' завершен. Детских садов: 9
2025-10-30 20:53:19,401 - INFO - [<cell line: 0>] - [131/132] Обработка района: Ярославский
2025-10-30 20:53:19,402 - INFO - [получить_детские_сады_в_районе] - Начало сбора детских садов для района: Ярославский (ID: 4504209512726562)
2025-10-30 20:53:19,403 - DEBUG - [получить_детские_сады_в_районе] - Запрос страницы 1 для района Ярославский
2025-10-30 20:53:19,405 - DEBUG - [_new_conn] - Starting new HTTPS connection (1): catalog.api.2gis.com:443
2025-10-30 20:53:19,807 - DEBUG - [_make_request] - https://catalog.api.2gis.com:443 "GET /3.0/items?key=cdbda41e-e8e4-4e8d-9886-f12c075adc64&q=%D0%B4%D0%B5%D1%82%D1%81%D0%BA%D0%B8%D0%B9+%D1%81%D0%B0%D0%B4&district_id=4504209512726562&type=branch&page=1&page_size=10&fields=items.point%2Citems.name%2Citems.address_name%2Citems.reviews HTTP/1.1" 200 None
2025-10-30 20:53:19,808 - DEBUG - [получить_детские_сады_в_районе] - Статус ответа: 200
2025-10-30 20:53:19,808 - INFO - [получить_детские_сады_в_районе] - Загружено 10 детских садов со страницы 1
2025-10-30 20:53:20,310 - DEBUG - [получить_детские_сады_в_районе] - Запрос страницы 2 для района Ярославский
2025-10-30 20:53:20,311 - DEBUG - [_new_conn] - Starting new HTTPS connection (1): catalog.api.2gis.com:443
2025-10-30 20:53:20,712 - DEBUG - [_make_request] - https://catalog.api.2gis.com:443 "GET /3.0/items?key=cdbda41e-e8e4-4e8d-9886-f12c075adc64&q=%D0%B4%D0%B5%D1%82%D1%81%D0%BA%D0%B8%D0%B9+%D1%81%D0%B0%D0%B4&district_id=4504209512726562&type=branch&page=2&page_size=10&fields=items.point%2Citems.name%2Citems.address_name%2Citems.reviews HTTP/1.1" 200 None
2025-10-30 20:53:20,713 - DEBUG - [получить_детские_сады_в_районе] - Статус ответа: 200
2025-10-30 20:53:20,713 - INFO - [получить_детские_сады_в_районе] - Загружено 10 детских садов со страницы 2
2025-10-30 20:53:21,214 - DEBUG - [получить_детские_сады_в_районе] - Запрос страницы 3 для района Ярославский
2025-10-30 20:53:21,215 - DEBUG - [_new_conn] - Starting new HTTPS connection (1): catalog.api.2gis.com:443
2025-10-30 20:53:21,612 - DEBUG - [_make_request] - https://catalog.api.2gis.com:443 "GET /3.0/items?key=cdbda41e-e8e4-4e8d-9886-f12c075adc64&q=%D0%B4%D0%B5%D1%82%D1%81%D0%BA%D0%B8%D0%B9+%D1%81%D0%B0%D0%B4&district_id=4504209512726562&type=branch&page=3&page_size=10&fields=items.point%2Citems.name%2Citems.address_name%2Citems.reviews HTTP/1.1" 200 None
2025-10-30 20:53:21,613 - DEBUG - [получить_детские_сады_в_районе] - Статус ответа: 200
2025-10-30 20:53:21,613 - INFO - [получить_детские_сады_в_районе] - Загружено 3 детских садов со страницы 3
2025-10-30 20:53:22,114 - DEBUG - [получить_детские_сады_в_районе] - Запрос страницы 4 для района Ярославский
2025-10-30 20:53:22,115 - DEBUG - [_new_conn] - Starting new HTTPS connection (1): catalog.api.2gis.com:443
2025-10-30 20:53:22,502 - DEBUG - [_make_request] - https://catalog.api.2gis.com:443 "GET /3.0/items?key=cdbda41e-e8e4-4e8d-9886-f12c075adc64&q=%D0%B4%D0%B5%D1%82%D1%81%D0%BA%D0%B8%D0%B9+%D1%81%D0%B0%D0%B4&district_id=4504209512726562&type=branch&page=4&page_size=10&fields=items.point%2Citems.name%2Citems.address_name%2Citems.reviews HTTP/1.1" 200 133
2025-10-30 20:53:22,503 - DEBUG - [получить_детские_сады_в_районе] - Статус ответа: 200
2025-10-30 20:53:22,503 - WARNING - [получить_детские_сады_в_районе] - На странице 4 нет данных в ожидаемом формате
2025-10-30 20:53:23,004 - DEBUG - [получить_детские_сады_в_районе] - Запрос страницы 5 для района Ярославский
2025-10-30 20:53:23,005 - DEBUG - [_new_conn] - Starting new HTTPS connection (1): catalog.api.2gis.com:443
2025-10-30 20:53:23,396 - DEBUG - [_make_request] - https://catalog.api.2gis.com:443 "GET /3.0/items?key=cdbda41e-e8e4-4e8d-9886-f12c075adc64&q=%D0%B4%D0%B5%D1%82%D1%81%D0%BA%D0%B8%D0%B9+%D1%81%D0%B0%D0%B4&district_id=4504209512726562&type=branch&page=5&page_size=10&fields=items.point%2Citems.name%2Citems.address_name%2Citems.reviews HTTP/1.1" 200 133
2025-10-30 20:53:23,397 - DEBUG - [получить_детские_сады_в_районе] - Статус ответа: 200
2025-10-30 20:53:23,397 - WARNING - [получить_детские_сады_в_районе] - На странице 5 нет данных в ожидаемом формате
2025-10-30 20:53:23,398 - INFO - [получить_детские_сады_в_районе] - Завершение сбора для района Ярославский. Найдено детских садов: 23
2025-10-30 20:53:23,400 - INFO - [<cell line: 0>] - Район 'Ярославский' завершен. Детских садов: 23
2025-10-30 20:53:24,401 - INFO - [<cell line: 0>] - [132/132] Обработка района: Ясенево
2025-10-30 20:53:24,402 - INFO - [получить_детские_сады_в_районе] - Начало сбора детских садов для района: Ясенево (ID: 4504209512726620)
2025-10-30 20:53:24,404 - DEBUG - [получить_детские_сады_в_районе] - Запрос страницы 1 для района Ясенево
2025-10-30 20:53:24,406 - DEBUG - [_new_conn] - Starting new HTTPS connection (1): catalog.api.2gis.com:443
2025-10-30 20:53:24,792 - DEBUG - [_make_request] - https://catalog.api.2gis.com:443 "GET /3.0/items?key=cdbda41e-e8e4-4e8d-9886-f12c075adc64&q=%D0%B4%D0%B5%D1%82%D1%81%D0%BA%D0%B8%D0%B9+%D1%81%D0%B0%D0%B4&district_id=4504209512726620&type=branch&page=1&page_size=10&fields=items.point%2Citems.name%2Citems.address_name%2Citems.reviews HTTP/1.1" 200 None
2025-10-30 20:53:24,793 - DEBUG - [получить_детские_сады_в_районе] - Статус ответа: 200
2025-10-30 20:53:24,793 - INFO - [получить_детские_сады_в_районе] - Загружено 10 детских садов со страницы 1
2025-10-30 20:53:25,294 - DEBUG - [получить_детские_сады_в_районе] - Запрос страницы 2 для района Ясенево
2025-10-30 20:53:25,296 - DEBUG - [_new_conn] - Starting new HTTPS connection (1): catalog.api.2gis.com:443
2025-10-30 20:53:25,694 - DEBUG - [_make_request] - https://catalog.api.2gis.com:443 "GET /3.0/items?key=cdbda41e-e8e4-4e8d-9886-f12c075adc64&q=%D0%B4%D0%B5%D1%82%D1%81%D0%BA%D0%B8%D0%B9+%D1%81%D0%B0%D0%B4&district_id=4504209512726620&type=branch&page=2&page_size=10&fields=items.point%2Citems.name%2Citems.address_name%2Citems.reviews HTTP/1.1" 200 None
2025-10-30 20:53:25,695 - DEBUG - [получить_детские_сады_в_районе] - Статус ответа: 200
2025-10-30 20:53:25,696 - INFO - [получить_детские_сады_в_районе] - Загружено 10 детских садов со страницы 2
2025-10-30 20:53:26,197 - DEBUG - [получить_детские_сады_в_районе] - Запрос страницы 3 для района Ясенево
2025-10-30 20:53:26,199 - DEBUG - [_new_conn] - Starting new HTTPS connection (1): catalog.api.2gis.com:443
2025-10-30 20:53:26,596 - DEBUG - [_make_request] - https://catalog.api.2gis.com:443 "GET /3.0/items?key=cdbda41e-e8e4-4e8d-9886-f12c075adc64&q=%D0%B4%D0%B5%D1%82%D1%81%D0%BA%D0%B8%D0%B9+%D1%81%D0%B0%D0%B4&district_id=4504209512726620&type=branch&page=3&page_size=10&fields=items.point%2Citems.name%2Citems.address_name%2Citems.reviews HTTP/1.1" 200 None
2025-10-30 20:53:26,597 - DEBUG - [получить_детские_сады_в_районе] - Статус ответа: 200
2025-10-30 20:53:26,598 - INFO - [получить_детские_сады_в_районе] - Загружено 10 детских садов со страницы 3
2025-10-30 20:53:27,099 - DEBUG - [получить_детские_сады_в_районе] - Запрос страницы 4 для района Ясенево
2025-10-30 20:53:27,100 - DEBUG - [_new_conn] - Starting new HTTPS connection (1): catalog.api.2gis.com:443
2025-10-30 20:53:27,496 - DEBUG - [_make_request] - https://catalog.api.2gis.com:443 "GET /3.0/items?key=cdbda41e-e8e4-4e8d-9886-f12c075adc64&q=%D0%B4%D0%B5%D1%82%D1%81%D0%BA%D0%B8%D0%B9+%D1%81%D0%B0%D0%B4&district_id=4504209512726620&type=branch&page=4&page_size=10&fields=items.point%2Citems.name%2Citems.address_name%2Citems.reviews HTTP/1.1" 200 None
2025-10-30 20:53:27,498 - DEBUG - [получить_детские_сады_в_районе] - Статус ответа: 200
2025-10-30 20:53:27,498 - INFO - [получить_детские_сады_в_районе] - Загружено 10 детских садов со страницы 4
2025-10-30 20:53:27,999 - DEBUG - [получить_детские_сады_в_районе] - Запрос страницы 5 для района Ясенево
2025-10-30 20:53:28,000 - DEBUG - [_new_conn] - Starting new HTTPS connection (1): catalog.api.2gis.com:443
2025-10-30 20:53:28,407 - DEBUG - [_make_request] - https://catalog.api.2gis.com:443 "GET /3.0/items?key=cdbda41e-e8e4-4e8d-9886-f12c075adc64&q=%D0%B4%D0%B5%D1%82%D1%81%D0%BA%D0%B8%D0%B9+%D1%81%D0%B0%D0%B4&district_id=4504209512726620&type=branch&page=5&page_size=10&fields=items.point%2Citems.name%2Citems.address_name%2Citems.reviews HTTP/1.1" 200 None
2025-10-30 20:53:28,408 - DEBUG - [получить_детские_сады_в_районе] - Статус ответа: 200
2025-10-30 20:53:28,409 - INFO - [получить_детские_сады_в_районе] - Загружено 1 детских садов со страницы 5
2025-10-30 20:53:28,409 - INFO - [получить_детские_сады_в_районе] - Завершение сбора для района Ясенево. Найдено детских садов: 41
2025-10-30 20:53:28,411 - INFO - [<cell line: 0>] - Район 'Ясенево' завершен. Детских садов: 41
2025-10-30 20:53:28,413 - INFO - [<cell line: 0>] - ============================================================
2025-10-30 20:53:28,414 - INFO - [<cell line: 0>] - СБОР ДАННЫХ ЗАВЕРШЕН
2025-10-30 20:53:28,416 - INFO - [<cell line: 0>] - Время выполнения: 665.51 секунд
2025-10-30 20:53:28,417 - INFO - [<cell line: 0>] - Всего собрано детских садов: 3577
2025-10-30 20:53:28,418 - INFO - [<cell line: 0>] - ============================================================
2025-10-30 20:53:28,419 - INFO - [создать_датасет_детских_садов] - Создание датасета из 3577 детских садов
2025-10-30 20:53:28,435 - INFO - [создать_датасет_детских_садов] - Датасет детских садов создан. Количество строк: 3577
2025-10-30 20:53:28,484 - INFO - [<cell line: 0>] - Данные сохранены в детские_сады_москвы_по_районам.csv
2025-10-30 20:53:28,485 - INFO - [<cell line: 0>] - СТАТИСТИКА: Всего детских садов: 3577
2025-10-30 20:53:28,488 - INFO - [<cell line: 0>] - СТАТИСТИКА: Охвачено районов: 132
