2025-10-30 21:52:14,933 - INFO - [<cell line: 0>] - ============================================================
2025-10-30 21:52:14,934 - INFO - [<cell line: 0>] - ЗАПУСК СБОРА ДАННЫХ ПО МУЗЕЯМ МОСКВЫ
2025-10-30 21:52:14,935 - INFO - [<cell line: 0>] - Конфигурация логирования: уровень=INFO, файл=True, консоль=True
2025-10-30 21:52:14,935 - INFO - [<cell line: 0>] - Количество районов для обработки: 132
2025-10-30 21:52:14,937 - INFO - [<cell line: 0>] - ============================================================
2025-10-30 21:52:14,938 - INFO - [<cell line: 0>] - [1/132] Обработка района: Академический
2025-10-30 21:52:14,940 - INFO - [получить_музеи_в_районе] - Начало сбора музеев для района: Академический (ID: 4504209512726625)
2025-10-30 21:52:15,453 - INFO - [получить_музеи_в_районе] - Загружено 8 музеев со страницы 1
2025-10-30 21:52:16,329 - WARNING - [получить_музеи_в_районе] - На странице 2 нет данных в ожидаемом формате
2025-10-30 21:52:17,212 - WARNING - [получить_музеи_в_районе] - На странице 3 нет данных в ожидаемом формате
2025-10-30 21:52:18,087 - WARNING - [получить_музеи_в_районе] - На странице 4 нет данных в ожидаемом формате
2025-10-30 21:52:18,973 - WARNING - [получить_музеи_в_районе] - На странице 5 нет данных в ожидаемом формате
2025-10-30 21:52:18,974 - INFO - [получить_музеи_в_районе] - Завершение сбора для района Академический. Найдено музеев: 8
2025-10-30 21:52:18,977 - INFO - [<cell line: 0>] - Район 'Академический' завершен. Музеев: 8
2025-10-30 21:52:19,978 - INFO - [<cell line: 0>] - [2/132] Обработка района: Алексеевский
2025-10-30 21:52:19,979 - INFO - [получить_музеи_в_районе] - Начало сбора музеев для района: Алексеевский (ID: 4504209512726568)
2025-10-30 21:52:20,372 - INFO - [получить_музеи_в_районе] - Загружено 2 музеев со страницы 1
2025-10-30 21:52:21,246 - WARNING - [получить_музеи_в_районе] - На странице 2 нет данных в ожидаемом формате
2025-10-30 21:52:22,127 - WARNING - [получить_музеи_в_районе] - На странице 3 нет данных в ожидаемом формате
2025-10-30 21:52:23,013 - WARNING - [получить_музеи_в_районе] - На странице 4 нет данных в ожидаемом формате
2025-10-30 21:52:23,892 - WARNING - [получить_музеи_в_районе] - На странице 5 нет данных в ожидаемом формате
2025-10-30 21:52:23,892 - INFO - [получить_музеи_в_районе] - Завершение сбора для района Алексеевский. Найдено музеев: 2
2025-10-30 21:52:23,893 - INFO - [<cell line: 0>] - Район 'Алексеевский' завершен. Музеев: 2
2025-10-30 21:52:24,896 - INFO - [<cell line: 0>] - [3/132] Обработка района: Алтуфьевский
2025-10-30 21:52:24,897 - INFO - [получить_музеи_в_районе] - Начало сбора музеев для района: Алтуфьевский (ID: 4504209512726557)
2025-10-30 21:52:25,292 - INFO - [получить_музеи_в_районе] - Загружено 1 музеев со страницы 1
2025-10-30 21:52:26,184 - WARNING - [получить_музеи_в_районе] - На странице 2 нет данных в ожидаемом формате
2025-10-30 21:52:27,060 - WARNING - [получить_музеи_в_районе] - На странице 3 нет данных в ожидаемом формате
2025-10-30 21:52:27,941 - WARNING - [получить_музеи_в_районе] - На странице 4 нет данных в ожидаемом формате
2025-10-30 21:52:28,834 - WARNING - [получить_музеи_в_районе] - На странице 5 нет данных в ожидаемом формате
2025-10-30 21:52:28,835 - INFO - [получить_музеи_в_районе] - Завершение сбора для района Алтуфьевский. Найдено музеев: 1
2025-10-30 21:52:28,837 - INFO - [<cell line: 0>] - Район 'Алтуфьевский' завершен. Музеев: 1
2025-10-30 21:52:29,839 - INFO - [<cell line: 0>] - [4/132] Обработка района: Арбат
2025-10-30 21:52:29,840 - INFO - [получить_музеи_в_районе] - Начало сбора музеев для района: Арбат (ID: 4504209512726530)
2025-10-30 21:52:30,231 - INFO - [получить_музеи_в_районе] - Загружено 10 музеев со страницы 1
2025-10-30 21:52:31,130 - INFO - [получить_музеи_в_районе] - Загружено 10 музеев со страницы 2
2025-10-30 21:52:32,031 - INFO - [получить_музеи_в_районе] - Загружено 7 музеев со страницы 3
2025-10-30 21:52:32,931 - WARNING - [получить_музеи_в_районе] - На странице 4 нет данных в ожидаемом формате
2025-10-30 21:52:33,814 - WARNING - [получить_музеи_в_районе] - На странице 5 нет данных в ожидаемом формате
2025-10-30 21:52:33,817 - INFO - [получить_музеи_в_районе] - Завершение сбора для района Арбат. Найдено музеев: 27
2025-10-30 21:52:33,818 - INFO - [<cell line: 0>] - Район 'Арбат' завершен. Музеев: 27
2025-10-30 21:52:34,820 - INFO - [<cell line: 0>] - [5/132] Обработка района: Аэропорт
2025-10-30 21:52:34,822 - INFO - [получить_музеи_в_районе] - Начало сбора музеев для района: Аэропорт (ID: 4504209512726541)
2025-10-30 21:52:35,219 - INFO - [получить_музеи_в_районе] - Загружено 7 музеев со страницы 1
2025-10-30 21:52:36,098 - WARNING - [получить_музеи_в_районе] - На странице 2 нет данных в ожидаемом формате
2025-10-30 21:52:36,978 - WARNING - [получить_музеи_в_районе] - На странице 3 нет данных в ожидаемом формате
2025-10-30 21:52:37,856 - WARNING - [получить_музеи_в_районе] - На странице 4 нет данных в ожидаемом формате
2025-10-30 21:52:38,740 - WARNING - [получить_музеи_в_районе] - На странице 5 нет данных в ожидаемом формате
2025-10-30 21:52:38,741 - INFO - [получить_музеи_в_районе] - Завершение сбора для района Аэропорт. Найдено музеев: 7
2025-10-30 21:52:38,742 - INFO - [<cell line: 0>] - Район 'Аэропорт' завершен. Музеев: 7
2025-10-30 21:52:39,743 - INFO - [<cell line: 0>] - [6/132] Обработка района: Бабушкинский
2025-10-30 21:52:39,744 - INFO - [получить_музеи_в_районе] - Начало сбора музеев для района: Бабушкинский (ID: 4504209512726564)
2025-10-30 21:52:40,124 - WARNING - [получить_музеи_в_районе] - На странице 1 нет данных в ожидаемом формате
2025-10-30 21:52:40,996 - WARNING - [получить_музеи_в_районе] - На странице 2 нет данных в ожидаемом формате
2025-10-30 21:52:41,877 - WARNING - [получить_музеи_в_районе] - На странице 3 нет данных в ожидаемом формате
2025-10-30 21:52:42,754 - WARNING - [получить_музеи_в_районе] - На странице 4 нет данных в ожидаемом формате
2025-10-30 21:52:43,626 - WARNING - [получить_музеи_в_районе] - На странице 5 нет данных в ожидаемом формате
2025-10-30 21:52:43,627 - INFO - [получить_музеи_в_районе] - Завершение сбора для района Бабушкинский. Найдено музеев: 0
2025-10-30 21:52:43,628 - INFO - [<cell line: 0>] - Район 'Бабушкинский' завершен. Музеев: 0
2025-10-30 21:52:44,630 - INFO - [<cell line: 0>] - [7/132] Обработка района: Басманный
2025-10-30 21:52:44,631 - INFO - [получить_музеи_в_районе] - Начало сбора музеев для района: Басманный (ID: 4504209512726531)
2025-10-30 21:52:45,057 - INFO - [получить_музеи_в_районе] - Загружено 10 музеев со страницы 1
2025-10-30 21:52:46,074 - INFO - [получить_музеи_в_районе] - Загружено 10 музеев со страницы 2
2025-10-30 21:52:46,957 - INFO - [получить_музеи_в_районе] - Загружено 10 музеев со страницы 3
2025-10-30 21:52:47,841 - INFO - [получить_музеи_в_районе] - Загружено 10 музеев со страницы 4
2025-10-30 21:52:48,746 - INFO - [получить_музеи_в_районе] - Загружено 1 музеев со страницы 5
2025-10-30 21:52:48,747 - INFO - [получить_музеи_в_районе] - Завершение сбора для района Басманный. Найдено музеев: 41
2025-10-30 21:52:48,748 - INFO - [<cell line: 0>] - Район 'Басманный' завершен. Музеев: 41
2025-10-30 21:52:49,750 - INFO - [<cell line: 0>] - [8/132] Обработка района: Беговой
2025-10-30 21:52:49,751 - INFO - [получить_музеи_в_районе] - Начало сбора музеев для района: Беговой (ID: 4504209512726542)
2025-10-30 21:52:50,134 - INFO - [получить_музеи_в_районе] - Загружено 2 музеев со страницы 1
2025-10-30 21:52:51,013 - WARNING - [получить_музеи_в_районе] - На странице 2 нет данных в ожидаемом формате
2025-10-30 21:52:51,904 - WARNING - [получить_музеи_в_районе] - На странице 3 нет данных в ожидаемом формате
2025-10-30 21:52:52,783 - WARNING - [получить_музеи_в_районе] - На странице 4 нет данных в ожидаемом формате
2025-10-30 21:52:53,672 - WARNING - [получить_музеи_в_районе] - На странице 5 нет данных в ожидаемом формате
2025-10-30 21:52:53,673 - INFO - [получить_музеи_в_районе] - Завершение сбора для района Беговой. Найдено музеев: 2
2025-10-30 21:52:53,675 - INFO - [<cell line: 0>] - Район 'Беговой' завершен. Музеев: 2
2025-10-30 21:52:54,676 - INFO - [<cell line: 0>] - [9/132] Обработка района: Бекасово
2025-10-30 21:52:54,677 - INFO - [получить_музеи_в_районе] - Начало сбора музеев для района: Бекасово (ID: 4504209520932718)
2025-10-30 21:52:55,066 - WARNING - [получить_музеи_в_районе] - На странице 1 нет данных в ожидаемом формате
2025-10-30 21:52:55,944 - WARNING - [получить_музеи_в_районе] - На странице 2 нет данных в ожидаемом формате
2025-10-30 21:52:56,822 - WARNING - [получить_музеи_в_районе] - На странице 3 нет данных в ожидаемом формате
2025-10-30 21:52:57,701 - WARNING - [получить_музеи_в_районе] - На странице 4 нет данных в ожидаемом формате
2025-10-30 21:52:58,601 - WARNING - [получить_музеи_в_районе] - На странице 5 нет данных в ожидаемом формате
2025-10-30 21:52:58,602 - INFO - [получить_музеи_в_районе] - Завершение сбора для района Бекасово. Найдено музеев: 0
2025-10-30 21:52:58,604 - INFO - [<cell line: 0>] - Район 'Бекасово' завершен. Музеев: 0
2025-10-30 21:52:59,605 - INFO - [<cell line: 0>] - [10/132] Обработка района: Бескудниковский
2025-10-30 21:52:59,606 - INFO - [получить_музеи_в_районе] - Начало сбора музеев для района: Бескудниковский (ID: 4504209512726543)
2025-10-30 21:52:59,988 - WARNING - [получить_музеи_в_районе] - На странице 1 нет данных в ожидаемом формате
2025-10-30 21:53:00,871 - WARNING - [получить_музеи_в_районе] - На странице 2 нет данных в ожидаемом формате
2025-10-30 21:53:01,745 - WARNING - [получить_музеи_в_районе] - На странице 3 нет данных в ожидаемом формате
2025-10-30 21:53:02,629 - WARNING - [получить_музеи_в_районе] - На странице 4 нет данных в ожидаемом формате
2025-10-30 21:53:03,515 - WARNING - [получить_музеи_в_районе] - На странице 5 нет данных в ожидаемом формате
2025-10-30 21:53:03,516 - INFO - [получить_музеи_в_районе] - Завершение сбора для района Бескудниковский. Найдено музеев: 0
2025-10-30 21:53:03,517 - INFO - [<cell line: 0>] - Район 'Бескудниковский' завершен. Музеев: 0
2025-10-30 21:53:04,518 - INFO - [<cell line: 0>] - [11/132] Обработка района: Бибирево
2025-10-30 21:53:04,519 - INFO - [получить_музеи_в_районе] - Начало сбора музеев для района: Бибирево (ID: 4504209512726565)
2025-10-30 21:53:04,897 - WARNING - [получить_музеи_в_районе] - На странице 1 нет данных в ожидаемом формате
2025-10-30 21:53:05,779 - WARNING - [получить_музеи_в_районе] - На странице 2 нет данных в ожидаемом формате
2025-10-30 21:53:06,658 - WARNING - [получить_музеи_в_районе] - На странице 3 нет данных в ожидаемом формате
2025-10-30 21:53:07,534 - WARNING - [получить_музеи_в_районе] - На странице 4 нет данных в ожидаемом формате
2025-10-30 21:53:08,420 - WARNING - [получить_музеи_в_районе] - На странице 5 нет данных в ожидаемом формате
2025-10-30 21:53:08,421 - INFO - [получить_музеи_в_районе] - Завершение сбора для района Бибирево. Найдено музеев: 0
2025-10-30 21:53:08,423 - INFO - [<cell line: 0>] - Район 'Бибирево' завершен. Музеев: 0
2025-10-30 21:53:09,424 - INFO - [<cell line: 0>] - [12/132] Обработка района: Бирюлёво Восточное
2025-10-30 21:53:09,426 - INFO - [получить_музеи_в_районе] - Начало сбора музеев для района: Бирюлёво Восточное (ID: 4504209512726611)
2025-10-30 21:53:09,816 - WARNING - [получить_музеи_в_районе] - На странице 1 нет данных в ожидаемом формате
2025-10-30 21:53:10,697 - WARNING - [получить_музеи_в_районе] - На странице 2 нет данных в ожидаемом формате
2025-10-30 21:53:11,577 - WARNING - [получить_музеи_в_районе] - На странице 3 нет данных в ожидаемом формате
2025-10-30 21:53:12,456 - WARNING - [получить_музеи_в_районе] - На странице 4 нет данных в ожидаемом формате
2025-10-30 21:53:13,346 - WARNING - [получить_музеи_в_районе] - На странице 5 нет данных в ожидаемом формате
2025-10-30 21:53:13,347 - INFO - [получить_музеи_в_районе] - Завершение сбора для района Бирюлёво Восточное. Найдено музеев: 0
2025-10-30 21:53:13,348 - INFO - [<cell line: 0>] - Район 'Бирюлёво Восточное' завершен. Музеев: 0
2025-10-30 21:53:14,351 - INFO - [<cell line: 0>] - [13/132] Обработка района: Бирюлёво Западное
2025-10-30 21:53:14,351 - INFO - [получить_музеи_в_районе] - Начало сбора музеев для района: Бирюлёво Западное (ID: 4504209512726612)
2025-10-30 21:53:14,763 - INFO - [получить_музеи_в_районе] - Загружено 1 музеев со страницы 1
2025-10-30 21:53:15,770 - WARNING - [получить_музеи_в_районе] - На странице 2 нет данных в ожидаемом формате
2025-10-30 21:53:16,660 - WARNING - [получить_музеи_в_районе] - На странице 3 нет данных в ожидаемом формате
2025-10-30 21:53:17,550 - WARNING - [получить_музеи_в_районе] - На странице 4 нет данных в ожидаемом формате
2025-10-30 21:53:18,425 - WARNING - [получить_музеи_в_районе] - На странице 5 нет данных в ожидаемом формате
2025-10-30 21:53:18,426 - INFO - [получить_музеи_в_районе] - Завершение сбора для района Бирюлёво Западное. Найдено музеев: 1
2025-10-30 21:53:18,427 - INFO - [<cell line: 0>] - Район 'Бирюлёво Западное' завершен. Музеев: 1
2025-10-30 21:53:19,429 - INFO - [<cell line: 0>] - [14/132] Обработка района: Богородское
2025-10-30 21:53:19,430 - INFO - [получить_музеи_в_районе] - Начало сбора музеев для района: Богородское (ID: 4504209512726574)
2025-10-30 21:53:19,835 - WARNING - [получить_музеи_в_районе] - На странице 1 нет данных в ожидаемом формате
2025-10-30 21:53:20,718 - WARNING - [получить_музеи_в_районе] - На странице 2 нет данных в ожидаемом формате
2025-10-30 21:53:21,592 - WARNING - [получить_музеи_в_районе] - На странице 3 нет данных в ожидаемом формате
2025-10-30 21:53:22,469 - WARNING - [получить_музеи_в_районе] - На странице 4 нет данных в ожидаемом формате
2025-10-30 21:53:23,344 - WARNING - [получить_музеи_в_районе] - На странице 5 нет данных в ожидаемом формате
2025-10-30 21:53:23,345 - INFO - [получить_музеи_в_районе] - Завершение сбора для района Богородское. Найдено музеев: 0
2025-10-30 21:53:23,347 - INFO - [<cell line: 0>] - Район 'Богородское' завершен. Музеев: 0
2025-10-30 21:53:24,348 - INFO - [<cell line: 0>] - [15/132] Обработка района: Братеево
2025-10-30 21:53:24,349 - INFO - [получить_музеи_в_районе] - Начало сбора музеев для района: Братеево (ID: 4504209512726609)
2025-10-30 21:53:24,732 - INFO - [получить_музеи_в_районе] - Загружено 1 музеев со страницы 1
2025-10-30 21:53:25,636 - WARNING - [получить_музеи_в_районе] - На странице 2 нет данных в ожидаемом формате
2025-10-30 21:53:26,518 - WARNING - [получить_музеи_в_районе] - На странице 3 нет данных в ожидаемом формате
2025-10-30 21:53:27,397 - WARNING - [получить_музеи_в_районе] - На странице 4 нет данных в ожидаемом формате
2025-10-30 21:53:28,273 - WARNING - [получить_музеи_в_районе] - На странице 5 нет данных в ожидаемом формате
2025-10-30 21:53:28,274 - INFO - [получить_музеи_в_районе] - Завершение сбора для района Братеево. Найдено музеев: 1
2025-10-30 21:53:28,275 - INFO - [<cell line: 0>] - Район 'Братеево' завершен. Музеев: 1
2025-10-30 21:53:29,276 - INFO - [<cell line: 0>] - [16/132] Обработка района: Бутырский
2025-10-30 21:53:29,277 - INFO - [получить_музеи_в_районе] - Начало сбора музеев для района: Бутырский (ID: 4504209512726567)
2025-10-30 21:53:29,695 - INFO - [получить_музеи_в_районе] - Загружено 2 музеев со страницы 1
2025-10-30 21:53:30,587 - WARNING - [получить_музеи_в_районе] - На странице 2 нет данных в ожидаемом формате
2025-10-30 21:53:31,466 - WARNING - [получить_музеи_в_районе] - На странице 3 нет данных в ожидаемом формате
2025-10-30 21:53:32,345 - WARNING - [получить_музеи_в_районе] - На странице 4 нет данных в ожидаемом формате
2025-10-30 21:53:33,222 - WARNING - [получить_музеи_в_районе] - На странице 5 нет данных в ожидаемом формате
2025-10-30 21:53:33,223 - INFO - [получить_музеи_в_районе] - Завершение сбора для района Бутырский. Найдено музеев: 2
2025-10-30 21:53:33,225 - INFO - [<cell line: 0>] - Район 'Бутырский' завершен. Музеев: 2
2025-10-30 21:53:34,226 - INFO - [<cell line: 0>] - [17/132] Обработка района: Вешняки
2025-10-30 21:53:34,227 - INFO - [получить_музеи_в_районе] - Начало сбора музеев для района: Вешняки (ID: 4504209512726578)
2025-10-30 21:53:34,608 - INFO - [получить_музеи_в_районе] - Загружено 7 музеев со страницы 1
2025-10-30 21:53:35,503 - WARNING - [получить_музеи_в_районе] - На странице 2 нет данных в ожидаемом формате
2025-10-30 21:53:36,380 - WARNING - [получить_музеи_в_районе] - На странице 3 нет данных в ожидаемом формате
2025-10-30 21:53:37,290 - WARNING - [получить_музеи_в_районе] - На странице 4 нет данных в ожидаемом формате
2025-10-30 21:53:38,166 - WARNING - [получить_музеи_в_районе] - На странице 5 нет данных в ожидаемом формате
2025-10-30 21:53:38,166 - INFO - [получить_музеи_в_районе] - Завершение сбора для района Вешняки. Найдено музеев: 7
2025-10-30 21:53:38,169 - INFO - [<cell line: 0>] - Район 'Вешняки' завершен. Музеев: 7
2025-10-30 21:53:39,169 - INFO - [<cell line: 0>] - [18/132] Обработка района: Внуково
2025-10-30 21:53:39,170 - INFO - [получить_музеи_в_районе] - Начало сбора музеев для района: Внуково (ID: 4504209512726642)
2025-10-30 21:53:39,559 - INFO - [получить_музеи_в_районе] - Загружено 9 музеев со страницы 1
2025-10-30 21:53:40,447 - WARNING - [получить_музеи_в_районе] - На странице 2 нет данных в ожидаемом формате
2025-10-30 21:53:41,323 - WARNING - [получить_музеи_в_районе] - На странице 3 нет данных в ожидаемом формате
2025-10-30 21:53:42,207 - WARNING - [получить_музеи_в_районе] - На странице 4 нет данных в ожидаемом формате
2025-10-30 21:53:43,078 - WARNING - [получить_музеи_в_районе] - На странице 5 нет данных в ожидаемом формате
2025-10-30 21:53:43,079 - INFO - [получить_музеи_в_районе] - Завершение сбора для района Внуково. Найдено музеев: 9
2025-10-30 21:53:43,080 - INFO - [<cell line: 0>] - Район 'Внуково' завершен. Музеев: 9
2025-10-30 21:53:44,081 - INFO - [<cell line: 0>] - [19/132] Обработка района: Войковский
2025-10-30 21:53:44,082 - INFO - [получить_музеи_в_районе] - Начало сбора музеев для района: Войковский (ID: 4504209512726551)
2025-10-30 21:53:44,461 - INFO - [получить_музеи_в_районе] - Загружено 1 музеев со страницы 1
2025-10-30 21:53:45,334 - WARNING - [получить_музеи_в_районе] - На странице 2 нет данных в ожидаемом формате
2025-10-30 21:53:46,297 - WARNING - [получить_музеи_в_районе] - На странице 3 нет данных в ожидаемом формате
2025-10-30 21:53:47,178 - WARNING - [получить_музеи_в_районе] - На странице 4 нет данных в ожидаемом формате
2025-10-30 21:53:48,290 - WARNING - [получить_музеи_в_районе] - На странице 5 нет данных в ожидаемом формате
2025-10-30 21:53:48,291 - INFO - [получить_музеи_в_районе] - Завершение сбора для района Войковский. Найдено музеев: 1
2025-10-30 21:53:48,293 - INFO - [<cell line: 0>] - Район 'Войковский' завершен. Музеев: 1
2025-10-30 21:53:49,295 - INFO - [<cell line: 0>] - [20/132] Обработка района: Вороново
2025-10-30 21:53:49,296 - INFO - [получить_музеи_в_районе] - Начало сбора музеев для района: Вороново (ID: 4504209520931533)
2025-10-30 21:53:49,677 - INFO - [получить_музеи_в_районе] - Загружено 1 музеев со страницы 1
2025-10-30 21:53:50,583 - WARNING - [получить_музеи_в_районе] - На странице 2 нет данных в ожидаемом формате
2025-10-30 21:53:51,463 - WARNING - [получить_музеи_в_районе] - На странице 3 нет данных в ожидаемом формате
2025-10-30 21:53:52,333 - WARNING - [получить_музеи_в_районе] - На странице 4 нет данных в ожидаемом формате
2025-10-30 21:53:53,221 - WARNING - [получить_музеи_в_районе] - На странице 5 нет данных в ожидаемом формате
2025-10-30 21:53:53,222 - INFO - [получить_музеи_в_районе] - Завершение сбора для района Вороново. Найдено музеев: 1
2025-10-30 21:53:53,224 - INFO - [<cell line: 0>] - Район 'Вороново' завершен. Музеев: 1
2025-10-30 21:53:54,225 - INFO - [<cell line: 0>] - [21/132] Обработка района: Восточное Дегунино
2025-10-30 21:53:54,226 - INFO - [получить_музеи_в_районе] - Начало сбора музеев для района: Восточное Дегунино (ID: 4504209512726544)
2025-10-30 21:53:54,615 - WARNING - [получить_музеи_в_районе] - На странице 1 нет данных в ожидаемом формате
2025-10-30 21:53:55,489 - WARNING - [получить_музеи_в_районе] - На странице 2 нет данных в ожидаемом формате
2025-10-30 21:53:56,362 - WARNING - [получить_музеи_в_районе] - На странице 3 нет данных в ожидаемом формате
2025-10-30 21:53:57,237 - WARNING - [получить_музеи_в_районе] - На странице 4 нет данных в ожидаемом формате
2025-10-30 21:53:58,121 - WARNING - [получить_музеи_в_районе] - На странице 5 нет данных в ожидаемом формате
2025-10-30 21:53:58,122 - INFO - [получить_музеи_в_районе] - Завершение сбора для района Восточное Дегунино. Найдено музеев: 0
2025-10-30 21:53:58,123 - INFO - [<cell line: 0>] - Район 'Восточное Дегунино' завершен. Музеев: 0
2025-10-30 21:53:59,124 - INFO - [<cell line: 0>] - [22/132] Обработка района: Восточное Измайлово
2025-10-30 21:53:59,125 - INFO - [получить_музеи_в_районе] - Начало сбора музеев для района: Восточное Измайлово (ID: 4504209512726575)
2025-10-30 21:53:59,504 - INFO - [получить_музеи_в_районе] - Загружено 1 музеев со страницы 1
2025-10-30 21:54:00,405 - WARNING - [получить_музеи_в_районе] - На странице 2 нет данных в ожидаемом формате
2025-10-30 21:54:01,277 - WARNING - [получить_музеи_в_районе] - На странице 3 нет данных в ожидаемом формате
2025-10-30 21:54:02,151 - WARNING - [получить_музеи_в_районе] - На странице 4 нет данных в ожидаемом формате
2025-10-30 21:54:03,031 - WARNING - [получить_музеи_в_районе] - На странице 5 нет данных в ожидаемом формате
2025-10-30 21:54:03,032 - INFO - [получить_музеи_в_районе] - Завершение сбора для района Восточное Измайлово. Найдено музеев: 1
2025-10-30 21:54:03,033 - INFO - [<cell line: 0>] - Район 'Восточное Измайлово' завершен. Музеев: 1
2025-10-30 21:54:04,035 - INFO - [<cell line: 0>] - [23/132] Обработка района: Восточный
2025-10-30 21:54:04,036 - INFO - [получить_музеи_в_районе] - Начало сбора музеев для района: Восточный (ID: 4504209512726586)
2025-10-30 21:54:04,409 - WARNING - [получить_музеи_в_районе] - На странице 1 нет данных в ожидаемом формате
2025-10-30 21:54:05,321 - WARNING - [получить_музеи_в_районе] - На странице 2 нет данных в ожидаемом формате
2025-10-30 21:54:06,198 - WARNING - [получить_музеи_в_районе] - На странице 3 нет данных в ожидаемом формате
2025-10-30 21:54:07,084 - WARNING - [получить_музеи_в_районе] - На странице 4 нет данных в ожидаемом формате
2025-10-30 21:54:07,972 - WARNING - [получить_музеи_в_районе] - На странице 5 нет данных в ожидаемом формате
2025-10-30 21:54:07,973 - INFO - [получить_музеи_в_районе] - Завершение сбора для района Восточный. Найдено музеев: 0
2025-10-30 21:54:07,975 - INFO - [<cell line: 0>] - Район 'Восточный' завершен. Музеев: 0
2025-10-30 21:54:08,977 - INFO - [<cell line: 0>] - [24/132] Обработка района: Выхино-Жулебино
2025-10-30 21:54:08,978 - INFO - [получить_музеи_в_районе] - Начало сбора музеев для района: Выхино-Жулебино (ID: 4504209512726600)
2025-10-30 21:54:09,374 - INFO - [получить_музеи_в_районе] - Загружено 3 музеев со страницы 1
2025-10-30 21:54:10,255 - WARNING - [получить_музеи_в_районе] - На странице 2 нет данных в ожидаемом формате
2025-10-30 21:54:11,133 - WARNING - [получить_музеи_в_районе] - На странице 3 нет данных в ожидаемом формате
2025-10-30 21:54:12,009 - WARNING - [получить_музеи_в_районе] - На странице 4 нет данных в ожидаемом формате
2025-10-30 21:54:12,887 - WARNING - [получить_музеи_в_районе] - На странице 5 нет данных в ожидаемом формате
2025-10-30 21:54:12,888 - INFO - [получить_музеи_в_районе] - Завершение сбора для района Выхино-Жулебино. Найдено музеев: 3
2025-10-30 21:54:12,890 - INFO - [<cell line: 0>] - Район 'Выхино-Жулебино' завершен. Музеев: 3
2025-10-30 21:54:13,891 - INFO - [<cell line: 0>] - [25/132] Обработка района: Гагаринский
2025-10-30 21:54:13,892 - INFO - [получить_музеи_в_районе] - Начало сбора музеев для района: Гагаринский (ID: 4504209512726624)
2025-10-30 21:54:14,274 - INFO - [получить_музеи_в_районе] - Загружено 3 музеев со страницы 1
2025-10-30 21:54:15,154 - WARNING - [получить_музеи_в_районе] - На странице 2 нет данных в ожидаемом формате
2025-10-30 21:54:16,245 - WARNING - [получить_музеи_в_районе] - На странице 3 нет данных в ожидаемом формате
2025-10-30 21:54:17,125 - WARNING - [получить_музеи_в_районе] - На странице 4 нет данных в ожидаемом формате
2025-10-30 21:54:18,083 - WARNING - [получить_музеи_в_районе] - На странице 5 нет данных в ожидаемом формате
2025-10-30 21:54:18,084 - INFO - [получить_музеи_в_районе] - Завершение сбора для района Гагаринский. Найдено музеев: 3
2025-10-30 21:54:18,085 - INFO - [<cell line: 0>] - Район 'Гагаринский' завершен. Музеев: 3
2025-10-30 21:54:19,087 - INFO - [<cell line: 0>] - [26/132] Обработка района: Головинский
2025-10-30 21:54:19,088 - INFO - [получить_музеи_в_районе] - Начало сбора музеев для района: Головинский (ID: 4504209512726549)
2025-10-30 21:54:19,473 - INFO - [получить_музеи_в_районе] - Загружено 1 музеев со страницы 1
2025-10-30 21:54:20,351 - WARNING - [получить_музеи_в_районе] - На странице 2 нет данных в ожидаемом формате
2025-10-30 21:54:21,234 - WARNING - [получить_музеи_в_районе] - На странице 3 нет данных в ожидаемом формате
2025-10-30 21:54:22,117 - WARNING - [получить_музеи_в_районе] - На странице 4 нет данных в ожидаемом формате
2025-10-30 21:54:23,017 - WARNING - [получить_музеи_в_районе] - На странице 5 нет данных в ожидаемом формате
2025-10-30 21:54:23,018 - INFO - [получить_музеи_в_районе] - Завершение сбора для района Головинский. Найдено музеев: 1
2025-10-30 21:54:23,020 - INFO - [<cell line: 0>] - Район 'Головинский' завершен. Музеев: 1
2025-10-30 21:54:24,021 - INFO - [<cell line: 0>] - [27/132] Обработка района: Гольяново
2025-10-30 21:54:24,022 - INFO - [получить_музеи_в_районе] - Начало сбора музеев для района: Гольяново (ID: 4504209512726589)
2025-10-30 21:54:24,412 - WARNING - [получить_музеи_в_районе] - На странице 1 нет данных в ожидаемом формате
2025-10-30 21:54:25,296 - WARNING - [получить_музеи_в_районе] - На странице 2 нет данных в ожидаемом формате
2025-10-30 21:54:26,176 - WARNING - [получить_музеи_в_районе] - На странице 3 нет данных в ожидаемом формате
2025-10-30 21:54:27,051 - WARNING - [получить_музеи_в_районе] - На странице 4 нет данных в ожидаемом формате
2025-10-30 21:54:27,936 - WARNING - [получить_музеи_в_районе] - На странице 5 нет данных в ожидаемом формате
2025-10-30 21:54:27,937 - INFO - [получить_музеи_в_районе] - Завершение сбора для района Гольяново. Найдено музеев: 0
2025-10-30 21:54:27,939 - INFO - [<cell line: 0>] - Район 'Гольяново' завершен. Музеев: 0
2025-10-30 21:54:28,940 - INFO - [<cell line: 0>] - [28/132] Обработка района: Даниловский
2025-10-30 21:54:28,941 - INFO - [получить_музеи_в_районе] - Начало сбора музеев для района: Даниловский (ID: 4504209512726602)
2025-10-30 21:54:29,328 - INFO - [получить_музеи_в_районе] - Загружено 10 музеев со страницы 1
2025-10-30 21:54:30,222 - INFO - [получить_музеи_в_районе] - Загружено 4 музеев со страницы 2
2025-10-30 21:54:31,115 - WARNING - [получить_музеи_в_районе] - На странице 3 нет данных в ожидаемом формате
2025-10-30 21:54:32,009 - WARNING - [получить_музеи_в_районе] - На странице 4 нет данных в ожидаемом формате
2025-10-30 21:54:32,896 - WARNING - [получить_музеи_в_районе] - На странице 5 нет данных в ожидаемом формате
2025-10-30 21:54:32,897 - INFO - [получить_музеи_в_районе] - Завершение сбора для района Даниловский. Найдено музеев: 14
2025-10-30 21:54:32,898 - INFO - [<cell line: 0>] - Район 'Даниловский' завершен. Музеев: 14
2025-10-30 21:54:33,900 - INFO - [<cell line: 0>] - [29/132] Обработка района: Дмитровский
2025-10-30 21:54:33,901 - INFO - [получить_музеи_в_районе] - Начало сбора музеев для района: Дмитровский (ID: 4504209512726545)
2025-10-30 21:54:34,293 - INFO - [получить_музеи_в_районе] - Загружено 1 музеев со страницы 1
2025-10-30 21:54:35,176 - WARNING - [получить_музеи_в_районе] - На странице 2 нет данных в ожидаемом формате
2025-10-30 21:54:36,056 - WARNING - [получить_музеи_в_районе] - На странице 3 нет данных в ожидаемом формате
2025-10-30 21:54:36,937 - WARNING - [получить_музеи_в_районе] - На странице 4 нет данных в ожидаемом формате
2025-10-30 21:54:37,810 - WARNING - [получить_музеи_в_районе] - На странице 5 нет данных в ожидаемом формате
2025-10-30 21:54:37,812 - INFO - [получить_музеи_в_районе] - Завершение сбора для района Дмитровский. Найдено музеев: 1
2025-10-30 21:54:37,814 - INFO - [<cell line: 0>] - Район 'Дмитровский' завершен. Музеев: 1
2025-10-30 21:54:38,815 - INFO - [<cell line: 0>] - [30/132] Обработка района: Донской
2025-10-30 21:54:38,816 - INFO - [получить_музеи_в_районе] - Начало сбора музеев для района: Донской (ID: 4504209512726605)
2025-10-30 21:54:39,201 - INFO - [получить_музеи_в_районе] - Загружено 6 музеев со страницы 1
2025-10-30 21:54:40,086 - WARNING - [получить_музеи_в_районе] - На странице 2 нет данных в ожидаемом формате
2025-10-30 21:54:40,979 - WARNING - [получить_музеи_в_районе] - На странице 3 нет данных в ожидаемом формате
2025-10-30 21:54:41,879 - WARNING - [получить_музеи_в_районе] - На странице 4 нет данных в ожидаемом формате
2025-10-30 21:54:42,753 - WARNING - [получить_музеи_в_районе] - На странице 5 нет данных в ожидаемом формате
2025-10-30 21:54:42,754 - INFO - [получить_музеи_в_районе] - Завершение сбора для района Донской. Найдено музеев: 6
2025-10-30 21:54:42,755 - INFO - [<cell line: 0>] - Район 'Донской' завершен. Музеев: 6
2025-10-30 21:54:43,757 - INFO - [<cell line: 0>] - [31/132] Обработка района: Дорогомилово
2025-10-30 21:54:43,758 - INFO - [получить_музеи_в_районе] - Начало сбора музеев для района: Дорогомилово (ID: 4504209512726637)
2025-10-30 21:54:44,152 - INFO - [получить_музеи_в_районе] - Загружено 10 музеев со страницы 1
2025-10-30 21:54:45,035 - INFO - [получить_музеи_в_районе] - Загружено 1 музеев со страницы 2
2025-10-30 21:54:46,004 - WARNING - [получить_музеи_в_районе] - На странице 3 нет данных в ожидаемом формате
2025-10-30 21:54:46,886 - WARNING - [получить_музеи_в_районе] - На странице 4 нет данных в ожидаемом формате
2025-10-30 21:54:48,008 - WARNING - [получить_музеи_в_районе] - На странице 5 нет данных в ожидаемом формате
2025-10-30 21:54:48,009 - INFO - [получить_музеи_в_районе] - Завершение сбора для района Дорогомилово. Найдено музеев: 11
2025-10-30 21:54:48,011 - INFO - [<cell line: 0>] - Район 'Дорогомилово' завершен. Музеев: 11
2025-10-30 21:54:49,013 - INFO - [<cell line: 0>] - [32/132] Обработка района: Замоскворечье
2025-10-30 21:54:49,014 - INFO - [получить_музеи_в_районе] - Начало сбора музеев для района: Замоскворечье (ID: 4504209512726532)
2025-10-30 21:54:49,413 - INFO - [получить_музеи_в_районе] - Загружено 10 музеев со страницы 1
2025-10-30 21:54:50,311 - INFO - [получить_музеи_в_районе] - Загружено 10 музеев со страницы 2
2025-10-30 21:54:51,198 - INFO - [получить_музеи_в_районе] - Загружено 1 музеев со страницы 3
2025-10-30 21:54:52,078 - WARNING - [получить_музеи_в_районе] - На странице 4 нет данных в ожидаемом формате
2025-10-30 21:54:52,975 - WARNING - [получить_музеи_в_районе] - На странице 5 нет данных в ожидаемом формате
2025-10-30 21:54:52,976 - INFO - [получить_музеи_в_районе] - Завершение сбора для района Замоскворечье. Найдено музеев: 21
2025-10-30 21:54:52,979 - INFO - [<cell line: 0>] - Район 'Замоскворечье' завершен. Музеев: 21
2025-10-30 21:54:53,979 - INFO - [<cell line: 0>] - [33/132] Обработка района: Западное Дегунино
2025-10-30 21:54:53,980 - INFO - [получить_музеи_в_районе] - Начало сбора музеев для района: Западное Дегунино (ID: 4504209512726546)
2025-10-30 21:54:54,352 - WARNING - [получить_музеи_в_районе] - На странице 1 нет данных в ожидаемом формате
2025-10-30 21:54:55,239 - WARNING - [получить_музеи_в_районе] - На странице 2 нет данных в ожидаемом формате
2025-10-30 21:54:56,118 - WARNING - [получить_музеи_в_районе] - На странице 3 нет данных в ожидаемом формате
2025-10-30 21:54:56,998 - WARNING - [получить_музеи_в_районе] - На странице 4 нет данных в ожидаемом формате
2025-10-30 21:54:57,875 - WARNING - [получить_музеи_в_районе] - На странице 5 нет данных в ожидаемом формате
2025-10-30 21:54:57,876 - INFO - [получить_музеи_в_районе] - Завершение сбора для района Западное Дегунино. Найдено музеев: 0
2025-10-30 21:54:57,878 - INFO - [<cell line: 0>] - Район 'Западное Дегунино' завершен. Музеев: 0
2025-10-30 21:54:58,879 - INFO - [<cell line: 0>] - [34/132] Обработка района: Зюзино
2025-10-30 21:54:58,880 - INFO - [получить_музеи_в_районе] - Начало сбора музеев для района: Зюзино (ID: 4504209512726628)
2025-10-30 21:54:59,276 - INFO - [получить_музеи_в_районе] - Загружено 2 музеев со страницы 1
2025-10-30 21:55:00,166 - WARNING - [получить_музеи_в_районе] - На странице 2 нет данных в ожидаемом формате
2025-10-30 21:55:01,036 - WARNING - [получить_музеи_в_районе] - На странице 3 нет данных в ожидаемом формате
2025-10-30 21:55:01,917 - WARNING - [получить_музеи_в_районе] - На странице 4 нет данных в ожидаемом формате
2025-10-30 21:55:02,798 - WARNING - [получить_музеи_в_районе] - На странице 5 нет данных в ожидаемом формате
2025-10-30 21:55:02,799 - INFO - [получить_музеи_в_районе] - Завершение сбора для района Зюзино. Найдено музеев: 2
2025-10-30 21:55:02,801 - INFO - [<cell line: 0>] - Район 'Зюзино' завершен. Музеев: 2
2025-10-30 21:55:03,802 - INFO - [<cell line: 0>] - [35/132] Обработка района: Зябликово
2025-10-30 21:55:03,803 - INFO - [получить_музеи_в_районе] - Начало сбора музеев для района: Зябликово (ID: 4504209512726617)
2025-10-30 21:55:04,179 - INFO - [получить_музеи_в_районе] - Загружено 1 музеев со страницы 1
2025-10-30 21:55:05,057 - WARNING - [получить_музеи_в_районе] - На странице 2 нет данных в ожидаемом формате
2025-10-30 21:55:05,927 - WARNING - [получить_музеи_в_районе] - На странице 3 нет данных в ожидаемом формате
2025-10-30 21:55:06,808 - WARNING - [получить_музеи_в_районе] - На странице 4 нет данных в ожидаемом формате
2025-10-30 21:55:07,687 - WARNING - [получить_музеи_в_районе] - На странице 5 нет данных в ожидаемом формате
2025-10-30 21:55:07,688 - INFO - [получить_музеи_в_районе] - Завершение сбора для района Зябликово. Найдено музеев: 1
2025-10-30 21:55:07,690 - INFO - [<cell line: 0>] - Район 'Зябликово' завершен. Музеев: 1
2025-10-30 21:55:08,692 - INFO - [<cell line: 0>] - [36/132] Обработка района: Ивановское
2025-10-30 21:55:08,693 - INFO - [получить_музеи_в_районе] - Начало сбора музеев для района: Ивановское (ID: 4504209512726579)
2025-10-30 21:55:09,074 - INFO - [получить_музеи_в_районе] - Загружено 1 музеев со страницы 1
2025-10-30 21:55:09,971 - WARNING - [получить_музеи_в_районе] - На странице 2 нет данных в ожидаемом формате
2025-10-30 21:55:10,867 - WARNING - [получить_музеи_в_районе] - На странице 3 нет данных в ожидаемом формате
2025-10-30 21:55:11,750 - WARNING - [получить_музеи_в_районе] - На странице 4 нет данных в ожидаемом формате
2025-10-30 21:55:12,641 - WARNING - [получить_музеи_в_районе] - На странице 5 нет данных в ожидаемом формате
2025-10-30 21:55:12,642 - INFO - [получить_музеи_в_районе] - Завершение сбора для района Ивановское. Найдено музеев: 1
2025-10-30 21:55:12,644 - INFO - [<cell line: 0>] - Район 'Ивановское' завершен. Музеев: 1
2025-10-30 21:55:13,645 - INFO - [<cell line: 0>] - [37/132] Обработка района: Измайлово
2025-10-30 21:55:13,646 - INFO - [получить_музеи_в_районе] - Начало сбора музеев для района: Измайлово (ID: 4504209512726587)
2025-10-30 21:55:14,046 - INFO - [получить_музеи_в_районе] - Загружено 10 музеев со страницы 1
2025-10-30 21:55:14,946 - INFO - [получить_музеи_в_районе] - Загружено 8 музеев со страницы 2
2025-10-30 21:55:15,952 - WARNING - [получить_музеи_в_районе] - На странице 3 нет данных в ожидаемом формате
2025-10-30 21:55:16,827 - WARNING - [получить_музеи_в_районе] - На странице 4 нет данных в ожидаемом формате
2025-10-30 21:55:17,818 - WARNING - [получить_музеи_в_районе] - На странице 5 нет данных в ожидаемом формате
2025-10-30 21:55:17,819 - INFO - [получить_музеи_в_районе] - Завершение сбора для района Измайлово. Найдено музеев: 18
2025-10-30 21:55:17,820 - INFO - [<cell line: 0>] - Район 'Измайлово' завершен. Музеев: 18
2025-10-30 21:55:18,822 - INFO - [<cell line: 0>] - [38/132] Обработка района: Капотня
2025-10-30 21:55:18,823 - INFO - [получить_музеи_в_районе] - Начало сбора музеев для района: Капотня (ID: 4504209512726597)
2025-10-30 21:55:19,197 - WARNING - [получить_музеи_в_районе] - На странице 1 нет данных в ожидаемом формате
2025-10-30 21:55:20,075 - WARNING - [получить_музеи_в_районе] - На странице 2 нет данных в ожидаемом формате
2025-10-30 21:55:20,954 - WARNING - [получить_музеи_в_районе] - На странице 3 нет данных в ожидаемом формате
2025-10-30 21:55:21,825 - WARNING - [получить_музеи_в_районе] - На странице 4 нет данных в ожидаемом формате
2025-10-30 21:55:22,715 - WARNING - [получить_музеи_в_районе] - На странице 5 нет данных в ожидаемом формате
2025-10-30 21:55:22,716 - INFO - [получить_музеи_в_районе] - Завершение сбора для района Капотня. Найдено музеев: 0
2025-10-30 21:55:22,717 - INFO - [<cell line: 0>] - Район 'Капотня' завершен. Музеев: 0
2025-10-30 21:55:23,719 - INFO - [<cell line: 0>] - [39/132] Обработка района: Коммунарка
2025-10-30 21:55:23,720 - INFO - [получить_музеи_в_районе] - Начало сбора музеев для района: Коммунарка (ID: 4504209520926899)
2025-10-30 21:55:24,102 - INFO - [получить_музеи_в_районе] - Загружено 2 музеев со страницы 1
2025-10-30 21:55:24,984 - WARNING - [получить_музеи_в_районе] - На странице 2 нет данных в ожидаемом формате
2025-10-30 21:55:25,888 - WARNING - [получить_музеи_в_районе] - На странице 3 нет данных в ожидаемом формате
2025-10-30 21:55:26,779 - WARNING - [получить_музеи_в_районе] - На странице 4 нет данных в ожидаемом формате
2025-10-30 21:55:27,655 - WARNING - [получить_музеи_в_районе] - На странице 5 нет данных в ожидаемом формате
2025-10-30 21:55:27,656 - INFO - [получить_музеи_в_районе] - Завершение сбора для района Коммунарка. Найдено музеев: 2
2025-10-30 21:55:27,659 - INFO - [<cell line: 0>] - Район 'Коммунарка' завершен. Музеев: 2
2025-10-30 21:55:28,660 - INFO - [<cell line: 0>] - [40/132] Обработка района: Коньково
2025-10-30 21:55:28,661 - INFO - [получить_музеи_в_районе] - Начало сбора музеев для района: Коньково (ID: 4504209512726629)
2025-10-30 21:55:29,036 - INFO - [получить_музеи_в_районе] - Загружено 2 музеев со страницы 1
2025-10-30 21:55:29,912 - WARNING - [получить_музеи_в_районе] - На странице 2 нет данных в ожидаемом формате
2025-10-30 21:55:30,797 - WARNING - [получить_музеи_в_районе] - На странице 3 нет данных в ожидаемом формате
2025-10-30 21:55:31,692 - WARNING - [получить_музеи_в_районе] - На странице 4 нет данных в ожидаемом формате
2025-10-30 21:55:32,568 - WARNING - [получить_музеи_в_районе] - На странице 5 нет данных в ожидаемом формате
2025-10-30 21:55:32,569 - INFO - [получить_музеи_в_районе] - Завершение сбора для района Коньково. Найдено музеев: 2
2025-10-30 21:55:32,572 - INFO - [<cell line: 0>] - Район 'Коньково' завершен. Музеев: 2
2025-10-30 21:55:33,575 - INFO - [<cell line: 0>] - [41/132] Обработка района: Коптево
2025-10-30 21:55:33,576 - INFO - [получить_музеи_в_районе] - Начало сбора музеев для района: Коптево (ID: 4504209512726550)
2025-10-30 21:55:33,953 - INFO - [получить_музеи_в_районе] - Загружено 2 музеев со страницы 1
2025-10-30 21:55:34,840 - WARNING - [получить_музеи_в_районе] - На странице 2 нет данных в ожидаемом формате
2025-10-30 21:55:35,718 - WARNING - [получить_музеи_в_районе] - На странице 3 нет данных в ожидаемом формате
2025-10-30 21:55:36,590 - WARNING - [получить_музеи_в_районе] - На странице 4 нет данных в ожидаемом формате
2025-10-30 21:55:37,473 - WARNING - [получить_музеи_в_районе] - На странице 5 нет данных в ожидаемом формате
2025-10-30 21:55:37,474 - INFO - [получить_музеи_в_районе] - Завершение сбора для района Коптево. Найдено музеев: 2
2025-10-30 21:55:37,476 - INFO - [<cell line: 0>] - Район 'Коптево' завершен. Музеев: 2
2025-10-30 21:55:38,478 - INFO - [<cell line: 0>] - [42/132] Обработка района: Косино-Ухтомский
2025-10-30 21:55:38,479 - INFO - [получить_музеи_в_районе] - Начало сбора музеев для района: Косино-Ухтомский (ID: 4504209512726577)
2025-10-30 21:55:38,855 - WARNING - [получить_музеи_в_районе] - На странице 1 нет данных в ожидаемом формате
2025-10-30 21:55:39,734 - WARNING - [получить_музеи_в_районе] - На странице 2 нет данных в ожидаемом формате
2025-10-30 21:55:40,610 - WARNING - [получить_музеи_в_районе] - На странице 3 нет данных в ожидаемом формате
2025-10-30 21:55:41,490 - WARNING - [получить_музеи_в_районе] - На странице 4 нет данных в ожидаемом формате
2025-10-30 21:55:42,376 - WARNING - [получить_музеи_в_районе] - На странице 5 нет данных в ожидаемом формате
2025-10-30 21:55:42,377 - INFO - [получить_музеи_в_районе] - Завершение сбора для района Косино-Ухтомский. Найдено музеев: 0
2025-10-30 21:55:42,379 - INFO - [<cell line: 0>] - Район 'Косино-Ухтомский' завершен. Музеев: 0
2025-10-30 21:55:43,381 - INFO - [<cell line: 0>] - [43/132] Обработка района: Котловка
2025-10-30 21:55:43,382 - INFO - [получить_музеи_в_районе] - Начало сбора музеев для района: Котловка (ID: 4504209512726613)
2025-10-30 21:55:43,763 - WARNING - [получить_музеи_в_районе] - На странице 1 нет данных в ожидаемом формате
2025-10-30 21:55:44,646 - WARNING - [получить_музеи_в_районе] - На странице 2 нет данных в ожидаемом формате
2025-10-30 21:55:45,607 - WARNING - [получить_музеи_в_районе] - На странице 3 нет данных в ожидаемом формате
2025-10-30 21:55:46,480 - WARNING - [получить_музеи_в_районе] - На странице 4 нет данных в ожидаемом формате
2025-10-30 21:55:47,372 - WARNING - [получить_музеи_в_районе] - На странице 5 нет данных в ожидаемом формате
2025-10-30 21:55:47,374 - INFO - [получить_музеи_в_районе] - Завершение сбора для района Котловка. Найдено музеев: 0
2025-10-30 21:55:47,376 - INFO - [<cell line: 0>] - Район 'Котловка' завершен. Музеев: 0
2025-10-30 21:55:48,377 - INFO - [<cell line: 0>] - [44/132] Обработка района: Краснопахорский
2025-10-30 21:55:48,378 - INFO - [получить_музеи_в_районе] - Начало сбора музеев для района: Краснопахорский (ID: 4504209520933720)
2025-10-30 21:55:48,854 - INFO - [получить_музеи_в_районе] - Загружено 1 музеев со страницы 1
2025-10-30 21:55:49,732 - WARNING - [получить_музеи_в_районе] - На странице 2 нет данных в ожидаемом формате
2025-10-30 21:55:50,607 - WARNING - [получить_музеи_в_районе] - На странице 3 нет данных в ожидаемом формате
2025-10-30 21:55:51,477 - WARNING - [получить_музеи_в_районе] - На странице 4 нет данных в ожидаемом формате
2025-10-30 21:55:52,362 - WARNING - [получить_музеи_в_районе] - На странице 5 нет данных в ожидаемом формате
2025-10-30 21:55:52,363 - INFO - [получить_музеи_в_районе] - Завершение сбора для района Краснопахорский. Найдено музеев: 1
2025-10-30 21:55:52,364 - INFO - [<cell line: 0>] - Район 'Краснопахорский' завершен. Музеев: 1
2025-10-30 21:55:53,365 - INFO - [<cell line: 0>] - [45/132] Обработка района: Красносельский
2025-10-30 21:55:53,366 - INFO - [получить_музеи_в_районе] - Начало сбора музеев для района: Красносельский (ID: 4504209512726540)
2025-10-30 21:55:53,756 - INFO - [получить_музеи_в_районе] - Загружено 9 музеев со страницы 1
2025-10-30 21:55:54,651 - WARNING - [получить_музеи_в_районе] - На странице 2 нет данных в ожидаемом формате
2025-10-30 21:55:55,533 - WARNING - [получить_музеи_в_районе] - На странице 3 нет данных в ожидаемом формате
2025-10-30 21:55:56,415 - WARNING - [получить_музеи_в_районе] - На странице 4 нет данных в ожидаемом формате
2025-10-30 21:55:57,304 - WARNING - [получить_музеи_в_районе] - На странице 5 нет данных в ожидаемом формате
2025-10-30 21:55:57,305 - INFO - [получить_музеи_в_районе] - Завершение сбора для района Красносельский. Найдено музеев: 9
2025-10-30 21:55:57,306 - INFO - [<cell line: 0>] - Район 'Красносельский' завершен. Музеев: 9
2025-10-30 21:55:58,307 - INFO - [<cell line: 0>] - [46/132] Обработка района: Крылатское
2025-10-30 21:55:58,308 - INFO - [получить_музеи_в_районе] - Начало сбора музеев для района: Крылатское (ID: 4504209512726635)
2025-10-30 21:55:58,697 - INFO - [получить_музеи_в_районе] - Загружено 2 музеев со страницы 1
2025-10-30 21:55:59,594 - WARNING - [получить_музеи_в_районе] - На странице 2 нет данных в ожидаемом формате
2025-10-30 21:56:00,472 - WARNING - [получить_музеи_в_районе] - На странице 3 нет данных в ожидаемом формате
2025-10-30 21:56:01,343 - WARNING - [получить_музеи_в_районе] - На странице 4 нет данных в ожидаемом формате
2025-10-30 21:56:02,216 - WARNING - [получить_музеи_в_районе] - На странице 5 нет данных в ожидаемом формате
2025-10-30 21:56:02,217 - INFO - [получить_музеи_в_районе] - Завершение сбора для района Крылатское. Найдено музеев: 2
2025-10-30 21:56:02,218 - INFO - [<cell line: 0>] - Район 'Крылатское' завершен. Музеев: 2
2025-10-30 21:56:03,220 - INFO - [<cell line: 0>] - [47/132] Обработка района: Крюково
2025-10-30 21:56:03,221 - INFO - [получить_музеи_в_районе] - Начало сбора музеев для района: Крюково (ID: 4504209512726652)
2025-10-30 21:56:03,597 - INFO - [получить_музеи_в_районе] - Загружено 1 музеев со страницы 1
2025-10-30 21:56:04,478 - WARNING - [получить_музеи_в_районе] - На странице 2 нет данных в ожидаемом формате
2025-10-30 21:56:05,360 - WARNING - [получить_музеи_в_районе] - На странице 3 нет данных в ожидаемом формате
2025-10-30 21:56:06,235 - WARNING - [получить_музеи_в_районе] - На странице 4 нет данных в ожидаемом формате
2025-10-30 21:56:07,129 - WARNING - [получить_музеи_в_районе] - На странице 5 нет данных в ожидаемом формате
2025-10-30 21:56:07,130 - INFO - [получить_музеи_в_районе] - Завершение сбора для района Крюково. Найдено музеев: 1
2025-10-30 21:56:07,131 - INFO - [<cell line: 0>] - Район 'Крюково' завершен. Музеев: 1
2025-10-30 21:56:08,133 - INFO - [<cell line: 0>] - [48/132] Обработка района: Кузьминки
2025-10-30 21:56:08,134 - INFO - [получить_музеи_в_районе] - Начало сбора музеев для района: Кузьминки (ID: 4504209512726598)
2025-10-30 21:56:08,534 - INFO - [получить_музеи_в_районе] - Загружено 6 музеев со страницы 1
2025-10-30 21:56:09,413 - WARNING - [получить_музеи_в_районе] - На странице 2 нет данных в ожидаемом формате
2025-10-30 21:56:10,290 - WARNING - [получить_музеи_в_районе] - На странице 3 нет данных в ожидаемом формате
2025-10-30 21:56:11,171 - WARNING - [получить_музеи_в_районе] - На странице 4 нет данных в ожидаемом формате
2025-10-30 21:56:12,052 - WARNING - [получить_музеи_в_районе] - На странице 5 нет данных в ожидаемом формате
2025-10-30 21:56:12,053 - INFO - [получить_музеи_в_районе] - Завершение сбора для района Кузьминки. Найдено музеев: 6
2025-10-30 21:56:12,054 - INFO - [<cell line: 0>] - Район 'Кузьминки' завершен. Музеев: 6
2025-10-30 21:56:13,055 - INFO - [<cell line: 0>] - [49/132] Обработка района: Кунцево
2025-10-30 21:56:13,056 - INFO - [получить_музеи_в_районе] - Начало сбора музеев для района: Кунцево (ID: 4504209512726634)
2025-10-30 21:56:13,435 - WARNING - [получить_музеи_в_районе] - На странице 1 нет данных в ожидаемом формате
2025-10-30 21:56:14,310 - WARNING - [получить_музеи_в_районе] - На странице 2 нет данных в ожидаемом формате
2025-10-30 21:56:15,189 - WARNING - [получить_музеи_в_районе] - На странице 3 нет данных в ожидаемом формате
2025-10-30 21:56:16,173 - WARNING - [получить_музеи_в_районе] - На странице 4 нет данных в ожидаемом формате
2025-10-30 21:56:17,047 - WARNING - [получить_музеи_в_районе] - На странице 5 нет данных в ожидаемом формате
2025-10-30 21:56:17,048 - INFO - [получить_музеи_в_районе] - Завершение сбора для района Кунцево. Найдено музеев: 0
2025-10-30 21:56:17,051 - INFO - [<cell line: 0>] - Район 'Кунцево' завершен. Музеев: 0
2025-10-30 21:56:18,052 - INFO - [<cell line: 0>] - [50/132] Обработка района: Куркино
2025-10-30 21:56:18,053 - INFO - [получить_музеи_в_районе] - Начало сбора музеев для района: Куркино (ID: 4504209512726651)
2025-10-30 21:56:18,512 - INFO - [получить_музеи_в_районе] - Загружено 3 музеев со страницы 1
2025-10-30 21:56:19,395 - WARNING - [получить_музеи_в_районе] - На странице 2 нет данных в ожидаемом формате
2025-10-30 21:56:20,282 - WARNING - [получить_музеи_в_районе] - На странице 3 нет данных в ожидаемом формате
2025-10-30 21:56:21,156 - WARNING - [получить_музеи_в_районе] - На странице 4 нет данных в ожидаемом формате
2025-10-30 21:56:22,062 - WARNING - [получить_музеи_в_районе] - На странице 5 нет данных в ожидаемом формате
2025-10-30 21:56:22,063 - INFO - [получить_музеи_в_районе] - Завершение сбора для района Куркино. Найдено музеев: 3
2025-10-30 21:56:22,064 - INFO - [<cell line: 0>] - Район 'Куркино' завершен. Музеев: 3
2025-10-30 21:56:23,067 - INFO - [<cell line: 0>] - [51/132] Обработка района: Левобережный
2025-10-30 21:56:23,067 - INFO - [получить_музеи_в_районе] - Начало сбора музеев для района: Левобережный (ID: 4504209512726554)
2025-10-30 21:56:23,445 - INFO - [получить_музеи_в_районе] - Загружено 2 музеев со страницы 1
2025-10-30 21:56:24,335 - WARNING - [получить_музеи_в_районе] - На странице 2 нет данных в ожидаемом формате
2025-10-30 21:56:25,213 - WARNING - [получить_музеи_в_районе] - На странице 3 нет данных в ожидаемом формате
2025-10-30 21:56:26,094 - WARNING - [получить_музеи_в_районе] - На странице 4 нет данных в ожидаемом формате
2025-10-30 21:56:26,968 - WARNING - [получить_музеи_в_районе] - На странице 5 нет данных в ожидаемом формате
2025-10-30 21:56:26,969 - INFO - [получить_музеи_в_районе] - Завершение сбора для района Левобережный. Найдено музеев: 2
2025-10-30 21:56:26,970 - INFO - [<cell line: 0>] - Район 'Левобережный' завершен. Музеев: 2
2025-10-30 21:56:27,972 - INFO - [<cell line: 0>] - [52/132] Обработка района: Лефортово
2025-10-30 21:56:27,973 - INFO - [получить_музеи_в_районе] - Начало сбора музеев для района: Лефортово (ID: 4504209512726590)
2025-10-30 21:56:28,368 - INFO - [получить_музеи_в_районе] - Загружено 5 музеев со страницы 1
2025-10-30 21:56:29,243 - WARNING - [получить_музеи_в_районе] - На странице 2 нет данных в ожидаемом формате
2025-10-30 21:56:30,132 - WARNING - [получить_музеи_в_районе] - На странице 3 нет данных в ожидаемом формате
2025-10-30 21:56:31,011 - WARNING - [получить_музеи_в_районе] - На странице 4 нет данных в ожидаемом формате
2025-10-30 21:56:31,891 - WARNING - [получить_музеи_в_районе] - На странице 5 нет данных в ожидаемом формате
2025-10-30 21:56:31,892 - INFO - [получить_музеи_в_районе] - Завершение сбора для района Лефортово. Найдено музеев: 5
2025-10-30 21:56:31,894 - INFO - [<cell line: 0>] - Район 'Лефортово' завершен. Музеев: 5
2025-10-30 21:56:32,895 - INFO - [<cell line: 0>] - [53/132] Обработка района: Лианозово
2025-10-30 21:56:32,896 - INFO - [получить_музеи_в_районе] - Начало сбора музеев для района: Лианозово (ID: 4504209512726559)
2025-10-30 21:56:33,280 - INFO - [получить_музеи_в_районе] - Загружено 1 музеев со страницы 1
2025-10-30 21:56:34,156 - WARNING - [получить_музеи_в_районе] - На странице 2 нет данных в ожидаемом формате
2025-10-30 21:56:35,046 - WARNING - [получить_музеи_в_районе] - На странице 3 нет данных в ожидаемом формате
2025-10-30 21:56:35,935 - WARNING - [получить_музеи_в_районе] - На странице 4 нет данных в ожидаемом формате
2025-10-30 21:56:36,808 - WARNING - [получить_музеи_в_районе] - На странице 5 нет данных в ожидаемом формате
2025-10-30 21:56:36,809 - INFO - [получить_музеи_в_районе] - Завершение сбора для района Лианозово. Найдено музеев: 1
2025-10-30 21:56:36,812 - INFO - [<cell line: 0>] - Район 'Лианозово' завершен. Музеев: 1
2025-10-30 21:56:37,813 - INFO - [<cell line: 0>] - [54/132] Обработка района: Ломоносовский
2025-10-30 21:56:37,814 - INFO - [получить_музеи_в_районе] - Начало сбора музеев для района: Ломоносовский (ID: 4504209512726623)
2025-10-30 21:56:38,208 - WARNING - [получить_музеи_в_районе] - На странице 1 нет данных в ожидаемом формате
2025-10-30 21:56:39,086 - WARNING - [получить_музеи_в_районе] - На странице 2 нет данных в ожидаемом формате
2025-10-30 21:56:39,965 - WARNING - [получить_музеи_в_районе] - На странице 3 нет данных в ожидаемом формате
2025-10-30 21:56:40,855 - WARNING - [получить_музеи_в_районе] - На странице 4 нет данных в ожидаемом формате
2025-10-30 21:56:41,730 - WARNING - [получить_музеи_в_районе] - На странице 5 нет данных в ожидаемом формате
2025-10-30 21:56:41,730 - INFO - [получить_музеи_в_районе] - Завершение сбора для района Ломоносовский. Найдено музеев: 0
2025-10-30 21:56:41,732 - INFO - [<cell line: 0>] - Район 'Ломоносовский' завершен. Музеев: 0
2025-10-30 21:56:42,734 - INFO - [<cell line: 0>] - [55/132] Обработка района: Лосиноостровский
2025-10-30 21:56:42,735 - INFO - [получить_музеи_в_районе] - Начало сбора музеев для района: Лосиноостровский (ID: 4504209512726560)
2025-10-30 21:56:43,109 - WARNING - [получить_музеи_в_районе] - На странице 1 нет данных в ожидаемом формате
2025-10-30 21:56:43,992 - WARNING - [получить_музеи_в_районе] - На странице 2 нет данных в ожидаемом формате
2025-10-30 21:56:44,861 - WARNING - [получить_музеи_в_районе] - На странице 3 нет данных в ожидаемом формате
2025-10-30 21:56:45,843 - WARNING - [получить_музеи_в_районе] - На странице 4 нет данных в ожидаемом формате
2025-10-30 21:56:46,731 - WARNING - [получить_музеи_в_районе] - На странице 5 нет данных в ожидаемом формате
2025-10-30 21:56:46,732 - INFO - [получить_музеи_в_районе] - Завершение сбора для района Лосиноостровский. Найдено музеев: 0
2025-10-30 21:56:46,733 - INFO - [<cell line: 0>] - Район 'Лосиноостровский' завершен. Музеев: 0
2025-10-30 21:56:47,735 - INFO - [<cell line: 0>] - [56/132] Обработка района: Люблино
2025-10-30 21:56:47,736 - INFO - [получить_музеи_в_районе] - Начало сбора музеев для района: Люблино (ID: 70030077079195278)
2025-10-30 21:56:48,118 - INFO - [получить_музеи_в_районе] - Загружено 4 музеев со страницы 1
2025-10-30 21:56:49,083 - WARNING - [получить_музеи_в_районе] - На странице 2 нет данных в ожидаемом формате
2025-10-30 21:56:49,978 - WARNING - [получить_музеи_в_районе] - На странице 3 нет данных в ожидаемом формате
2025-10-30 21:56:50,856 - WARNING - [получить_музеи_в_районе] - На странице 4 нет данных в ожидаемом формате
2025-10-30 21:56:51,754 - WARNING - [получить_музеи_в_районе] - На странице 5 нет данных в ожидаемом формате
2025-10-30 21:56:51,754 - INFO - [получить_музеи_в_районе] - Завершение сбора для района Люблино. Найдено музеев: 4
2025-10-30 21:56:51,757 - INFO - [<cell line: 0>] - Район 'Люблино' завершен. Музеев: 4
2025-10-30 21:56:52,758 - INFO - [<cell line: 0>] - [57/132] Обработка района: Марфино
2025-10-30 21:56:52,759 - INFO - [получить_музеи_в_районе] - Начало сбора музеев для района: Марфино (ID: 4504209512726570)
2025-10-30 21:56:53,143 - INFO - [получить_музеи_в_районе] - Загружено 2 музеев со страницы 1
2025-10-30 21:56:54,021 - WARNING - [получить_музеи_в_районе] - На странице 2 нет данных в ожидаемом формате
2025-10-30 21:56:54,894 - WARNING - [получить_музеи_в_районе] - На странице 3 нет данных в ожидаемом формате
2025-10-30 21:56:55,789 - WARNING - [получить_музеи_в_районе] - На странице 4 нет данных в ожидаемом формате
2025-10-30 21:56:56,664 - WARNING - [получить_музеи_в_районе] - На странице 5 нет данных в ожидаемом формате
2025-10-30 21:56:56,665 - INFO - [получить_музеи_в_районе] - Завершение сбора для района Марфино. Найдено музеев: 2
2025-10-30 21:56:56,666 - INFO - [<cell line: 0>] - Район 'Марфино' завершен. Музеев: 2
2025-10-30 21:56:57,668 - INFO - [<cell line: 0>] - [58/132] Обработка района: Марьина Роща
2025-10-30 21:56:57,669 - INFO - [получить_музеи_в_районе] - Начало сбора музеев для района: Марьина Роща (ID: 4504209512726571)
2025-10-30 21:56:58,049 - INFO - [получить_музеи_в_районе] - Загружено 4 музеев со страницы 1
2025-10-30 21:56:58,928 - WARNING - [получить_музеи_в_районе] - На странице 2 нет данных в ожидаемом формате
2025-10-30 21:56:59,813 - WARNING - [получить_музеи_в_районе] - На странице 3 нет данных в ожидаемом формате
2025-10-30 21:57:00,695 - WARNING - [получить_музеи_в_районе] - На странице 4 нет данных в ожидаемом формате
2025-10-30 21:57:01,572 - WARNING - [получить_музеи_в_районе] - На странице 5 нет данных в ожидаемом формате
2025-10-30 21:57:01,573 - INFO - [получить_музеи_в_районе] - Завершение сбора для района Марьина Роща. Найдено музеев: 4
2025-10-30 21:57:01,575 - INFO - [<cell line: 0>] - Район 'Марьина Роща' завершен. Музеев: 4
2025-10-30 21:57:02,578 - INFO - [<cell line: 0>] - [59/132] Обработка района: Марьино
2025-10-30 21:57:02,579 - INFO - [получить_музеи_в_районе] - Начало сбора музеев для района: Марьино (ID: 4504209512726596)
2025-10-30 21:57:02,958 - WARNING - [получить_музеи_в_районе] - На странице 1 нет данных в ожидаемом формате
2025-10-30 21:57:03,835 - WARNING - [получить_музеи_в_районе] - На странице 2 нет данных в ожидаемом формате
2025-10-30 21:57:04,711 - WARNING - [получить_музеи_в_районе] - На странице 3 нет данных в ожидаемом формате
2025-10-30 21:57:05,586 - WARNING - [получить_музеи_в_районе] - На странице 4 нет данных в ожидаемом формате
2025-10-30 21:57:06,467 - WARNING - [получить_музеи_в_районе] - На странице 5 нет данных в ожидаемом формате
2025-10-30 21:57:06,468 - INFO - [получить_музеи_в_районе] - Завершение сбора для района Марьино. Найдено музеев: 0
2025-10-30 21:57:06,469 - INFO - [<cell line: 0>] - Район 'Марьино' завершен. Музеев: 0
2025-10-30 21:57:07,471 - INFO - [<cell line: 0>] - [60/132] Обработка района: Матушкино
2025-10-30 21:57:07,473 - INFO - [получить_музеи_в_районе] - Начало сбора музеев для района: Матушкино (ID: 4504209512726657)
2025-10-30 21:57:07,871 - INFO - [получить_музеи_в_районе] - Загружено 1 музеев со страницы 1
2025-10-30 21:57:08,745 - WARNING - [получить_музеи_в_районе] - На странице 2 нет данных в ожидаемом формате
2025-10-30 21:57:09,628 - WARNING - [получить_музеи_в_районе] - На странице 3 нет данных в ожидаемом формате
2025-10-30 21:57:10,519 - WARNING - [получить_музеи_в_районе] - На странице 4 нет данных в ожидаемом формате
2025-10-30 21:57:11,399 - WARNING - [получить_музеи_в_районе] - На странице 5 нет данных в ожидаемом формате
2025-10-30 21:57:11,400 - INFO - [получить_музеи_в_районе] - Завершение сбора для района Матушкино. Найдено музеев: 1
2025-10-30 21:57:11,401 - INFO - [<cell line: 0>] - Район 'Матушкино' завершен. Музеев: 1
2025-10-30 21:57:12,403 - INFO - [<cell line: 0>] - [61/132] Обработка района: Метрогородок
2025-10-30 21:57:12,404 - INFO - [получить_музеи_в_районе] - Начало сбора музеев для района: Метрогородок (ID: 4504209512726588)
2025-10-30 21:57:12,788 - INFO - [получить_музеи_в_районе] - Загружено 1 музеев со страницы 1
2025-10-30 21:57:13,666 - WARNING - [получить_музеи_в_районе] - На странице 2 нет данных в ожидаемом формате
2025-10-30 21:57:14,547 - WARNING - [получить_музеи_в_районе] - На странице 3 нет данных в ожидаемом формате
2025-10-30 21:57:15,514 - WARNING - [получить_музеи_в_районе] - На странице 4 нет данных в ожидаемом формате
2025-10-30 21:57:16,405 - WARNING - [получить_музеи_в_районе] - На странице 5 нет данных в ожидаемом формате
2025-10-30 21:57:16,405 - INFO - [получить_музеи_в_районе] - Завершение сбора для района Метрогородок. Найдено музеев: 1
2025-10-30 21:57:16,407 - INFO - [<cell line: 0>] - Район 'Метрогородок' завершен. Музеев: 1
2025-10-30 21:57:17,409 - INFO - [<cell line: 0>] - [62/132] Обработка района: Мещанский
2025-10-30 21:57:17,410 - INFO - [получить_музеи_в_районе] - Начало сбора музеев для района: Мещанский (ID: 4504209512726535)
2025-10-30 21:57:17,812 - INFO - [получить_музеи_в_районе] - Загружено 10 музеев со страницы 1
2025-10-30 21:57:18,832 - INFO - [получить_музеи_в_районе] - Загружено 10 музеев со страницы 2
2025-10-30 21:57:19,726 - INFO - [получить_музеи_в_районе] - Загружено 1 музеев со страницы 3
2025-10-30 21:57:20,611 - WARNING - [получить_музеи_в_районе] - На странице 4 нет данных в ожидаемом формате
2025-10-30 21:57:21,510 - WARNING - [получить_музеи_в_районе] - На странице 5 нет данных в ожидаемом формате
2025-10-30 21:57:21,511 - INFO - [получить_музеи_в_районе] - Завершение сбора для района Мещанский. Найдено музеев: 21
2025-10-30 21:57:21,514 - INFO - [<cell line: 0>] - Район 'Мещанский' завершен. Музеев: 21
2025-10-30 21:57:22,516 - INFO - [<cell line: 0>] - [63/132] Обработка района: Митино
2025-10-30 21:57:22,516 - INFO - [получить_музеи_в_районе] - Начало сбора музеев для района: Митино (ID: 4504209512726645)
2025-10-30 21:57:22,895 - INFO - [получить_музеи_в_районе] - Загружено 1 музеев со страницы 1
2025-10-30 21:57:23,777 - WARNING - [получить_музеи_в_районе] - На странице 2 нет данных в ожидаемом формате
2025-10-30 21:57:24,661 - WARNING - [получить_музеи_в_районе] - На странице 3 нет данных в ожидаемом формате
2025-10-30 21:57:25,538 - WARNING - [получить_музеи_в_районе] - На странице 4 нет данных в ожидаемом формате
2025-10-30 21:57:26,418 - WARNING - [получить_музеи_в_районе] - На странице 5 нет данных в ожидаемом формате
2025-10-30 21:57:26,418 - INFO - [получить_музеи_в_районе] - Завершение сбора для района Митино. Найдено музеев: 1
2025-10-30 21:57:26,420 - INFO - [<cell line: 0>] - Район 'Митино' завершен. Музеев: 1
2025-10-30 21:57:27,421 - INFO - [<cell line: 0>] - [64/132] Обработка района: Можайский
2025-10-30 21:57:27,422 - INFO - [получить_музеи_в_районе] - Начало сбора музеев для района: Можайский (ID: 4504209512726633)
2025-10-30 21:57:27,800 - WARNING - [получить_музеи_в_районе] - На странице 1 нет данных в ожидаемом формате
2025-10-30 21:57:28,692 - WARNING - [получить_музеи_в_районе] - На странице 2 нет данных в ожидаемом формате
2025-10-30 21:57:29,567 - WARNING - [получить_музеи_в_районе] - На странице 3 нет данных в ожидаемом формате
2025-10-30 21:57:30,445 - WARNING - [получить_музеи_в_районе] - На странице 4 нет данных в ожидаемом формате
2025-10-30 21:57:31,324 - WARNING - [получить_музеи_в_районе] - На странице 5 нет данных в ожидаемом формате
2025-10-30 21:57:31,325 - INFO - [получить_музеи_в_районе] - Завершение сбора для района Можайский. Найдено музеев: 0
2025-10-30 21:57:31,326 - INFO - [<cell line: 0>] - Район 'Можайский' завершен. Музеев: 0
2025-10-30 21:57:32,329 - INFO - [<cell line: 0>] - [65/132] Обработка района: Молжаниновский
2025-10-30 21:57:32,330 - INFO - [получить_музеи_в_районе] - Начало сбора музеев для района: Молжаниновский (ID: 4504209512726654)
2025-10-30 21:57:32,722 - WARNING - [получить_музеи_в_районе] - На странице 1 нет данных в ожидаемом формате
2025-10-30 21:57:33,593 - WARNING - [получить_музеи_в_районе] - На странице 2 нет данных в ожидаемом формате
2025-10-30 21:57:34,481 - WARNING - [получить_музеи_в_районе] - На странице 3 нет данных в ожидаемом формате
2025-10-30 21:57:35,353 - WARNING - [получить_музеи_в_районе] - На странице 4 нет данных в ожидаемом формате
2025-10-30 21:57:36,226 - WARNING - [получить_музеи_в_районе] - На странице 5 нет данных в ожидаемом формате
2025-10-30 21:57:36,227 - INFO - [получить_музеи_в_районе] - Завершение сбора для района Молжаниновский. Найдено музеев: 0
2025-10-30 21:57:36,231 - INFO - [<cell line: 0>] - Район 'Молжаниновский' завершен. Музеев: 0
2025-10-30 21:57:37,232 - INFO - [<cell line: 0>] - [66/132] Обработка района: Москворечье-Сабурово
2025-10-30 21:57:37,233 - INFO - [получить_музеи_в_районе] - Начало сбора музеев для района: Москворечье-Сабурово (ID: 4504209512726607)
2025-10-30 21:57:37,630 - WARNING - [получить_музеи_в_районе] - На странице 1 нет данных в ожидаемом формате
2025-10-30 21:57:38,523 - WARNING - [получить_музеи_в_районе] - На странице 2 нет данных в ожидаемом формате
2025-10-30 21:57:39,407 - WARNING - [получить_музеи_в_районе] - На странице 3 нет данных в ожидаемом формате
2025-10-30 21:57:40,278 - WARNING - [получить_музеи_в_районе] - На странице 4 нет данных в ожидаемом формате
2025-10-30 21:57:41,158 - WARNING - [получить_музеи_в_районе] - На странице 5 нет данных в ожидаемом формате
2025-10-30 21:57:41,159 - INFO - [получить_музеи_в_районе] - Завершение сбора для района Москворечье-Сабурово. Найдено музеев: 0
2025-10-30 21:57:41,161 - INFO - [<cell line: 0>] - Район 'Москворечье-Сабурово' завершен. Музеев: 0
2025-10-30 21:57:42,162 - INFO - [<cell line: 0>] - [67/132] Обработка района: Нагатино-Садовники
2025-10-30 21:57:42,164 - INFO - [получить_музеи_в_районе] - Начало сбора музеев для района: Нагатино-Садовники (ID: 4504209512726604)
2025-10-30 21:57:42,591 - INFO - [получить_музеи_в_районе] - Загружено 1 музеев со страницы 1
2025-10-30 21:57:43,477 - WARNING - [получить_музеи_в_районе] - На странице 2 нет данных в ожидаемом формате
2025-10-30 21:57:44,358 - WARNING - [получить_музеи_в_районе] - На странице 3 нет данных в ожидаемом формате
2025-10-30 21:57:45,285 - WARNING - [получить_музеи_в_районе] - На странице 4 нет данных в ожидаемом формате
2025-10-30 21:57:46,283 - WARNING - [получить_музеи_в_районе] - На странице 5 нет данных в ожидаемом формате
2025-10-30 21:57:46,284 - INFO - [получить_музеи_в_районе] - Завершение сбора для района Нагатино-Садовники. Найдено музеев: 1
2025-10-30 21:57:46,285 - INFO - [<cell line: 0>] - Район 'Нагатино-Садовники' завершен. Музеев: 1
2025-10-30 21:57:47,288 - INFO - [<cell line: 0>] - [68/132] Обработка района: Нагатинский Затон
2025-10-30 21:57:47,288 - INFO - [получить_музеи_в_районе] - Начало сбора музеев для района: Нагатинский Затон (ID: 4504209512726603)
2025-10-30 21:57:47,681 - INFO - [получить_музеи_в_районе] - Загружено 10 музеев со страницы 1
2025-10-30 21:57:48,680 - INFO - [получить_музеи_в_районе] - Загружено 10 музеев со страницы 2
2025-10-30 21:57:49,556 - WARNING - [получить_музеи_в_районе] - На странице 3 нет данных в ожидаемом формате
2025-10-30 21:57:50,451 - WARNING - [получить_музеи_в_районе] - На странице 4 нет данных в ожидаемом формате
2025-10-30 21:57:51,349 - WARNING - [получить_музеи_в_районе] - На странице 5 нет данных в ожидаемом формате
2025-10-30 21:57:51,350 - INFO - [получить_музеи_в_районе] - Завершение сбора для района Нагатинский Затон. Найдено музеев: 20
2025-10-30 21:57:51,351 - INFO - [<cell line: 0>] - Район 'Нагатинский Затон' завершен. Музеев: 20
2025-10-30 21:57:52,352 - INFO - [<cell line: 0>] - [69/132] Обработка района: Нагорный
2025-10-30 21:57:52,353 - INFO - [получить_музеи_в_районе] - Начало сбора музеев для района: Нагорный (ID: 4504209512726606)
2025-10-30 21:57:52,744 - WARNING - [получить_музеи_в_районе] - На странице 1 нет данных в ожидаемом формате
2025-10-30 21:57:53,635 - WARNING - [получить_музеи_в_районе] - На странице 2 нет данных в ожидаемом формате
2025-10-30 21:57:54,511 - WARNING - [получить_музеи_в_районе] - На странице 3 нет данных в ожидаемом формате
2025-10-30 21:57:55,401 - WARNING - [получить_музеи_в_районе] - На странице 4 нет данных в ожидаемом формате
2025-10-30 21:57:56,276 - WARNING - [получить_музеи_в_районе] - На странице 5 нет данных в ожидаемом формате
2025-10-30 21:57:56,277 - INFO - [получить_музеи_в_районе] - Завершение сбора для района Нагорный. Найдено музеев: 0
2025-10-30 21:57:56,278 - INFO - [<cell line: 0>] - Район 'Нагорный' завершен. Музеев: 0
2025-10-30 21:57:57,279 - INFO - [<cell line: 0>] - [70/132] Обработка района: Некрасовка
2025-10-30 21:57:57,280 - INFO - [получить_музеи_в_районе] - Начало сбора музеев для района: Некрасовка (ID: 4504209512726599)
2025-10-30 21:57:57,661 - WARNING - [получить_музеи_в_районе] - На странице 1 нет данных в ожидаемом формате
2025-10-30 21:57:58,534 - WARNING - [получить_музеи_в_районе] - На странице 2 нет данных в ожидаемом формате
2025-10-30 21:57:59,414 - WARNING - [получить_музеи_в_районе] - На странице 3 нет данных в ожидаемом формате
2025-10-30 21:58:00,291 - WARNING - [получить_музеи_в_районе] - На странице 4 нет данных в ожидаемом формате
2025-10-30 21:58:01,165 - WARNING - [получить_музеи_в_районе] - На странице 5 нет данных в ожидаемом формате
2025-10-30 21:58:01,166 - INFO - [получить_музеи_в_районе] - Завершение сбора для района Некрасовка. Найдено музеев: 0
2025-10-30 21:58:01,169 - INFO - [<cell line: 0>] - Район 'Некрасовка' завершен. Музеев: 0
2025-10-30 21:58:02,170 - INFO - [<cell line: 0>] - [71/132] Обработка района: Нижегородский
2025-10-30 21:58:02,171 - INFO - [получить_музеи_в_районе] - Начало сбора музеев для района: Нижегородский (ID: 4504209512726591)
2025-10-30 21:58:02,571 - WARNING - [получить_музеи_в_районе] - На странице 1 нет данных в ожидаемом формате
2025-10-30 21:58:03,447 - WARNING - [получить_музеи_в_районе] - На странице 2 нет данных в ожидаемом формате
2025-10-30 21:58:04,323 - WARNING - [получить_музеи_в_районе] - На странице 3 нет данных в ожидаемом формате
2025-10-30 21:58:05,214 - WARNING - [получить_музеи_в_районе] - На странице 4 нет данных в ожидаемом формате
2025-10-30 21:58:06,110 - WARNING - [получить_музеи_в_районе] - На странице 5 нет данных в ожидаемом формате
2025-10-30 21:58:06,111 - INFO - [получить_музеи_в_районе] - Завершение сбора для района Нижегородский. Найдено музеев: 0
2025-10-30 21:58:06,112 - INFO - [<cell line: 0>] - Район 'Нижегородский' завершен. Музеев: 0
2025-10-30 21:58:07,114 - INFO - [<cell line: 0>] - [72/132] Обработка района: Новогиреево
2025-10-30 21:58:07,115 - INFO - [получить_музеи_в_районе] - Начало сбора музеев для района: Новогиреево (ID: 4504209512726580)
2025-10-30 21:58:07,503 - INFO - [получить_музеи_в_районе] - Загружено 2 музеев со страницы 1
2025-10-30 21:58:08,383 - WARNING - [получить_музеи_в_районе] - На странице 2 нет данных в ожидаемом формате
2025-10-30 21:58:09,278 - WARNING - [получить_музеи_в_районе] - На странице 3 нет данных в ожидаемом формате
2025-10-30 21:58:10,154 - WARNING - [получить_музеи_в_районе] - На странице 4 нет данных в ожидаемом формате
2025-10-30 21:58:11,031 - WARNING - [получить_музеи_в_районе] - На странице 5 нет данных в ожидаемом формате
2025-10-30 21:58:11,032 - INFO - [получить_музеи_в_районе] - Завершение сбора для района Новогиреево. Найдено музеев: 2
2025-10-30 21:58:11,033 - INFO - [<cell line: 0>] - Район 'Новогиреево' завершен. Музеев: 2
2025-10-30 21:58:12,034 - INFO - [<cell line: 0>] - [73/132] Обработка района: Новокосино
2025-10-30 21:58:12,035 - INFO - [получить_музеи_в_районе] - Начало сбора музеев для района: Новокосино (ID: 4504209512726576)
2025-10-30 21:58:12,427 - WARNING - [получить_музеи_в_районе] - На странице 1 нет данных в ожидаемом формате
2025-10-30 21:58:13,300 - WARNING - [получить_музеи_в_районе] - На странице 2 нет данных в ожидаемом формате
2025-10-30 21:58:14,179 - WARNING - [получить_музеи_в_районе] - На странице 3 нет данных в ожидаемом формате
2025-10-30 21:58:15,060 - WARNING - [получить_музеи_в_районе] - На странице 4 нет данных в ожидаемом формате
2025-10-30 21:58:16,177 - WARNING - [получить_музеи_в_районе] - На странице 5 нет данных в ожидаемом формате
2025-10-30 21:58:16,178 - INFO - [получить_музеи_в_районе] - Завершение сбора для района Новокосино. Найдено музеев: 0
2025-10-30 21:58:16,179 - INFO - [<cell line: 0>] - Район 'Новокосино' завершен. Музеев: 0
2025-10-30 21:58:17,181 - INFO - [<cell line: 0>] - [74/132] Обработка района: Ново-Переделкино
2025-10-30 21:58:17,182 - INFO - [получить_музеи_в_районе] - Начало сбора музеев для района: Ново-Переделкино (ID: 4504209512726641)
2025-10-30 21:58:17,565 - WARNING - [получить_музеи_в_районе] - На странице 1 нет данных в ожидаемом формате
2025-10-30 21:58:18,536 - WARNING - [получить_музеи_в_районе] - На странице 2 нет данных в ожидаемом формате
2025-10-30 21:58:19,431 - WARNING - [получить_музеи_в_районе] - На странице 3 нет данных в ожидаемом формате
2025-10-30 21:58:20,317 - WARNING - [получить_музеи_в_районе] - На странице 4 нет данных в ожидаемом формате
2025-10-30 21:58:21,198 - WARNING - [получить_музеи_в_районе] - На странице 5 нет данных в ожидаемом формате
2025-10-30 21:58:21,199 - INFO - [получить_музеи_в_районе] - Завершение сбора для района Ново-Переделкино. Найдено музеев: 0
2025-10-30 21:58:21,202 - INFO - [<cell line: 0>] - Район 'Ново-Переделкино' завершен. Музеев: 0
2025-10-30 21:58:22,203 - INFO - [<cell line: 0>] - [75/132] Обработка района: Обручевский
2025-10-30 21:58:22,204 - INFO - [получить_музеи_в_районе] - Начало сбора музеев для района: Обручевский (ID: 4504209512726622)
2025-10-30 21:58:22,620 - INFO - [получить_музеи_в_районе] - Загружено 3 музеев со страницы 1
2025-10-30 21:58:23,502 - WARNING - [получить_музеи_в_районе] - На странице 2 нет данных в ожидаемом формате
2025-10-30 21:58:24,381 - WARNING - [получить_музеи_в_районе] - На странице 3 нет данных в ожидаемом формате
2025-10-30 21:58:25,265 - WARNING - [получить_музеи_в_районе] - На странице 4 нет данных в ожидаемом формате
2025-10-30 21:58:26,147 - WARNING - [получить_музеи_в_районе] - На странице 5 нет данных в ожидаемом формате
2025-10-30 21:58:26,148 - INFO - [получить_музеи_в_районе] - Завершение сбора для района Обручевский. Найдено музеев: 3
2025-10-30 21:58:26,149 - INFO - [<cell line: 0>] - Район 'Обручевский' завершен. Музеев: 3
2025-10-30 21:58:27,151 - INFO - [<cell line: 0>] - [76/132] Обработка района: Орехово-Борисово Северное
2025-10-30 21:58:27,152 - INFO - [получить_музеи_в_районе] - Начало сбора музеев для района: Орехово-Борисово Северное (ID: 4504209512726616)
2025-10-30 21:58:27,541 - INFO - [получить_музеи_в_районе] - Загружено 9 музеев со страницы 1
2025-10-30 21:58:28,424 - WARNING - [получить_музеи_в_районе] - На странице 2 нет данных в ожидаемом формате
2025-10-30 21:58:29,301 - WARNING - [получить_музеи_в_районе] - На странице 3 нет данных в ожидаемом формате
2025-10-30 21:58:30,196 - WARNING - [получить_музеи_в_районе] - На странице 4 нет данных в ожидаемом формате
2025-10-30 21:58:31,073 - WARNING - [получить_музеи_в_районе] - На странице 5 нет данных в ожидаемом формате
2025-10-30 21:58:31,074 - INFO - [получить_музеи_в_районе] - Завершение сбора для района Орехово-Борисово Северное. Найдено музеев: 9
2025-10-30 21:58:31,075 - INFO - [<cell line: 0>] - Район 'Орехово-Борисово Северное' завершен. Музеев: 9
2025-10-30 21:58:32,077 - INFO - [<cell line: 0>] - [77/132] Обработка района: Орехово-Борисово Южное
2025-10-30 21:58:32,078 - INFO - [получить_музеи_в_районе] - Начало сбора музеев для района: Орехово-Борисово Южное (ID: 4504209512726610)
2025-10-30 21:58:32,460 - INFO - [получить_музеи_в_районе] - Загружено 2 музеев со страницы 1
2025-10-30 21:58:33,346 - WARNING - [получить_музеи_в_районе] - На странице 2 нет данных в ожидаемом формате
2025-10-30 21:58:34,224 - WARNING - [получить_музеи_в_районе] - На странице 3 нет данных в ожидаемом формате
2025-10-30 21:58:35,109 - WARNING - [получить_музеи_в_районе] - На странице 4 нет данных в ожидаемом формате
2025-10-30 21:58:36,000 - WARNING - [получить_музеи_в_районе] - На странице 5 нет данных в ожидаемом формате
2025-10-30 21:58:36,001 - INFO - [получить_музеи_в_районе] - Завершение сбора для района Орехово-Борисово Южное. Найдено музеев: 2
2025-10-30 21:58:36,003 - INFO - [<cell line: 0>] - Район 'Орехово-Борисово Южное' завершен. Музеев: 2
2025-10-30 21:58:37,005 - INFO - [<cell line: 0>] - [78/132] Обработка района: Останкинский
2025-10-30 21:58:37,006 - INFO - [получить_музеи_в_районе] - Начало сбора музеев для района: Останкинский (ID: 4504209512726572)
2025-10-30 21:58:37,416 - INFO - [получить_музеи_в_районе] - Загружено 10 музеев со страницы 1
2025-10-30 21:58:38,318 - INFO - [получить_музеи_в_районе] - Загружено 10 музеев со страницы 2
2025-10-30 21:58:39,209 - INFO - [получить_музеи_в_районе] - Загружено 10 музеев со страницы 3
2025-10-30 21:58:40,117 - INFO - [получить_музеи_в_районе] - Загружено 10 музеев со страницы 4
2025-10-30 21:58:41,011 - INFO - [получить_музеи_в_районе] - Загружено 5 музеев со страницы 5
2025-10-30 21:58:41,012 - INFO - [получить_музеи_в_районе] - Завершение сбора для района Останкинский. Найдено музеев: 45
2025-10-30 21:58:41,014 - INFO - [<cell line: 0>] - Район 'Останкинский' завершен. Музеев: 45
2025-10-30 21:58:42,016 - INFO - [<cell line: 0>] - [79/132] Обработка района: Отрадное
2025-10-30 21:58:42,017 - INFO - [получить_музеи_в_районе] - Начало сбора музеев для района: Отрадное (ID: 4504209512726569)
2025-10-30 21:58:42,400 - INFO - [получить_музеи_в_районе] - Загружено 1 музеев со страницы 1
2025-10-30 21:58:43,276 - WARNING - [получить_музеи_в_районе] - На странице 2 нет данных в ожидаемом формате
2025-10-30 21:58:44,153 - WARNING - [получить_музеи_в_районе] - На странице 3 нет данных в ожидаемом формате
2025-10-30 21:58:45,045 - WARNING - [получить_музеи_в_районе] - На странице 4 нет данных в ожидаемом формате
2025-10-30 21:58:46,039 - WARNING - [получить_музеи_в_районе] - На странице 5 нет данных в ожидаемом формате
2025-10-30 21:58:46,039 - INFO - [получить_музеи_в_районе] - Завершение сбора для района Отрадное. Найдено музеев: 1
2025-10-30 21:58:46,041 - INFO - [<cell line: 0>] - Район 'Отрадное' завершен. Музеев: 1
2025-10-30 21:58:47,042 - INFO - [<cell line: 0>] - [80/132] Обработка района: Очаково-Матвеевское
2025-10-30 21:58:47,043 - INFO - [получить_музеи_в_районе] - Начало сбора музеев для района: Очаково-Матвеевское (ID: 4504209512726632)
2025-10-30 21:58:47,444 - INFO - [получить_музеи_в_районе] - Загружено 1 музеев со страницы 1
2025-10-30 21:58:48,337 - WARNING - [получить_музеи_в_районе] - На странице 2 нет данных в ожидаемом формате
2025-10-30 21:58:49,210 - WARNING - [получить_музеи_в_районе] - На странице 3 нет данных в ожидаемом формате
2025-10-30 21:58:50,085 - WARNING - [получить_музеи_в_районе] - На странице 4 нет данных в ожидаемом формате
2025-10-30 21:58:51,091 - WARNING - [получить_музеи_в_районе] - На странице 5 нет данных в ожидаемом формате
2025-10-30 21:58:51,092 - INFO - [получить_музеи_в_районе] - Завершение сбора для района Очаково-Матвеевское. Найдено музеев: 1
2025-10-30 21:58:51,093 - INFO - [<cell line: 0>] - Район 'Очаково-Матвеевское' завершен. Музеев: 1
2025-10-30 21:58:52,095 - INFO - [<cell line: 0>] - [81/132] Обработка района: Перово
2025-10-30 21:58:52,096 - INFO - [получить_музеи_в_районе] - Начало сбора музеев для района: Перово (ID: 4504209512726581)
2025-10-30 21:58:52,481 - INFO - [получить_музеи_в_районе] - Загружено 4 музеев со страницы 1
2025-10-30 21:58:53,364 - WARNING - [получить_музеи_в_районе] - На странице 2 нет данных в ожидаемом формате
2025-10-30 21:58:54,241 - WARNING - [получить_музеи_в_районе] - На странице 3 нет данных в ожидаемом формате
2025-10-30 21:58:55,135 - WARNING - [получить_музеи_в_районе] - На странице 4 нет данных в ожидаемом формате
2025-10-30 21:58:56,013 - WARNING - [получить_музеи_в_районе] - На странице 5 нет данных в ожидаемом формате
2025-10-30 21:58:56,014 - INFO - [получить_музеи_в_районе] - Завершение сбора для района Перово. Найдено музеев: 4
2025-10-30 21:58:56,016 - INFO - [<cell line: 0>] - Район 'Перово' завершен. Музеев: 4
2025-10-30 21:58:57,017 - INFO - [<cell line: 0>] - [82/132] Обработка района: Печатники
2025-10-30 21:58:57,018 - INFO - [получить_музеи_в_районе] - Начало сбора музеев для района: Печатники (ID: 4504209512726593)
2025-10-30 21:58:57,396 - INFO - [получить_музеи_в_районе] - Загружено 1 музеев со страницы 1
2025-10-30 21:58:58,292 - WARNING - [получить_музеи_в_районе] - На странице 2 нет данных в ожидаемом формате
2025-10-30 21:58:59,178 - WARNING - [получить_музеи_в_районе] - На странице 3 нет данных в ожидаемом формате
2025-10-30 21:59:00,061 - WARNING - [получить_музеи_в_районе] - На странице 4 нет данных в ожидаемом формате
2025-10-30 21:59:00,955 - WARNING - [получить_музеи_в_районе] - На странице 5 нет данных в ожидаемом формате
2025-10-30 21:59:00,956 - INFO - [получить_музеи_в_районе] - Завершение сбора для района Печатники. Найдено музеев: 1
2025-10-30 21:59:00,958 - INFO - [<cell line: 0>] - Район 'Печатники' завершен. Музеев: 1
2025-10-30 21:59:01,959 - INFO - [<cell line: 0>] - [83/132] Обработка района: Покровское-Стрешнево
2025-10-30 21:59:01,959 - INFO - [получить_музеи_в_районе] - Начало сбора музеев для района: Покровское-Стрешнево (ID: 4504209512726650)
2025-10-30 21:59:02,373 - INFO - [получить_музеи_в_районе] - Загружено 3 музеев со страницы 1
2025-10-30 21:59:03,252 - WARNING - [получить_музеи_в_районе] - На странице 2 нет данных в ожидаемом формате
2025-10-30 21:59:04,126 - WARNING - [получить_музеи_в_районе] - На странице 3 нет данных в ожидаемом формате
2025-10-30 21:59:05,004 - WARNING - [получить_музеи_в_районе] - На странице 4 нет данных в ожидаемом формате
2025-10-30 21:59:05,886 - WARNING - [получить_музеи_в_районе] - На странице 5 нет данных в ожидаемом формате
2025-10-30 21:59:05,887 - INFO - [получить_музеи_в_районе] - Завершение сбора для района Покровское-Стрешнево. Найдено музеев: 3
2025-10-30 21:59:05,889 - INFO - [<cell line: 0>] - Район 'Покровское-Стрешнево' завершен. Музеев: 3
2025-10-30 21:59:06,890 - INFO - [<cell line: 0>] - [84/132] Обработка района: Преображенское
2025-10-30 21:59:06,891 - INFO - [получить_музеи_в_районе] - Начало сбора музеев для района: Преображенское (ID: 4504209512726584)
2025-10-30 21:59:07,276 - INFO - [получить_музеи_в_районе] - Загружено 5 музеев со страницы 1
2025-10-30 21:59:08,168 - WARNING - [получить_музеи_в_районе] - На странице 2 нет данных в ожидаемом формате
2025-10-30 21:59:09,049 - WARNING - [получить_музеи_в_районе] - На странице 3 нет данных в ожидаемом формате
2025-10-30 21:59:09,949 - WARNING - [получить_музеи_в_районе] - На странице 4 нет данных в ожидаемом формате
2025-10-30 21:59:10,850 - WARNING - [получить_музеи_в_районе] - На странице 5 нет данных в ожидаемом формате
2025-10-30 21:59:10,850 - INFO - [получить_музеи_в_районе] - Завершение сбора для района Преображенское. Найдено музеев: 5
2025-10-30 21:59:10,853 - INFO - [<cell line: 0>] - Район 'Преображенское' завершен. Музеев: 5
2025-10-30 21:59:11,854 - INFO - [<cell line: 0>] - [85/132] Обработка района: Пресненский
2025-10-30 21:59:11,855 - INFO - [получить_музеи_в_районе] - Начало сбора музеев для района: Пресненский (ID: 4504209512726539)
2025-10-30 21:59:12,274 - INFO - [получить_музеи_в_районе] - Загружено 10 музеев со страницы 1
2025-10-30 21:59:13,180 - INFO - [получить_музеи_в_районе] - Загружено 10 музеев со страницы 2
2025-10-30 21:59:14,095 - INFO - [получить_музеи_в_районе] - Загружено 10 музеев со страницы 3
2025-10-30 21:59:14,996 - INFO - [получить_музеи_в_районе] - Загружено 10 музеев со страницы 4
2025-10-30 21:59:15,982 - INFO - [получить_музеи_в_районе] - Загружено 2 музеев со страницы 5
2025-10-30 21:59:15,983 - INFO - [получить_музеи_в_районе] - Завершение сбора для района Пресненский. Найдено музеев: 42
2025-10-30 21:59:15,985 - INFO - [<cell line: 0>] - Район 'Пресненский' завершен. Музеев: 42
2025-10-30 21:59:16,987 - INFO - [<cell line: 0>] - [86/132] Обработка района: Проспект Вернадского
2025-10-30 21:59:16,988 - INFO - [получить_музеи_в_районе] - Начало сбора музеев для района: Проспект Вернадского (ID: 4504209512726631)
2025-10-30 21:59:17,377 - INFO - [получить_музеи_в_районе] - Загружено 1 музеев со страницы 1
2025-10-30 21:59:18,264 - WARNING - [получить_музеи_в_районе] - На странице 2 нет данных в ожидаемом формате
2025-10-30 21:59:19,152 - WARNING - [получить_музеи_в_районе] - На странице 3 нет данных в ожидаемом формате
2025-10-30 21:59:20,029 - WARNING - [получить_музеи_в_районе] - На странице 4 нет данных в ожидаемом формате
2025-10-30 21:59:20,999 - WARNING - [получить_музеи_в_районе] - На странице 5 нет данных в ожидаемом формате
2025-10-30 21:59:21,000 - INFO - [получить_музеи_в_районе] - Завершение сбора для района Проспект Вернадского. Найдено музеев: 1
2025-10-30 21:59:21,002 - INFO - [<cell line: 0>] - Район 'Проспект Вернадского' завершен. Музеев: 1
2025-10-30 21:59:22,003 - INFO - [<cell line: 0>] - [87/132] Обработка района: Раменки
2025-10-30 21:59:22,004 - INFO - [получить_музеи_в_районе] - Начало сбора музеев для района: Раменки (ID: 4504209512726639)
2025-10-30 21:59:22,392 - INFO - [получить_музеи_в_районе] - Загружено 6 музеев со страницы 1
2025-10-30 21:59:23,273 - WARNING - [получить_музеи_в_районе] - На странице 2 нет данных в ожидаемом формате
2025-10-30 21:59:24,146 - WARNING - [получить_музеи_в_районе] - На странице 3 нет данных в ожидаемом формате
2025-10-30 21:59:25,022 - WARNING - [получить_музеи_в_районе] - На странице 4 нет данных в ожидаемом формате
2025-10-30 21:59:25,907 - WARNING - [получить_музеи_в_районе] - На странице 5 нет данных в ожидаемом формате
2025-10-30 21:59:25,907 - INFO - [получить_музеи_в_районе] - Завершение сбора для района Раменки. Найдено музеев: 6
2025-10-30 21:59:25,910 - INFO - [<cell line: 0>] - Район 'Раменки' завершен. Музеев: 6
2025-10-30 21:59:26,911 - INFO - [<cell line: 0>] - [88/132] Обработка района: Ростокино
2025-10-30 21:59:26,912 - INFO - [получить_музеи_в_районе] - Начало сбора музеев для района: Ростокино (ID: 4504209512726558)
2025-10-30 21:59:27,293 - INFO - [получить_музеи_в_районе] - Загружено 3 музеев со страницы 1
2025-10-30 21:59:28,169 - WARNING - [получить_музеи_в_районе] - На странице 2 нет данных в ожидаемом формате
2025-10-30 21:59:29,055 - WARNING - [получить_музеи_в_районе] - На странице 3 нет данных в ожидаемом формате
2025-10-30 21:59:29,934 - WARNING - [получить_музеи_в_районе] - На странице 4 нет данных в ожидаемом формате
2025-10-30 21:59:30,875 - WARNING - [получить_музеи_в_районе] - На странице 5 нет данных в ожидаемом формате
2025-10-30 21:59:30,875 - INFO - [получить_музеи_в_районе] - Завершение сбора для района Ростокино. Найдено музеев: 3
2025-10-30 21:59:30,878 - INFO - [<cell line: 0>] - Район 'Ростокино' завершен. Музеев: 3
2025-10-30 21:59:31,879 - INFO - [<cell line: 0>] - [89/132] Обработка района: Рязанский
2025-10-30 21:59:31,880 - INFO - [получить_музеи_в_районе] - Начало сбора музеев для района: Рязанский (ID: 4504209512726595)
2025-10-30 21:59:32,258 - INFO - [получить_музеи_в_районе] - Загружено 1 музеев со страницы 1
2025-10-30 21:59:33,147 - WARNING - [получить_музеи_в_районе] - На странице 2 нет данных в ожидаемом формате
2025-10-30 21:59:34,021 - WARNING - [получить_музеи_в_районе] - На странице 3 нет данных в ожидаемом формате
2025-10-30 21:59:34,901 - WARNING - [получить_музеи_в_районе] - На странице 4 нет данных в ожидаемом формате
2025-10-30 21:59:35,781 - WARNING - [получить_музеи_в_районе] - На странице 5 нет данных в ожидаемом формате
2025-10-30 21:59:35,782 - INFO - [получить_музеи_в_районе] - Завершение сбора для района Рязанский. Найдено музеев: 1
2025-10-30 21:59:35,784 - INFO - [<cell line: 0>] - Район 'Рязанский' завершен. Музеев: 1
2025-10-30 21:59:36,786 - INFO - [<cell line: 0>] - [90/132] Обработка района: Савёлки
2025-10-30 21:59:36,787 - INFO - [получить_музеи_в_районе] - Начало сбора музеев для района: Савёлки (ID: 4504209512726658)
2025-10-30 21:59:37,170 - INFO - [получить_музеи_в_районе] - Загружено 1 музеев со страницы 1
2025-10-30 21:59:38,049 - WARNING - [получить_музеи_в_районе] - На странице 2 нет данных в ожидаемом формате
2025-10-30 21:59:38,943 - WARNING - [получить_музеи_в_районе] - На странице 3 нет данных в ожидаемом формате
2025-10-30 21:59:39,825 - WARNING - [получить_музеи_в_районе] - На странице 4 нет данных в ожидаемом формате
2025-10-30 21:59:40,713 - WARNING - [получить_музеи_в_районе] - На странице 5 нет данных в ожидаемом формате
2025-10-30 21:59:40,714 - INFO - [получить_музеи_в_районе] - Завершение сбора для района Савёлки. Найдено музеев: 1
2025-10-30 21:59:40,716 - INFO - [<cell line: 0>] - Район 'Савёлки' завершен. Музеев: 1
2025-10-30 21:59:41,717 - INFO - [<cell line: 0>] - [91/132] Обработка района: Савёловский
2025-10-30 21:59:41,718 - INFO - [получить_музеи_в_районе] - Начало сбора музеев для района: Савёловский (ID: 4504209512726548)
2025-10-30 21:59:42,105 - INFO - [получить_музеи_в_районе] - Загружено 1 музеев со страницы 1
2025-10-30 21:59:42,999 - WARNING - [получить_музеи_в_районе] - На странице 2 нет данных в ожидаемом формате
2025-10-30 21:59:43,883 - WARNING - [получить_музеи_в_районе] - На странице 3 нет данных в ожидаемом формате
2025-10-30 21:59:44,762 - WARNING - [получить_музеи_в_районе] - На странице 4 нет данных в ожидаемом формате
2025-10-30 21:59:45,759 - WARNING - [получить_музеи_в_районе] - На странице 5 нет данных в ожидаемом формате
2025-10-30 21:59:45,759 - INFO - [получить_музеи_в_районе] - Завершение сбора для района Савёловский. Найдено музеев: 1
2025-10-30 21:59:45,761 - INFO - [<cell line: 0>] - Район 'Савёловский' завершен. Музеев: 1
2025-10-30 21:59:46,762 - INFO - [<cell line: 0>] - [92/132] Обработка района: Свиблово
2025-10-30 21:59:46,763 - INFO - [получить_музеи_в_районе] - Начало сбора музеев для района: Свиблово (ID: 4504209512726563)
2025-10-30 21:59:47,148 - INFO - [получить_музеи_в_районе] - Загружено 2 музеев со страницы 1
2025-10-30 21:59:48,027 - WARNING - [получить_музеи_в_районе] - На странице 2 нет данных в ожидаемом формате
2025-10-30 21:59:48,915 - WARNING - [получить_музеи_в_районе] - На странице 3 нет данных в ожидаемом формате
2025-10-30 21:59:49,790 - WARNING - [получить_музеи_в_районе] - На странице 4 нет данных в ожидаемом формате
2025-10-30 21:59:50,771 - WARNING - [получить_музеи_в_районе] - На странице 5 нет данных в ожидаемом формате
2025-10-30 21:59:50,772 - INFO - [получить_музеи_в_районе] - Завершение сбора для района Свиблово. Найдено музеев: 2
2025-10-30 21:59:50,774 - INFO - [<cell line: 0>] - Район 'Свиблово' завершен. Музеев: 2
2025-10-30 21:59:51,776 - INFO - [<cell line: 0>] - [93/132] Обработка района: Северное Бутово
2025-10-30 21:59:51,777 - INFO - [получить_музеи_в_районе] - Начало сбора музеев для района: Северное Бутово (ID: 4504209512726618)
2025-10-30 21:59:52,160 - INFO - [получить_музеи_в_районе] - Загружено 1 музеев со страницы 1
2025-10-30 21:59:54,099 - WARNING - [получить_музеи_в_районе] - На странице 2 нет данных в ожидаемом формате
2025-10-30 21:59:54,980 - WARNING - [получить_музеи_в_районе] - На странице 3 нет данных в ожидаемом формате
2025-10-30 21:59:55,874 - WARNING - [получить_музеи_в_районе] - На странице 4 нет данных в ожидаемом формате
2025-10-30 21:59:56,748 - WARNING - [получить_музеи_в_районе] - На странице 5 нет данных в ожидаемом формате
2025-10-30 21:59:56,749 - INFO - [получить_музеи_в_районе] - Завершение сбора для района Северное Бутово. Найдено музеев: 1
2025-10-30 21:59:56,751 - INFO - [<cell line: 0>] - Район 'Северное Бутово' завершен. Музеев: 1
2025-10-30 21:59:57,752 - INFO - [<cell line: 0>] - [94/132] Обработка района: Северное Измайлово
2025-10-30 21:59:57,752 - INFO - [получить_музеи_в_районе] - Начало сбора музеев для района: Северное Измайлово (ID: 4504209512726583)
2025-10-30 21:59:58,131 - INFO - [получить_музеи_в_районе] - Загружено 1 музеев со страницы 1
2025-10-30 21:59:59,027 - WARNING - [получить_музеи_в_районе] - На странице 2 нет данных в ожидаемом формате
2025-10-30 21:59:59,900 - WARNING - [получить_музеи_в_районе] - На странице 3 нет данных в ожидаемом формате
2025-10-30 22:00:00,780 - WARNING - [получить_музеи_в_районе] - На странице 4 нет данных в ожидаемом формате
2025-10-30 22:00:01,658 - WARNING - [получить_музеи_в_районе] - На странице 5 нет данных в ожидаемом формате
2025-10-30 22:00:01,659 - INFO - [получить_музеи_в_районе] - Завершение сбора для района Северное Измайлово. Найдено музеев: 1
2025-10-30 22:00:01,661 - INFO - [<cell line: 0>] - Район 'Северное Измайлово' завершен. Музеев: 1
2025-10-30 22:00:02,662 - INFO - [<cell line: 0>] - [95/132] Обработка района: Северное Медведково
2025-10-30 22:00:02,664 - INFO - [получить_музеи_в_районе] - Начало сбора музеев для района: Северное Медведково (ID: 4504209512726566)
2025-10-30 22:00:03,040 - WARNING - [получить_музеи_в_районе] - На странице 1 нет данных в ожидаемом формате
2025-10-30 22:00:03,918 - WARNING - [получить_музеи_в_районе] - На странице 2 нет данных в ожидаемом формате
2025-10-30 22:00:04,810 - WARNING - [получить_музеи_в_районе] - На странице 3 нет данных в ожидаемом формате
2025-10-30 22:00:05,697 - WARNING - [получить_музеи_в_районе] - На странице 4 нет данных в ожидаемом формате
2025-10-30 22:00:06,576 - WARNING - [получить_музеи_в_районе] - На странице 5 нет данных в ожидаемом формате
2025-10-30 22:00:06,577 - INFO - [получить_музеи_в_районе] - Завершение сбора для района Северное Медведково. Найдено музеев: 0
2025-10-30 22:00:06,579 - INFO - [<cell line: 0>] - Район 'Северное Медведково' завершен. Музеев: 0
2025-10-30 22:00:07,580 - INFO - [<cell line: 0>] - [96/132] Обработка района: Северное Тушино
2025-10-30 22:00:07,581 - INFO - [получить_музеи_в_районе] - Начало сбора музеев для района: Северное Тушино (ID: 4504209512726646)
2025-10-30 22:00:07,970 - INFO - [получить_музеи_в_районе] - Загружено 1 музеев со страницы 1
2025-10-30 22:00:08,855 - WARNING - [получить_музеи_в_районе] - На странице 2 нет данных в ожидаемом формате
2025-10-30 22:00:09,731 - WARNING - [получить_музеи_в_районе] - На странице 3 нет данных в ожидаемом формате
2025-10-30 22:00:10,608 - WARNING - [получить_музеи_в_районе] - На странице 4 нет данных в ожидаемом формате
2025-10-30 22:00:11,484 - WARNING - [получить_музеи_в_районе] - На странице 5 нет данных в ожидаемом формате
2025-10-30 22:00:11,485 - INFO - [получить_музеи_в_районе] - Завершение сбора для района Северное Тушино. Найдено музеев: 1
2025-10-30 22:00:11,486 - INFO - [<cell line: 0>] - Район 'Северное Тушино' завершен. Музеев: 1
2025-10-30 22:00:12,490 - INFO - [<cell line: 0>] - [97/132] Обработка района: Северный
2025-10-30 22:00:12,491 - INFO - [получить_музеи_в_районе] - Начало сбора музеев для района: Северный (ID: 4504209512726573)
2025-10-30 22:00:12,881 - WARNING - [получить_музеи_в_районе] - На странице 1 нет данных в ожидаемом формате
2025-10-30 22:00:13,769 - WARNING - [получить_музеи_в_районе] - На странице 2 нет данных в ожидаемом формате
2025-10-30 22:00:14,659 - WARNING - [получить_музеи_в_районе] - На странице 3 нет данных в ожидаемом формате
2025-10-30 22:00:15,618 - WARNING - [получить_музеи_в_районе] - На странице 4 нет данных в ожидаемом формате
2025-10-30 22:00:16,509 - WARNING - [получить_музеи_в_районе] - На странице 5 нет данных в ожидаемом формате
2025-10-30 22:00:16,510 - INFO - [получить_музеи_в_районе] - Завершение сбора для района Северный. Найдено музеев: 0
2025-10-30 22:00:16,512 - INFO - [<cell line: 0>] - Район 'Северный' завершен. Музеев: 0
2025-10-30 22:00:17,513 - INFO - [<cell line: 0>] - [98/132] Обработка района: Силино
2025-10-30 22:00:17,514 - INFO - [получить_музеи_в_районе] - Начало сбора музеев для района: Силино (ID: 4504209512726656)
2025-10-30 22:00:17,909 - WARNING - [получить_музеи_в_районе] - На странице 1 нет данных в ожидаемом формате
2025-10-30 22:00:18,782 - WARNING - [получить_музеи_в_районе] - На странице 2 нет данных в ожидаемом формате
2025-10-30 22:00:19,679 - WARNING - [получить_музеи_в_районе] - На странице 3 нет данных в ожидаемом формате
2025-10-30 22:00:20,676 - WARNING - [получить_музеи_в_районе] - На странице 4 нет данных в ожидаемом формате
2025-10-30 22:00:21,549 - WARNING - [получить_музеи_в_районе] - На странице 5 нет данных в ожидаемом формате
2025-10-30 22:00:21,550 - INFO - [получить_музеи_в_районе] - Завершение сбора для района Силино. Найдено музеев: 0
2025-10-30 22:00:21,553 - INFO - [<cell line: 0>] - Район 'Силино' завершен. Музеев: 0
2025-10-30 22:00:22,555 - INFO - [<cell line: 0>] - [99/132] Обработка района: Сокол
2025-10-30 22:00:22,556 - INFO - [получить_музеи_в_районе] - Начало сбора музеев для района: Сокол (ID: 4504209512726552)
2025-10-30 22:00:22,937 - INFO - [получить_музеи_в_районе] - Загружено 2 музеев со страницы 1
2025-10-30 22:00:23,812 - WARNING - [получить_музеи_в_районе] - На странице 2 нет данных в ожидаемом формате
2025-10-30 22:00:24,703 - WARNING - [получить_музеи_в_районе] - На странице 3 нет данных в ожидаемом формате
2025-10-30 22:00:25,593 - WARNING - [получить_музеи_в_районе] - На странице 4 нет данных в ожидаемом формате
2025-10-30 22:00:26,472 - WARNING - [получить_музеи_в_районе] - На странице 5 нет данных в ожидаемом формате
2025-10-30 22:00:26,473 - INFO - [получить_музеи_в_районе] - Завершение сбора для района Сокол. Найдено музеев: 2
2025-10-30 22:00:26,474 - INFO - [<cell line: 0>] - Район 'Сокол' завершен. Музеев: 2
2025-10-30 22:00:27,476 - INFO - [<cell line: 0>] - [100/132] Обработка района: Соколиная Гора
2025-10-30 22:00:27,477 - INFO - [получить_музеи_в_районе] - Начало сбора музеев для района: Соколиная Гора (ID: 4504209512726585)
2025-10-30 22:00:27,862 - INFO - [получить_музеи_в_районе] - Загружено 3 музеев со страницы 1
2025-10-30 22:00:28,751 - WARNING - [получить_музеи_в_районе] - На странице 2 нет данных в ожидаемом формате
2025-10-30 22:00:29,637 - WARNING - [получить_музеи_в_районе] - На странице 3 нет данных в ожидаемом формате
2025-10-30 22:00:30,516 - WARNING - [получить_музеи_в_районе] - На странице 4 нет данных в ожидаемом формате
2025-10-30 22:00:31,413 - WARNING - [получить_музеи_в_районе] - На странице 5 нет данных в ожидаемом формате
2025-10-30 22:00:31,414 - INFO - [получить_музеи_в_районе] - Завершение сбора для района Соколиная Гора. Найдено музеев: 3
2025-10-30 22:00:31,415 - INFO - [<cell line: 0>] - Район 'Соколиная Гора' завершен. Музеев: 3
2025-10-30 22:00:32,418 - INFO - [<cell line: 0>] - [101/132] Обработка района: Сокольники
2025-10-30 22:00:32,419 - INFO - [получить_музеи_в_районе] - Начало сбора музеев для района: Сокольники (ID: 4504209512726582)
2025-10-30 22:00:32,812 - INFO - [получить_музеи_в_районе] - Загружено 8 музеев со страницы 1
2025-10-30 22:00:33,693 - WARNING - [получить_музеи_в_районе] - На странице 2 нет данных в ожидаемом формате
2025-10-30 22:00:34,570 - WARNING - [получить_музеи_в_районе] - На странице 3 нет данных в ожидаемом формате
2025-10-30 22:00:35,465 - WARNING - [получить_музеи_в_районе] - На странице 4 нет данных в ожидаемом формате
2025-10-30 22:00:36,341 - WARNING - [получить_музеи_в_районе] - На странице 5 нет данных в ожидаемом формате
2025-10-30 22:00:36,342 - INFO - [получить_музеи_в_районе] - Завершение сбора для района Сокольники. Найдено музеев: 8
2025-10-30 22:00:36,344 - INFO - [<cell line: 0>] - Район 'Сокольники' завершен. Музеев: 8
2025-10-30 22:00:37,345 - INFO - [<cell line: 0>] - [102/132] Обработка района: Солнцево
2025-10-30 22:00:37,346 - INFO - [получить_музеи_в_районе] - Начало сбора музеев для района: Солнцево (ID: 4504209512726640)
2025-10-30 22:00:37,726 - INFO - [получить_музеи_в_районе] - Загружено 3 музеев со страницы 1
2025-10-30 22:00:38,599 - WARNING - [получить_музеи_в_районе] - На странице 2 нет данных в ожидаемом формате
2025-10-30 22:00:39,476 - WARNING - [получить_музеи_в_районе] - На странице 3 нет данных в ожидаемом формате
2025-10-30 22:00:40,354 - WARNING - [получить_музеи_в_районе] - На странице 4 нет данных в ожидаемом формате
2025-10-30 22:00:41,238 - WARNING - [получить_музеи_в_районе] - На странице 5 нет данных в ожидаемом формате
2025-10-30 22:00:41,239 - INFO - [получить_музеи_в_районе] - Завершение сбора для района Солнцево. Найдено музеев: 3
2025-10-30 22:00:41,240 - INFO - [<cell line: 0>] - Район 'Солнцево' завершен. Музеев: 3
2025-10-30 22:00:42,243 - INFO - [<cell line: 0>] - [103/132] Обработка района: Старое Крюково
2025-10-30 22:00:42,244 - INFO - [получить_музеи_в_районе] - Начало сбора музеев для района: Старое Крюково (ID: 4504209512726655)
2025-10-30 22:00:42,623 - INFO - [получить_музеи_в_районе] - Загружено 1 музеев со страницы 1
2025-10-30 22:00:43,502 - WARNING - [получить_музеи_в_районе] - На странице 2 нет данных в ожидаемом формате
2025-10-30 22:00:44,380 - WARNING - [получить_музеи_в_районе] - На странице 3 нет данных в ожидаемом формате
2025-10-30 22:00:45,260 - WARNING - [получить_музеи_в_районе] - На странице 4 нет данных в ожидаемом формате
2025-10-30 22:00:46,273 - WARNING - [получить_музеи_в_районе] - На странице 5 нет данных в ожидаемом формате
2025-10-30 22:00:46,274 - INFO - [получить_музеи_в_районе] - Завершение сбора для района Старое Крюково. Найдено музеев: 1
2025-10-30 22:00:46,276 - INFO - [<cell line: 0>] - Район 'Старое Крюково' завершен. Музеев: 1
2025-10-30 22:00:47,277 - INFO - [<cell line: 0>] - [104/132] Обработка района: Строгино
2025-10-30 22:00:47,278 - INFO - [получить_музеи_в_районе] - Начало сбора музеев для района: Строгино (ID: 4504209512726644)
2025-10-30 22:00:47,657 - WARNING - [получить_музеи_в_районе] - На странице 1 нет данных в ожидаемом формате
2025-10-30 22:00:48,539 - WARNING - [получить_музеи_в_районе] - На странице 2 нет данных в ожидаемом формате
2025-10-30 22:00:49,429 - WARNING - [получить_музеи_в_районе] - На странице 3 нет данных в ожидаемом формате
2025-10-30 22:00:50,312 - WARNING - [получить_музеи_в_районе] - На странице 4 нет данных в ожидаемом формате
2025-10-30 22:00:51,315 - WARNING - [получить_музеи_в_районе] - На странице 5 нет данных в ожидаемом формате
2025-10-30 22:00:51,316 - INFO - [получить_музеи_в_районе] - Завершение сбора для района Строгино. Найдено музеев: 0
2025-10-30 22:00:51,318 - INFO - [<cell line: 0>] - Район 'Строгино' завершен. Музеев: 0
2025-10-30 22:00:52,319 - INFO - [<cell line: 0>] - [105/132] Обработка района: Таганский
2025-10-30 22:00:52,320 - INFO - [получить_музеи_в_районе] - Начало сбора музеев для района: Таганский (ID: 4504209512726538)
2025-10-30 22:00:52,726 - INFO - [получить_музеи_в_районе] - Загружено 10 музеев со страницы 1
2025-10-30 22:00:53,618 - INFO - [получить_музеи_в_районе] - Загружено 8 музеев со страницы 2
2025-10-30 22:00:54,516 - WARNING - [получить_музеи_в_районе] - На странице 3 нет данных в ожидаемом формате
2025-10-30 22:00:55,402 - WARNING - [получить_музеи_в_районе] - На странице 4 нет данных в ожидаемом формате
2025-10-30 22:00:56,277 - WARNING - [получить_музеи_в_районе] - На странице 5 нет данных в ожидаемом формате
2025-10-30 22:00:56,277 - INFO - [получить_музеи_в_районе] - Завершение сбора для района Таганский. Найдено музеев: 18
2025-10-30 22:00:56,280 - INFO - [<cell line: 0>] - Район 'Таганский' завершен. Музеев: 18
2025-10-30 22:00:57,281 - INFO - [<cell line: 0>] - [106/132] Обработка района: Тверской
2025-10-30 22:00:57,282 - INFO - [получить_музеи_в_районе] - Начало сбора музеев для района: Тверской (ID: 4504209512726536)
2025-10-30 22:00:57,696 - INFO - [получить_музеи_в_районе] - Загружено 10 музеев со страницы 1
2025-10-30 22:00:58,589 - INFO - [получить_музеи_в_районе] - Загружено 10 музеев со страницы 2
2025-10-30 22:00:59,481 - INFO - [получить_музеи_в_районе] - Загружено 10 музеев со страницы 3
2025-10-30 22:01:00,436 - INFO - [получить_музеи_в_районе] - Загружено 10 музеев со страницы 4
2025-10-30 22:01:01,333 - INFO - [получить_музеи_в_районе] - Загружено 10 музеев со страницы 5
2025-10-30 22:01:01,334 - INFO - [получить_музеи_в_районе] - Завершение сбора для района Тверской. Найдено музеев: 50
2025-10-30 22:01:01,336 - INFO - [<cell line: 0>] - Район 'Тверской' завершен. Музеев: 50
2025-10-30 22:01:02,337 - INFO - [<cell line: 0>] - [107/132] Обработка района: Текстильщики
2025-10-30 22:01:02,338 - INFO - [получить_музеи_в_районе] - Начало сбора музеев для района: Текстильщики (ID: 4504209512726594)
2025-10-30 22:01:02,728 - WARNING - [получить_музеи_в_районе] - На странице 1 нет данных в ожидаемом формате
2025-10-30 22:01:03,610 - WARNING - [получить_музеи_в_районе] - На странице 2 нет данных в ожидаемом формате
2025-10-30 22:01:04,493 - WARNING - [получить_музеи_в_районе] - На странице 3 нет данных в ожидаемом формате
2025-10-30 22:01:05,392 - WARNING - [получить_музеи_в_районе] - На странице 4 нет данных в ожидаемом формате
2025-10-30 22:01:06,270 - WARNING - [получить_музеи_в_районе] - На странице 5 нет данных в ожидаемом формате
2025-10-30 22:01:06,271 - INFO - [получить_музеи_в_районе] - Завершение сбора для района Текстильщики. Найдено музеев: 0
2025-10-30 22:01:06,272 - INFO - [<cell line: 0>] - Район 'Текстильщики' завершен. Музеев: 0
2025-10-30 22:01:07,273 - INFO - [<cell line: 0>] - [108/132] Обработка района: Тёплый Стан
2025-10-30 22:01:07,274 - INFO - [получить_музеи_в_районе] - Начало сбора музеев для района: Тёплый Стан (ID: 4504209512726621)
2025-10-30 22:01:07,676 - INFO - [получить_музеи_в_районе] - Загружено 3 музеев со страницы 1
2025-10-30 22:01:08,550 - WARNING - [получить_музеи_в_районе] - На странице 2 нет данных в ожидаемом формате
2025-10-30 22:01:09,428 - WARNING - [получить_музеи_в_районе] - На странице 3 нет данных в ожидаемом формате
2025-10-30 22:01:10,319 - WARNING - [получить_музеи_в_районе] - На странице 4 нет данных в ожидаемом формате
2025-10-30 22:01:11,199 - WARNING - [получить_музеи_в_районе] - На странице 5 нет данных в ожидаемом формате
2025-10-30 22:01:11,200 - INFO - [получить_музеи_в_районе] - Завершение сбора для района Тёплый Стан. Найдено музеев: 3
2025-10-30 22:01:11,202 - INFO - [<cell line: 0>] - Район 'Тёплый Стан' завершен. Музеев: 3
2025-10-30 22:01:12,203 - INFO - [<cell line: 0>] - [109/132] Обработка района: Тимирязевский
2025-10-30 22:01:12,204 - INFO - [получить_музеи_в_районе] - Начало сбора музеев для района: Тимирязевский (ID: 4504209512726547)
2025-10-30 22:01:12,590 - INFO - [получить_музеи_в_районе] - Загружено 6 музеев со страницы 1
2025-10-30 22:01:13,472 - WARNING - [получить_музеи_в_районе] - На странице 2 нет данных в ожидаемом формате
2025-10-30 22:01:14,348 - WARNING - [получить_музеи_в_районе] - На странице 3 нет данных в ожидаемом формате
2025-10-30 22:01:15,227 - WARNING - [получить_музеи_в_районе] - На странице 4 нет данных в ожидаемом формате
2025-10-30 22:01:16,223 - WARNING - [получить_музеи_в_районе] - На странице 5 нет данных в ожидаемом формате
2025-10-30 22:01:16,224 - INFO - [получить_музеи_в_районе] - Завершение сбора для района Тимирязевский. Найдено музеев: 6
2025-10-30 22:01:16,226 - INFO - [<cell line: 0>] - Район 'Тимирязевский' завершен. Музеев: 6
2025-10-30 22:01:17,229 - INFO - [<cell line: 0>] - [110/132] Обработка района: Троицк
2025-10-30 22:01:17,230 - INFO - [получить_музеи_в_районе] - Начало сбора музеев для района: Троицк (ID: 4504209520933741)
2025-10-30 22:01:17,613 - INFO - [получить_музеи_в_районе] - Загружено 3 музеев со страницы 1
2025-10-30 22:01:18,491 - WARNING - [получить_музеи_в_районе] - На странице 2 нет данных в ожидаемом формате
2025-10-30 22:01:19,379 - WARNING - [получить_музеи_в_районе] - На странице 3 нет данных в ожидаемом формате
2025-10-30 22:01:20,252 - WARNING - [получить_музеи_в_районе] - На странице 4 нет данных в ожидаемом формате
2025-10-30 22:01:21,266 - WARNING - [получить_музеи_в_районе] - На странице 5 нет данных в ожидаемом формате
2025-10-30 22:01:21,267 - INFO - [получить_музеи_в_районе] - Завершение сбора для района Троицк. Найдено музеев: 3
2025-10-30 22:01:21,270 - INFO - [<cell line: 0>] - Район 'Троицк' завершен. Музеев: 3
2025-10-30 22:01:22,271 - INFO - [<cell line: 0>] - [111/132] Обработка района: Тропарёво-Никулино
2025-10-30 22:01:22,272 - INFO - [получить_музеи_в_районе] - Начало сбора музеев для района: Тропарёво-Никулино (ID: 4504209512726630)
2025-10-30 22:01:22,649 - INFO - [получить_музеи_в_районе] - Загружено 2 музеев со страницы 1
2025-10-30 22:01:23,530 - WARNING - [получить_музеи_в_районе] - На странице 2 нет данных в ожидаемом формате
2025-10-30 22:01:24,444 - WARNING - [получить_музеи_в_районе] - На странице 3 нет данных в ожидаемом формате
2025-10-30 22:01:25,317 - WARNING - [получить_музеи_в_районе] - На странице 4 нет данных в ожидаемом формате
2025-10-30 22:01:26,193 - WARNING - [получить_музеи_в_районе] - На странице 5 нет данных в ожидаемом формате
2025-10-30 22:01:26,194 - INFO - [получить_музеи_в_районе] - Завершение сбора для района Тропарёво-Никулино. Найдено музеев: 2
2025-10-30 22:01:26,196 - INFO - [<cell line: 0>] - Район 'Тропарёво-Никулино' завершен. Музеев: 2
2025-10-30 22:01:27,198 - INFO - [<cell line: 0>] - [112/132] Обработка района: Филёвский Парк
2025-10-30 22:01:27,199 - INFO - [получить_музеи_в_районе] - Начало сбора музеев для района: Филёвский Парк (ID: 4504209512726636)
2025-10-30 22:01:27,589 - INFO - [получить_музеи_в_районе] - Загружено 2 музеев со страницы 1
2025-10-30 22:01:28,471 - WARNING - [получить_музеи_в_районе] - На странице 2 нет данных в ожидаемом формате
2025-10-30 22:01:29,348 - WARNING - [получить_музеи_в_районе] - На странице 3 нет данных в ожидаемом формате
2025-10-30 22:01:30,235 - WARNING - [получить_музеи_в_районе] - На странице 4 нет данных в ожидаемом формате
2025-10-30 22:01:31,123 - WARNING - [получить_музеи_в_районе] - На странице 5 нет данных в ожидаемом формате
2025-10-30 22:01:31,124 - INFO - [получить_музеи_в_районе] - Завершение сбора для района Филёвский Парк. Найдено музеев: 2
2025-10-30 22:01:31,125 - INFO - [<cell line: 0>] - Район 'Филёвский Парк' завершен. Музеев: 2
2025-10-30 22:01:32,126 - INFO - [<cell line: 0>] - [113/132] Обработка района: Фили-Давыдково
2025-10-30 22:01:32,127 - INFO - [получить_музеи_в_районе] - Начало сбора музеев для района: Фили-Давыдково (ID: 4504209512726638)
2025-10-30 22:01:32,500 - WARNING - [получить_музеи_в_районе] - На странице 1 нет данных в ожидаемом формате
2025-10-30 22:01:33,372 - WARNING - [получить_музеи_в_районе] - На странице 2 нет данных в ожидаемом формате
2025-10-30 22:01:34,255 - WARNING - [получить_музеи_в_районе] - На странице 3 нет данных в ожидаемом формате
2025-10-30 22:01:35,130 - WARNING - [получить_музеи_в_районе] - На странице 4 нет данных в ожидаемом формате
2025-10-30 22:01:36,004 - WARNING - [получить_музеи_в_районе] - На странице 5 нет данных в ожидаемом формате
2025-10-30 22:01:36,005 - INFO - [получить_музеи_в_районе] - Завершение сбора для района Фили-Давыдково. Найдено музеев: 0
2025-10-30 22:01:36,006 - INFO - [<cell line: 0>] - Район 'Фили-Давыдково' завершен. Музеев: 0
2025-10-30 22:01:37,008 - INFO - [<cell line: 0>] - [114/132] Обработка района: Филимонковский
2025-10-30 22:01:37,009 - INFO - [получить_музеи_в_районе] - Начало сбора музеев для района: Филимонковский (ID: 4504209520929329)
2025-10-30 22:01:37,400 - INFO - [получить_музеи_в_районе] - Загружено 4 музеев со страницы 1
2025-10-30 22:01:38,274 - WARNING - [получить_музеи_в_районе] - На странице 2 нет данных в ожидаемом формате
2025-10-30 22:01:40,249 - WARNING - [получить_музеи_в_районе] - На странице 3 нет данных в ожидаемом формате
2025-10-30 22:01:41,144 - WARNING - [получить_музеи_в_районе] - На странице 4 нет данных в ожидаемом формате
2025-10-30 22:01:42,030 - WARNING - [получить_музеи_в_районе] - На странице 5 нет данных в ожидаемом формате
2025-10-30 22:01:42,031 - INFO - [получить_музеи_в_районе] - Завершение сбора для района Филимонковский. Найдено музеев: 4
2025-10-30 22:01:42,033 - INFO - [<cell line: 0>] - Район 'Филимонковский' завершен. Музеев: 4
2025-10-30 22:01:43,035 - INFO - [<cell line: 0>] - [115/132] Обработка района: Хамовники
2025-10-30 22:01:43,036 - INFO - [получить_музеи_в_районе] - Начало сбора музеев для района: Хамовники (ID: 4504209512726533)
2025-10-30 22:01:43,447 - INFO - [получить_музеи_в_районе] - Загружено 10 музеев со страницы 1
2025-10-30 22:01:44,336 - INFO - [получить_музеи_в_районе] - Загружено 10 музеев со страницы 2
2025-10-30 22:01:45,234 - INFO - [получить_музеи_в_районе] - Загружено 10 музеев со страницы 3
2025-10-30 22:01:46,249 - INFO - [получить_музеи_в_районе] - Загружено 9 музеев со страницы 4
2025-10-30 22:01:47,134 - WARNING - [получить_музеи_в_районе] - На странице 5 нет данных в ожидаемом формате
2025-10-30 22:01:47,135 - INFO - [получить_музеи_в_районе] - Завершение сбора для района Хамовники. Найдено музеев: 39
2025-10-30 22:01:47,139 - INFO - [<cell line: 0>] - Район 'Хамовники' завершен. Музеев: 39
2025-10-30 22:01:48,140 - INFO - [<cell line: 0>] - [116/132] Обработка района: Ховрино
2025-10-30 22:01:48,141 - INFO - [получить_музеи_в_районе] - Начало сбора музеев для района: Ховрино (ID: 4504209512726555)
2025-10-30 22:01:48,518 - WARNING - [получить_музеи_в_районе] - На странице 1 нет данных в ожидаемом формате
2025-10-30 22:01:49,414 - WARNING - [получить_музеи_в_районе] - На странице 2 нет данных в ожидаемом формате
2025-10-30 22:01:50,289 - WARNING - [получить_музеи_в_районе] - На странице 3 нет данных в ожидаемом формате
2025-10-30 22:01:51,169 - WARNING - [получить_музеи_в_районе] - На странице 4 нет данных в ожидаемом формате
2025-10-30 22:01:52,246 - WARNING - [получить_музеи_в_районе] - На странице 5 нет данных в ожидаемом формате
2025-10-30 22:01:52,248 - INFO - [получить_музеи_в_районе] - Завершение сбора для района Ховрино. Найдено музеев: 0
2025-10-30 22:01:52,250 - INFO - [<cell line: 0>] - Район 'Ховрино' завершен. Музеев: 0
2025-10-30 22:01:53,252 - INFO - [<cell line: 0>] - [117/132] Обработка района: Хорошёво-Мнёвники
2025-10-30 22:01:53,253 - INFO - [получить_музеи_в_районе] - Начало сбора музеев для района: Хорошёво-Мнёвники (ID: 4504209512726647)
2025-10-30 22:01:53,631 - INFO - [получить_музеи_в_районе] - Загружено 1 музеев со страницы 1
2025-10-30 22:01:54,539 - WARNING - [получить_музеи_в_районе] - На странице 2 нет данных в ожидаемом формате
2025-10-30 22:01:55,438 - WARNING - [получить_музеи_в_районе] - На странице 3 нет данных в ожидаемом формате
2025-10-30 22:01:56,315 - WARNING - [получить_музеи_в_районе] - На странице 4 нет данных в ожидаемом формате
2025-10-30 22:01:57,204 - WARNING - [получить_музеи_в_районе] - На странице 5 нет данных в ожидаемом формате
2025-10-30 22:01:57,205 - INFO - [получить_музеи_в_районе] - Завершение сбора для района Хорошёво-Мнёвники. Найдено музеев: 1
2025-10-30 22:01:57,208 - INFO - [<cell line: 0>] - Район 'Хорошёво-Мнёвники' завершен. Музеев: 1
2025-10-30 22:01:58,209 - INFO - [<cell line: 0>] - [118/132] Обработка района: Хорошёвский
2025-10-30 22:01:58,210 - INFO - [получить_музеи_в_районе] - Начало сбора музеев для района: Хорошёвский (ID: 4504209512726553)
2025-10-30 22:01:58,611 - INFO - [получить_музеи_в_районе] - Загружено 4 музеев со страницы 1
2025-10-30 22:01:59,485 - WARNING - [получить_музеи_в_районе] - На странице 2 нет данных в ожидаемом формате
2025-10-30 22:02:00,356 - WARNING - [получить_музеи_в_районе] - На странице 3 нет данных в ожидаемом формате
2025-10-30 22:02:01,235 - WARNING - [получить_музеи_в_районе] - На странице 4 нет данных в ожидаемом формате
2025-10-30 22:02:02,116 - WARNING - [получить_музеи_в_районе] - На странице 5 нет данных в ожидаемом формате
2025-10-30 22:02:02,117 - INFO - [получить_музеи_в_районе] - Завершение сбора для района Хорошёвский. Найдено музеев: 4
2025-10-30 22:02:02,119 - INFO - [<cell line: 0>] - Район 'Хорошёвский' завершен. Музеев: 4
2025-10-30 22:02:03,120 - INFO - [<cell line: 0>] - [119/132] Обработка района: Царицыно
2025-10-30 22:02:03,122 - INFO - [получить_музеи_в_районе] - Начало сбора музеев для района: Царицыно (ID: 4504209512726608)
2025-10-30 22:02:03,509 - WARNING - [получить_музеи_в_районе] - На странице 1 нет данных в ожидаемом формате
2025-10-30 22:02:04,389 - WARNING - [получить_музеи_в_районе] - На странице 2 нет данных в ожидаемом формате
2025-10-30 22:02:05,267 - WARNING - [получить_музеи_в_районе] - На странице 3 нет данных в ожидаемом формате
2025-10-30 22:02:06,147 - WARNING - [получить_музеи_в_районе] - На странице 4 нет данных в ожидаемом формате
2025-10-30 22:02:07,025 - WARNING - [получить_музеи_в_районе] - На странице 5 нет данных в ожидаемом формате
2025-10-30 22:02:07,025 - INFO - [получить_музеи_в_районе] - Завершение сбора для района Царицыно. Найдено музеев: 0
2025-10-30 22:02:07,027 - INFO - [<cell line: 0>] - Район 'Царицыно' завершен. Музеев: 0
2025-10-30 22:02:08,028 - INFO - [<cell line: 0>] - [120/132] Обработка района: Черёмушки
2025-10-30 22:02:08,029 - INFO - [получить_музеи_в_районе] - Начало сбора музеев для района: Черёмушки (ID: 4504209512726627)
2025-10-30 22:02:08,411 - WARNING - [получить_музеи_в_районе] - На странице 1 нет данных в ожидаемом формате
2025-10-30 22:02:09,294 - WARNING - [получить_музеи_в_районе] - На странице 2 нет данных в ожидаемом формате
2025-10-30 22:02:10,173 - WARNING - [получить_музеи_в_районе] - На странице 3 нет данных в ожидаемом формате
2025-10-30 22:02:11,051 - WARNING - [получить_музеи_в_районе] - На странице 4 нет данных в ожидаемом формате
2025-10-30 22:02:11,948 - WARNING - [получить_музеи_в_районе] - На странице 5 нет данных в ожидаемом формате
2025-10-30 22:02:11,948 - INFO - [получить_музеи_в_районе] - Завершение сбора для района Черёмушки. Найдено музеев: 0
2025-10-30 22:02:11,950 - INFO - [<cell line: 0>] - Район 'Черёмушки' завершен. Музеев: 0
2025-10-30 22:02:12,951 - INFO - [<cell line: 0>] - [121/132] Обработка района: Чертаново Северное
2025-10-30 22:02:12,952 - INFO - [получить_музеи_в_районе] - Начало сбора музеев для района: Чертаново Северное (ID: 4504209512726615)
2025-10-30 22:02:13,334 - WARNING - [получить_музеи_в_районе] - На странице 1 нет данных в ожидаемом формате
2025-10-30 22:02:14,209 - WARNING - [получить_музеи_в_районе] - На странице 2 нет данных в ожидаемом формате
2025-10-30 22:02:15,091 - WARNING - [получить_музеи_в_районе] - На странице 3 нет данных в ожидаемом формате
2025-10-30 22:02:16,089 - WARNING - [получить_музеи_в_районе] - На странице 4 нет данных в ожидаемом формате
2025-10-30 22:02:16,967 - WARNING - [получить_музеи_в_районе] - На странице 5 нет данных в ожидаемом формате
2025-10-30 22:02:16,968 - INFO - [получить_музеи_в_районе] - Завершение сбора для района Чертаново Северное. Найдено музеев: 0
2025-10-30 22:02:16,970 - INFO - [<cell line: 0>] - Район 'Чертаново Северное' завершен. Музеев: 0
2025-10-30 22:02:17,972 - INFO - [<cell line: 0>] - [122/132] Обработка района: Чертаново Центральное
2025-10-30 22:02:17,974 - INFO - [получить_музеи_в_районе] - Начало сбора музеев для района: Чертаново Центральное (ID: 4504209512726614)
2025-10-30 22:02:18,358 - INFO - [получить_музеи_в_районе] - Загружено 1 музеев со страницы 1
2025-10-30 22:02:19,238 - WARNING - [получить_музеи_в_районе] - На странице 2 нет данных в ожидаемом формате
2025-10-30 22:02:20,111 - WARNING - [получить_музеи_в_районе] - На странице 3 нет данных в ожидаемом формате
2025-10-30 22:02:20,987 - WARNING - [получить_музеи_в_районе] - На странице 4 нет данных в ожидаемом формате
2025-10-30 22:02:21,861 - WARNING - [получить_музеи_в_районе] - На странице 5 нет данных в ожидаемом формате
2025-10-30 22:02:21,862 - INFO - [получить_музеи_в_районе] - Завершение сбора для района Чертаново Центральное. Найдено музеев: 1
2025-10-30 22:02:21,864 - INFO - [<cell line: 0>] - Район 'Чертаново Центральное' завершен. Музеев: 1
2025-10-30 22:02:22,866 - INFO - [<cell line: 0>] - [123/132] Обработка района: Чертаново Южное
2025-10-30 22:02:22,867 - INFO - [получить_музеи_в_районе] - Начало сбора музеев для района: Чертаново Южное (ID: 4504209512726659)
2025-10-30 22:02:23,265 - INFO - [получить_музеи_в_районе] - Загружено 1 музеев со страницы 1
2025-10-30 22:02:24,224 - WARNING - [получить_музеи_в_районе] - На странице 2 нет данных в ожидаемом формате
2025-10-30 22:02:25,108 - WARNING - [получить_музеи_в_районе] - На странице 3 нет данных в ожидаемом формате
2025-10-30 22:02:25,986 - WARNING - [получить_музеи_в_районе] - На странице 4 нет данных в ожидаемом формате
2025-10-30 22:02:26,864 - WARNING - [получить_музеи_в_районе] - На странице 5 нет данных в ожидаемом формате
2025-10-30 22:02:26,865 - INFO - [получить_музеи_в_районе] - Завершение сбора для района Чертаново Южное. Найдено музеев: 1
2025-10-30 22:02:26,868 - INFO - [<cell line: 0>] - Район 'Чертаново Южное' завершен. Музеев: 1
2025-10-30 22:02:27,869 - INFO - [<cell line: 0>] - [124/132] Обработка района: Щербинка
2025-10-30 22:02:27,870 - INFO - [получить_музеи_в_районе] - Начало сбора музеев для района: Щербинка (ID: 4504209520928047)
2025-10-30 22:02:28,248 - INFO - [получить_музеи_в_районе] - Загружено 2 музеев со страницы 1
2025-10-30 22:02:29,126 - WARNING - [получить_музеи_в_районе] - На странице 2 нет данных в ожидаемом формате
2025-10-30 22:02:30,007 - WARNING - [получить_музеи_в_районе] - На странице 3 нет данных в ожидаемом формате
2025-10-30 22:02:30,886 - WARNING - [получить_музеи_в_районе] - На странице 4 нет данных в ожидаемом формате
2025-10-30 22:02:31,768 - WARNING - [получить_музеи_в_районе] - На странице 5 нет данных в ожидаемом формате
2025-10-30 22:02:31,769 - INFO - [получить_музеи_в_районе] - Завершение сбора для района Щербинка. Найдено музеев: 2
2025-10-30 22:02:31,770 - INFO - [<cell line: 0>] - Район 'Щербинка' завершен. Музеев: 2
2025-10-30 22:02:32,772 - INFO - [<cell line: 0>] - [125/132] Обработка района: Щукино
2025-10-30 22:02:32,773 - INFO - [получить_музеи_в_районе] - Начало сбора музеев для района: Щукино (ID: 4504209512726648)
2025-10-30 22:02:33,162 - INFO - [получить_музеи_в_районе] - Загружено 3 музеев со страницы 1
2025-10-30 22:02:34,046 - WARNING - [получить_музеи_в_районе] - На странице 2 нет данных в ожидаемом формате
2025-10-30 22:02:34,931 - WARNING - [получить_музеи_в_районе] - На странице 3 нет данных в ожидаемом формате
2025-10-30 22:02:35,802 - WARNING - [получить_музеи_в_районе] - На странице 4 нет данных в ожидаемом формате
2025-10-30 22:02:36,688 - WARNING - [получить_музеи_в_районе] - На странице 5 нет данных в ожидаемом формате
2025-10-30 22:02:36,688 - INFO - [получить_музеи_в_районе] - Завершение сбора для района Щукино. Найдено музеев: 3
2025-10-30 22:02:36,690 - INFO - [<cell line: 0>] - Район 'Щукино' завершен. Музеев: 3
2025-10-30 22:02:37,692 - INFO - [<cell line: 0>] - [126/132] Обработка района: Южное Бутово
2025-10-30 22:02:37,693 - INFO - [получить_музеи_в_районе] - Начало сбора музеев для района: Южное Бутово (ID: 4504209512726619)
2025-10-30 22:02:38,082 - INFO - [получить_музеи_в_районе] - Загружено 4 музеев со страницы 1
2025-10-30 22:02:38,959 - WARNING - [получить_музеи_в_районе] - На странице 2 нет данных в ожидаемом формате
2025-10-30 22:02:39,836 - WARNING - [получить_музеи_в_районе] - На странице 3 нет данных в ожидаемом формате
2025-10-30 22:02:40,720 - WARNING - [получить_музеи_в_районе] - На странице 4 нет данных в ожидаемом формате
2025-10-30 22:02:41,599 - WARNING - [получить_музеи_в_районе] - На странице 5 нет данных в ожидаемом формате
2025-10-30 22:02:41,600 - INFO - [получить_музеи_в_районе] - Завершение сбора для района Южное Бутово. Найдено музеев: 4
2025-10-30 22:02:41,601 - INFO - [<cell line: 0>] - Район 'Южное Бутово' завершен. Музеев: 4
2025-10-30 22:02:42,603 - INFO - [<cell line: 0>] - [127/132] Обработка района: Южное Медведково
2025-10-30 22:02:42,604 - INFO - [получить_музеи_в_районе] - Начало сбора музеев для района: Южное Медведково (ID: 4504209512726561)
2025-10-30 22:02:42,991 - INFO - [получить_музеи_в_районе] - Загружено 1 музеев со страницы 1
2025-10-30 22:02:43,865 - WARNING - [получить_музеи_в_районе] - На странице 2 нет данных в ожидаемом формате
2025-10-30 22:02:44,740 - WARNING - [получить_музеи_в_районе] - На странице 3 нет данных в ожидаемом формате
2025-10-30 22:02:45,707 - WARNING - [получить_музеи_в_районе] - На странице 4 нет данных в ожидаемом формате
2025-10-30 22:02:46,596 - WARNING - [получить_музеи_в_районе] - На странице 5 нет данных в ожидаемом формате
2025-10-30 22:02:46,596 - INFO - [получить_музеи_в_районе] - Завершение сбора для района Южное Медведково. Найдено музеев: 1
2025-10-30 22:02:46,599 - INFO - [<cell line: 0>] - Район 'Южное Медведково' завершен. Музеев: 1
2025-10-30 22:02:47,600 - INFO - [<cell line: 0>] - [128/132] Обработка района: Южное Тушино
2025-10-30 22:02:47,601 - INFO - [получить_музеи_в_районе] - Начало сбора музеев для района: Южное Тушино (ID: 4504209512726649)
2025-10-30 22:02:47,978 - WARNING - [получить_музеи_в_районе] - На странице 1 нет данных в ожидаемом формате
2025-10-30 22:02:48,852 - WARNING - [получить_музеи_в_районе] - На странице 2 нет данных в ожидаемом формате
2025-10-30 22:02:49,739 - WARNING - [получить_музеи_в_районе] - На странице 3 нет данных в ожидаемом формате
2025-10-30 22:02:50,629 - WARNING - [получить_музеи_в_районе] - На странице 4 нет данных в ожидаемом формате
2025-10-30 22:02:51,500 - WARNING - [получить_музеи_в_районе] - На странице 5 нет данных в ожидаемом формате
2025-10-30 22:02:51,501 - INFO - [получить_музеи_в_районе] - Завершение сбора для района Южное Тушино. Найдено музеев: 0
2025-10-30 22:02:51,504 - INFO - [<cell line: 0>] - Район 'Южное Тушино' завершен. Музеев: 0
2025-10-30 22:02:52,505 - INFO - [<cell line: 0>] - [129/132] Обработка района: Южнопортовый
2025-10-30 22:02:52,506 - INFO - [получить_музеи_в_районе] - Начало сбора музеев для района: Южнопортовый (ID: 70030076266239145)
2025-10-30 22:02:52,897 - INFO - [получить_музеи_в_районе] - Загружено 1 музеев со страницы 1
2025-10-30 22:02:53,959 - WARNING - [получить_музеи_в_районе] - На странице 2 нет данных в ожидаемом формате
2025-10-30 22:02:54,834 - WARNING - [получить_музеи_в_районе] - На странице 3 нет данных в ожидаемом формате
2025-10-30 22:02:55,709 - WARNING - [получить_музеи_в_районе] - На странице 4 нет данных в ожидаемом формате
2025-10-30 22:02:56,585 - WARNING - [получить_музеи_в_районе] - На странице 5 нет данных в ожидаемом формате
2025-10-30 22:02:56,586 - INFO - [получить_музеи_в_районе] - Завершение сбора для района Южнопортовый. Найдено музеев: 1
2025-10-30 22:02:56,588 - INFO - [<cell line: 0>] - Район 'Южнопортовый' завершен. Музеев: 1
2025-10-30 22:02:57,589 - INFO - [<cell line: 0>] - [130/132] Обработка района: Якиманка
2025-10-30 22:02:57,590 - INFO - [получить_музеи_в_районе] - Начало сбора музеев для района: Якиманка (ID: 4504209512726534)
2025-10-30 22:02:57,990 - INFO - [получить_музеи_в_районе] - Загружено 10 музеев со страницы 1
2025-10-30 22:02:58,903 - INFO - [получить_музеи_в_районе] - Загружено 9 музеев со страницы 2
2025-10-30 22:02:59,782 - WARNING - [получить_музеи_в_районе] - На странице 3 нет данных в ожидаемом формате
2025-10-30 22:03:00,672 - WARNING - [получить_музеи_в_районе] - На странице 4 нет данных в ожидаемом формате
2025-10-30 22:03:01,559 - WARNING - [получить_музеи_в_районе] - На странице 5 нет данных в ожидаемом формате
2025-10-30 22:03:01,560 - INFO - [получить_музеи_в_районе] - Завершение сбора для района Якиманка. Найдено музеев: 19
2025-10-30 22:03:01,561 - INFO - [<cell line: 0>] - Район 'Якиманка' завершен. Музеев: 19
2025-10-30 22:03:02,564 - INFO - [<cell line: 0>] - [131/132] Обработка района: Ярославский
2025-10-30 22:03:02,565 - INFO - [получить_музеи_в_районе] - Начало сбора музеев для района: Ярославский (ID: 4504209512726562)
2025-10-30 22:03:02,947 - WARNING - [получить_музеи_в_районе] - На странице 1 нет данных в ожидаемом формате
2025-10-30 22:03:03,840 - WARNING - [получить_музеи_в_районе] - На странице 2 нет данных в ожидаемом формате
2025-10-30 22:03:04,718 - WARNING - [получить_музеи_в_районе] - На странице 3 нет данных в ожидаемом формате
2025-10-30 22:03:05,585 - WARNING - [получить_музеи_в_районе] - На странице 4 нет данных в ожидаемом формате
2025-10-30 22:03:06,452 - WARNING - [получить_музеи_в_районе] - На странице 5 нет данных в ожидаемом формате
2025-10-30 22:03:06,453 - INFO - [получить_музеи_в_районе] - Завершение сбора для района Ярославский. Найдено музеев: 0
2025-10-30 22:03:06,454 - INFO - [<cell line: 0>] - Район 'Ярославский' завершен. Музеев: 0
2025-10-30 22:03:07,457 - INFO - [<cell line: 0>] - [132/132] Обработка района: Ясенево
2025-10-30 22:03:07,458 - INFO - [получить_музеи_в_районе] - Начало сбора музеев для района: Ясенево (ID: 4504209512726620)
2025-10-30 22:03:07,840 - INFO - [получить_музеи_в_районе] - Загружено 1 музеев со страницы 1
2025-10-30 22:03:08,727 - WARNING - [получить_музеи_в_районе] - На странице 2 нет данных в ожидаемом формате
2025-10-30 22:03:09,598 - WARNING - [получить_музеи_в_районе] - На странице 3 нет данных в ожидаемом формате
2025-10-30 22:03:10,474 - WARNING - [получить_музеи_в_районе] - На странице 4 нет данных в ожидаемом формате
2025-10-30 22:03:11,350 - WARNING - [получить_музеи_в_районе] - На странице 5 нет данных в ожидаемом формате
2025-10-30 22:03:11,351 - INFO - [получить_музеи_в_районе] - Завершение сбора для района Ясенево. Найдено музеев: 1
2025-10-30 22:03:11,352 - INFO - [<cell line: 0>] - Район 'Ясенево' завершен. Музеев: 1
2025-10-30 22:03:11,355 - INFO - [<cell line: 0>] - ============================================================
2025-10-30 22:03:11,357 - INFO - [<cell line: 0>] - СБОР ДАННЫХ ЗАВЕРШЕН
2025-10-30 22:03:11,358 - INFO - [<cell line: 0>] - Время выполнения: 656.42 секунд
2025-10-30 22:03:11,360 - INFO - [<cell line: 0>] - Всего собрано музеев: 602
2025-10-30 22:03:11,362 - INFO - [<cell line: 0>] - ============================================================
2025-10-30 22:03:11,363 - INFO - [создать_датасет_музеев] - Создание датасета из 602 музеев
2025-10-30 22:03:11,368 - INFO - [создать_датасет_музеев] - Датасет музеев создан. Количество строк: 602
2025-10-30 22:03:11,386 - INFO - [<cell line: 0>] - Данные сохранены в музеи_москвы_по_районам.csv
2025-10-30 22:03:11,387 - INFO - [<cell line: 0>] - СТАТИСТИКА: Всего музеев: 602
2025-10-30 22:03:11,389 - INFO - [<cell line: 0>] - СТАТИСТИКА: Охвачено районов: 95
