2025-10-30 19:30:31,486 - INFO - [<cell line: 0>] - ============================================================
2025-10-30 19:30:31,487 - INFO - [<cell line: 0>] - ЗАПУСК СБОРА ДАННЫХ ПО ШКОЛАМ МОСКВЫ
2025-10-30 19:30:31,487 - INFO - [<cell line: 0>] - Конфигурация логирования: уровень=INFO, файл=True, консоль=True
2025-10-30 19:30:31,488 - INFO - [<cell line: 0>] - Количество районов для обработки: 132
2025-10-30 19:30:31,490 - INFO - [<cell line: 0>] - ============================================================
2025-10-30 19:30:31,493 - INFO - [<cell line: 0>] - [1/132] Обработка района: Академический
2025-10-30 19:30:31,494 - INFO - [получить_школы_в_районе] - Начало сбора школ для района: Академический (ID: 4504209512726625)
2025-10-30 19:30:32,026 - INFO - [получить_школы_в_районе] - Загружено 10 школ со страницы 1
2025-10-30 19:30:32,949 - INFO - [получить_школы_в_районе] - Загружено 9 школ со страницы 2
2025-10-30 19:30:33,834 - WARNING - [получить_школы_в_районе] - На странице 3 нет данных в ожидаемом формате
2025-10-30 19:30:34,738 - WARNING - [получить_школы_в_районе] - На странице 4 нет данных в ожидаемом формате
2025-10-30 19:30:35,632 - WARNING - [получить_школы_в_районе] - На странице 5 нет данных в ожидаемом формате
2025-10-30 19:30:35,633 - INFO - [получить_школы_в_районе] - Завершение сбора для района Академический. Найдено школ: 19
2025-10-30 19:30:35,635 - INFO - [<cell line: 0>] - Район 'Академический' завершен. Школ: 19
2025-10-30 19:30:36,636 - INFO - [<cell line: 0>] - [2/132] Обработка района: Алексеевский
2025-10-30 19:30:36,637 - INFO - [получить_школы_в_районе] - Начало сбора школ для района: Алексеевский (ID: 4504209512726568)
2025-10-30 19:30:37,044 - INFO - [получить_школы_в_районе] - Загружено 10 школ со страницы 1
2025-10-30 19:30:37,934 - INFO - [получить_школы_в_районе] - Загружено 6 школ со страницы 2
2025-10-30 19:30:38,838 - WARNING - [получить_школы_в_районе] - На странице 3 нет данных в ожидаемом формате
2025-10-30 19:30:39,728 - WARNING - [получить_школы_в_районе] - На странице 4 нет данных в ожидаемом формате
2025-10-30 19:30:40,642 - WARNING - [получить_школы_в_районе] - На странице 5 нет данных в ожидаемом формате
2025-10-30 19:30:40,643 - INFO - [получить_школы_в_районе] - Завершение сбора для района Алексеевский. Найдено школ: 16
2025-10-30 19:30:40,644 - INFO - [<cell line: 0>] - Район 'Алексеевский' завершен. Школ: 16
2025-10-30 19:30:41,645 - INFO - [<cell line: 0>] - [3/132] Обработка района: Алтуфьевский
2025-10-30 19:30:41,646 - INFO - [получить_школы_в_районе] - Начало сбора школ для района: Алтуфьевский (ID: 4504209512726557)
2025-10-30 19:30:42,043 - INFO - [получить_школы_в_районе] - Загружено 6 школ со страницы 1
2025-10-30 19:30:42,931 - WARNING - [получить_школы_в_районе] - На странице 2 нет данных в ожидаемом формате
2025-10-30 19:30:43,863 - WARNING - [получить_школы_в_районе] - На странице 3 нет данных в ожидаемом формате
2025-10-30 19:30:44,776 - WARNING - [получить_школы_в_районе] - На странице 4 нет данных в ожидаемом формате
2025-10-30 19:30:45,658 - WARNING - [получить_школы_в_районе] - На странице 5 нет данных в ожидаемом формате
2025-10-30 19:30:45,659 - INFO - [получить_школы_в_районе] - Завершение сбора для района Алтуфьевский. Найдено школ: 6
2025-10-30 19:30:45,661 - INFO - [<cell line: 0>] - Район 'Алтуфьевский' завершен. Школ: 6
2025-10-30 19:30:46,662 - INFO - [<cell line: 0>] - [4/132] Обработка района: Арбат
2025-10-30 19:30:46,663 - INFO - [получить_школы_в_районе] - Начало сбора школ для района: Арбат (ID: 4504209512726530)
2025-10-30 19:30:47,062 - INFO - [получить_школы_в_районе] - Загружено 9 школ со страницы 1
2025-10-30 19:30:47,954 - WARNING - [получить_школы_в_районе] - На странице 2 нет данных в ожидаемом формате
2025-10-30 19:30:48,852 - WARNING - [получить_школы_в_районе] - На странице 3 нет данных в ожидаемом формате
2025-10-30 19:30:49,738 - WARNING - [получить_школы_в_районе] - На странице 4 нет данных в ожидаемом формате
2025-10-30 19:30:50,630 - WARNING - [получить_школы_в_районе] - На странице 5 нет данных в ожидаемом формате
2025-10-30 19:30:50,631 - INFO - [получить_школы_в_районе] - Завершение сбора для района Арбат. Найдено школ: 9
2025-10-30 19:30:50,632 - INFO - [<cell line: 0>] - Район 'Арбат' завершен. Школ: 9
2025-10-30 19:30:51,634 - INFO - [<cell line: 0>] - [5/132] Обработка района: Аэропорт
2025-10-30 19:30:51,635 - INFO - [получить_школы_в_районе] - Начало сбора школ для района: Аэропорт (ID: 4504209512726541)
2025-10-30 19:30:52,049 - INFO - [получить_школы_в_районе] - Загружено 10 школ со страницы 1
2025-10-30 19:30:52,941 - INFO - [получить_школы_в_районе] - Загружено 5 школ со страницы 2
2025-10-30 19:30:53,877 - WARNING - [получить_школы_в_районе] - На странице 3 нет данных в ожидаемом формате
2025-10-30 19:30:54,763 - WARNING - [получить_школы_в_районе] - На странице 4 нет данных в ожидаемом формате
2025-10-30 19:30:55,682 - WARNING - [получить_школы_в_районе] - На странице 5 нет данных в ожидаемом формате
2025-10-30 19:30:55,683 - INFO - [получить_школы_в_районе] - Завершение сбора для района Аэропорт. Найдено школ: 15
2025-10-30 19:30:55,685 - INFO - [<cell line: 0>] - Район 'Аэропорт' завершен. Школ: 15
2025-10-30 19:30:56,687 - INFO - [<cell line: 0>] - [6/132] Обработка района: Бабушкинский
2025-10-30 19:30:56,688 - INFO - [получить_школы_в_районе] - Начало сбора школ для района: Бабушкинский (ID: 4504209512726564)
2025-10-30 19:30:57,106 - INFO - [получить_школы_в_районе] - Загружено 10 школ со страницы 1
2025-10-30 19:30:58,000 - INFO - [получить_школы_в_районе] - Загружено 4 школ со страницы 2
2025-10-30 19:30:58,926 - WARNING - [получить_школы_в_районе] - На странице 3 нет данных в ожидаемом формате
2025-10-30 19:30:59,806 - WARNING - [получить_школы_в_районе] - На странице 4 нет данных в ожидаемом формате
2025-10-30 19:31:00,718 - WARNING - [получить_школы_в_районе] - На странице 5 нет данных в ожидаемом формате
2025-10-30 19:31:00,719 - INFO - [получить_школы_в_районе] - Завершение сбора для района Бабушкинский. Найдено школ: 14
2025-10-30 19:31:00,720 - INFO - [<cell line: 0>] - Район 'Бабушкинский' завершен. Школ: 14
2025-10-30 19:31:01,721 - INFO - [<cell line: 0>] - [7/132] Обработка района: Басманный
2025-10-30 19:31:01,722 - INFO - [получить_школы_в_районе] - Начало сбора школ для района: Басманный (ID: 4504209512726531)
2025-10-30 19:31:02,255 - INFO - [получить_школы_в_районе] - Загружено 10 школ со страницы 1
2025-10-30 19:31:03,185 - INFO - [получить_школы_в_районе] - Загружено 10 школ со страницы 2
2025-10-30 19:31:04,099 - INFO - [получить_школы_в_районе] - Загружено 10 школ со страницы 3
2025-10-30 19:31:05,012 - INFO - [получить_школы_в_районе] - Загружено 10 школ со страницы 4
2025-10-30 19:31:05,934 - INFO - [получить_школы_в_районе] - Загружено 10 школ со страницы 5
2025-10-30 19:31:05,935 - INFO - [получить_школы_в_районе] - Завершение сбора для района Басманный. Найдено школ: 50
2025-10-30 19:31:05,936 - INFO - [<cell line: 0>] - Район 'Басманный' завершен. Школ: 50
2025-10-30 19:31:06,937 - INFO - [<cell line: 0>] - [8/132] Обработка района: Беговой
2025-10-30 19:31:06,938 - INFO - [получить_школы_в_районе] - Начало сбора школ для района: Беговой (ID: 4504209512726542)
2025-10-30 19:31:07,336 - INFO - [получить_школы_в_районе] - Загружено 10 школ со страницы 1
2025-10-30 19:31:08,225 - INFO - [получить_школы_в_районе] - Загружено 2 школ со страницы 2
2025-10-30 19:31:09,139 - WARNING - [получить_школы_в_районе] - На странице 3 нет данных в ожидаемом формате
2025-10-30 19:31:10,033 - WARNING - [получить_школы_в_районе] - На странице 4 нет данных в ожидаемом формате
2025-10-30 19:31:10,929 - WARNING - [получить_школы_в_районе] - На странице 5 нет данных в ожидаемом формате
2025-10-30 19:31:10,930 - INFO - [получить_школы_в_районе] - Завершение сбора для района Беговой. Найдено школ: 12
2025-10-30 19:31:10,932 - INFO - [<cell line: 0>] - Район 'Беговой' завершен. Школ: 12
2025-10-30 19:31:11,934 - INFO - [<cell line: 0>] - [9/132] Обработка района: Бекасово
2025-10-30 19:31:11,935 - INFO - [получить_школы_в_районе] - Начало сбора школ для района: Бекасово (ID: 4504209520932718)
2025-10-30 19:31:12,326 - INFO - [получить_школы_в_районе] - Загружено 4 школ со страницы 1
2025-10-30 19:31:13,217 - WARNING - [получить_школы_в_районе] - На странице 2 нет данных в ожидаемом формате
2025-10-30 19:31:14,100 - WARNING - [получить_школы_в_районе] - На странице 3 нет данных в ожидаемом формате
2025-10-30 19:31:14,994 - WARNING - [получить_школы_в_районе] - На странице 4 нет данных в ожидаемом формате
2025-10-30 19:31:15,884 - WARNING - [получить_школы_в_районе] - На странице 5 нет данных в ожидаемом формате
2025-10-30 19:31:15,885 - INFO - [получить_школы_в_районе] - Завершение сбора для района Бекасово. Найдено школ: 4
2025-10-30 19:31:15,887 - INFO - [<cell line: 0>] - Район 'Бекасово' завершен. Школ: 4
2025-10-30 19:31:16,889 - INFO - [<cell line: 0>] - [10/132] Обработка района: Бескудниковский
2025-10-30 19:31:16,890 - INFO - [получить_школы_в_районе] - Начало сбора школ для района: Бескудниковский (ID: 4504209512726543)
2025-10-30 19:31:17,288 - INFO - [получить_школы_в_районе] - Загружено 10 школ со страницы 1
2025-10-30 19:31:18,172 - INFO - [получить_школы_в_районе] - Загружено 3 школ со страницы 2
2025-10-30 19:31:19,071 - WARNING - [получить_школы_в_районе] - На странице 3 нет данных в ожидаемом формате
2025-10-30 19:31:19,977 - WARNING - [получить_школы_в_районе] - На странице 4 нет данных в ожидаемом формате
2025-10-30 19:31:20,862 - WARNING - [получить_школы_в_районе] - На странице 5 нет данных в ожидаемом формате
2025-10-30 19:31:20,863 - INFO - [получить_школы_в_районе] - Завершение сбора для района Бескудниковский. Найдено школ: 13
2025-10-30 19:31:20,865 - INFO - [<cell line: 0>] - Район 'Бескудниковский' завершен. Школ: 13
2025-10-30 19:31:21,866 - INFO - [<cell line: 0>] - [11/132] Обработка района: Бибирево
2025-10-30 19:31:21,867 - INFO - [получить_школы_в_районе] - Начало сбора школ для района: Бибирево (ID: 4504209512726565)
2025-10-30 19:31:22,302 - INFO - [получить_школы_в_районе] - Загружено 10 школ со страницы 1
2025-10-30 19:31:23,207 - INFO - [получить_школы_в_районе] - Загружено 10 школ со страницы 2
2025-10-30 19:31:24,119 - INFO - [получить_школы_в_районе] - Загружено 10 школ со страницы 3
2025-10-30 19:31:25,009 - INFO - [получить_школы_в_районе] - Загружено 10 школ со страницы 4
2025-10-30 19:31:25,917 - INFO - [получить_школы_в_районе] - Загружено 10 школ со страницы 5
2025-10-30 19:31:25,918 - INFO - [получить_школы_в_районе] - Завершение сбора для района Бибирево. Найдено школ: 50
2025-10-30 19:31:25,920 - INFO - [<cell line: 0>] - Район 'Бибирево' завершен. Школ: 50
2025-10-30 19:31:26,922 - INFO - [<cell line: 0>] - [12/132] Обработка района: Бирюлёво Восточное
2025-10-30 19:31:26,923 - INFO - [получить_школы_в_районе] - Начало сбора школ для района: Бирюлёво Восточное (ID: 4504209512726611)
2025-10-30 19:31:27,328 - INFO - [получить_школы_в_районе] - Загружено 10 школ со страницы 1
2025-10-30 19:31:28,264 - INFO - [получить_школы_в_районе] - Загружено 9 школ со страницы 2
2025-10-30 19:31:29,155 - WARNING - [получить_школы_в_районе] - На странице 3 нет данных в ожидаемом формате
2025-10-30 19:31:30,061 - WARNING - [получить_школы_в_районе] - На странице 4 нет данных в ожидаемом формате
2025-10-30 19:31:30,948 - WARNING - [получить_школы_в_районе] - На странице 5 нет данных в ожидаемом формате
2025-10-30 19:31:30,949 - INFO - [получить_школы_в_районе] - Завершение сбора для района Бирюлёво Восточное. Найдено школ: 19
2025-10-30 19:31:30,950 - INFO - [<cell line: 0>] - Район 'Бирюлёво Восточное' завершен. Школ: 19
2025-10-30 19:31:31,951 - INFO - [<cell line: 0>] - [13/132] Обработка района: Бирюлёво Западное
2025-10-30 19:31:31,952 - INFO - [получить_школы_в_районе] - Начало сбора школ для района: Бирюлёво Западное (ID: 4504209512726612)
2025-10-30 19:31:32,474 - INFO - [получить_школы_в_районе] - Загружено 9 школ со страницы 1
2025-10-30 19:31:33,354 - WARNING - [получить_школы_в_районе] - На странице 2 нет данных в ожидаемом формате
2025-10-30 19:31:34,260 - WARNING - [получить_школы_в_районе] - На странице 3 нет данных в ожидаемом формате
2025-10-30 19:31:35,158 - WARNING - [получить_школы_в_районе] - На странице 4 нет данных в ожидаемом формате
2025-10-30 19:31:36,080 - WARNING - [получить_школы_в_районе] - На странице 5 нет данных в ожидаемом формате
2025-10-30 19:31:36,081 - INFO - [получить_школы_в_районе] - Завершение сбора для района Бирюлёво Западное. Найдено школ: 9
2025-10-30 19:31:36,082 - INFO - [<cell line: 0>] - Район 'Бирюлёво Западное' завершен. Школ: 9
2025-10-30 19:31:37,084 - INFO - [<cell line: 0>] - [14/132] Обработка района: Богородское
2025-10-30 19:31:37,085 - INFO - [получить_школы_в_районе] - Начало сбора школ для района: Богородское (ID: 4504209512726574)
2025-10-30 19:31:37,503 - INFO - [получить_школы_в_районе] - Загружено 10 школ со страницы 1
2025-10-30 19:31:38,421 - INFO - [получить_школы_в_районе] - Загружено 5 школ со страницы 2
2025-10-30 19:31:39,308 - WARNING - [получить_школы_в_районе] - На странице 3 нет данных в ожидаемом формате
2025-10-30 19:31:40,207 - WARNING - [получить_школы_в_районе] - На странице 4 нет данных в ожидаемом формате
2025-10-30 19:31:41,155 - WARNING - [получить_школы_в_районе] - На странице 5 нет данных в ожидаемом формате
2025-10-30 19:31:41,156 - INFO - [получить_школы_в_районе] - Завершение сбора для района Богородское. Найдено школ: 15
2025-10-30 19:31:41,157 - INFO - [<cell line: 0>] - Район 'Богородское' завершен. Школ: 15
2025-10-30 19:31:42,158 - INFO - [<cell line: 0>] - [15/132] Обработка района: Братеево
2025-10-30 19:31:42,159 - INFO - [получить_школы_в_районе] - Начало сбора школ для района: Братеево (ID: 4504209512726609)
2025-10-30 19:31:42,574 - INFO - [получить_школы_в_районе] - Загружено 10 школ со страницы 1
2025-10-30 19:31:43,466 - INFO - [получить_школы_в_районе] - Загружено 1 школ со страницы 2
2025-10-30 19:31:44,345 - WARNING - [получить_школы_в_районе] - На странице 3 нет данных в ожидаемом формате
2025-10-30 19:31:45,228 - WARNING - [получить_школы_в_районе] - На странице 4 нет данных в ожидаемом формате
2025-10-30 19:31:46,118 - WARNING - [получить_школы_в_районе] - На странице 5 нет данных в ожидаемом формате
2025-10-30 19:31:46,119 - INFO - [получить_школы_в_районе] - Завершение сбора для района Братеево. Найдено школ: 11
2025-10-30 19:31:46,120 - INFO - [<cell line: 0>] - Район 'Братеево' завершен. Школ: 11
2025-10-30 19:31:47,122 - INFO - [<cell line: 0>] - [16/132] Обработка района: Бутырский
2025-10-30 19:31:47,123 - INFO - [получить_школы_в_районе] - Начало сбора школ для района: Бутырский (ID: 4504209512726567)
2025-10-30 19:31:47,518 - INFO - [получить_школы_в_районе] - Загружено 10 школ со страницы 1
2025-10-30 19:31:48,413 - INFO - [получить_школы_в_районе] - Загружено 1 школ со страницы 2
2025-10-30 19:31:49,304 - WARNING - [получить_школы_в_районе] - На странице 3 нет данных в ожидаемом формате
2025-10-30 19:31:50,212 - WARNING - [получить_школы_в_районе] - На странице 4 нет данных в ожидаемом формате
2025-10-30 19:31:51,096 - WARNING - [получить_школы_в_районе] - На странице 5 нет данных в ожидаемом формате
2025-10-30 19:31:51,097 - INFO - [получить_школы_в_районе] - Завершение сбора для района Бутырский. Найдено школ: 11
2025-10-30 19:31:51,099 - INFO - [<cell line: 0>] - Район 'Бутырский' завершен. Школ: 11
2025-10-30 19:31:52,101 - INFO - [<cell line: 0>] - [17/132] Обработка района: Вешняки
2025-10-30 19:31:52,103 - INFO - [получить_школы_в_районе] - Начало сбора школ для района: Вешняки (ID: 4504209512726578)
2025-10-30 19:31:52,516 - INFO - [получить_школы_в_районе] - Загружено 10 школ со страницы 1
2025-10-30 19:31:53,419 - INFO - [получить_школы_в_районе] - Загружено 9 школ со страницы 2
2025-10-30 19:31:54,312 - WARNING - [получить_школы_в_районе] - На странице 3 нет данных в ожидаемом формате
2025-10-30 19:31:55,210 - WARNING - [получить_школы_в_районе] - На странице 4 нет данных в ожидаемом формате
2025-10-30 19:31:56,118 - WARNING - [получить_школы_в_районе] - На странице 5 нет данных в ожидаемом формате
2025-10-30 19:31:56,119 - INFO - [получить_школы_в_районе] - Завершение сбора для района Вешняки. Найдено школ: 19
2025-10-30 19:31:56,120 - INFO - [<cell line: 0>] - Район 'Вешняки' завершен. Школ: 19
2025-10-30 19:31:57,121 - INFO - [<cell line: 0>] - [18/132] Обработка района: Внуково
2025-10-30 19:31:57,122 - INFO - [получить_школы_в_районе] - Начало сбора школ для района: Внуково (ID: 4504209512726642)
2025-10-30 19:31:57,536 - INFO - [получить_школы_в_районе] - Загружено 10 школ со страницы 1
2025-10-30 19:31:58,431 - INFO - [получить_школы_в_районе] - Загружено 9 школ со страницы 2
2025-10-30 19:31:59,325 - WARNING - [получить_школы_в_районе] - На странице 3 нет данных в ожидаемом формате
2025-10-30 19:32:00,208 - WARNING - [получить_школы_в_районе] - На странице 4 нет данных в ожидаемом формате
2025-10-30 19:32:01,115 - WARNING - [получить_школы_в_районе] - На странице 5 нет данных в ожидаемом формате
2025-10-30 19:32:01,116 - INFO - [получить_школы_в_районе] - Завершение сбора для района Внуково. Найдено школ: 19
2025-10-30 19:32:01,118 - INFO - [<cell line: 0>] - Район 'Внуково' завершен. Школ: 19
2025-10-30 19:32:02,119 - INFO - [<cell line: 0>] - [19/132] Обработка района: Войковский
2025-10-30 19:32:02,120 - INFO - [получить_школы_в_районе] - Начало сбора школ для района: Войковский (ID: 4504209512726551)
2025-10-30 19:32:02,707 - INFO - [получить_школы_в_районе] - Загружено 10 школ со страницы 1
2025-10-30 19:32:03,719 - INFO - [получить_школы_в_районе] - Загружено 4 школ со страницы 2
2025-10-30 19:32:04,622 - WARNING - [получить_школы_в_районе] - На странице 3 нет данных в ожидаемом формате
2025-10-30 19:32:05,523 - WARNING - [получить_школы_в_районе] - На странице 4 нет данных в ожидаемом формате
2025-10-30 19:32:06,399 - WARNING - [получить_школы_в_районе] - На странице 5 нет данных в ожидаемом формате
2025-10-30 19:32:06,400 - INFO - [получить_школы_в_районе] - Завершение сбора для района Войковский. Найдено школ: 14
2025-10-30 19:32:06,401 - INFO - [<cell line: 0>] - Район 'Войковский' завершен. Школ: 14
2025-10-30 19:32:07,402 - INFO - [<cell line: 0>] - [20/132] Обработка района: Вороново
2025-10-30 19:32:07,403 - INFO - [получить_школы_в_районе] - Начало сбора школ для района: Вороново (ID: 4504209520931533)
2025-10-30 19:32:07,798 - INFO - [получить_школы_в_районе] - Загружено 8 школ со страницы 1
2025-10-30 19:32:08,682 - WARNING - [получить_школы_в_районе] - На странице 2 нет данных в ожидаемом формате
2025-10-30 19:32:09,577 - WARNING - [получить_школы_в_районе] - На странице 3 нет данных в ожидаемом формате
2025-10-30 19:32:10,464 - WARNING - [получить_школы_в_районе] - На странице 4 нет данных в ожидаемом формате
2025-10-30 19:32:11,373 - WARNING - [получить_школы_в_районе] - На странице 5 нет данных в ожидаемом формате
2025-10-30 19:32:11,374 - INFO - [получить_школы_в_районе] - Завершение сбора для района Вороново. Найдено школ: 8
2025-10-30 19:32:11,375 - INFO - [<cell line: 0>] - Район 'Вороново' завершен. Школ: 8
2025-10-30 19:32:12,376 - INFO - [<cell line: 0>] - [21/132] Обработка района: Восточное Дегунино
2025-10-30 19:32:12,377 - INFO - [получить_школы_в_районе] - Начало сбора школ для района: Восточное Дегунино (ID: 4504209512726544)
2025-10-30 19:32:12,792 - INFO - [получить_школы_в_районе] - Загружено 10 школ со страницы 1
2025-10-30 19:32:13,708 - INFO - [получить_школы_в_районе] - Загружено 6 школ со страницы 2
2025-10-30 19:32:14,614 - WARNING - [получить_школы_в_районе] - На странице 3 нет данных в ожидаемом формате
2025-10-30 19:32:15,502 - WARNING - [получить_школы_в_районе] - На странице 4 нет данных в ожидаемом формате
2025-10-30 19:32:16,381 - WARNING - [получить_школы_в_районе] - На странице 5 нет данных в ожидаемом формате
2025-10-30 19:32:16,382 - INFO - [получить_школы_в_районе] - Завершение сбора для района Восточное Дегунино. Найдено школ: 16
2025-10-30 19:32:16,383 - INFO - [<cell line: 0>] - Район 'Восточное Дегунино' завершен. Школ: 16
2025-10-30 19:32:17,385 - INFO - [<cell line: 0>] - [22/132] Обработка района: Восточное Измайлово
2025-10-30 19:32:17,386 - INFO - [получить_школы_в_районе] - Начало сбора школ для района: Восточное Измайлово (ID: 4504209512726575)
2025-10-30 19:32:17,791 - INFO - [получить_школы_в_районе] - Загружено 10 школ со страницы 1
2025-10-30 19:32:18,684 - INFO - [получить_школы_в_районе] - Загружено 1 школ со страницы 2
2025-10-30 19:32:19,574 - WARNING - [получить_школы_в_районе] - На странице 3 нет данных в ожидаемом формате
2025-10-30 19:32:20,490 - WARNING - [получить_школы_в_районе] - На странице 4 нет данных в ожидаемом формате
2025-10-30 19:32:21,374 - WARNING - [получить_школы_в_районе] - На странице 5 нет данных в ожидаемом формате
2025-10-30 19:32:21,374 - INFO - [получить_школы_в_районе] - Завершение сбора для района Восточное Измайлово. Найдено школ: 11
2025-10-30 19:32:21,376 - INFO - [<cell line: 0>] - Район 'Восточное Измайлово' завершен. Школ: 11
2025-10-30 19:32:22,377 - INFO - [<cell line: 0>] - [23/132] Обработка района: Восточный
2025-10-30 19:32:22,378 - INFO - [получить_школы_в_районе] - Начало сбора школ для района: Восточный (ID: 4504209512726586)
2025-10-30 19:32:22,771 - INFO - [получить_школы_в_районе] - Загружено 5 школ со страницы 1
2025-10-30 19:32:23,656 - WARNING - [получить_школы_в_районе] - На странице 2 нет данных в ожидаемом формате
2025-10-30 19:32:24,534 - WARNING - [получить_школы_в_районе] - На странице 3 нет данных в ожидаемом формате
2025-10-30 19:32:25,419 - WARNING - [получить_школы_в_районе] - На странице 4 нет данных в ожидаемом формате
2025-10-30 19:32:26,332 - WARNING - [получить_школы_в_районе] - На странице 5 нет данных в ожидаемом формате
2025-10-30 19:32:26,333 - INFO - [получить_школы_в_районе] - Завершение сбора для района Восточный. Найдено школ: 5
2025-10-30 19:32:26,335 - INFO - [<cell line: 0>] - Район 'Восточный' завершен. Школ: 5
2025-10-30 19:32:27,336 - INFO - [<cell line: 0>] - [24/132] Обработка района: Выхино-Жулебино
2025-10-30 19:32:27,337 - INFO - [получить_школы_в_районе] - Начало сбора школ для района: Выхино-Жулебино (ID: 4504209512726600)
2025-10-30 19:32:27,744 - INFO - [получить_школы_в_районе] - Загружено 10 школ со страницы 1
2025-10-30 19:32:28,647 - INFO - [получить_школы_в_районе] - Загружено 10 школ со страницы 2
2025-10-30 19:32:29,559 - INFO - [получить_школы_в_районе] - Загружено 10 школ со страницы 3
2025-10-30 19:32:30,458 - INFO - [получить_школы_в_районе] - Загружено 3 школ со страницы 4
2025-10-30 19:32:31,349 - WARNING - [получить_школы_в_районе] - На странице 5 нет данных в ожидаемом формате
2025-10-30 19:32:31,349 - INFO - [получить_школы_в_районе] - Завершение сбора для района Выхино-Жулебино. Найдено школ: 33
2025-10-30 19:32:31,352 - INFO - [<cell line: 0>] - Район 'Выхино-Жулебино' завершен. Школ: 33
2025-10-30 19:32:32,353 - INFO - [<cell line: 0>] - [25/132] Обработка района: Гагаринский
2025-10-30 19:32:32,354 - INFO - [получить_школы_в_районе] - Начало сбора школ для района: Гагаринский (ID: 4504209512726624)
2025-10-30 19:32:32,878 - INFO - [получить_школы_в_районе] - Загружено 10 школ со страницы 1
2025-10-30 19:32:33,910 - INFO - [получить_школы_в_районе] - Загружено 9 школ со страницы 2
2025-10-30 19:32:34,813 - WARNING - [получить_школы_в_районе] - На странице 3 нет данных в ожидаемом формате
2025-10-30 19:32:35,699 - WARNING - [получить_школы_в_районе] - На странице 4 нет данных в ожидаемом формате
2025-10-30 19:32:36,586 - WARNING - [получить_школы_в_районе] - На странице 5 нет данных в ожидаемом формате
2025-10-30 19:32:36,587 - INFO - [получить_школы_в_районе] - Завершение сбора для района Гагаринский. Найдено школ: 19
2025-10-30 19:32:36,589 - INFO - [<cell line: 0>] - Район 'Гагаринский' завершен. Школ: 19
2025-10-30 19:32:37,590 - INFO - [<cell line: 0>] - [26/132] Обработка района: Головинский
2025-10-30 19:32:37,591 - INFO - [получить_школы_в_районе] - Начало сбора школ для района: Головинский (ID: 4504209512726549)
2025-10-30 19:32:38,004 - INFO - [получить_школы_в_районе] - Загружено 10 школ со страницы 1
2025-10-30 19:32:38,930 - INFO - [получить_школы_в_районе] - Загружено 3 школ со страницы 2
2025-10-30 19:32:39,814 - WARNING - [получить_школы_в_районе] - На странице 3 нет данных в ожидаемом формате
2025-10-30 19:32:40,701 - WARNING - [получить_школы_в_районе] - На странице 4 нет данных в ожидаемом формате
2025-10-30 19:32:41,584 - WARNING - [получить_школы_в_районе] - На странице 5 нет данных в ожидаемом формате
2025-10-30 19:32:41,585 - INFO - [получить_школы_в_районе] - Завершение сбора для района Головинский. Найдено школ: 13
2025-10-30 19:32:41,586 - INFO - [<cell line: 0>] - Район 'Головинский' завершен. Школ: 13
2025-10-30 19:32:42,589 - INFO - [<cell line: 0>] - [27/132] Обработка района: Гольяново
2025-10-30 19:32:42,590 - INFO - [получить_школы_в_районе] - Начало сбора школ для района: Гольяново (ID: 4504209512726589)
2025-10-30 19:32:42,984 - INFO - [получить_школы_в_районе] - Загружено 10 школ со страницы 1
2025-10-30 19:32:43,906 - INFO - [получить_школы_в_районе] - Загружено 10 школ со страницы 2
2025-10-30 19:32:44,828 - INFO - [получить_школы_в_районе] - Загружено 6 школ со страницы 3
2025-10-30 19:32:45,727 - WARNING - [получить_школы_в_районе] - На странице 4 нет данных в ожидаемом формате
2025-10-30 19:32:46,643 - WARNING - [получить_школы_в_районе] - На странице 5 нет данных в ожидаемом формате
2025-10-30 19:32:46,644 - INFO - [получить_школы_в_районе] - Завершение сбора для района Гольяново. Найдено школ: 26
2025-10-30 19:32:46,646 - INFO - [<cell line: 0>] - Район 'Гольяново' завершен. Школ: 26
2025-10-30 19:32:47,648 - INFO - [<cell line: 0>] - [28/132] Обработка района: Даниловский
2025-10-30 19:32:47,649 - INFO - [получить_школы_в_районе] - Начало сбора школ для района: Даниловский (ID: 4504209512726602)
2025-10-30 19:32:48,066 - INFO - [получить_школы_в_районе] - Загружено 10 школ со страницы 1
2025-10-30 19:32:48,969 - INFO - [получить_школы_в_районе] - Загружено 10 школ со страницы 2
2025-10-30 19:32:49,865 - INFO - [получить_школы_в_районе] - Загружено 7 школ со страницы 3
2025-10-30 19:32:50,768 - WARNING - [получить_школы_в_районе] - На странице 4 нет данных в ожидаемом формате
2025-10-30 19:32:51,661 - WARNING - [получить_школы_в_районе] - На странице 5 нет данных в ожидаемом формате
2025-10-30 19:32:51,661 - INFO - [получить_школы_в_районе] - Завершение сбора для района Даниловский. Найдено школ: 27
2025-10-30 19:32:51,663 - INFO - [<cell line: 0>] - Район 'Даниловский' завершен. Школ: 27
2025-10-30 19:32:52,664 - INFO - [<cell line: 0>] - [29/132] Обработка района: Дмитровский
2025-10-30 19:32:52,665 - INFO - [получить_школы_в_районе] - Начало сбора школ для района: Дмитровский (ID: 4504209512726545)
2025-10-30 19:32:53,070 - INFO - [получить_школы_в_районе] - Загружено 10 школ со страницы 1
2025-10-30 19:32:53,960 - INFO - [получить_школы_в_районе] - Загружено 3 школ со страницы 2
2025-10-30 19:32:54,845 - WARNING - [получить_школы_в_районе] - На странице 3 нет данных в ожидаемом формате
2025-10-30 19:32:55,752 - WARNING - [получить_школы_в_районе] - На странице 4 нет данных в ожидаемом формате
2025-10-30 19:32:56,653 - WARNING - [получить_школы_в_районе] - На странице 5 нет данных в ожидаемом формате
2025-10-30 19:32:56,654 - INFO - [получить_школы_в_районе] - Завершение сбора для района Дмитровский. Найдено школ: 13
2025-10-30 19:32:56,656 - INFO - [<cell line: 0>] - Район 'Дмитровский' завершен. Школ: 13
2025-10-30 19:32:57,657 - INFO - [<cell line: 0>] - [30/132] Обработка района: Донской
2025-10-30 19:32:57,658 - INFO - [получить_школы_в_районе] - Начало сбора школ для района: Донской (ID: 4504209512726605)
2025-10-30 19:32:58,056 - INFO - [получить_школы_в_районе] - Загружено 10 школ со страницы 1
2025-10-30 19:32:58,948 - INFO - [получить_школы_в_районе] - Загружено 4 школ со страницы 2
2025-10-30 19:32:59,848 - WARNING - [получить_школы_в_районе] - На странице 3 нет данных в ожидаемом формате
2025-10-30 19:33:00,738 - WARNING - [получить_школы_в_районе] - На странице 4 нет данных в ожидаемом формате
2025-10-30 19:33:01,630 - WARNING - [получить_школы_в_районе] - На странице 5 нет данных в ожидаемом формате
2025-10-30 19:33:01,631 - INFO - [получить_школы_в_районе] - Завершение сбора для района Донской. Найдено школ: 14
2025-10-30 19:33:01,634 - INFO - [<cell line: 0>] - Район 'Донской' завершен. Школ: 14
2025-10-30 19:33:02,635 - INFO - [<cell line: 0>] - [31/132] Обработка района: Дорогомилово
2025-10-30 19:33:02,636 - INFO - [получить_школы_в_районе] - Начало сбора школ для района: Дорогомилово (ID: 4504209512726637)
2025-10-30 19:33:03,165 - INFO - [получить_школы_в_районе] - Загружено 10 школ со страницы 1
2025-10-30 19:33:04,161 - INFO - [получить_школы_в_районе] - Загружено 6 школ со страницы 2
2025-10-30 19:33:05,055 - WARNING - [получить_школы_в_районе] - На странице 3 нет данных в ожидаемом формате
2025-10-30 19:33:05,949 - WARNING - [получить_школы_в_районе] - На странице 4 нет данных в ожидаемом формате
2025-10-30 19:33:06,848 - WARNING - [получить_школы_в_районе] - На странице 5 нет данных в ожидаемом формате
2025-10-30 19:33:06,848 - INFO - [получить_школы_в_районе] - Завершение сбора для района Дорогомилово. Найдено школ: 16
2025-10-30 19:33:06,849 - INFO - [<cell line: 0>] - Район 'Дорогомилово' завершен. Школ: 16
2025-10-30 19:33:07,851 - INFO - [<cell line: 0>] - [32/132] Обработка района: Замоскворечье
2025-10-30 19:33:07,852 - INFO - [получить_школы_в_районе] - Начало сбора школ для района: Замоскворечье (ID: 4504209512726532)
2025-10-30 19:33:08,251 - INFO - [получить_школы_в_районе] - Загружено 10 школ со страницы 1
2025-10-30 19:33:09,142 - INFO - [получить_школы_в_районе] - Загружено 4 школ со страницы 2
2025-10-30 19:33:10,037 - WARNING - [получить_школы_в_районе] - На странице 3 нет данных в ожидаемом формате
2025-10-30 19:33:10,932 - WARNING - [получить_школы_в_районе] - На странице 4 нет данных в ожидаемом формате
2025-10-30 19:33:11,827 - WARNING - [получить_школы_в_районе] - На странице 5 нет данных в ожидаемом формате
2025-10-30 19:33:11,828 - INFO - [получить_школы_в_районе] - Завершение сбора для района Замоскворечье. Найдено школ: 14
2025-10-30 19:33:11,830 - INFO - [<cell line: 0>] - Район 'Замоскворечье' завершен. Школ: 14
2025-10-30 19:33:12,831 - INFO - [<cell line: 0>] - [33/132] Обработка района: Западное Дегунино
2025-10-30 19:33:12,832 - INFO - [получить_школы_в_районе] - Начало сбора школ для района: Западное Дегунино (ID: 4504209512726546)
2025-10-30 19:33:13,229 - INFO - [получить_школы_в_районе] - Загружено 10 школ со страницы 1
2025-10-30 19:33:14,146 - WARNING - [получить_школы_в_районе] - На странице 2 нет данных в ожидаемом формате
2025-10-30 19:33:15,041 - WARNING - [получить_школы_в_районе] - На странице 3 нет данных в ожидаемом формате
2025-10-30 19:33:15,930 - WARNING - [получить_школы_в_районе] - На странице 4 нет данных в ожидаемом формате
2025-10-30 19:33:16,865 - WARNING - [получить_школы_в_районе] - На странице 5 нет данных в ожидаемом формате
2025-10-30 19:33:16,866 - INFO - [получить_школы_в_районе] - Завершение сбора для района Западное Дегунино. Найдено школ: 10
2025-10-30 19:33:16,869 - INFO - [<cell line: 0>] - Район 'Западное Дегунино' завершен. Школ: 10
2025-10-30 19:33:17,870 - INFO - [<cell line: 0>] - [34/132] Обработка района: Зюзино
2025-10-30 19:33:17,871 - INFO - [получить_школы_в_районе] - Начало сбора школ для района: Зюзино (ID: 4504209512726628)
2025-10-30 19:33:18,279 - INFO - [получить_школы_в_районе] - Загружено 10 школ со страницы 1
2025-10-30 19:33:19,231 - INFO - [получить_школы_в_районе] - Загружено 10 школ со страницы 2
2025-10-30 19:33:20,114 - WARNING - [получить_школы_в_районе] - На странице 3 нет данных в ожидаемом формате
2025-10-30 19:33:21,019 - WARNING - [получить_школы_в_районе] - На странице 4 нет данных в ожидаемом формате
2025-10-30 19:33:21,933 - WARNING - [получить_школы_в_районе] - На странице 5 нет данных в ожидаемом формате
2025-10-30 19:33:21,933 - INFO - [получить_школы_в_районе] - Завершение сбора для района Зюзино. Найдено школ: 20
2025-10-30 19:33:21,936 - INFO - [<cell line: 0>] - Район 'Зюзино' завершен. Школ: 20
2025-10-30 19:33:22,937 - INFO - [<cell line: 0>] - [35/132] Обработка района: Зябликово
2025-10-30 19:33:22,938 - INFO - [получить_школы_в_районе] - Начало сбора школ для района: Зябликово (ID: 4504209512726617)
2025-10-30 19:33:23,332 - INFO - [получить_школы_в_районе] - Загружено 10 школ со страницы 1
2025-10-30 19:33:24,256 - INFO - [получить_школы_в_районе] - Загружено 10 школ со страницы 2
2025-10-30 19:33:25,146 - INFO - [получить_школы_в_районе] - Загружено 1 школ со страницы 3
2025-10-30 19:33:26,038 - WARNING - [получить_школы_в_районе] - На странице 4 нет данных в ожидаемом формате
2025-10-30 19:33:26,927 - WARNING - [получить_школы_в_районе] - На странице 5 нет данных в ожидаемом формате
2025-10-30 19:33:26,928 - INFO - [получить_школы_в_районе] - Завершение сбора для района Зябликово. Найдено школ: 21
2025-10-30 19:33:26,929 - INFO - [<cell line: 0>] - Район 'Зябликово' завершен. Школ: 21
2025-10-30 19:33:27,930 - INFO - [<cell line: 0>] - [36/132] Обработка района: Ивановское
2025-10-30 19:33:27,931 - INFO - [получить_школы_в_районе] - Начало сбора школ для района: Ивановское (ID: 4504209512726579)
2025-10-30 19:33:28,337 - INFO - [получить_школы_в_районе] - Загружено 10 школ со страницы 1
2025-10-30 19:33:29,235 - INFO - [получить_школы_в_районе] - Загружено 7 школ со страницы 2
2025-10-30 19:33:30,112 - WARNING - [получить_школы_в_районе] - На странице 3 нет данных в ожидаемом формате
2025-10-30 19:33:31,022 - WARNING - [получить_школы_в_районе] - На странице 4 нет данных в ожидаемом формате
2025-10-30 19:33:31,915 - WARNING - [получить_школы_в_районе] - На странице 5 нет данных в ожидаемом формате
2025-10-30 19:33:31,916 - INFO - [получить_школы_в_районе] - Завершение сбора для района Ивановское. Найдено школ: 17
2025-10-30 19:33:31,917 - INFO - [<cell line: 0>] - Район 'Ивановское' завершен. Школ: 17
2025-10-30 19:33:32,918 - INFO - [<cell line: 0>] - [37/132] Обработка района: Измайлово
2025-10-30 19:33:32,919 - INFO - [получить_школы_в_районе] - Начало сбора школ для района: Измайлово (ID: 4504209512726587)
2025-10-30 19:33:33,350 - INFO - [получить_школы_в_районе] - Загружено 10 школ со страницы 1
2025-10-30 19:33:34,442 - INFO - [получить_школы_в_районе] - Загружено 10 школ со страницы 2
2025-10-30 19:33:35,353 - INFO - [получить_школы_в_районе] - Загружено 1 школ со страницы 3
2025-10-30 19:33:36,251 - WARNING - [получить_школы_в_районе] - На странице 4 нет данных в ожидаемом формате
2025-10-30 19:33:37,146 - WARNING - [получить_школы_в_районе] - На странице 5 нет данных в ожидаемом формате
2025-10-30 19:33:37,147 - INFO - [получить_школы_в_районе] - Завершение сбора для района Измайлово. Найдено школ: 21
2025-10-30 19:33:37,150 - INFO - [<cell line: 0>] - Район 'Измайлово' завершен. Школ: 21
2025-10-30 19:33:38,151 - INFO - [<cell line: 0>] - [38/132] Обработка района: Капотня
2025-10-30 19:33:38,153 - INFO - [получить_школы_в_районе] - Начало сбора школ для района: Капотня (ID: 4504209512726597)
2025-10-30 19:33:38,543 - INFO - [получить_школы_в_районе] - Загружено 3 школ со страницы 1
2025-10-30 19:33:39,427 - WARNING - [получить_школы_в_районе] - На странице 2 нет данных в ожидаемом формате
2025-10-30 19:33:40,319 - WARNING - [получить_школы_в_районе] - На странице 3 нет данных в ожидаемом формате
2025-10-30 19:33:41,197 - WARNING - [получить_школы_в_районе] - На странице 4 нет данных в ожидаемом формате
2025-10-30 19:33:42,115 - WARNING - [получить_школы_в_районе] - На странице 5 нет данных в ожидаемом формате
2025-10-30 19:33:42,116 - INFO - [получить_школы_в_районе] - Завершение сбора для района Капотня. Найдено школ: 3
2025-10-30 19:33:42,118 - INFO - [<cell line: 0>] - Район 'Капотня' завершен. Школ: 3
2025-10-30 19:33:43,119 - INFO - [<cell line: 0>] - [39/132] Обработка района: Коммунарка
2025-10-30 19:33:43,120 - INFO - [получить_школы_в_районе] - Начало сбора школ для района: Коммунарка (ID: 4504209520926899)
2025-10-30 19:33:43,519 - INFO - [получить_школы_в_районе] - Загружено 10 школ со страницы 1
2025-10-30 19:33:44,433 - INFO - [получить_школы_в_районе] - Загружено 10 школ со страницы 2
2025-10-30 19:33:45,326 - INFO - [получить_школы_в_районе] - Загружено 10 школ со страницы 3
2025-10-30 19:33:46,216 - WARNING - [получить_школы_в_районе] - На странице 4 нет данных в ожидаемом формате
2025-10-30 19:33:47,103 - WARNING - [получить_школы_в_районе] - На странице 5 нет данных в ожидаемом формате
2025-10-30 19:33:47,105 - INFO - [получить_школы_в_районе] - Завершение сбора для района Коммунарка. Найдено школ: 30
2025-10-30 19:33:47,106 - INFO - [<cell line: 0>] - Район 'Коммунарка' завершен. Школ: 30
2025-10-30 19:33:48,108 - INFO - [<cell line: 0>] - [40/132] Обработка района: Коньково
2025-10-30 19:33:48,109 - INFO - [получить_школы_в_районе] - Начало сбора школ для района: Коньково (ID: 4504209512726629)
2025-10-30 19:33:48,506 - INFO - [получить_школы_в_районе] - Загружено 10 школ со страницы 1
2025-10-30 19:33:49,414 - INFO - [получить_школы_в_районе] - Загружено 10 школ со страницы 2
2025-10-30 19:33:50,311 - INFO - [получить_школы_в_районе] - Загружено 2 школ со страницы 3
2025-10-30 19:33:51,198 - WARNING - [получить_школы_в_районе] - На странице 4 нет данных в ожидаемом формате
2025-10-30 19:33:52,090 - WARNING - [получить_школы_в_районе] - На странице 5 нет данных в ожидаемом формате
2025-10-30 19:33:52,091 - INFO - [получить_школы_в_районе] - Завершение сбора для района Коньково. Найдено школ: 22
2025-10-30 19:33:52,092 - INFO - [<cell line: 0>] - Район 'Коньково' завершен. Школ: 22
2025-10-30 19:33:53,093 - INFO - [<cell line: 0>] - [41/132] Обработка района: Коптево
2025-10-30 19:33:53,094 - INFO - [получить_школы_в_районе] - Начало сбора школ для района: Коптево (ID: 4504209512726550)
2025-10-30 19:33:53,498 - INFO - [получить_школы_в_районе] - Загружено 10 школ со страницы 1
2025-10-30 19:33:54,393 - INFO - [получить_школы_в_районе] - Загружено 10 школ со страницы 2
2025-10-30 19:33:55,284 - INFO - [получить_школы_в_районе] - Загружено 1 школ со страницы 3
2025-10-30 19:33:56,174 - WARNING - [получить_школы_в_районе] - На странице 4 нет данных в ожидаемом формате
2025-10-30 19:33:57,062 - WARNING - [получить_школы_в_районе] - На странице 5 нет данных в ожидаемом формате
2025-10-30 19:33:57,062 - INFO - [получить_школы_в_районе] - Завершение сбора для района Коптево. Найдено школ: 21
2025-10-30 19:33:57,064 - INFO - [<cell line: 0>] - Район 'Коптево' завершен. Школ: 21
2025-10-30 19:33:58,066 - INFO - [<cell line: 0>] - [42/132] Обработка района: Косино-Ухтомский
2025-10-30 19:33:58,067 - INFO - [получить_школы_в_районе] - Начало сбора школ для района: Косино-Ухтомский (ID: 4504209512726577)
2025-10-30 19:33:58,463 - INFO - [получить_школы_в_районе] - Загружено 10 школ со страницы 1
2025-10-30 19:33:59,369 - INFO - [получить_школы_в_районе] - Загружено 4 школ со страницы 2
2025-10-30 19:34:00,253 - WARNING - [получить_школы_в_районе] - На странице 3 нет данных в ожидаемом формате
2025-10-30 19:34:01,132 - WARNING - [получить_школы_в_районе] - На странице 4 нет данных в ожидаемом формате
2025-10-30 19:34:02,039 - WARNING - [получить_школы_в_районе] - На странице 5 нет данных в ожидаемом формате
2025-10-30 19:34:02,040 - INFO - [получить_школы_в_районе] - Завершение сбора для района Косино-Ухтомский. Найдено школ: 14
2025-10-30 19:34:02,041 - INFO - [<cell line: 0>] - Район 'Косино-Ухтомский' завершен. Школ: 14
2025-10-30 19:34:03,043 - INFO - [<cell line: 0>] - [43/132] Обработка района: Котловка
2025-10-30 19:34:03,044 - INFO - [получить_школы_в_районе] - Начало сбора школ для района: Котловка (ID: 4504209512726613)
2025-10-30 19:34:03,599 - INFO - [получить_школы_в_районе] - Загружено 10 школ со страницы 1
2025-10-30 19:34:04,609 - INFO - [получить_школы_в_районе] - Загружено 2 школ со страницы 2
2025-10-30 19:34:05,492 - WARNING - [получить_школы_в_районе] - На странице 3 нет данных в ожидаемом формате
2025-10-30 19:34:06,392 - WARNING - [получить_школы_в_районе] - На странице 4 нет данных в ожидаемом формате
2025-10-30 19:34:07,300 - WARNING - [получить_школы_в_районе] - На странице 5 нет данных в ожидаемом формате
2025-10-30 19:34:07,301 - INFO - [получить_школы_в_районе] - Завершение сбора для района Котловка. Найдено школ: 12
2025-10-30 19:34:07,302 - INFO - [<cell line: 0>] - Район 'Котловка' завершен. Школ: 12
2025-10-30 19:34:08,304 - INFO - [<cell line: 0>] - [44/132] Обработка района: Краснопахорский
2025-10-30 19:34:08,305 - INFO - [получить_школы_в_районе] - Начало сбора школ для района: Краснопахорский (ID: 4504209520933720)
2025-10-30 19:34:08,706 - INFO - [получить_школы_в_районе] - Загружено 10 школ со страницы 1
2025-10-30 19:34:09,595 - INFO - [получить_школы_в_районе] - Загружено 6 школ со страницы 2
2025-10-30 19:34:10,493 - WARNING - [получить_школы_в_районе] - На странице 3 нет данных в ожидаемом формате
2025-10-30 19:34:11,385 - WARNING - [получить_школы_в_районе] - На странице 4 нет данных в ожидаемом формате
2025-10-30 19:34:12,290 - WARNING - [получить_школы_в_районе] - На странице 5 нет данных в ожидаемом формате
2025-10-30 19:34:12,290 - INFO - [получить_школы_в_районе] - Завершение сбора для района Краснопахорский. Найдено школ: 16
2025-10-30 19:34:12,291 - INFO - [<cell line: 0>] - Район 'Краснопахорский' завершен. Школ: 16
2025-10-30 19:34:13,293 - INFO - [<cell line: 0>] - [45/132] Обработка района: Красносельский
2025-10-30 19:34:13,294 - INFO - [получить_школы_в_районе] - Начало сбора школ для района: Красносельский (ID: 4504209512726540)
2025-10-30 19:34:13,711 - INFO - [получить_школы_в_районе] - Загружено 10 школ со страницы 1
2025-10-30 19:34:14,633 - INFO - [получить_школы_в_районе] - Загружено 10 школ со страницы 2
2025-10-30 19:34:15,551 - INFO - [получить_школы_в_районе] - Загружено 3 школ со страницы 3
2025-10-30 19:34:16,452 - WARNING - [получить_школы_в_районе] - На странице 4 нет данных в ожидаемом формате
2025-10-30 19:34:17,341 - WARNING - [получить_школы_в_районе] - На странице 5 нет данных в ожидаемом формате
2025-10-30 19:34:17,342 - INFO - [получить_школы_в_районе] - Завершение сбора для района Красносельский. Найдено школ: 23
2025-10-30 19:34:17,344 - INFO - [<cell line: 0>] - Район 'Красносельский' завершен. Школ: 23
2025-10-30 19:34:18,345 - INFO - [<cell line: 0>] - [46/132] Обработка района: Крылатское
2025-10-30 19:34:18,346 - INFO - [получить_школы_в_районе] - Начало сбора школ для района: Крылатское (ID: 4504209512726635)
2025-10-30 19:34:18,761 - INFO - [получить_школы_в_районе] - Загружено 10 школ со страницы 1
2025-10-30 19:34:19,673 - INFO - [получить_школы_в_районе] - Загружено 4 школ со страницы 2
2025-10-30 19:34:20,557 - WARNING - [получить_школы_в_районе] - На странице 3 нет данных в ожидаемом формате
2025-10-30 19:34:21,435 - WARNING - [получить_школы_в_районе] - На странице 4 нет данных в ожидаемом формате
2025-10-30 19:34:22,330 - WARNING - [получить_школы_в_районе] - На странице 5 нет данных в ожидаемом формате
2025-10-30 19:34:22,331 - INFO - [получить_школы_в_районе] - Завершение сбора для района Крылатское. Найдено школ: 14
2025-10-30 19:34:22,333 - INFO - [<cell line: 0>] - Район 'Крылатское' завершен. Школ: 14
2025-10-30 19:34:23,334 - INFO - [<cell line: 0>] - [47/132] Обработка района: Крюково
2025-10-30 19:34:23,335 - INFO - [получить_школы_в_районе] - Начало сбора школ для района: Крюково (ID: 4504209512726652)
2025-10-30 19:34:23,737 - INFO - [получить_школы_в_районе] - Загружено 10 школ со страницы 1
2025-10-30 19:34:24,632 - INFO - [получить_школы_в_районе] - Загружено 10 школ со страницы 2
2025-10-30 19:34:25,552 - INFO - [получить_школы_в_районе] - Загружено 5 школ со страницы 3
2025-10-30 19:34:26,464 - WARNING - [получить_школы_в_районе] - На странице 4 нет данных в ожидаемом формате
2025-10-30 19:34:27,357 - WARNING - [получить_школы_в_районе] - На странице 5 нет данных в ожидаемом формате
2025-10-30 19:34:27,358 - INFO - [получить_школы_в_районе] - Завершение сбора для района Крюково. Найдено школ: 25
2025-10-30 19:34:27,359 - INFO - [<cell line: 0>] - Район 'Крюково' завершен. Школ: 25
2025-10-30 19:34:28,362 - INFO - [<cell line: 0>] - [48/132] Обработка района: Кузьминки
2025-10-30 19:34:28,363 - INFO - [получить_школы_в_районе] - Начало сбора школ для района: Кузьминки (ID: 4504209512726598)
2025-10-30 19:34:28,771 - INFO - [получить_школы_в_районе] - Загружено 10 школ со страницы 1
2025-10-30 19:34:29,665 - INFO - [получить_школы_в_районе] - Загружено 10 школ со страницы 2
2025-10-30 19:34:30,560 - WARNING - [получить_школы_в_районе] - На странице 3 нет данных в ожидаемом формате
2025-10-30 19:34:31,447 - WARNING - [получить_школы_в_районе] - На странице 4 нет данных в ожидаемом формате
2025-10-30 19:34:32,331 - WARNING - [получить_школы_в_районе] - На странице 5 нет данных в ожидаемом формате
2025-10-30 19:34:32,332 - INFO - [получить_школы_в_районе] - Завершение сбора для района Кузьминки. Найдено школ: 20
2025-10-30 19:34:32,335 - INFO - [<cell line: 0>] - Район 'Кузьминки' завершен. Школ: 20
2025-10-30 19:34:33,336 - INFO - [<cell line: 0>] - [49/132] Обработка района: Кунцево
2025-10-30 19:34:33,337 - INFO - [получить_школы_в_районе] - Начало сбора школ для района: Кунцево (ID: 4504209512726634)
2025-10-30 19:34:33,835 - INFO - [получить_школы_в_районе] - Загружено 10 школ со страницы 1
2025-10-30 19:34:34,940 - INFO - [получить_школы_в_районе] - Загружено 10 школ со страницы 2
2025-10-30 19:34:35,850 - INFO - [получить_школы_в_районе] - Загружено 10 школ со страницы 3
2025-10-30 19:34:36,740 - WARNING - [получить_школы_в_районе] - На странице 4 нет данных в ожидаемом формате
2025-10-30 19:34:37,656 - WARNING - [получить_школы_в_районе] - На странице 5 нет данных в ожидаемом формате
2025-10-30 19:34:37,658 - INFO - [получить_школы_в_районе] - Завершение сбора для района Кунцево. Найдено школ: 30
2025-10-30 19:34:37,660 - INFO - [<cell line: 0>] - Район 'Кунцево' завершен. Школ: 30
2025-10-30 19:34:38,662 - INFO - [<cell line: 0>] - [50/132] Обработка района: Куркино
2025-10-30 19:34:38,663 - INFO - [получить_школы_в_районе] - Начало сбора школ для района: Куркино (ID: 4504209512726651)
2025-10-30 19:34:39,087 - INFO - [получить_школы_в_районе] - Загружено 10 школ со страницы 1
2025-10-30 19:34:39,985 - INFO - [получить_школы_в_районе] - Загружено 6 школ со страницы 2
2025-10-30 19:34:40,892 - WARNING - [получить_школы_в_районе] - На странице 3 нет данных в ожидаемом формате
2025-10-30 19:34:41,790 - WARNING - [получить_школы_в_районе] - На странице 4 нет данных в ожидаемом формате
2025-10-30 19:34:42,680 - WARNING - [получить_школы_в_районе] - На странице 5 нет данных в ожидаемом формате
2025-10-30 19:34:42,681 - INFO - [получить_школы_в_районе] - Завершение сбора для района Куркино. Найдено школ: 16
2025-10-30 19:34:42,683 - INFO - [<cell line: 0>] - Район 'Куркино' завершен. Школ: 16
2025-10-30 19:34:43,685 - INFO - [<cell line: 0>] - [51/132] Обработка района: Левобережный
2025-10-30 19:34:43,686 - INFO - [получить_школы_в_районе] - Начало сбора школ для района: Левобережный (ID: 4504209512726554)
2025-10-30 19:34:44,092 - INFO - [получить_школы_в_районе] - Загружено 9 школ со страницы 1
2025-10-30 19:34:44,978 - WARNING - [получить_школы_в_районе] - На странице 2 нет данных в ожидаемом формате
2025-10-30 19:34:45,870 - WARNING - [получить_школы_в_районе] - На странице 3 нет данных в ожидаемом формате
2025-10-30 19:34:46,787 - WARNING - [получить_школы_в_районе] - На странице 4 нет данных в ожидаемом формате
2025-10-30 19:34:47,675 - WARNING - [получить_школы_в_районе] - На странице 5 нет данных в ожидаемом формате
2025-10-30 19:34:47,676 - INFO - [получить_школы_в_районе] - Завершение сбора для района Левобережный. Найдено школ: 9
2025-10-30 19:34:47,678 - INFO - [<cell line: 0>] - Район 'Левобережный' завершен. Школ: 9
2025-10-30 19:34:48,679 - INFO - [<cell line: 0>] - [52/132] Обработка района: Лефортово
2025-10-30 19:34:48,680 - INFO - [получить_школы_в_районе] - Начало сбора школ для района: Лефортово (ID: 4504209512726590)
2025-10-30 19:34:49,088 - INFO - [получить_школы_в_районе] - Загружено 10 школ со страницы 1
2025-10-30 19:34:49,988 - INFO - [получить_школы_в_районе] - Загружено 9 школ со страницы 2
2025-10-30 19:34:50,889 - WARNING - [получить_школы_в_районе] - На странице 3 нет данных в ожидаемом формате
2025-10-30 19:34:51,780 - WARNING - [получить_школы_в_районе] - На странице 4 нет данных в ожидаемом формате
2025-10-30 19:34:52,668 - WARNING - [получить_школы_в_районе] - На странице 5 нет данных в ожидаемом формате
2025-10-30 19:34:52,669 - INFO - [получить_школы_в_районе] - Завершение сбора для района Лефортово. Найдено школ: 19
2025-10-30 19:34:52,670 - INFO - [<cell line: 0>] - Район 'Лефортово' завершен. Школ: 19
2025-10-30 19:34:53,671 - INFO - [<cell line: 0>] - [53/132] Обработка района: Лианозово
2025-10-30 19:34:53,672 - INFO - [получить_школы_в_районе] - Начало сбора школ для района: Лианозово (ID: 4504209512726559)
2025-10-30 19:34:54,076 - INFO - [получить_школы_в_районе] - Загружено 10 школ со страницы 1
2025-10-30 19:34:54,972 - INFO - [получить_школы_в_районе] - Загружено 10 школ со страницы 2
2025-10-30 19:34:55,874 - INFO - [получить_школы_в_районе] - Загружено 4 школ со страницы 3
2025-10-30 19:34:56,770 - WARNING - [получить_школы_в_районе] - На странице 4 нет данных в ожидаемом формате
2025-10-30 19:34:57,671 - WARNING - [получить_школы_в_районе] - На странице 5 нет данных в ожидаемом формате
2025-10-30 19:34:57,672 - INFO - [получить_школы_в_районе] - Завершение сбора для района Лианозово. Найдено школ: 24
2025-10-30 19:34:57,674 - INFO - [<cell line: 0>] - Район 'Лианозово' завершен. Школ: 24
2025-10-30 19:34:58,676 - INFO - [<cell line: 0>] - [54/132] Обработка района: Ломоносовский
2025-10-30 19:34:58,677 - INFO - [получить_школы_в_районе] - Начало сбора школ для района: Ломоносовский (ID: 4504209512726623)
2025-10-30 19:34:59,097 - INFO - [получить_школы_в_районе] - Загружено 10 школ со страницы 1
2025-10-30 19:34:59,995 - INFO - [получить_школы_в_районе] - Загружено 10 школ со страницы 2
2025-10-30 19:35:00,893 - INFO - [получить_школы_в_районе] - Загружено 10 школ со страницы 3
2025-10-30 19:35:01,798 - INFO - [получить_школы_в_районе] - Загружено 2 школ со страницы 4
2025-10-30 19:35:02,695 - WARNING - [получить_школы_в_районе] - На странице 5 нет данных в ожидаемом формате
2025-10-30 19:35:02,696 - INFO - [получить_школы_в_районе] - Завершение сбора для района Ломоносовский. Найдено школ: 32
2025-10-30 19:35:02,698 - INFO - [<cell line: 0>] - Район 'Ломоносовский' завершен. Школ: 32
2025-10-30 19:35:03,700 - INFO - [<cell line: 0>] - [55/132] Обработка района: Лосиноостровский
2025-10-30 19:35:03,701 - INFO - [получить_школы_в_районе] - Начало сбора школ для района: Лосиноостровский (ID: 4504209512726560)
2025-10-30 19:35:04,110 - INFO - [получить_школы_в_районе] - Загружено 10 школ со страницы 1
2025-10-30 19:35:05,120 - INFO - [получить_школы_в_районе] - Загружено 2 школ со страницы 2
2025-10-30 19:35:06,011 - WARNING - [получить_школы_в_районе] - На странице 3 нет данных в ожидаемом формате
2025-10-30 19:35:06,896 - WARNING - [получить_школы_в_районе] - На странице 4 нет данных в ожидаемом формате
2025-10-30 19:35:07,784 - WARNING - [получить_школы_в_районе] - На странице 5 нет данных в ожидаемом формате
2025-10-30 19:35:07,785 - INFO - [получить_школы_в_районе] - Завершение сбора для района Лосиноостровский. Найдено школ: 12
2025-10-30 19:35:07,786 - INFO - [<cell line: 0>] - Район 'Лосиноостровский' завершен. Школ: 12
2025-10-30 19:35:08,787 - INFO - [<cell line: 0>] - [56/132] Обработка района: Люблино
2025-10-30 19:35:08,788 - INFO - [получить_школы_в_районе] - Начало сбора школ для района: Люблино (ID: 70030077079195278)
2025-10-30 19:35:09,188 - INFO - [получить_школы_в_районе] - Загружено 10 школ со страницы 1
2025-10-30 19:35:10,109 - INFO - [получить_школы_в_районе] - Загружено 10 школ со страницы 2
2025-10-30 19:35:11,016 - INFO - [получить_школы_в_районе] - Загружено 10 школ со страницы 3
2025-10-30 19:35:11,914 - INFO - [получить_школы_в_районе] - Загружено 2 школ со страницы 4
2025-10-30 19:35:12,815 - WARNING - [получить_школы_в_районе] - На странице 5 нет данных в ожидаемом формате
2025-10-30 19:35:12,816 - INFO - [получить_школы_в_районе] - Завершение сбора для района Люблино. Найдено школ: 32
2025-10-30 19:35:12,819 - INFO - [<cell line: 0>] - Район 'Люблино' завершен. Школ: 32
2025-10-30 19:35:13,820 - INFO - [<cell line: 0>] - [57/132] Обработка района: Марфино
2025-10-30 19:35:13,821 - INFO - [получить_школы_в_районе] - Начало сбора школ для района: Марфино (ID: 4504209512726570)
2025-10-30 19:35:14,224 - INFO - [получить_школы_в_районе] - Загружено 5 школ со страницы 1
2025-10-30 19:35:15,113 - WARNING - [получить_школы_в_районе] - На странице 2 нет данных в ожидаемом формате
2025-10-30 19:35:16,015 - WARNING - [получить_школы_в_районе] - На странице 3 нет данных в ожидаемом формате
2025-10-30 19:35:16,901 - WARNING - [получить_школы_в_районе] - На странице 4 нет данных в ожидаемом формате
2025-10-30 19:35:17,797 - WARNING - [получить_школы_в_районе] - На странице 5 нет данных в ожидаемом формате
2025-10-30 19:35:17,798 - INFO - [получить_школы_в_районе] - Завершение сбора для района Марфино. Найдено школ: 5
2025-10-30 19:35:17,801 - INFO - [<cell line: 0>] - Район 'Марфино' завершен. Школ: 5
2025-10-30 19:35:18,802 - INFO - [<cell line: 0>] - [58/132] Обработка района: Марьина Роща
2025-10-30 19:35:18,803 - INFO - [получить_школы_в_районе] - Начало сбора школ для района: Марьина Роща (ID: 4504209512726571)
2025-10-30 19:35:19,197 - INFO - [получить_школы_в_районе] - Загружено 10 школ со страницы 1
2025-10-30 19:35:20,107 - INFO - [получить_школы_в_районе] - Загружено 3 школ со страницы 2
2025-10-30 19:35:20,982 - WARNING - [получить_школы_в_районе] - На странице 3 нет данных в ожидаемом формате
2025-10-30 19:35:21,863 - WARNING - [получить_школы_в_районе] - На странице 4 нет данных в ожидаемом формате
2025-10-30 19:35:22,768 - WARNING - [получить_школы_в_районе] - На странице 5 нет данных в ожидаемом формате
2025-10-30 19:35:22,769 - INFO - [получить_школы_в_районе] - Завершение сбора для района Марьина Роща. Найдено школ: 13
2025-10-30 19:35:22,772 - INFO - [<cell line: 0>] - Район 'Марьина Роща' завершен. Школ: 13
2025-10-30 19:35:23,773 - INFO - [<cell line: 0>] - [59/132] Обработка района: Марьино
2025-10-30 19:35:23,774 - INFO - [получить_школы_в_районе] - Начало сбора школ для района: Марьино (ID: 4504209512726596)
2025-10-30 19:35:24,164 - INFO - [получить_школы_в_районе] - Загружено 10 школ со страницы 1
2025-10-30 19:35:25,083 - INFO - [получить_школы_в_районе] - Загружено 10 школ со страницы 2
2025-10-30 19:35:25,974 - INFO - [получить_школы_в_районе] - Загружено 10 школ со страницы 3
2025-10-30 19:35:26,871 - INFO - [получить_школы_в_районе] - Загружено 10 школ со страницы 4
2025-10-30 19:35:27,778 - INFO - [получить_школы_в_районе] - Загружено 1 школ со страницы 5
2025-10-30 19:35:27,778 - INFO - [получить_школы_в_районе] - Завершение сбора для района Марьино. Найдено школ: 41
2025-10-30 19:35:27,781 - INFO - [<cell line: 0>] - Район 'Марьино' завершен. Школ: 41
2025-10-30 19:35:28,782 - INFO - [<cell line: 0>] - [60/132] Обработка района: Матушкино
2025-10-30 19:35:28,783 - INFO - [получить_школы_в_районе] - Начало сбора школ для района: Матушкино (ID: 4504209512726657)
2025-10-30 19:35:29,195 - INFO - [получить_школы_в_районе] - Загружено 10 школ со страницы 1
2025-10-30 19:35:30,088 - INFO - [получить_школы_в_районе] - Загружено 6 школ со страницы 2
2025-10-30 19:35:30,966 - WARNING - [получить_школы_в_районе] - На странице 3 нет данных в ожидаемом формате
2025-10-30 19:35:31,875 - WARNING - [получить_школы_в_районе] - На странице 4 нет данных в ожидаемом формате
2025-10-30 19:35:32,759 - WARNING - [получить_школы_в_районе] - На странице 5 нет данных в ожидаемом формате
2025-10-30 19:35:32,760 - INFO - [получить_школы_в_районе] - Завершение сбора для района Матушкино. Найдено школ: 16
2025-10-30 19:35:32,763 - INFO - [<cell line: 0>] - Район 'Матушкино' завершен. Школ: 16
2025-10-30 19:35:33,764 - INFO - [<cell line: 0>] - [61/132] Обработка района: Метрогородок
2025-10-30 19:35:33,765 - INFO - [получить_школы_в_районе] - Начало сбора школ для района: Метрогородок (ID: 4504209512726588)
2025-10-30 19:35:34,170 - INFO - [получить_школы_в_районе] - Загружено 9 школ со страницы 1
2025-10-30 19:35:35,173 - WARNING - [получить_школы_в_районе] - На странице 2 нет данных в ожидаемом формате
2025-10-30 19:35:36,075 - WARNING - [получить_школы_в_районе] - На странице 3 нет данных в ожидаемом формате
2025-10-30 19:35:36,957 - WARNING - [получить_школы_в_районе] - На странице 4 нет данных в ожидаемом формате
2025-10-30 19:35:37,851 - WARNING - [получить_школы_в_районе] - На странице 5 нет данных в ожидаемом формате
2025-10-30 19:35:37,851 - INFO - [получить_школы_в_районе] - Завершение сбора для района Метрогородок. Найдено школ: 9
2025-10-30 19:35:37,853 - INFO - [<cell line: 0>] - Район 'Метрогородок' завершен. Школ: 9
2025-10-30 19:35:38,855 - INFO - [<cell line: 0>] - [62/132] Обработка района: Мещанский
2025-10-30 19:35:38,855 - INFO - [получить_школы_в_районе] - Начало сбора школ для района: Мещанский (ID: 4504209512726535)
2025-10-30 19:35:39,274 - INFO - [получить_школы_в_районе] - Загружено 10 школ со страницы 1
2025-10-30 19:35:40,187 - INFO - [получить_школы_в_районе] - Загружено 6 школ со страницы 2
2025-10-30 19:35:41,078 - WARNING - [получить_школы_в_районе] - На странице 3 нет данных в ожидаемом формате
2025-10-30 19:35:41,975 - WARNING - [получить_школы_в_районе] - На странице 4 нет данных в ожидаемом формате
2025-10-30 19:35:42,865 - WARNING - [получить_школы_в_районе] - На странице 5 нет данных в ожидаемом формате
2025-10-30 19:35:42,865 - INFO - [получить_школы_в_районе] - Завершение сбора для района Мещанский. Найдено школ: 16
2025-10-30 19:35:42,867 - INFO - [<cell line: 0>] - Район 'Мещанский' завершен. Школ: 16
2025-10-30 19:35:43,868 - INFO - [<cell line: 0>] - [63/132] Обработка района: Митино
2025-10-30 19:35:43,869 - INFO - [получить_школы_в_районе] - Начало сбора школ для района: Митино (ID: 4504209512726645)
2025-10-30 19:35:44,274 - INFO - [получить_школы_в_районе] - Загружено 10 школ со страницы 1
2025-10-30 19:35:45,165 - INFO - [получить_школы_в_районе] - Загружено 10 школ со страницы 2
2025-10-30 19:35:46,064 - INFO - [получить_школы_в_районе] - Загружено 8 школ со страницы 3
2025-10-30 19:35:46,949 - WARNING - [получить_школы_в_районе] - На странице 4 нет данных в ожидаемом формате
2025-10-30 19:35:47,843 - WARNING - [получить_школы_в_районе] - На странице 5 нет данных в ожидаемом формате
2025-10-30 19:35:47,844 - INFO - [получить_школы_в_районе] - Завершение сбора для района Митино. Найдено школ: 28
2025-10-30 19:35:47,845 - INFO - [<cell line: 0>] - Район 'Митино' завершен. Школ: 28
2025-10-30 19:35:48,848 - INFO - [<cell line: 0>] - [64/132] Обработка района: Можайский
2025-10-30 19:35:48,849 - INFO - [получить_школы_в_районе] - Начало сбора школ для района: Можайский (ID: 4504209512726633)
2025-10-30 19:35:49,243 - INFO - [получить_школы_в_районе] - Загружено 10 школ со страницы 1
2025-10-30 19:35:50,144 - INFO - [получить_школы_в_районе] - Загружено 10 школ со страницы 2
2025-10-30 19:35:51,025 - INFO - [получить_школы_в_районе] - Загружено 2 школ со страницы 3
2025-10-30 19:35:51,906 - WARNING - [получить_школы_в_районе] - На странице 4 нет данных в ожидаемом формате
2025-10-30 19:35:52,819 - WARNING - [получить_школы_в_районе] - На странице 5 нет данных в ожидаемом формате
2025-10-30 19:35:52,820 - INFO - [получить_школы_в_районе] - Завершение сбора для района Можайский. Найдено школ: 22
2025-10-30 19:35:52,821 - INFO - [<cell line: 0>] - Район 'Можайский' завершен. Школ: 22
2025-10-30 19:35:53,823 - INFO - [<cell line: 0>] - [65/132] Обработка района: Молжаниновский
2025-10-30 19:35:53,824 - INFO - [получить_школы_в_районе] - Начало сбора школ для района: Молжаниновский (ID: 4504209512726654)
2025-10-30 19:35:54,234 - INFO - [получить_школы_в_районе] - Загружено 3 школ со страницы 1
2025-10-30 19:35:55,124 - WARNING - [получить_школы_в_районе] - На странице 2 нет данных в ожидаемом формате
2025-10-30 19:35:56,010 - WARNING - [получить_школы_в_районе] - На странице 3 нет данных в ожидаемом формате
2025-10-30 19:35:56,890 - WARNING - [получить_школы_в_районе] - На странице 4 нет данных в ожидаемом формате
2025-10-30 19:35:57,789 - WARNING - [получить_школы_в_районе] - На странице 5 нет данных в ожидаемом формате
2025-10-30 19:35:57,790 - INFO - [получить_школы_в_районе] - Завершение сбора для района Молжаниновский. Найдено школ: 3
2025-10-30 19:35:57,792 - INFO - [<cell line: 0>] - Район 'Молжаниновский' завершен. Школ: 3
2025-10-30 19:35:58,793 - INFO - [<cell line: 0>] - [66/132] Обработка района: Москворечье-Сабурово
2025-10-30 19:35:58,794 - INFO - [получить_школы_в_районе] - Начало сбора школ для района: Москворечье-Сабурово (ID: 4504209512726607)
2025-10-30 19:35:59,191 - INFO - [получить_школы_в_районе] - Загружено 10 школ со страницы 1
2025-10-30 19:36:00,109 - INFO - [получить_школы_в_районе] - Загружено 5 школ со страницы 2
2025-10-30 19:36:01,007 - WARNING - [получить_школы_в_районе] - На странице 3 нет данных в ожидаемом формате
2025-10-30 19:36:01,925 - WARNING - [получить_школы_в_районе] - На странице 4 нет данных в ожидаемом формате
2025-10-30 19:36:02,816 - WARNING - [получить_школы_в_районе] - На странице 5 нет данных в ожидаемом формате
2025-10-30 19:36:02,816 - INFO - [получить_школы_в_районе] - Завершение сбора для района Москворечье-Сабурово. Найдено школ: 15
2025-10-30 19:36:02,818 - INFO - [<cell line: 0>] - Район 'Москворечье-Сабурово' завершен. Школ: 15
2025-10-30 19:36:03,819 - INFO - [<cell line: 0>] - [67/132] Обработка района: Нагатино-Садовники
2025-10-30 19:36:03,819 - INFO - [получить_школы_в_районе] - Начало сбора школ для района: Нагатино-Садовники (ID: 4504209512726604)
2025-10-30 19:36:04,239 - INFO - [получить_школы_в_районе] - Загружено 10 школ со страницы 1
2025-10-30 19:36:05,268 - INFO - [получить_школы_в_районе] - Загружено 10 школ со страницы 2
2025-10-30 19:36:06,157 - INFO - [получить_школы_в_районе] - Загружено 7 школ со страницы 3
2025-10-30 19:36:07,050 - WARNING - [получить_школы_в_районе] - На странице 4 нет данных в ожидаемом формате
2025-10-30 19:36:07,943 - WARNING - [получить_школы_в_районе] - На странице 5 нет данных в ожидаемом формате
2025-10-30 19:36:07,944 - INFO - [получить_школы_в_районе] - Завершение сбора для района Нагатино-Садовники. Найдено школ: 27
2025-10-30 19:36:07,946 - INFO - [<cell line: 0>] - Район 'Нагатино-Садовники' завершен. Школ: 27
2025-10-30 19:36:08,948 - INFO - [<cell line: 0>] - [68/132] Обработка района: Нагатинский Затон
2025-10-30 19:36:08,949 - INFO - [получить_школы_в_районе] - Начало сбора школ для района: Нагатинский Затон (ID: 4504209512726603)
2025-10-30 19:36:09,398 - INFO - [получить_школы_в_районе] - Загружено 10 школ со страницы 1
2025-10-30 19:36:10,302 - INFO - [получить_школы_в_районе] - Загружено 7 школ со страницы 2
2025-10-30 19:36:11,209 - WARNING - [получить_школы_в_районе] - На странице 3 нет данных в ожидаемом формате
2025-10-30 19:36:12,115 - WARNING - [получить_школы_в_районе] - На странице 4 нет данных в ожидаемом формате
2025-10-30 19:36:13,011 - WARNING - [получить_школы_в_районе] - На странице 5 нет данных в ожидаемом формате
2025-10-30 19:36:13,012 - INFO - [получить_школы_в_районе] - Завершение сбора для района Нагатинский Затон. Найдено школ: 17
2025-10-30 19:36:13,014 - INFO - [<cell line: 0>] - Район 'Нагатинский Затон' завершен. Школ: 17
2025-10-30 19:36:14,017 - INFO - [<cell line: 0>] - [69/132] Обработка района: Нагорный
2025-10-30 19:36:14,018 - INFO - [получить_школы_в_районе] - Начало сбора школ для района: Нагорный (ID: 4504209512726606)
2025-10-30 19:36:14,404 - INFO - [получить_школы_в_районе] - Загружено 10 школ со страницы 1
2025-10-30 19:36:15,324 - INFO - [получить_школы_в_районе] - Загружено 5 школ со страницы 2
2025-10-30 19:36:16,220 - WARNING - [получить_школы_в_районе] - На странице 3 нет данных в ожидаемом формате
2025-10-30 19:36:17,131 - WARNING - [получить_школы_в_районе] - На странице 4 нет данных в ожидаемом формате
2025-10-30 19:36:18,016 - WARNING - [получить_школы_в_районе] - На странице 5 нет данных в ожидаемом формате
2025-10-30 19:36:18,017 - INFO - [получить_школы_в_районе] - Завершение сбора для района Нагорный. Найдено школ: 15
2025-10-30 19:36:18,020 - INFO - [<cell line: 0>] - Район 'Нагорный' завершен. Школ: 15
2025-10-30 19:36:19,021 - INFO - [<cell line: 0>] - [70/132] Обработка района: Некрасовка
2025-10-30 19:36:19,022 - INFO - [получить_школы_в_районе] - Начало сбора школ для района: Некрасовка (ID: 4504209512726599)
2025-10-30 19:36:19,439 - INFO - [получить_школы_в_районе] - Загружено 10 школ со страницы 1
2025-10-30 19:36:20,334 - INFO - [получить_школы_в_районе] - Загружено 4 школ со страницы 2
2025-10-30 19:36:21,222 - WARNING - [получить_школы_в_районе] - На странице 3 нет данных в ожидаемом формате
2025-10-30 19:36:22,129 - WARNING - [получить_школы_в_районе] - На странице 4 нет данных в ожидаемом формате
2025-10-30 19:36:23,016 - WARNING - [получить_школы_в_районе] - На странице 5 нет данных в ожидаемом формате
2025-10-30 19:36:23,017 - INFO - [получить_школы_в_районе] - Завершение сбора для района Некрасовка. Найдено школ: 14
2025-10-30 19:36:23,020 - INFO - [<cell line: 0>] - Район 'Некрасовка' завершен. Школ: 14
2025-10-30 19:36:24,021 - INFO - [<cell line: 0>] - [71/132] Обработка района: Нижегородский
2025-10-30 19:36:24,022 - INFO - [получить_школы_в_районе] - Начало сбора школ для района: Нижегородский (ID: 4504209512726591)
2025-10-30 19:36:24,435 - INFO - [получить_школы_в_районе] - Загружено 9 школ со страницы 1
2025-10-30 19:36:25,318 - WARNING - [получить_школы_в_районе] - На странице 2 нет данных в ожидаемом формате
2025-10-30 19:36:26,221 - WARNING - [получить_школы_в_районе] - На странице 3 нет данных в ожидаемом формате
2025-10-30 19:36:27,104 - WARNING - [получить_школы_в_районе] - На странице 4 нет данных в ожидаемом формате
2025-10-30 19:36:27,990 - WARNING - [получить_школы_в_районе] - На странице 5 нет данных в ожидаемом формате
2025-10-30 19:36:27,991 - INFO - [получить_школы_в_районе] - Завершение сбора для района Нижегородский. Найдено школ: 9
2025-10-30 19:36:27,993 - INFO - [<cell line: 0>] - Район 'Нижегородский' завершен. Школ: 9
2025-10-30 19:36:28,995 - INFO - [<cell line: 0>] - [72/132] Обработка района: Новогиреево
2025-10-30 19:36:28,996 - INFO - [получить_школы_в_районе] - Начало сбора школ для района: Новогиреево (ID: 4504209512726580)
2025-10-30 19:36:29,390 - INFO - [получить_школы_в_районе] - Загружено 10 школ со страницы 1
2025-10-30 19:36:30,288 - INFO - [получить_школы_в_районе] - Загружено 10 школ со страницы 2
2025-10-30 19:36:31,269 - INFO - [получить_школы_в_районе] - Загружено 2 школ со страницы 3
2025-10-30 19:36:32,180 - WARNING - [получить_школы_в_районе] - На странице 4 нет данных в ожидаемом формате
2025-10-30 19:36:33,073 - WARNING - [получить_школы_в_районе] - На странице 5 нет данных в ожидаемом формате
2025-10-30 19:36:33,074 - INFO - [получить_школы_в_районе] - Завершение сбора для района Новогиреево. Найдено школ: 22
2025-10-30 19:36:33,075 - INFO - [<cell line: 0>] - Район 'Новогиреево' завершен. Школ: 22
2025-10-30 19:36:34,076 - INFO - [<cell line: 0>] - [73/132] Обработка района: Новокосино
2025-10-30 19:36:34,078 - INFO - [получить_школы_в_районе] - Начало сбора школ для района: Новокосино (ID: 4504209512726576)
2025-10-30 19:36:34,574 - INFO - [получить_школы_в_районе] - Загружено 10 школ со страницы 1
2025-10-30 19:36:35,571 - INFO - [получить_школы_в_районе] - Загружено 9 школ со страницы 2
2025-10-30 19:36:36,467 - WARNING - [получить_школы_в_районе] - На странице 3 нет данных в ожидаемом формате
2025-10-30 19:36:37,347 - WARNING - [получить_школы_в_районе] - На странице 4 нет данных в ожидаемом формате
2025-10-30 19:36:38,228 - WARNING - [получить_школы_в_районе] - На странице 5 нет данных в ожидаемом формате
2025-10-30 19:36:38,229 - INFO - [получить_школы_в_районе] - Завершение сбора для района Новокосино. Найдено школ: 19
2025-10-30 19:36:38,230 - INFO - [<cell line: 0>] - Район 'Новокосино' завершен. Школ: 19
2025-10-30 19:36:39,232 - INFO - [<cell line: 0>] - [74/132] Обработка района: Ново-Переделкино
2025-10-30 19:36:39,233 - INFO - [получить_школы_в_районе] - Начало сбора школ для района: Ново-Переделкино (ID: 4504209512726641)
2025-10-30 19:36:39,633 - INFO - [получить_школы_в_районе] - Загружено 10 школ со страницы 1
2025-10-30 19:36:40,516 - INFO - [получить_школы_в_районе] - Загружено 9 школ со страницы 2
2025-10-30 19:36:41,405 - WARNING - [получить_школы_в_районе] - На странице 3 нет данных в ожидаемом формате
2025-10-30 19:36:42,287 - WARNING - [получить_школы_в_районе] - На странице 4 нет данных в ожидаемом формате
2025-10-30 19:36:43,194 - WARNING - [получить_школы_в_районе] - На странице 5 нет данных в ожидаемом формате
2025-10-30 19:36:43,195 - INFO - [получить_школы_в_районе] - Завершение сбора для района Ново-Переделкино. Найдено школ: 19
2025-10-30 19:36:43,197 - INFO - [<cell line: 0>] - Район 'Ново-Переделкино' завершен. Школ: 19
2025-10-30 19:36:44,198 - INFO - [<cell line: 0>] - [75/132] Обработка района: Обручевский
2025-10-30 19:36:44,199 - INFO - [получить_школы_в_районе] - Начало сбора школ для района: Обручевский (ID: 4504209512726622)
2025-10-30 19:36:44,596 - INFO - [получить_школы_в_районе] - Загружено 10 школ со страницы 1
2025-10-30 19:36:45,498 - INFO - [получить_школы_в_районе] - Загружено 4 школ со страницы 2
2025-10-30 19:36:46,385 - WARNING - [получить_школы_в_районе] - На странице 3 нет данных в ожидаемом формате
2025-10-30 19:36:47,279 - WARNING - [получить_школы_в_районе] - На странице 4 нет данных в ожидаемом формате
2025-10-30 19:36:48,202 - WARNING - [получить_школы_в_районе] - На странице 5 нет данных в ожидаемом формате
2025-10-30 19:36:48,203 - INFO - [получить_школы_в_районе] - Завершение сбора для района Обручевский. Найдено школ: 14
2025-10-30 19:36:48,206 - INFO - [<cell line: 0>] - Район 'Обручевский' завершен. Школ: 14
2025-10-30 19:36:49,207 - INFO - [<cell line: 0>] - [76/132] Обработка района: Орехово-Борисово Северное
2025-10-30 19:36:49,208 - INFO - [получить_школы_в_районе] - Начало сбора школ для района: Орехово-Борисово Северное (ID: 4504209512726616)
2025-10-30 19:36:49,608 - INFO - [получить_школы_в_районе] - Загружено 10 школ со страницы 1
2025-10-30 19:36:50,518 - INFO - [получить_школы_в_районе] - Загружено 7 школ со страницы 2
2025-10-30 19:36:51,415 - WARNING - [получить_школы_в_районе] - На странице 3 нет данных в ожидаемом формате
2025-10-30 19:36:52,301 - WARNING - [получить_школы_в_районе] - На странице 4 нет данных в ожидаемом формате
2025-10-30 19:36:53,194 - WARNING - [получить_школы_в_районе] - На странице 5 нет данных в ожидаемом формате
2025-10-30 19:36:53,195 - INFO - [получить_школы_в_районе] - Завершение сбора для района Орехово-Борисово Северное. Найдено школ: 17
2025-10-30 19:36:53,196 - INFO - [<cell line: 0>] - Район 'Орехово-Борисово Северное' завершен. Школ: 17
2025-10-30 19:36:54,198 - INFO - [<cell line: 0>] - [77/132] Обработка района: Орехово-Борисово Южное
2025-10-30 19:36:54,199 - INFO - [получить_школы_в_районе] - Начало сбора школ для района: Орехово-Борисово Южное (ID: 4504209512726610)
2025-10-30 19:36:54,594 - INFO - [получить_школы_в_районе] - Загружено 10 школ со страницы 1
2025-10-30 19:36:55,495 - INFO - [получить_школы_в_районе] - Загружено 10 школ со страницы 2
2025-10-30 19:36:56,391 - WARNING - [получить_школы_в_районе] - На странице 3 нет данных в ожидаемом формате
2025-10-30 19:36:57,281 - WARNING - [получить_школы_в_районе] - На странице 4 нет данных в ожидаемом формате
2025-10-30 19:36:58,211 - WARNING - [получить_школы_в_районе] - На странице 5 нет данных в ожидаемом формате
2025-10-30 19:36:58,212 - INFO - [получить_школы_в_районе] - Завершение сбора для района Орехово-Борисово Южное. Найдено школ: 20
2025-10-30 19:36:58,213 - INFO - [<cell line: 0>] - Район 'Орехово-Борисово Южное' завершен. Школ: 20
2025-10-30 19:36:59,215 - INFO - [<cell line: 0>] - [78/132] Обработка района: Останкинский
2025-10-30 19:36:59,217 - INFO - [получить_школы_в_районе] - Начало сбора школ для района: Останкинский (ID: 4504209512726572)
2025-10-30 19:36:59,604 - INFO - [получить_школы_в_районе] - Загружено 10 школ со страницы 1
2025-10-30 19:37:00,489 - INFO - [получить_школы_в_районе] - Загружено 2 школ со страницы 2
2025-10-30 19:37:01,424 - WARNING - [получить_школы_в_районе] - На странице 3 нет данных в ожидаемом формате
2025-10-30 19:37:02,308 - WARNING - [получить_школы_в_районе] - На странице 4 нет данных в ожидаемом формате
2025-10-30 19:37:03,193 - WARNING - [получить_школы_в_районе] - На странице 5 нет данных в ожидаемом формате
2025-10-30 19:37:03,194 - INFO - [получить_школы_в_районе] - Завершение сбора для района Останкинский. Найдено школ: 12
2025-10-30 19:37:03,196 - INFO - [<cell line: 0>] - Район 'Останкинский' завершен. Школ: 12
2025-10-30 19:37:04,197 - INFO - [<cell line: 0>] - [79/132] Обработка района: Отрадное
2025-10-30 19:37:04,198 - INFO - [получить_школы_в_районе] - Начало сбора школ для района: Отрадное (ID: 4504209512726569)
2025-10-30 19:37:04,726 - INFO - [получить_школы_в_районе] - Загружено 10 школ со страницы 1
2025-10-30 19:37:05,726 - INFO - [получить_школы_в_районе] - Загружено 10 школ со страницы 2
2025-10-30 19:37:06,618 - INFO - [получить_школы_в_районе] - Загружено 9 школ со страницы 3
2025-10-30 19:37:07,511 - WARNING - [получить_школы_в_районе] - На странице 4 нет данных в ожидаемом формате
2025-10-30 19:37:08,414 - WARNING - [получить_школы_в_районе] - На странице 5 нет данных в ожидаемом формате
2025-10-30 19:37:08,415 - INFO - [получить_школы_в_районе] - Завершение сбора для района Отрадное. Найдено школ: 29
2025-10-30 19:37:08,417 - INFO - [<cell line: 0>] - Район 'Отрадное' завершен. Школ: 29
2025-10-30 19:37:09,419 - INFO - [<cell line: 0>] - [80/132] Обработка района: Очаково-Матвеевское
2025-10-30 19:37:09,422 - INFO - [получить_школы_в_районе] - Начало сбора школ для района: Очаково-Матвеевское (ID: 4504209512726632)
2025-10-30 19:37:09,809 - INFO - [получить_школы_в_районе] - Загружено 10 школ со страницы 1
2025-10-30 19:37:10,722 - INFO - [получить_школы_в_районе] - Загружено 10 школ со страницы 2
2025-10-30 19:37:11,605 - WARNING - [получить_школы_в_районе] - На странице 3 нет данных в ожидаемом формате
2025-10-30 19:37:12,496 - WARNING - [получить_школы_в_районе] - На странице 4 нет данных в ожидаемом формате
2025-10-30 19:37:13,418 - WARNING - [получить_школы_в_районе] - На странице 5 нет данных в ожидаемом формате
2025-10-30 19:37:13,419 - INFO - [получить_школы_в_районе] - Завершение сбора для района Очаково-Матвеевское. Найдено школ: 20
2025-10-30 19:37:13,422 - INFO - [<cell line: 0>] - Район 'Очаково-Матвеевское' завершен. Школ: 20
2025-10-30 19:37:14,424 - INFO - [<cell line: 0>] - [81/132] Обработка района: Перово
2025-10-30 19:37:14,425 - INFO - [получить_школы_в_районе] - Начало сбора школ для района: Перово (ID: 4504209512726581)
2025-10-30 19:37:14,816 - INFO - [получить_школы_в_районе] - Загружено 10 школ со страницы 1
2025-10-30 19:37:15,714 - INFO - [получить_школы_в_районе] - Загружено 10 школ со страницы 2
2025-10-30 19:37:16,610 - INFO - [получить_школы_в_районе] - Загружено 10 школ со страницы 3
2025-10-30 19:37:17,518 - INFO - [получить_школы_в_районе] - Загружено 8 школ со страницы 4
2025-10-30 19:37:18,404 - WARNING - [получить_школы_в_районе] - На странице 5 нет данных в ожидаемом формате
2025-10-30 19:37:18,405 - INFO - [получить_школы_в_районе] - Завершение сбора для района Перово. Найдено школ: 38
2025-10-30 19:37:18,406 - INFO - [<cell line: 0>] - Район 'Перово' завершен. Школ: 38
2025-10-30 19:37:19,407 - INFO - [<cell line: 0>] - [82/132] Обработка района: Печатники
2025-10-30 19:37:19,408 - INFO - [получить_школы_в_районе] - Начало сбора школ для района: Печатники (ID: 4504209512726593)
2025-10-30 19:37:19,790 - INFO - [получить_школы_в_районе] - Загружено 10 школ со страницы 1
2025-10-30 19:37:20,691 - INFO - [получить_школы_в_районе] - Загружено 1 школ со страницы 2
2025-10-30 19:37:21,579 - WARNING - [получить_школы_в_районе] - На странице 3 нет данных в ожидаемом формате
2025-10-30 19:37:22,471 - WARNING - [получить_школы_в_районе] - На странице 4 нет данных в ожидаемом формате
2025-10-30 19:37:23,354 - WARNING - [получить_школы_в_районе] - На странице 5 нет данных в ожидаемом формате
2025-10-30 19:37:23,355 - INFO - [получить_школы_в_районе] - Завершение сбора для района Печатники. Найдено школ: 11
2025-10-30 19:37:23,356 - INFO - [<cell line: 0>] - Район 'Печатники' завершен. Школ: 11
2025-10-30 19:37:24,357 - INFO - [<cell line: 0>] - [83/132] Обработка района: Покровское-Стрешнево
2025-10-30 19:37:24,358 - INFO - [получить_школы_в_районе] - Начало сбора школ для района: Покровское-Стрешнево (ID: 4504209512726650)
2025-10-30 19:37:24,751 - INFO - [получить_школы_в_районе] - Загружено 10 школ со страницы 1
2025-10-30 19:37:25,646 - INFO - [получить_школы_в_районе] - Загружено 4 школ со страницы 2
2025-10-30 19:37:26,537 - WARNING - [получить_школы_в_районе] - На странице 3 нет данных в ожидаемом формате
2025-10-30 19:37:27,443 - WARNING - [получить_школы_в_районе] - На странице 4 нет данных в ожидаемом формате
2025-10-30 19:37:28,325 - WARNING - [получить_школы_в_районе] - На странице 5 нет данных в ожидаемом формате
2025-10-30 19:37:28,326 - INFO - [получить_школы_в_районе] - Завершение сбора для района Покровское-Стрешнево. Найдено школ: 14
2025-10-30 19:37:28,328 - INFO - [<cell line: 0>] - Район 'Покровское-Стрешнево' завершен. Школ: 14
2025-10-30 19:37:29,330 - INFO - [<cell line: 0>] - [84/132] Обработка района: Преображенское
2025-10-30 19:37:29,331 - INFO - [получить_школы_в_районе] - Начало сбора школ для района: Преображенское (ID: 4504209512726584)
2025-10-30 19:37:29,730 - INFO - [получить_школы_в_районе] - Загружено 10 школ со страницы 1
2025-10-30 19:37:30,627 - INFO - [получить_школы_в_районе] - Загружено 7 школ со страницы 2
2025-10-30 19:37:31,531 - WARNING - [получить_школы_в_районе] - На странице 3 нет данных в ожидаемом формате
2025-10-30 19:37:32,414 - WARNING - [получить_школы_в_районе] - На странице 4 нет данных в ожидаемом формате
2025-10-30 19:37:33,292 - WARNING - [получить_школы_в_районе] - На странице 5 нет данных в ожидаемом формате
2025-10-30 19:37:33,294 - INFO - [получить_школы_в_районе] - Завершение сбора для района Преображенское. Найдено школ: 17
2025-10-30 19:37:33,295 - INFO - [<cell line: 0>] - Район 'Преображенское' завершен. Школ: 17
2025-10-30 19:37:34,297 - INFO - [<cell line: 0>] - [85/132] Обработка района: Пресненский
2025-10-30 19:37:34,298 - INFO - [получить_школы_в_районе] - Начало сбора школ для района: Пресненский (ID: 4504209512726539)
2025-10-30 19:37:34,794 - INFO - [получить_школы_в_районе] - Загружено 10 школ со страницы 1
2025-10-30 19:37:35,707 - INFO - [получить_школы_в_районе] - Загружено 10 школ со страницы 2
2025-10-30 19:37:36,708 - INFO - [получить_школы_в_районе] - Загружено 10 школ со страницы 3
2025-10-30 19:37:37,594 - WARNING - [получить_школы_в_районе] - На странице 4 нет данных в ожидаемом формате
2025-10-30 19:37:38,523 - WARNING - [получить_школы_в_районе] - На странице 5 нет данных в ожидаемом формате
2025-10-30 19:37:38,524 - INFO - [получить_школы_в_районе] - Завершение сбора для района Пресненский. Найдено школ: 30
2025-10-30 19:37:38,526 - INFO - [<cell line: 0>] - Район 'Пресненский' завершен. Школ: 30
2025-10-30 19:37:39,526 - INFO - [<cell line: 0>] - [86/132] Обработка района: Проспект Вернадского
2025-10-30 19:37:39,527 - INFO - [получить_школы_в_районе] - Начало сбора школ для района: Проспект Вернадского (ID: 4504209512726631)
2025-10-30 19:37:39,916 - INFO - [получить_школы_в_районе] - Загружено 10 школ со страницы 1
2025-10-30 19:37:40,801 - INFO - [получить_школы_в_районе] - Загружено 5 школ со страницы 2
2025-10-30 19:37:41,715 - WARNING - [получить_школы_в_районе] - На странице 3 нет данных в ожидаемом формате
2025-10-30 19:37:42,621 - WARNING - [получить_школы_в_районе] - На странице 4 нет данных в ожидаемом формате
2025-10-30 19:37:43,526 - WARNING - [получить_школы_в_районе] - На странице 5 нет данных в ожидаемом формате
2025-10-30 19:37:43,527 - INFO - [получить_школы_в_районе] - Завершение сбора для района Проспект Вернадского. Найдено школ: 15
2025-10-30 19:37:43,528 - INFO - [<cell line: 0>] - Район 'Проспект Вернадского' завершен. Школ: 15
2025-10-30 19:37:44,530 - INFO - [<cell line: 0>] - [87/132] Обработка района: Раменки
2025-10-30 19:37:44,531 - INFO - [получить_школы_в_районе] - Начало сбора школ для района: Раменки (ID: 4504209512726639)
2025-10-30 19:37:44,932 - INFO - [получить_школы_в_районе] - Загружено 10 школ со страницы 1
2025-10-30 19:37:45,836 - INFO - [получить_школы_в_районе] - Загружено 10 школ со страницы 2
2025-10-30 19:37:46,719 - INFO - [получить_школы_в_районе] - Загружено 7 школ со страницы 3
2025-10-30 19:37:47,612 - WARNING - [получить_школы_в_районе] - На странице 4 нет данных в ожидаемом формате
2025-10-30 19:37:48,521 - WARNING - [получить_школы_в_районе] - На странице 5 нет данных в ожидаемом формате
2025-10-30 19:37:48,522 - INFO - [получить_школы_в_районе] - Завершение сбора для района Раменки. Найдено школ: 27
2025-10-30 19:37:48,524 - INFO - [<cell line: 0>] - Район 'Раменки' завершен. Школ: 27
2025-10-30 19:37:49,525 - INFO - [<cell line: 0>] - [88/132] Обработка района: Ростокино
2025-10-30 19:37:49,526 - INFO - [получить_школы_в_районе] - Начало сбора школ для района: Ростокино (ID: 4504209512726558)
2025-10-30 19:37:49,907 - INFO - [получить_школы_в_районе] - Загружено 6 школ со страницы 1
2025-10-30 19:37:50,799 - WARNING - [получить_школы_в_районе] - На странице 2 нет данных в ожидаемом формате
2025-10-30 19:37:51,699 - WARNING - [получить_школы_в_районе] - На странице 3 нет данных в ожидаемом формате
2025-10-30 19:37:52,594 - WARNING - [получить_школы_в_районе] - На странице 4 нет данных в ожидаемом формате
2025-10-30 19:37:53,485 - WARNING - [получить_школы_в_районе] - На странице 5 нет данных в ожидаемом формате
2025-10-30 19:37:53,486 - INFO - [получить_школы_в_районе] - Завершение сбора для района Ростокино. Найдено школ: 6
2025-10-30 19:37:53,487 - INFO - [<cell line: 0>] - Район 'Ростокино' завершен. Школ: 6
2025-10-30 19:37:54,490 - INFO - [<cell line: 0>] - [89/132] Обработка района: Рязанский
2025-10-30 19:37:54,491 - INFO - [получить_школы_в_районе] - Начало сбора школ для района: Рязанский (ID: 4504209512726595)
2025-10-30 19:37:54,895 - INFO - [получить_школы_в_районе] - Загружено 10 школ со страницы 1
2025-10-30 19:37:55,796 - INFO - [получить_школы_в_районе] - Загружено 9 школ со страницы 2
2025-10-30 19:37:56,680 - WARNING - [получить_школы_в_районе] - На странице 3 нет данных в ожидаемом формате
2025-10-30 19:37:57,576 - WARNING - [получить_школы_в_районе] - На странице 4 нет данных в ожидаемом формате
2025-10-30 19:37:58,481 - WARNING - [получить_школы_в_районе] - На странице 5 нет данных в ожидаемом формате
2025-10-30 19:37:58,481 - INFO - [получить_школы_в_районе] - Завершение сбора для района Рязанский. Найдено школ: 19
2025-10-30 19:37:58,482 - INFO - [<cell line: 0>] - Район 'Рязанский' завершен. Школ: 19
2025-10-30 19:37:59,485 - INFO - [<cell line: 0>] - [90/132] Обработка района: Савёлки
2025-10-30 19:37:59,486 - INFO - [получить_школы_в_районе] - Начало сбора школ для района: Савёлки (ID: 4504209512726658)
2025-10-30 19:37:59,881 - INFO - [получить_школы_в_районе] - Загружено 10 школ со страницы 1
2025-10-30 19:38:00,777 - INFO - [получить_школы_в_районе] - Загружено 5 школ со страницы 2
2025-10-30 19:38:01,665 - WARNING - [получить_школы_в_районе] - На странице 3 нет данных в ожидаемом формате
2025-10-30 19:38:02,569 - WARNING - [получить_школы_в_районе] - На странице 4 нет данных в ожидаемом формате
2025-10-30 19:38:03,484 - WARNING - [получить_школы_в_районе] - На странице 5 нет данных в ожидаемом формате
2025-10-30 19:38:03,485 - INFO - [получить_школы_в_районе] - Завершение сбора для района Савёлки. Найдено школ: 15
2025-10-30 19:38:03,487 - INFO - [<cell line: 0>] - Район 'Савёлки' завершен. Школ: 15
2025-10-30 19:38:04,488 - INFO - [<cell line: 0>] - [91/132] Обработка района: Савёловский
2025-10-30 19:38:04,489 - INFO - [получить_школы_в_районе] - Начало сбора школ для района: Савёловский (ID: 4504209512726548)
2025-10-30 19:38:04,906 - INFO - [получить_школы_в_районе] - Загружено 10 школ со страницы 1
2025-10-30 19:38:05,920 - INFO - [получить_школы_в_районе] - Загружено 4 школ со страницы 2
2025-10-30 19:38:06,809 - WARNING - [получить_школы_в_районе] - На странице 3 нет данных в ожидаемом формате
2025-10-30 19:38:07,815 - WARNING - [получить_школы_в_районе] - На странице 4 нет данных в ожидаемом формате
2025-10-30 19:38:08,707 - WARNING - [получить_школы_в_районе] - На странице 5 нет данных в ожидаемом формате
2025-10-30 19:38:08,708 - INFO - [получить_школы_в_районе] - Завершение сбора для района Савёловский. Найдено школ: 14
2025-10-30 19:38:08,710 - INFO - [<cell line: 0>] - Район 'Савёловский' завершен. Школ: 14
2025-10-30 19:38:09,712 - INFO - [<cell line: 0>] - [92/132] Обработка района: Свиблово
2025-10-30 19:38:09,713 - INFO - [получить_школы_в_районе] - Начало сбора школ для района: Свиблово (ID: 4504209512726563)
2025-10-30 19:38:10,138 - INFO - [получить_школы_в_районе] - Загружено 10 школ со страницы 1
2025-10-30 19:38:11,020 - INFO - [получить_школы_в_районе] - Загружено 1 школ со страницы 2
2025-10-30 19:38:11,906 - WARNING - [получить_школы_в_районе] - На странице 3 нет данных в ожидаемом формате
2025-10-30 19:38:12,813 - WARNING - [получить_школы_в_районе] - На странице 4 нет данных в ожидаемом формате
2025-10-30 19:38:13,694 - WARNING - [получить_школы_в_районе] - На странице 5 нет данных в ожидаемом формате
2025-10-30 19:38:13,695 - INFO - [получить_школы_в_районе] - Завершение сбора для района Свиблово. Найдено школ: 11
2025-10-30 19:38:13,697 - INFO - [<cell line: 0>] - Район 'Свиблово' завершен. Школ: 11
2025-10-30 19:38:14,699 - INFO - [<cell line: 0>] - [93/132] Обработка района: Северное Бутово
2025-10-30 19:38:14,700 - INFO - [получить_школы_в_районе] - Начало сбора школ для района: Северное Бутово (ID: 4504209512726618)
2025-10-30 19:38:15,111 - INFO - [получить_школы_в_районе] - Загружено 10 школ со страницы 1
2025-10-30 19:38:16,017 - INFO - [получить_школы_в_районе] - Загружено 5 школ со страницы 2
2025-10-30 19:38:16,904 - WARNING - [получить_школы_в_районе] - На странице 3 нет данных в ожидаемом формате
2025-10-30 19:38:17,818 - WARNING - [получить_школы_в_районе] - На странице 4 нет данных в ожидаемом формате
2025-10-30 19:38:18,706 - WARNING - [получить_школы_в_районе] - На странице 5 нет данных в ожидаемом формате
2025-10-30 19:38:18,707 - INFO - [получить_школы_в_районе] - Завершение сбора для района Северное Бутово. Найдено школ: 15
2025-10-30 19:38:18,708 - INFO - [<cell line: 0>] - Район 'Северное Бутово' завершен. Школ: 15
2025-10-30 19:38:19,710 - INFO - [<cell line: 0>] - [94/132] Обработка района: Северное Измайлово
2025-10-30 19:38:19,711 - INFO - [получить_школы_в_районе] - Начало сбора школ для района: Северное Измайлово (ID: 4504209512726583)
2025-10-30 19:38:20,105 - INFO - [получить_школы_в_районе] - Загружено 10 школ со страницы 1
2025-10-30 19:38:21,014 - INFO - [получить_школы_в_районе] - Загружено 10 школ со страницы 2
2025-10-30 19:38:21,909 - WARNING - [получить_школы_в_районе] - На странице 3 нет данных в ожидаемом формате
2025-10-30 19:38:22,816 - WARNING - [получить_школы_в_районе] - На странице 4 нет данных в ожидаемом формате
2025-10-30 19:38:23,710 - WARNING - [получить_школы_в_районе] - На странице 5 нет данных в ожидаемом формате
2025-10-30 19:38:23,711 - INFO - [получить_школы_в_районе] - Завершение сбора для района Северное Измайлово. Найдено школ: 20
2025-10-30 19:38:23,712 - INFO - [<cell line: 0>] - Район 'Северное Измайлово' завершен. Школ: 20
2025-10-30 19:38:24,713 - INFO - [<cell line: 0>] - [95/132] Обработка района: Северное Медведково
2025-10-30 19:38:24,714 - INFO - [получить_школы_в_районе] - Начало сбора школ для района: Северное Медведково (ID: 4504209512726566)
2025-10-30 19:38:25,103 - INFO - [получить_школы_в_районе] - Загружено 10 школ со страницы 1
2025-10-30 19:38:26,007 - INFO - [получить_школы_в_районе] - Загружено 10 школ со страницы 2
2025-10-30 19:38:26,891 - INFO - [получить_школы_в_районе] - Загружено 9 школ со страницы 3
2025-10-30 19:38:27,812 - WARNING - [получить_школы_в_районе] - На странице 4 нет данных в ожидаемом формате
2025-10-30 19:38:28,703 - WARNING - [получить_школы_в_районе] - На странице 5 нет данных в ожидаемом формате
2025-10-30 19:38:28,704 - INFO - [получить_школы_в_районе] - Завершение сбора для района Северное Медведково. Найдено школ: 29
2025-10-30 19:38:28,706 - INFO - [<cell line: 0>] - Район 'Северное Медведково' завершен. Школ: 29
2025-10-30 19:38:29,708 - INFO - [<cell line: 0>] - [96/132] Обработка района: Северное Тушино
2025-10-30 19:38:29,709 - INFO - [получить_школы_в_районе] - Начало сбора школ для района: Северное Тушино (ID: 4504209512726646)
2025-10-30 19:38:30,095 - INFO - [получить_школы_в_районе] - Загружено 10 школ со страницы 1
2025-10-30 19:38:30,986 - INFO - [получить_школы_в_районе] - Загружено 10 школ со страницы 2
2025-10-30 19:38:31,889 - INFO - [получить_школы_в_районе] - Загружено 1 школ со страницы 3
2025-10-30 19:38:32,784 - WARNING - [получить_школы_в_районе] - На странице 4 нет данных в ожидаемом формате
2025-10-30 19:38:33,690 - WARNING - [получить_школы_в_районе] - На странице 5 нет данных в ожидаемом формате
2025-10-30 19:38:33,691 - INFO - [получить_школы_в_районе] - Завершение сбора для района Северное Тушино. Найдено школ: 21
2025-10-30 19:38:33,693 - INFO - [<cell line: 0>] - Район 'Северное Тушино' завершен. Школ: 21
2025-10-30 19:38:34,695 - INFO - [<cell line: 0>] - [97/132] Обработка района: Северный
2025-10-30 19:38:34,696 - INFO - [получить_школы_в_районе] - Начало сбора школ для района: Северный (ID: 4504209512726573)
2025-10-30 19:38:35,114 - INFO - [получить_школы_в_районе] - Загружено 10 школ со страницы 1
2025-10-30 19:38:36,199 - INFO - [получить_школы_в_районе] - Загружено 1 школ со страницы 2
2025-10-30 19:38:37,108 - WARNING - [получить_школы_в_районе] - На странице 3 нет данных в ожидаемом формате
2025-10-30 19:38:38,117 - WARNING - [получить_школы_в_районе] - На странице 4 нет данных в ожидаемом формате
2025-10-30 19:38:39,008 - WARNING - [получить_школы_в_районе] - На странице 5 нет данных в ожидаемом формате
2025-10-30 19:38:39,009 - INFO - [получить_школы_в_районе] - Завершение сбора для района Северный. Найдено школ: 11
2025-10-30 19:38:39,010 - INFO - [<cell line: 0>] - Район 'Северный' завершен. Школ: 11
2025-10-30 19:38:40,012 - INFO - [<cell line: 0>] - [98/132] Обработка района: Силино
2025-10-30 19:38:40,013 - INFO - [получить_школы_в_районе] - Начало сбора школ для района: Силино (ID: 4504209512726656)
2025-10-30 19:38:40,411 - INFO - [получить_школы_в_районе] - Загружено 9 школ со страницы 1
2025-10-30 19:38:41,297 - WARNING - [получить_школы_в_районе] - На странице 2 нет данных в ожидаемом формате
2025-10-30 19:38:42,197 - WARNING - [получить_школы_в_районе] - На странице 3 нет данных в ожидаемом формате
2025-10-30 19:38:43,085 - WARNING - [получить_школы_в_районе] - На странице 4 нет данных в ожидаемом формате
2025-10-30 19:38:43,992 - WARNING - [получить_школы_в_районе] - На странице 5 нет данных в ожидаемом формате
2025-10-30 19:38:43,993 - INFO - [получить_школы_в_районе] - Завершение сбора для района Силино. Найдено школ: 9
2025-10-30 19:38:43,995 - INFO - [<cell line: 0>] - Район 'Силино' завершен. Школ: 9
2025-10-30 19:38:44,996 - INFO - [<cell line: 0>] - [99/132] Обработка района: Сокол
2025-10-30 19:38:44,998 - INFO - [получить_школы_в_районе] - Начало сбора школ для района: Сокол (ID: 4504209512726552)
2025-10-30 19:38:45,404 - INFO - [получить_школы_в_районе] - Загружено 10 школ со страницы 1
2025-10-30 19:38:46,296 - INFO - [получить_школы_в_районе] - Загружено 6 школ со страницы 2
2025-10-30 19:38:47,186 - WARNING - [получить_школы_в_районе] - На странице 3 нет данных в ожидаемом формате
2025-10-30 19:38:48,080 - WARNING - [получить_школы_в_районе] - На странице 4 нет данных в ожидаемом формате
2025-10-30 19:38:48,976 - WARNING - [получить_школы_в_районе] - На странице 5 нет данных в ожидаемом формате
2025-10-30 19:38:48,977 - INFO - [получить_школы_в_районе] - Завершение сбора для района Сокол. Найдено школ: 16
2025-10-30 19:38:48,979 - INFO - [<cell line: 0>] - Район 'Сокол' завершен. Школ: 16
2025-10-30 19:38:49,980 - INFO - [<cell line: 0>] - [100/132] Обработка района: Соколиная Гора
2025-10-30 19:38:49,981 - INFO - [получить_школы_в_районе] - Начало сбора школ для района: Соколиная Гора (ID: 4504209512726585)
2025-10-30 19:38:50,393 - INFO - [получить_школы_в_районе] - Загружено 10 школ со страницы 1
2025-10-30 19:38:51,288 - INFO - [получить_школы_в_районе] - Загружено 3 школ со страницы 2
2025-10-30 19:38:52,190 - WARNING - [получить_школы_в_районе] - На странице 3 нет данных в ожидаемом формате
2025-10-30 19:38:53,092 - WARNING - [получить_школы_в_районе] - На странице 4 нет данных в ожидаемом формате
2025-10-30 19:38:53,977 - WARNING - [получить_школы_в_районе] - На странице 5 нет данных в ожидаемом формате
2025-10-30 19:38:53,978 - INFO - [получить_школы_в_районе] - Завершение сбора для района Соколиная Гора. Найдено школ: 13
2025-10-30 19:38:53,980 - INFO - [<cell line: 0>] - Район 'Соколиная Гора' завершен. Школ: 13
2025-10-30 19:38:54,982 - INFO - [<cell line: 0>] - [101/132] Обработка района: Сокольники
2025-10-30 19:38:54,983 - INFO - [получить_школы_в_районе] - Начало сбора школ для района: Сокольники (ID: 4504209512726582)
2025-10-30 19:38:55,374 - INFO - [получить_школы_в_районе] - Загружено 10 школ со страницы 1
2025-10-30 19:38:56,277 - INFO - [получить_школы_в_районе] - Загружено 3 школ со страницы 2
2025-10-30 19:38:57,161 - WARNING - [получить_школы_в_районе] - На странице 3 нет данных в ожидаемом формате
2025-10-30 19:38:58,062 - WARNING - [получить_школы_в_районе] - На странице 4 нет данных в ожидаемом формате
2025-10-30 19:38:58,954 - WARNING - [получить_школы_в_районе] - На странице 5 нет данных в ожидаемом формате
2025-10-30 19:38:58,955 - INFO - [получить_школы_в_районе] - Завершение сбора для района Сокольники. Найдено школ: 13
2025-10-30 19:38:58,956 - INFO - [<cell line: 0>] - Район 'Сокольники' завершен. Школ: 13
2025-10-30 19:38:59,957 - INFO - [<cell line: 0>] - [102/132] Обработка района: Солнцево
2025-10-30 19:38:59,958 - INFO - [получить_школы_в_районе] - Начало сбора школ для района: Солнцево (ID: 4504209512726640)
2025-10-30 19:39:00,367 - INFO - [получить_школы_в_районе] - Загружено 10 школ со страницы 1
2025-10-30 19:39:01,269 - INFO - [получить_школы_в_районе] - Загружено 10 школ со страницы 2
2025-10-30 19:39:02,161 - INFO - [получить_школы_в_районе] - Загружено 5 школ со страницы 3
2025-10-30 19:39:03,058 - WARNING - [получить_школы_в_районе] - На странице 4 нет данных в ожидаемом формате
2025-10-30 19:39:03,944 - WARNING - [получить_школы_в_районе] - На странице 5 нет данных в ожидаемом формате
2025-10-30 19:39:03,945 - INFO - [получить_школы_в_районе] - Завершение сбора для района Солнцево. Найдено школ: 25
2025-10-30 19:39:03,946 - INFO - [<cell line: 0>] - Район 'Солнцево' завершен. Школ: 25
2025-10-30 19:39:04,948 - INFO - [<cell line: 0>] - [103/132] Обработка района: Старое Крюково
2025-10-30 19:39:04,949 - INFO - [получить_школы_в_районе] - Начало сбора школ для района: Старое Крюково (ID: 4504209512726655)
2025-10-30 19:39:05,350 - INFO - [получить_школы_в_районе] - Загружено 10 школ со страницы 1
2025-10-30 19:39:06,339 - INFO - [получить_школы_в_районе] - Загружено 1 школ со страницы 2
2025-10-30 19:39:07,235 - WARNING - [получить_школы_в_районе] - На странице 3 нет данных в ожидаемом формате
2025-10-30 19:39:08,212 - WARNING - [получить_школы_в_районе] - На странице 4 нет данных в ожидаемом формате
2025-10-30 19:39:09,096 - WARNING - [получить_школы_в_районе] - На странице 5 нет данных в ожидаемом формате
2025-10-30 19:39:09,097 - INFO - [получить_школы_в_районе] - Завершение сбора для района Старое Крюково. Найдено школ: 11
2025-10-30 19:39:09,099 - INFO - [<cell line: 0>] - Район 'Старое Крюково' завершен. Школ: 11
2025-10-30 19:39:10,101 - INFO - [<cell line: 0>] - [104/132] Обработка района: Строгино
2025-10-30 19:39:10,102 - INFO - [получить_школы_в_районе] - Начало сбора школ для района: Строгино (ID: 4504209512726644)
2025-10-30 19:39:10,491 - INFO - [получить_школы_в_районе] - Загружено 10 школ со страницы 1
2025-10-30 19:39:11,391 - INFO - [получить_школы_в_районе] - Загружено 10 школ со страницы 2
2025-10-30 19:39:12,279 - INFO - [получить_школы_в_районе] - Загружено 5 школ со страницы 3
2025-10-30 19:39:13,161 - WARNING - [получить_школы_в_районе] - На странице 4 нет данных в ожидаемом формате
2025-10-30 19:39:14,045 - WARNING - [получить_школы_в_районе] - На странице 5 нет данных в ожидаемом формате
2025-10-30 19:39:14,046 - INFO - [получить_школы_в_районе] - Завершение сбора для района Строгино. Найдено школ: 25
2025-10-30 19:39:14,047 - INFO - [<cell line: 0>] - Район 'Строгино' завершен. Школ: 25
2025-10-30 19:39:15,049 - INFO - [<cell line: 0>] - [105/132] Обработка района: Таганский
2025-10-30 19:39:15,050 - INFO - [получить_школы_в_районе] - Начало сбора школ для района: Таганский (ID: 4504209512726538)
2025-10-30 19:39:15,626 - INFO - [получить_школы_в_районе] - Загружено 10 школ со страницы 1
2025-10-30 19:39:16,526 - INFO - [получить_школы_в_районе] - Загружено 10 школ со страницы 2
2025-10-30 19:39:17,436 - INFO - [получить_школы_в_районе] - Загружено 10 школ со страницы 3
2025-10-30 19:39:18,359 - INFO - [получить_школы_в_районе] - Загружено 10 школ со страницы 4
2025-10-30 19:39:19,251 - WARNING - [получить_школы_в_районе] - На странице 5 нет данных в ожидаемом формате
2025-10-30 19:39:19,252 - INFO - [получить_школы_в_районе] - Завершение сбора для района Таганский. Найдено школ: 40
2025-10-30 19:39:19,253 - INFO - [<cell line: 0>] - Район 'Таганский' завершен. Школ: 40
2025-10-30 19:39:20,254 - INFO - [<cell line: 0>] - [106/132] Обработка района: Тверской
2025-10-30 19:39:20,255 - INFO - [получить_школы_в_районе] - Начало сбора школ для района: Тверской (ID: 4504209512726536)
2025-10-30 19:39:20,668 - INFO - [получить_школы_в_районе] - Загружено 10 школ со страницы 1
2025-10-30 19:39:21,572 - INFO - [получить_школы_в_районе] - Загружено 10 школ со страницы 2
2025-10-30 19:39:22,475 - INFO - [получить_школы_в_районе] - Загружено 7 школ со страницы 3
2025-10-30 19:39:23,391 - WARNING - [получить_школы_в_районе] - На странице 4 нет данных в ожидаемом формате
2025-10-30 19:39:24,294 - WARNING - [получить_школы_в_районе] - На странице 5 нет данных в ожидаемом формате
2025-10-30 19:39:24,295 - INFO - [получить_школы_в_районе] - Завершение сбора для района Тверской. Найдено школ: 27
2025-10-30 19:39:24,296 - INFO - [<cell line: 0>] - Район 'Тверской' завершен. Школ: 27
2025-10-30 19:39:25,299 - INFO - [<cell line: 0>] - [107/132] Обработка района: Текстильщики
2025-10-30 19:39:25,300 - INFO - [получить_школы_в_районе] - Начало сбора школ для района: Текстильщики (ID: 4504209512726594)
2025-10-30 19:39:25,704 - INFO - [получить_школы_в_районе] - Загружено 10 школ со страницы 1
2025-10-30 19:39:26,605 - INFO - [получить_школы_в_районе] - Загружено 10 школ со страницы 2
2025-10-30 19:39:27,506 - INFO - [получить_школы_в_районе] - Загружено 5 школ со страницы 3
2025-10-30 19:39:28,400 - WARNING - [получить_школы_в_районе] - На странице 4 нет данных в ожидаемом формате
2025-10-30 19:39:29,300 - WARNING - [получить_школы_в_районе] - На странице 5 нет данных в ожидаемом формате
2025-10-30 19:39:29,301 - INFO - [получить_школы_в_районе] - Завершение сбора для района Текстильщики. Найдено школ: 25
2025-10-30 19:39:29,302 - INFO - [<cell line: 0>] - Район 'Текстильщики' завершен. Школ: 25
2025-10-30 19:39:30,304 - INFO - [<cell line: 0>] - [108/132] Обработка района: Тёплый Стан
2025-10-30 19:39:30,305 - INFO - [получить_школы_в_районе] - Начало сбора школ для района: Тёплый Стан (ID: 4504209512726621)
2025-10-30 19:39:30,701 - INFO - [получить_школы_в_районе] - Загружено 10 школ со страницы 1
2025-10-30 19:39:31,608 - INFO - [получить_школы_в_районе] - Загружено 8 школ со страницы 2
2025-10-30 19:39:32,496 - WARNING - [получить_школы_в_районе] - На странице 3 нет данных в ожидаемом формате
2025-10-30 19:39:33,407 - WARNING - [получить_школы_в_районе] - На странице 4 нет данных в ожидаемом формате
2025-10-30 19:39:34,301 - WARNING - [получить_школы_в_районе] - На странице 5 нет данных в ожидаемом формате
2025-10-30 19:39:34,301 - INFO - [получить_школы_в_районе] - Завершение сбора для района Тёплый Стан. Найдено школ: 18
2025-10-30 19:39:34,304 - INFO - [<cell line: 0>] - Район 'Тёплый Стан' завершен. Школ: 18
2025-10-30 19:39:35,305 - INFO - [<cell line: 0>] - [109/132] Обработка района: Тимирязевский
2025-10-30 19:39:35,306 - INFO - [получить_школы_в_районе] - Начало сбора школ для района: Тимирязевский (ID: 4504209512726547)
2025-10-30 19:39:35,819 - INFO - [получить_школы_в_районе] - Загружено 10 школ со страницы 1
2025-10-30 19:39:36,708 - INFO - [получить_школы_в_районе] - Загружено 1 школ со страницы 2
2025-10-30 19:39:37,682 - WARNING - [получить_школы_в_районе] - На странице 3 нет данных в ожидаемом формате
2025-10-30 19:39:38,586 - WARNING - [получить_школы_в_районе] - На странице 4 нет данных в ожидаемом формате
2025-10-30 19:39:39,483 - WARNING - [получить_школы_в_районе] - На странице 5 нет данных в ожидаемом формате
2025-10-30 19:39:39,484 - INFO - [получить_школы_в_районе] - Завершение сбора для района Тимирязевский. Найдено школ: 11
2025-10-30 19:39:39,486 - INFO - [<cell line: 0>] - Район 'Тимирязевский' завершен. Школ: 11
2025-10-30 19:39:40,489 - INFO - [<cell line: 0>] - [110/132] Обработка района: Троицк
2025-10-30 19:39:40,490 - INFO - [получить_школы_в_районе] - Начало сбора школ для района: Троицк (ID: 4504209520933741)
2025-10-30 19:39:40,913 - INFO - [получить_школы_в_районе] - Загружено 10 школ со страницы 1
2025-10-30 19:39:41,809 - INFO - [получить_школы_в_районе] - Загружено 10 школ со страницы 2
2025-10-30 19:39:42,710 - INFO - [получить_школы_в_районе] - Загружено 2 школ со страницы 3
2025-10-30 19:39:43,617 - WARNING - [получить_школы_в_районе] - На странице 4 нет данных в ожидаемом формате
2025-10-30 19:39:44,507 - WARNING - [получить_школы_в_районе] - На странице 5 нет данных в ожидаемом формате
2025-10-30 19:39:44,508 - INFO - [получить_школы_в_районе] - Завершение сбора для района Троицк. Найдено школ: 22
2025-10-30 19:39:44,510 - INFO - [<cell line: 0>] - Район 'Троицк' завершен. Школ: 22
2025-10-30 19:39:45,513 - INFO - [<cell line: 0>] - [111/132] Обработка района: Тропарёво-Никулино
2025-10-30 19:39:45,514 - INFO - [получить_школы_в_районе] - Начало сбора школ для района: Тропарёво-Никулино (ID: 4504209512726630)
2025-10-30 19:39:45,910 - INFO - [получить_школы_в_районе] - Загружено 10 школ со страницы 1
2025-10-30 19:39:46,809 - INFO - [получить_школы_в_районе] - Загружено 10 школ со страницы 2
2025-10-30 19:39:47,715 - INFO - [получить_школы_в_районе] - Загружено 6 школ со страницы 3
2025-10-30 19:39:48,610 - WARNING - [получить_школы_в_районе] - На странице 4 нет данных в ожидаемом формате
2025-10-30 19:39:49,503 - WARNING - [получить_школы_в_районе] - На странице 5 нет данных в ожидаемом формате
2025-10-30 19:39:49,504 - INFO - [получить_школы_в_районе] - Завершение сбора для района Тропарёво-Никулино. Найдено школ: 26
2025-10-30 19:39:49,506 - INFO - [<cell line: 0>] - Район 'Тропарёво-Никулино' завершен. Школ: 26
2025-10-30 19:39:50,508 - INFO - [<cell line: 0>] - [112/132] Обработка района: Филёвский Парк
2025-10-30 19:39:50,509 - INFO - [получить_школы_в_районе] - Начало сбора школ для района: Филёвский Парк (ID: 4504209512726636)
2025-10-30 19:39:50,897 - INFO - [получить_школы_в_районе] - Загружено 10 школ со страницы 1
2025-10-30 19:39:51,819 - INFO - [получить_школы_в_районе] - Загружено 1 школ со страницы 2
2025-10-30 19:39:52,700 - WARNING - [получить_школы_в_районе] - На странице 3 нет данных в ожидаемом формате
2025-10-30 19:39:53,596 - WARNING - [получить_школы_в_районе] - На странице 4 нет данных в ожидаемом формате
2025-10-30 19:39:54,495 - WARNING - [получить_школы_в_районе] - На странице 5 нет данных в ожидаемом формате
2025-10-30 19:39:54,496 - INFO - [получить_школы_в_районе] - Завершение сбора для района Филёвский Парк. Найдено школ: 11
2025-10-30 19:39:54,498 - INFO - [<cell line: 0>] - Район 'Филёвский Парк' завершен. Школ: 11
2025-10-30 19:39:55,498 - INFO - [<cell line: 0>] - [113/132] Обработка района: Фили-Давыдково
2025-10-30 19:39:55,500 - INFO - [получить_школы_в_районе] - Начало сбора школ для района: Фили-Давыдково (ID: 4504209512726638)
2025-10-30 19:39:55,933 - INFO - [получить_школы_в_районе] - Загружено 10 школ со страницы 1
2025-10-30 19:39:56,826 - INFO - [получить_школы_в_районе] - Загружено 10 школ со страницы 2
2025-10-30 19:39:57,709 - INFO - [получить_школы_в_районе] - Загружено 5 школ со страницы 3
2025-10-30 19:39:58,603 - WARNING - [получить_школы_в_районе] - На странице 4 нет данных в ожидаемом формате
2025-10-30 19:39:59,488 - WARNING - [получить_школы_в_районе] - На странице 5 нет данных в ожидаемом формате
2025-10-30 19:39:59,489 - INFO - [получить_школы_в_районе] - Завершение сбора для района Фили-Давыдково. Найдено школ: 25
2025-10-30 19:39:59,491 - INFO - [<cell line: 0>] - Район 'Фили-Давыдково' завершен. Школ: 25
2025-10-30 19:40:00,492 - INFO - [<cell line: 0>] - [114/132] Обработка района: Филимонковский
2025-10-30 19:40:00,493 - INFO - [получить_школы_в_районе] - Начало сбора школ для района: Филимонковский (ID: 4504209520929329)
2025-10-30 19:40:00,898 - INFO - [получить_школы_в_районе] - Загружено 10 школ со страницы 1
2025-10-30 19:40:01,785 - INFO - [получить_школы_в_районе] - Загружено 10 школ со страницы 2
2025-10-30 19:40:02,685 - WARNING - [получить_школы_в_районе] - На странице 3 нет данных в ожидаемом формате
2025-10-30 19:40:03,589 - WARNING - [получить_школы_в_районе] - На странице 4 нет данных в ожидаемом формате
2025-10-30 19:40:04,478 - WARNING - [получить_школы_в_районе] - На странице 5 нет данных в ожидаемом формате
2025-10-30 19:40:04,479 - INFO - [получить_школы_в_районе] - Завершение сбора для района Филимонковский. Найдено школ: 20
2025-10-30 19:40:04,481 - INFO - [<cell line: 0>] - Район 'Филимонковский' завершен. Школ: 20
2025-10-30 19:40:05,483 - INFO - [<cell line: 0>] - [115/132] Обработка района: Хамовники
2025-10-30 19:40:05,484 - INFO - [получить_школы_в_районе] - Начало сбора школ для района: Хамовники (ID: 4504209512726533)
2025-10-30 19:40:06,001 - INFO - [получить_школы_в_районе] - Загружено 10 школ со страницы 1
2025-10-30 19:40:06,907 - INFO - [получить_школы_в_районе] - Загружено 10 школ со страницы 2
2025-10-30 19:40:07,920 - INFO - [получить_школы_в_районе] - Загружено 10 школ со страницы 3
2025-10-30 19:40:08,813 - INFO - [получить_школы_в_районе] - Загружено 6 школ со страницы 4
2025-10-30 19:40:09,717 - WARNING - [получить_школы_в_районе] - На странице 5 нет данных в ожидаемом формате
2025-10-30 19:40:09,718 - INFO - [получить_школы_в_районе] - Завершение сбора для района Хамовники. Найдено школ: 36
2025-10-30 19:40:09,721 - INFO - [<cell line: 0>] - Район 'Хамовники' завершен. Школ: 36
2025-10-30 19:40:10,723 - INFO - [<cell line: 0>] - [116/132] Обработка района: Ховрино
2025-10-30 19:40:10,724 - INFO - [получить_школы_в_районе] - Начало сбора школ для района: Ховрино (ID: 4504209512726555)
2025-10-30 19:40:11,129 - INFO - [получить_школы_в_районе] - Загружено 10 школ со страницы 1
2025-10-30 19:40:12,111 - INFO - [получить_школы_в_районе] - Загружено 5 школ со страницы 2
2025-10-30 19:40:13,003 - WARNING - [получить_школы_в_районе] - На странице 3 нет данных в ожидаемом формате
2025-10-30 19:40:13,886 - WARNING - [получить_школы_в_районе] - На странице 4 нет данных в ожидаемом формате
2025-10-30 19:40:14,766 - WARNING - [получить_школы_в_районе] - На странице 5 нет данных в ожидаемом формате
2025-10-30 19:40:14,767 - INFO - [получить_школы_в_районе] - Завершение сбора для района Ховрино. Найдено школ: 15
2025-10-30 19:40:14,769 - INFO - [<cell line: 0>] - Район 'Ховрино' завершен. Школ: 15
2025-10-30 19:40:15,771 - INFO - [<cell line: 0>] - [117/132] Обработка района: Хорошёво-Мнёвники
2025-10-30 19:40:15,772 - INFO - [получить_школы_в_районе] - Начало сбора школ для района: Хорошёво-Мнёвники (ID: 4504209512726647)
2025-10-30 19:40:16,186 - INFO - [получить_школы_в_районе] - Загружено 10 школ со страницы 1
2025-10-30 19:40:17,095 - INFO - [получить_школы_в_районе] - Загружено 10 школ со страницы 2
2025-10-30 19:40:18,007 - INFO - [получить_школы_в_районе] - Загружено 9 школ со страницы 3
2025-10-30 19:40:18,903 - WARNING - [получить_школы_в_районе] - На странице 4 нет данных в ожидаемом формате
2025-10-30 19:40:19,790 - WARNING - [получить_школы_в_районе] - На странице 5 нет данных в ожидаемом формате
2025-10-30 19:40:19,791 - INFO - [получить_школы_в_районе] - Завершение сбора для района Хорошёво-Мнёвники. Найдено школ: 29
2025-10-30 19:40:19,792 - INFO - [<cell line: 0>] - Район 'Хорошёво-Мнёвники' завершен. Школ: 29
2025-10-30 19:40:20,793 - INFO - [<cell line: 0>] - [118/132] Обработка района: Хорошёвский
2025-10-30 19:40:20,794 - INFO - [получить_школы_в_районе] - Начало сбора школ для района: Хорошёвский (ID: 4504209512726553)
2025-10-30 19:40:21,214 - INFO - [получить_школы_в_районе] - Загружено 10 школ со страницы 1
2025-10-30 19:40:22,105 - INFO - [получить_школы_в_районе] - Загружено 7 школ со страницы 2
2025-10-30 19:40:22,991 - WARNING - [получить_школы_в_районе] - На странице 3 нет данных в ожидаемом формате
2025-10-30 19:40:23,869 - WARNING - [получить_школы_в_районе] - На странице 4 нет данных в ожидаемом формате
2025-10-30 19:40:24,760 - WARNING - [получить_школы_в_районе] - На странице 5 нет данных в ожидаемом формате
2025-10-30 19:40:24,761 - INFO - [получить_школы_в_районе] - Завершение сбора для района Хорошёвский. Найдено школ: 17
2025-10-30 19:40:24,762 - INFO - [<cell line: 0>] - Район 'Хорошёвский' завершен. Школ: 17
2025-10-30 19:40:25,763 - INFO - [<cell line: 0>] - [119/132] Обработка района: Царицыно
2025-10-30 19:40:25,764 - INFO - [получить_школы_в_районе] - Начало сбора школ для района: Царицыно (ID: 4504209512726608)
2025-10-30 19:40:26,159 - INFO - [получить_школы_в_районе] - Загружено 10 школ со страницы 1
2025-10-30 19:40:27,056 - INFO - [получить_школы_в_районе] - Загружено 9 школ со страницы 2
2025-10-30 19:40:27,966 - WARNING - [получить_школы_в_районе] - На странице 3 нет данных в ожидаемом формате
2025-10-30 19:40:28,860 - WARNING - [получить_школы_в_районе] - На странице 4 нет данных в ожидаемом формате
2025-10-30 19:40:29,743 - WARNING - [получить_школы_в_районе] - На странице 5 нет данных в ожидаемом формате
2025-10-30 19:40:29,744 - INFO - [получить_школы_в_районе] - Завершение сбора для района Царицыно. Найдено школ: 19
2025-10-30 19:40:29,746 - INFO - [<cell line: 0>] - Район 'Царицыно' завершен. Школ: 19
2025-10-30 19:40:30,748 - INFO - [<cell line: 0>] - [120/132] Обработка района: Черёмушки
2025-10-30 19:40:30,749 - INFO - [получить_школы_в_районе] - Начало сбора школ для района: Черёмушки (ID: 4504209512726627)
2025-10-30 19:40:31,148 - INFO - [получить_школы_в_районе] - Загружено 10 школ со страницы 1
2025-10-30 19:40:32,042 - INFO - [получить_школы_в_районе] - Загружено 10 школ со страницы 2
2025-10-30 19:40:32,934 - INFO - [получить_школы_в_районе] - Загружено 8 школ со страницы 3
2025-10-30 19:40:33,812 - WARNING - [получить_школы_в_районе] - На странице 4 нет данных в ожидаемом формате
2025-10-30 19:40:34,718 - WARNING - [получить_школы_в_районе] - На странице 5 нет данных в ожидаемом формате
2025-10-30 19:40:34,719 - INFO - [получить_школы_в_районе] - Завершение сбора для района Черёмушки. Найдено школ: 28
2025-10-30 19:40:34,722 - INFO - [<cell line: 0>] - Район 'Черёмушки' завершен. Школ: 28
2025-10-30 19:40:35,723 - INFO - [<cell line: 0>] - [121/132] Обработка района: Чертаново Северное
2025-10-30 19:40:35,724 - INFO - [получить_школы_в_районе] - Начало сбора школ для района: Чертаново Северное (ID: 4504209512726615)
2025-10-30 19:40:36,332 - INFO - [получить_школы_в_районе] - Загружено 10 школ со страницы 1
2025-10-30 19:40:37,220 - INFO - [получить_школы_в_районе] - Загружено 6 школ со страницы 2
2025-10-30 19:40:38,142 - WARNING - [получить_школы_в_районе] - На странице 3 нет данных в ожидаемом формате
2025-10-30 19:40:39,145 - WARNING - [получить_школы_в_районе] - На странице 4 нет данных в ожидаемом формате
2025-10-30 19:40:40,037 - WARNING - [получить_школы_в_районе] - На странице 5 нет данных в ожидаемом формате
2025-10-30 19:40:40,037 - INFO - [получить_школы_в_районе] - Завершение сбора для района Чертаново Северное. Найдено школ: 16
2025-10-30 19:40:40,040 - INFO - [<cell line: 0>] - Район 'Чертаново Северное' завершен. Школ: 16
2025-10-30 19:40:41,041 - INFO - [<cell line: 0>] - [122/132] Обработка района: Чертаново Центральное
2025-10-30 19:40:41,042 - INFO - [получить_школы_в_районе] - Начало сбора школ для района: Чертаново Центральное (ID: 4504209512726614)
2025-10-30 19:40:41,445 - INFO - [получить_школы_в_районе] - Загружено 10 школ со страницы 1
2025-10-30 19:40:42,338 - INFO - [получить_школы_в_районе] - Загружено 3 школ со страницы 2
2025-10-30 19:40:43,226 - WARNING - [получить_школы_в_районе] - На странице 3 нет данных в ожидаемом формате
2025-10-30 19:40:44,112 - WARNING - [получить_школы_в_районе] - На странице 4 нет данных в ожидаемом формате
2025-10-30 19:40:45,016 - WARNING - [получить_школы_в_районе] - На странице 5 нет данных в ожидаемом формате
2025-10-30 19:40:45,017 - INFO - [получить_школы_в_районе] - Завершение сбора для района Чертаново Центральное. Найдено школ: 13
2025-10-30 19:40:45,018 - INFO - [<cell line: 0>] - Район 'Чертаново Центральное' завершен. Школ: 13
2025-10-30 19:40:46,019 - INFO - [<cell line: 0>] - [123/132] Обработка района: Чертаново Южное
2025-10-30 19:40:46,020 - INFO - [получить_школы_в_районе] - Начало сбора школ для района: Чертаново Южное (ID: 4504209512726659)
2025-10-30 19:40:46,416 - INFO - [получить_школы_в_районе] - Загружено 10 школ со страницы 1
2025-10-30 19:40:47,332 - INFO - [получить_школы_в_районе] - Загружено 10 школ со страницы 2
2025-10-30 19:40:48,240 - INFO - [получить_школы_в_районе] - Загружено 4 школ со страницы 3
2025-10-30 19:40:49,122 - WARNING - [получить_школы_в_районе] - На странице 4 нет данных в ожидаемом формате
2025-10-30 19:40:50,019 - WARNING - [получить_школы_в_районе] - На странице 5 нет данных в ожидаемом формате
2025-10-30 19:40:50,019 - INFO - [получить_школы_в_районе] - Завершение сбора для района Чертаново Южное. Найдено школ: 24
2025-10-30 19:40:50,021 - INFO - [<cell line: 0>] - Район 'Чертаново Южное' завершен. Школ: 24
2025-10-30 19:40:51,022 - INFO - [<cell line: 0>] - [124/132] Обработка района: Щербинка
2025-10-30 19:40:51,023 - INFO - [получить_школы_в_районе] - Начало сбора школ для района: Щербинка (ID: 4504209520928047)
2025-10-30 19:40:51,417 - INFO - [получить_школы_в_районе] - Загружено 10 школ со страницы 1
2025-10-30 19:40:52,308 - INFO - [получить_школы_в_районе] - Загружено 10 школ со страницы 2
2025-10-30 19:40:53,224 - INFO - [получить_школы_в_районе] - Загружено 2 школ со страницы 3
2025-10-30 19:40:54,114 - WARNING - [получить_школы_в_районе] - На странице 4 нет данных в ожидаемом формате
2025-10-30 19:40:55,004 - WARNING - [получить_школы_в_районе] - На странице 5 нет данных в ожидаемом формате
2025-10-30 19:40:55,005 - INFO - [получить_школы_в_районе] - Завершение сбора для района Щербинка. Найдено школ: 22
2025-10-30 19:40:55,007 - INFO - [<cell line: 0>] - Район 'Щербинка' завершен. Школ: 22
2025-10-30 19:40:56,008 - INFO - [<cell line: 0>] - [125/132] Обработка района: Щукино
2025-10-30 19:40:56,010 - INFO - [получить_школы_в_районе] - Начало сбора школ для района: Щукино (ID: 4504209512726648)
2025-10-30 19:40:56,408 - INFO - [получить_школы_в_районе] - Загружено 10 школ со страницы 1
2025-10-30 19:40:57,331 - INFO - [получить_школы_в_районе] - Загружено 10 школ со страницы 2
2025-10-30 19:40:58,222 - INFO - [получить_школы_в_районе] - Загружено 4 школ со страницы 3
2025-10-30 19:40:59,105 - WARNING - [получить_школы_в_районе] - На странице 4 нет данных в ожидаемом формате
2025-10-30 19:40:59,994 - WARNING - [получить_школы_в_районе] - На странице 5 нет данных в ожидаемом формате
2025-10-30 19:40:59,994 - INFO - [получить_школы_в_районе] - Завершение сбора для района Щукино. Найдено школ: 24
2025-10-30 19:40:59,997 - INFO - [<cell line: 0>] - Район 'Щукино' завершен. Школ: 24
2025-10-30 19:41:00,998 - INFO - [<cell line: 0>] - [126/132] Обработка района: Южное Бутово
2025-10-30 19:41:00,999 - INFO - [получить_школы_в_районе] - Начало сбора школ для района: Южное Бутово (ID: 4504209512726619)
2025-10-30 19:41:01,408 - INFO - [получить_школы_в_районе] - Загружено 10 школ со страницы 1
2025-10-30 19:41:02,301 - INFO - [получить_школы_в_районе] - Загружено 10 школ со страницы 2
2025-10-30 19:41:03,214 - INFO - [получить_школы_в_районе] - Загружено 10 школ со страницы 3
2025-10-30 19:41:04,111 - INFO - [получить_школы_в_районе] - Загружено 10 школ со страницы 4
2025-10-30 19:41:05,007 - INFO - [получить_школы_в_районе] - Загружено 7 школ со страницы 5
2025-10-30 19:41:05,007 - INFO - [получить_школы_в_районе] - Завершение сбора для района Южное Бутово. Найдено школ: 47
2025-10-30 19:41:05,010 - INFO - [<cell line: 0>] - Район 'Южное Бутово' завершен. Школ: 47
2025-10-30 19:41:06,012 - INFO - [<cell line: 0>] - [127/132] Обработка района: Южное Медведково
2025-10-30 19:41:06,013 - INFO - [получить_школы_в_районе] - Начало сбора школ для района: Южное Медведково (ID: 4504209512726561)
2025-10-30 19:41:06,524 - INFO - [получить_школы_в_районе] - Загружено 10 школ со страницы 1
2025-10-30 19:41:07,430 - INFO - [получить_школы_в_районе] - Загружено 3 школ со страницы 2
2025-10-30 19:41:08,354 - WARNING - [получить_школы_в_районе] - На странице 3 нет данных в ожидаемом формате
2025-10-30 19:41:09,350 - WARNING - [получить_школы_в_районе] - На странице 4 нет данных в ожидаемом формате
2025-10-30 19:41:10,231 - WARNING - [получить_школы_в_районе] - На странице 5 нет данных в ожидаемом формате
2025-10-30 19:41:10,232 - INFO - [получить_школы_в_районе] - Завершение сбора для района Южное Медведково. Найдено школ: 13
2025-10-30 19:41:10,233 - INFO - [<cell line: 0>] - Район 'Южное Медведково' завершен. Школ: 13
2025-10-30 19:41:11,234 - INFO - [<cell line: 0>] - [128/132] Обработка района: Южное Тушино
2025-10-30 19:41:11,235 - INFO - [получить_школы_в_районе] - Начало сбора школ для района: Южное Тушино (ID: 4504209512726649)
2025-10-30 19:41:11,628 - INFO - [получить_школы_в_районе] - Загружено 10 школ со страницы 1
2025-10-30 19:41:12,533 - INFO - [получить_школы_в_районе] - Загружено 10 школ со страницы 2
2025-10-30 19:41:13,420 - INFO - [получить_школы_в_районе] - Загружено 2 школ со страницы 3
2025-10-30 19:41:14,324 - WARNING - [получить_школы_в_районе] - На странице 4 нет данных в ожидаемом формате
2025-10-30 19:41:15,213 - WARNING - [получить_школы_в_районе] - На странице 5 нет данных в ожидаемом формате
2025-10-30 19:41:15,214 - INFO - [получить_школы_в_районе] - Завершение сбора для района Южное Тушино. Найдено школ: 22
2025-10-30 19:41:15,216 - INFO - [<cell line: 0>] - Район 'Южное Тушино' завершен. Школ: 22
2025-10-30 19:41:16,218 - INFO - [<cell line: 0>] - [129/132] Обработка района: Южнопортовый
2025-10-30 19:41:16,219 - INFO - [получить_школы_в_районе] - Начало сбора школ для района: Южнопортовый (ID: 70030076266239145)
2025-10-30 19:41:16,622 - INFO - [получить_школы_в_районе] - Загружено 10 школ со страницы 1
2025-10-30 19:41:17,550 - INFO - [получить_школы_в_районе] - Загружено 5 школ со страницы 2
2025-10-30 19:41:18,447 - WARNING - [получить_школы_в_районе] - На странице 3 нет данных в ожидаемом формате
2025-10-30 19:41:19,368 - WARNING - [получить_школы_в_районе] - На странице 4 нет данных в ожидаемом формате
2025-10-30 19:41:20,259 - WARNING - [получить_школы_в_районе] - На странице 5 нет данных в ожидаемом формате
2025-10-30 19:41:20,259 - INFO - [получить_школы_в_районе] - Завершение сбора для района Южнопортовый. Найдено школ: 15
2025-10-30 19:41:20,261 - INFO - [<cell line: 0>] - Район 'Южнопортовый' завершен. Школ: 15
2025-10-30 19:41:21,262 - INFO - [<cell line: 0>] - [130/132] Обработка района: Якиманка
2025-10-30 19:41:21,263 - INFO - [получить_школы_в_районе] - Начало сбора школ для района: Якиманка (ID: 4504209512726534)
2025-10-30 19:41:21,665 - INFO - [получить_школы_в_районе] - Загружено 10 школ со страницы 1
2025-10-30 19:41:22,554 - INFO - [получить_школы_в_районе] - Загружено 3 школ со страницы 2
2025-10-30 19:41:23,449 - WARNING - [получить_школы_в_районе] - На странице 3 нет данных в ожидаемом формате
2025-10-30 19:41:24,338 - WARNING - [получить_школы_в_районе] - На странице 4 нет данных в ожидаемом формате
2025-10-30 19:41:25,220 - WARNING - [получить_школы_в_районе] - На странице 5 нет данных в ожидаемом формате
2025-10-30 19:41:25,221 - INFO - [получить_школы_в_районе] - Завершение сбора для района Якиманка. Найдено школ: 13
2025-10-30 19:41:25,223 - INFO - [<cell line: 0>] - Район 'Якиманка' завершен. Школ: 13
2025-10-30 19:41:26,225 - INFO - [<cell line: 0>] - [131/132] Обработка района: Ярославский
2025-10-30 19:41:26,226 - INFO - [получить_школы_в_районе] - Начало сбора школ для района: Ярославский (ID: 4504209512726562)
2025-10-30 19:41:26,623 - INFO - [получить_школы_в_районе] - Загружено 10 школ со страницы 1
2025-10-30 19:41:27,506 - INFO - [получить_школы_в_районе] - Загружено 4 школ со страницы 2
2025-10-30 19:41:28,401 - WARNING - [получить_школы_в_районе] - На странице 3 нет данных в ожидаемом формате
2025-10-30 19:41:29,296 - WARNING - [получить_школы_в_районе] - На странице 4 нет данных в ожидаемом формате
2025-10-30 19:41:30,185 - WARNING - [получить_школы_в_районе] - На странице 5 нет данных в ожидаемом формате
2025-10-30 19:41:30,186 - INFO - [получить_школы_в_районе] - Завершение сбора для района Ярославский. Найдено школ: 14
2025-10-30 19:41:30,188 - INFO - [<cell line: 0>] - Район 'Ярославский' завершен. Школ: 14
2025-10-30 19:41:31,189 - INFO - [<cell line: 0>] - [132/132] Обработка района: Ясенево
2025-10-30 19:41:31,190 - INFO - [получить_школы_в_районе] - Начало сбора школ для района: Ясенево (ID: 4504209512726620)
2025-10-30 19:41:31,611 - INFO - [получить_школы_в_районе] - Загружено 10 школ со страницы 1
2025-10-30 19:41:32,500 - INFO - [получить_школы_в_районе] - Загружено 10 школ со страницы 2
2025-10-30 19:41:33,437 - INFO - [получить_школы_в_районе] - Загружено 10 школ со страницы 3
2025-10-30 19:41:34,332 - INFO - [получить_школы_в_районе] - Загружено 4 школ со страницы 4
2025-10-30 19:41:35,234 - WARNING - [получить_школы_в_районе] - На странице 5 нет данных в ожидаемом формате
2025-10-30 19:41:35,235 - INFO - [получить_школы_в_районе] - Завершение сбора для района Ясенево. Найдено школ: 34
2025-10-30 19:41:35,237 - INFO - [<cell line: 0>] - Район 'Ясенево' завершен. Школ: 34
2025-10-30 19:41:35,238 - INFO - [<cell line: 0>] - ============================================================
2025-10-30 19:41:35,239 - INFO - [<cell line: 0>] - СБОР ДАННЫХ ЗАВЕРШЕН
2025-10-30 19:41:35,239 - INFO - [<cell line: 0>] - Время выполнения: 663.74 секунд
2025-10-30 19:41:35,240 - INFO - [<cell line: 0>] - Всего собрано школ: 2476
2025-10-30 19:41:35,243 - INFO - [<cell line: 0>] - ============================================================
2025-10-30 19:41:35,244 - INFO - [создать_датасет] - Создание датасета из 2476 школ
2025-10-30 19:41:35,254 - INFO - [создать_датасет] - Датасет создан. Количество строк: 2476
2025-10-30 19:41:35,306 - INFO - [<cell line: 0>] - Данные сохранены в школы_москвы_по_районам.csv
