2025-10-30 21:16:23,659 - INFO - [<cell line: 0>] - ============================================================
2025-10-30 21:16:23,660 - INFO - [<cell line: 0>] - ЗАПУСК СБОРА ДАННЫХ ПО МАГАЗИНАМ МОСКВЫ
2025-10-30 21:16:23,661 - INFO - [<cell line: 0>] - Конфигурация логирования: уровень=DEBUG, файл=True, консоль=True
2025-10-30 21:16:23,662 - INFO - [<cell line: 0>] - Количество районов для обработки: 132
2025-10-30 21:16:23,662 - INFO - [<cell line: 0>] - ============================================================
2025-10-30 21:16:23,664 - INFO - [<cell line: 0>] - [1/132] Обработка района: Академический
2025-10-30 21:16:23,664 - INFO - [получить_магазины_в_районе] - Начало сбора магазинов для района: Академический (ID: 4504209512726625)
2025-10-30 21:16:23,665 - DEBUG - [получить_магазины_в_районе] - Запрос страницы 1 для района Академический
2025-10-30 21:16:23,667 - DEBUG - [_new_conn] - Starting new HTTPS connection (1): catalog.api.2gis.com:443
2025-10-30 21:16:24,233 - DEBUG - [_make_request] - https://catalog.api.2gis.com:443 "GET /3.0/items?key=18ee47f5-2184-45df-ac89-779be9385d71&q=%D0%BC%D0%B0%D0%B3%D0%B0%D0%B7%D0%B8%D0%BD&district_id=4504209512726625&type=branch&page=1&page_size=10&fields=items.point%2Citems.name%2Citems.address_name%2Citems.reviews HTTP/1.1" 200 None
2025-10-30 21:16:24,234 - DEBUG - [получить_магазины_в_районе] - Статус ответа: 200
2025-10-30 21:16:24,234 - INFO - [получить_магазины_в_районе] - Загружено 10 магазинов со страницы 1
2025-10-30 21:16:24,735 - DEBUG - [получить_магазины_в_районе] - Запрос страницы 2 для района Академический
2025-10-30 21:16:24,736 - DEBUG - [_new_conn] - Starting new HTTPS connection (1): catalog.api.2gis.com:443
2025-10-30 21:16:25,160 - DEBUG - [_make_request] - https://catalog.api.2gis.com:443 "GET /3.0/items?key=18ee47f5-2184-45df-ac89-779be9385d71&q=%D0%BC%D0%B0%D0%B3%D0%B0%D0%B7%D0%B8%D0%BD&district_id=4504209512726625&type=branch&page=2&page_size=10&fields=items.point%2Citems.name%2Citems.address_name%2Citems.reviews HTTP/1.1" 200 None
2025-10-30 21:16:25,161 - DEBUG - [получить_магазины_в_районе] - Статус ответа: 200
2025-10-30 21:16:25,161 - INFO - [получить_магазины_в_районе] - Загружено 10 магазинов со страницы 2
2025-10-30 21:16:25,662 - DEBUG - [получить_магазины_в_районе] - Запрос страницы 3 для района Академический
2025-10-30 21:16:25,664 - DEBUG - [_new_conn] - Starting new HTTPS connection (1): catalog.api.2gis.com:443
2025-10-30 21:16:26,086 - DEBUG - [_make_request] - https://catalog.api.2gis.com:443 "GET /3.0/items?key=18ee47f5-2184-45df-ac89-779be9385d71&q=%D0%BC%D0%B0%D0%B3%D0%B0%D0%B7%D0%B8%D0%BD&district_id=4504209512726625&type=branch&page=3&page_size=10&fields=items.point%2Citems.name%2Citems.address_name%2Citems.reviews HTTP/1.1" 200 None
2025-10-30 21:16:26,087 - DEBUG - [получить_магазины_в_районе] - Статус ответа: 200
2025-10-30 21:16:26,087 - INFO - [получить_магазины_в_районе] - Загружено 10 магазинов со страницы 3
2025-10-30 21:16:26,588 - DEBUG - [получить_магазины_в_районе] - Запрос страницы 4 для района Академический
2025-10-30 21:16:26,590 - DEBUG - [_new_conn] - Starting new HTTPS connection (1): catalog.api.2gis.com:443
2025-10-30 21:16:27,012 - DEBUG - [_make_request] - https://catalog.api.2gis.com:443 "GET /3.0/items?key=18ee47f5-2184-45df-ac89-779be9385d71&q=%D0%BC%D0%B0%D0%B3%D0%B0%D0%B7%D0%B8%D0%BD&district_id=4504209512726625&type=branch&page=4&page_size=10&fields=items.point%2Citems.name%2Citems.address_name%2Citems.reviews HTTP/1.1" 200 None
2025-10-30 21:16:27,013 - DEBUG - [получить_магазины_в_районе] - Статус ответа: 200
2025-10-30 21:16:27,013 - INFO - [получить_магазины_в_районе] - Загружено 10 магазинов со страницы 4
2025-10-30 21:16:27,514 - DEBUG - [получить_магазины_в_районе] - Запрос страницы 5 для района Академический
2025-10-30 21:16:27,515 - DEBUG - [_new_conn] - Starting new HTTPS connection (1): catalog.api.2gis.com:443
2025-10-30 21:16:27,935 - DEBUG - [_make_request] - https://catalog.api.2gis.com:443 "GET /3.0/items?key=18ee47f5-2184-45df-ac89-779be9385d71&q=%D0%BC%D0%B0%D0%B3%D0%B0%D0%B7%D0%B8%D0%BD&district_id=4504209512726625&type=branch&page=5&page_size=10&fields=items.point%2Citems.name%2Citems.address_name%2Citems.reviews HTTP/1.1" 200 None
2025-10-30 21:16:27,936 - DEBUG - [получить_магазины_в_районе] - Статус ответа: 200
2025-10-30 21:16:27,936 - INFO - [получить_магазины_в_районе] - Загружено 10 магазинов со страницы 5
2025-10-30 21:16:27,937 - INFO - [получить_магазины_в_районе] - Завершение сбора для района Академический. Найдено магазинов: 50
2025-10-30 21:16:27,939 - INFO - [<cell line: 0>] - Район 'Академический' завершен. Магазинов: 50
2025-10-30 21:16:28,941 - INFO - [<cell line: 0>] - [2/132] Обработка района: Алексеевский
2025-10-30 21:16:28,942 - INFO - [получить_магазины_в_районе] - Начало сбора магазинов для района: Алексеевский (ID: 4504209512726568)
2025-10-30 21:16:28,943 - DEBUG - [получить_магазины_в_районе] - Запрос страницы 1 для района Алексеевский
2025-10-30 21:16:28,945 - DEBUG - [_new_conn] - Starting new HTTPS connection (1): catalog.api.2gis.com:443
2025-10-30 21:16:29,366 - DEBUG - [_make_request] - https://catalog.api.2gis.com:443 "GET /3.0/items?key=18ee47f5-2184-45df-ac89-779be9385d71&q=%D0%BC%D0%B0%D0%B3%D0%B0%D0%B7%D0%B8%D0%BD&district_id=4504209512726568&type=branch&page=1&page_size=10&fields=items.point%2Citems.name%2Citems.address_name%2Citems.reviews HTTP/1.1" 200 None
2025-10-30 21:16:29,367 - DEBUG - [получить_магазины_в_районе] - Статус ответа: 200
2025-10-30 21:16:29,367 - INFO - [получить_магазины_в_районе] - Загружено 10 магазинов со страницы 1
2025-10-30 21:16:29,869 - DEBUG - [получить_магазины_в_районе] - Запрос страницы 2 для района Алексеевский
2025-10-30 21:16:29,870 - DEBUG - [_new_conn] - Starting new HTTPS connection (1): catalog.api.2gis.com:443
2025-10-30 21:16:30,302 - DEBUG - [_make_request] - https://catalog.api.2gis.com:443 "GET /3.0/items?key=18ee47f5-2184-45df-ac89-779be9385d71&q=%D0%BC%D0%B0%D0%B3%D0%B0%D0%B7%D0%B8%D0%BD&district_id=4504209512726568&type=branch&page=2&page_size=10&fields=items.point%2Citems.name%2Citems.address_name%2Citems.reviews HTTP/1.1" 200 None
2025-10-30 21:16:30,303 - DEBUG - [получить_магазины_в_районе] - Статус ответа: 200
2025-10-30 21:16:30,304 - INFO - [получить_магазины_в_районе] - Загружено 10 магазинов со страницы 2
2025-10-30 21:16:30,805 - DEBUG - [получить_магазины_в_районе] - Запрос страницы 3 для района Алексеевский
2025-10-30 21:16:30,806 - DEBUG - [_new_conn] - Starting new HTTPS connection (1): catalog.api.2gis.com:443
2025-10-30 21:16:31,212 - DEBUG - [_make_request] - https://catalog.api.2gis.com:443 "GET /3.0/items?key=18ee47f5-2184-45df-ac89-779be9385d71&q=%D0%BC%D0%B0%D0%B3%D0%B0%D0%B7%D0%B8%D0%BD&district_id=4504209512726568&type=branch&page=3&page_size=10&fields=items.point%2Citems.name%2Citems.address_name%2Citems.reviews HTTP/1.1" 200 None
2025-10-30 21:16:31,213 - DEBUG - [получить_магазины_в_районе] - Статус ответа: 200
2025-10-30 21:16:31,213 - INFO - [получить_магазины_в_районе] - Загружено 10 магазинов со страницы 3
2025-10-30 21:16:31,714 - DEBUG - [получить_магазины_в_районе] - Запрос страницы 4 для района Алексеевский
2025-10-30 21:16:31,716 - DEBUG - [_new_conn] - Starting new HTTPS connection (1): catalog.api.2gis.com:443
2025-10-30 21:16:32,114 - DEBUG - [_make_request] - https://catalog.api.2gis.com:443 "GET /3.0/items?key=18ee47f5-2184-45df-ac89-779be9385d71&q=%D0%BC%D0%B0%D0%B3%D0%B0%D0%B7%D0%B8%D0%BD&district_id=4504209512726568&type=branch&page=4&page_size=10&fields=items.point%2Citems.name%2Citems.address_name%2Citems.reviews HTTP/1.1" 200 None
2025-10-30 21:16:32,115 - DEBUG - [получить_магазины_в_районе] - Статус ответа: 200
2025-10-30 21:16:32,116 - INFO - [получить_магазины_в_районе] - Загружено 10 магазинов со страницы 4
2025-10-30 21:16:32,617 - DEBUG - [получить_магазины_в_районе] - Запрос страницы 5 для района Алексеевский
2025-10-30 21:16:32,618 - DEBUG - [_new_conn] - Starting new HTTPS connection (1): catalog.api.2gis.com:443
2025-10-30 21:16:33,017 - DEBUG - [_make_request] - https://catalog.api.2gis.com:443 "GET /3.0/items?key=18ee47f5-2184-45df-ac89-779be9385d71&q=%D0%BC%D0%B0%D0%B3%D0%B0%D0%B7%D0%B8%D0%BD&district_id=4504209512726568&type=branch&page=5&page_size=10&fields=items.point%2Citems.name%2Citems.address_name%2Citems.reviews HTTP/1.1" 200 None
2025-10-30 21:16:33,018 - DEBUG - [получить_магазины_в_районе] - Статус ответа: 200
2025-10-30 21:16:33,018 - INFO - [получить_магазины_в_районе] - Загружено 10 магазинов со страницы 5
2025-10-30 21:16:33,019 - INFO - [получить_магазины_в_районе] - Завершение сбора для района Алексеевский. Найдено магазинов: 50
2025-10-30 21:16:33,021 - INFO - [<cell line: 0>] - Район 'Алексеевский' завершен. Магазинов: 50
2025-10-30 21:16:34,022 - INFO - [<cell line: 0>] - [3/132] Обработка района: Алтуфьевский
2025-10-30 21:16:34,023 - INFO - [получить_магазины_в_районе] - Начало сбора магазинов для района: Алтуфьевский (ID: 4504209512726557)
2025-10-30 21:16:34,025 - DEBUG - [получить_магазины_в_районе] - Запрос страницы 1 для района Алтуфьевский
2025-10-30 21:16:34,027 - DEBUG - [_new_conn] - Starting new HTTPS connection (1): catalog.api.2gis.com:443
2025-10-30 21:16:34,462 - DEBUG - [_make_request] - https://catalog.api.2gis.com:443 "GET /3.0/items?key=18ee47f5-2184-45df-ac89-779be9385d71&q=%D0%BC%D0%B0%D0%B3%D0%B0%D0%B7%D0%B8%D0%BD&district_id=4504209512726557&type=branch&page=1&page_size=10&fields=items.point%2Citems.name%2Citems.address_name%2Citems.reviews HTTP/1.1" 200 None
2025-10-30 21:16:34,462 - DEBUG - [получить_магазины_в_районе] - Статус ответа: 200
2025-10-30 21:16:34,463 - INFO - [получить_магазины_в_районе] - Загружено 10 магазинов со страницы 1
2025-10-30 21:16:34,964 - DEBUG - [получить_магазины_в_районе] - Запрос страницы 2 для района Алтуфьевский
2025-10-30 21:16:34,965 - DEBUG - [_new_conn] - Starting new HTTPS connection (1): catalog.api.2gis.com:443
2025-10-30 21:16:35,362 - DEBUG - [_make_request] - https://catalog.api.2gis.com:443 "GET /3.0/items?key=18ee47f5-2184-45df-ac89-779be9385d71&q=%D0%BC%D0%B0%D0%B3%D0%B0%D0%B7%D0%B8%D0%BD&district_id=4504209512726557&type=branch&page=2&page_size=10&fields=items.point%2Citems.name%2Citems.address_name%2Citems.reviews HTTP/1.1" 200 None
2025-10-30 21:16:35,363 - DEBUG - [получить_магазины_в_районе] - Статус ответа: 200
2025-10-30 21:16:35,363 - INFO - [получить_магазины_в_районе] - Загружено 10 магазинов со страницы 2
2025-10-30 21:16:35,865 - DEBUG - [получить_магазины_в_районе] - Запрос страницы 3 для района Алтуфьевский
2025-10-30 21:16:35,866 - DEBUG - [_new_conn] - Starting new HTTPS connection (1): catalog.api.2gis.com:443
2025-10-30 21:16:36,304 - DEBUG - [_make_request] - https://catalog.api.2gis.com:443 "GET /3.0/items?key=18ee47f5-2184-45df-ac89-779be9385d71&q=%D0%BC%D0%B0%D0%B3%D0%B0%D0%B7%D0%B8%D0%BD&district_id=4504209512726557&type=branch&page=3&page_size=10&fields=items.point%2Citems.name%2Citems.address_name%2Citems.reviews HTTP/1.1" 200 None
2025-10-30 21:16:36,305 - DEBUG - [получить_магазины_в_районе] - Статус ответа: 200
2025-10-30 21:16:36,305 - INFO - [получить_магазины_в_районе] - Загружено 10 магазинов со страницы 3
2025-10-30 21:16:36,806 - DEBUG - [получить_магазины_в_районе] - Запрос страницы 4 для района Алтуфьевский
2025-10-30 21:16:36,807 - DEBUG - [_new_conn] - Starting new HTTPS connection (1): catalog.api.2gis.com:443
2025-10-30 21:16:37,201 - DEBUG - [_make_request] - https://catalog.api.2gis.com:443 "GET /3.0/items?key=18ee47f5-2184-45df-ac89-779be9385d71&q=%D0%BC%D0%B0%D0%B3%D0%B0%D0%B7%D0%B8%D0%BD&district_id=4504209512726557&type=branch&page=4&page_size=10&fields=items.point%2Citems.name%2Citems.address_name%2Citems.reviews HTTP/1.1" 200 None
2025-10-30 21:16:37,202 - DEBUG - [получить_магазины_в_районе] - Статус ответа: 200
2025-10-30 21:16:37,202 - INFO - [получить_магазины_в_районе] - Загружено 2 магазинов со страницы 4
2025-10-30 21:16:37,703 - DEBUG - [получить_магазины_в_районе] - Запрос страницы 5 для района Алтуфьевский
2025-10-30 21:16:37,704 - DEBUG - [_new_conn] - Starting new HTTPS connection (1): catalog.api.2gis.com:443
2025-10-30 21:16:38,119 - DEBUG - [_make_request] - https://catalog.api.2gis.com:443 "GET /3.0/items?key=18ee47f5-2184-45df-ac89-779be9385d71&q=%D0%BC%D0%B0%D0%B3%D0%B0%D0%B7%D0%B8%D0%BD&district_id=4504209512726557&type=branch&page=5&page_size=10&fields=items.point%2Citems.name%2Citems.address_name%2Citems.reviews HTTP/1.1" 200 133
2025-10-30 21:16:38,120 - DEBUG - [получить_магазины_в_районе] - Статус ответа: 200
2025-10-30 21:16:38,120 - WARNING - [получить_магазины_в_районе] - На странице 5 нет данных в ожидаемом формате
2025-10-30 21:16:38,127 - INFO - [получить_магазины_в_районе] - Завершение сбора для района Алтуфьевский. Найдено магазинов: 32
2025-10-30 21:16:38,128 - INFO - [<cell line: 0>] - Район 'Алтуфьевский' завершен. Магазинов: 32
2025-10-30 21:16:39,130 - INFO - [<cell line: 0>] - [4/132] Обработка района: Арбат
2025-10-30 21:16:39,131 - INFO - [получить_магазины_в_районе] - Начало сбора магазинов для района: Арбат (ID: 4504209512726530)
2025-10-30 21:16:39,133 - DEBUG - [получить_магазины_в_районе] - Запрос страницы 1 для района Арбат
2025-10-30 21:16:39,136 - DEBUG - [_new_conn] - Starting new HTTPS connection (1): catalog.api.2gis.com:443
2025-10-30 21:16:39,568 - DEBUG - [_make_request] - https://catalog.api.2gis.com:443 "GET /3.0/items?key=18ee47f5-2184-45df-ac89-779be9385d71&q=%D0%BC%D0%B0%D0%B3%D0%B0%D0%B7%D0%B8%D0%BD&district_id=4504209512726530&type=branch&page=1&page_size=10&fields=items.point%2Citems.name%2Citems.address_name%2Citems.reviews HTTP/1.1" 200 None
2025-10-30 21:16:39,569 - DEBUG - [получить_магазины_в_районе] - Статус ответа: 200
2025-10-30 21:16:39,569 - INFO - [получить_магазины_в_районе] - Загружено 10 магазинов со страницы 1
2025-10-30 21:16:40,070 - DEBUG - [получить_магазины_в_районе] - Запрос страницы 2 для района Арбат
2025-10-30 21:16:40,071 - DEBUG - [_new_conn] - Starting new HTTPS connection (1): catalog.api.2gis.com:443
2025-10-30 21:16:40,475 - DEBUG - [_make_request] - https://catalog.api.2gis.com:443 "GET /3.0/items?key=18ee47f5-2184-45df-ac89-779be9385d71&q=%D0%BC%D0%B0%D0%B3%D0%B0%D0%B7%D0%B8%D0%BD&district_id=4504209512726530&type=branch&page=2&page_size=10&fields=items.point%2Citems.name%2Citems.address_name%2Citems.reviews HTTP/1.1" 200 None
2025-10-30 21:16:40,476 - DEBUG - [получить_магазины_в_районе] - Статус ответа: 200
2025-10-30 21:16:40,476 - INFO - [получить_магазины_в_районе] - Загружено 10 магазинов со страницы 2
2025-10-30 21:16:40,978 - DEBUG - [получить_магазины_в_районе] - Запрос страницы 3 для района Арбат
2025-10-30 21:16:40,980 - DEBUG - [_new_conn] - Starting new HTTPS connection (1): catalog.api.2gis.com:443
2025-10-30 21:16:41,394 - DEBUG - [_make_request] - https://catalog.api.2gis.com:443 "GET /3.0/items?key=18ee47f5-2184-45df-ac89-779be9385d71&q=%D0%BC%D0%B0%D0%B3%D0%B0%D0%B7%D0%B8%D0%BD&district_id=4504209512726530&type=branch&page=3&page_size=10&fields=items.point%2Citems.name%2Citems.address_name%2Citems.reviews HTTP/1.1" 200 None
2025-10-30 21:16:41,395 - DEBUG - [получить_магазины_в_районе] - Статус ответа: 200
2025-10-30 21:16:41,396 - INFO - [получить_магазины_в_районе] - Загружено 10 магазинов со страницы 3
2025-10-30 21:16:41,897 - DEBUG - [получить_магазины_в_районе] - Запрос страницы 4 для района Арбат
2025-10-30 21:16:41,899 - DEBUG - [_new_conn] - Starting new HTTPS connection (1): catalog.api.2gis.com:443
2025-10-30 21:16:42,309 - DEBUG - [_make_request] - https://catalog.api.2gis.com:443 "GET /3.0/items?key=18ee47f5-2184-45df-ac89-779be9385d71&q=%D0%BC%D0%B0%D0%B3%D0%B0%D0%B7%D0%B8%D0%BD&district_id=4504209512726530&type=branch&page=4&page_size=10&fields=items.point%2Citems.name%2Citems.address_name%2Citems.reviews HTTP/1.1" 200 None
2025-10-30 21:16:42,310 - DEBUG - [получить_магазины_в_районе] - Статус ответа: 200
2025-10-30 21:16:42,311 - INFO - [получить_магазины_в_районе] - Загружено 10 магазинов со страницы 4
2025-10-30 21:16:42,812 - DEBUG - [получить_магазины_в_районе] - Запрос страницы 5 для района Арбат
2025-10-30 21:16:42,813 - DEBUG - [_new_conn] - Starting new HTTPS connection (1): catalog.api.2gis.com:443
2025-10-30 21:16:43,228 - DEBUG - [_make_request] - https://catalog.api.2gis.com:443 "GET /3.0/items?key=18ee47f5-2184-45df-ac89-779be9385d71&q=%D0%BC%D0%B0%D0%B3%D0%B0%D0%B7%D0%B8%D0%BD&district_id=4504209512726530&type=branch&page=5&page_size=10&fields=items.point%2Citems.name%2Citems.address_name%2Citems.reviews HTTP/1.1" 200 None
2025-10-30 21:16:43,229 - DEBUG - [получить_магазины_в_районе] - Статус ответа: 200
2025-10-30 21:16:43,229 - INFO - [получить_магазины_в_районе] - Загружено 10 магазинов со страницы 5
2025-10-30 21:16:43,230 - INFO - [получить_магазины_в_районе] - Завершение сбора для района Арбат. Найдено магазинов: 50
2025-10-30 21:16:43,232 - INFO - [<cell line: 0>] - Район 'Арбат' завершен. Магазинов: 50
2025-10-30 21:16:44,233 - INFO - [<cell line: 0>] - [5/132] Обработка района: Аэропорт
2025-10-30 21:16:44,234 - INFO - [получить_магазины_в_районе] - Начало сбора магазинов для района: Аэропорт (ID: 4504209512726541)
2025-10-30 21:16:44,236 - DEBUG - [получить_магазины_в_районе] - Запрос страницы 1 для района Аэропорт
2025-10-30 21:16:44,238 - DEBUG - [_new_conn] - Starting new HTTPS connection (1): catalog.api.2gis.com:443
2025-10-30 21:16:44,654 - DEBUG - [_make_request] - https://catalog.api.2gis.com:443 "GET /3.0/items?key=18ee47f5-2184-45df-ac89-779be9385d71&q=%D0%BC%D0%B0%D0%B3%D0%B0%D0%B7%D0%B8%D0%BD&district_id=4504209512726541&type=branch&page=1&page_size=10&fields=items.point%2Citems.name%2Citems.address_name%2Citems.reviews HTTP/1.1" 200 None
2025-10-30 21:16:44,655 - DEBUG - [получить_магазины_в_районе] - Статус ответа: 200
2025-10-30 21:16:44,655 - INFO - [получить_магазины_в_районе] - Загружено 10 магазинов со страницы 1
2025-10-30 21:16:45,156 - DEBUG - [получить_магазины_в_районе] - Запрос страницы 2 для района Аэропорт
2025-10-30 21:16:45,157 - DEBUG - [_new_conn] - Starting new HTTPS connection (1): catalog.api.2gis.com:443
2025-10-30 21:16:45,594 - DEBUG - [_make_request] - https://catalog.api.2gis.com:443 "GET /3.0/items?key=18ee47f5-2184-45df-ac89-779be9385d71&q=%D0%BC%D0%B0%D0%B3%D0%B0%D0%B7%D0%B8%D0%BD&district_id=4504209512726541&type=branch&page=2&page_size=10&fields=items.point%2Citems.name%2Citems.address_name%2Citems.reviews HTTP/1.1" 200 None
2025-10-30 21:16:45,595 - DEBUG - [получить_магазины_в_районе] - Статус ответа: 200
2025-10-30 21:16:45,595 - INFO - [получить_магазины_в_районе] - Загружено 10 магазинов со страницы 2
2025-10-30 21:16:46,096 - DEBUG - [получить_магазины_в_районе] - Запрос страницы 3 для района Аэропорт
2025-10-30 21:16:46,098 - DEBUG - [_new_conn] - Starting new HTTPS connection (1): catalog.api.2gis.com:443
2025-10-30 21:16:46,534 - DEBUG - [_make_request] - https://catalog.api.2gis.com:443 "GET /3.0/items?key=18ee47f5-2184-45df-ac89-779be9385d71&q=%D0%BC%D0%B0%D0%B3%D0%B0%D0%B7%D0%B8%D0%BD&district_id=4504209512726541&type=branch&page=3&page_size=10&fields=items.point%2Citems.name%2Citems.address_name%2Citems.reviews HTTP/1.1" 200 None
2025-10-30 21:16:46,535 - DEBUG - [получить_магазины_в_районе] - Статус ответа: 200
2025-10-30 21:16:46,535 - INFO - [получить_магазины_в_районе] - Загружено 10 магазинов со страницы 3
2025-10-30 21:16:47,036 - DEBUG - [получить_магазины_в_районе] - Запрос страницы 4 для района Аэропорт
2025-10-30 21:16:47,037 - DEBUG - [_new_conn] - Starting new HTTPS connection (1): catalog.api.2gis.com:443
2025-10-30 21:16:47,449 - DEBUG - [_make_request] - https://catalog.api.2gis.com:443 "GET /3.0/items?key=18ee47f5-2184-45df-ac89-779be9385d71&q=%D0%BC%D0%B0%D0%B3%D0%B0%D0%B7%D0%B8%D0%BD&district_id=4504209512726541&type=branch&page=4&page_size=10&fields=items.point%2Citems.name%2Citems.address_name%2Citems.reviews HTTP/1.1" 200 None
2025-10-30 21:16:47,450 - DEBUG - [получить_магазины_в_районе] - Статус ответа: 200
2025-10-30 21:16:47,450 - INFO - [получить_магазины_в_районе] - Загружено 10 магазинов со страницы 4
2025-10-30 21:16:47,951 - DEBUG - [получить_магазины_в_районе] - Запрос страницы 5 для района Аэропорт
2025-10-30 21:16:47,952 - DEBUG - [_new_conn] - Starting new HTTPS connection (1): catalog.api.2gis.com:443
2025-10-30 21:16:48,370 - DEBUG - [_make_request] - https://catalog.api.2gis.com:443 "GET /3.0/items?key=18ee47f5-2184-45df-ac89-779be9385d71&q=%D0%BC%D0%B0%D0%B3%D0%B0%D0%B7%D0%B8%D0%BD&district_id=4504209512726541&type=branch&page=5&page_size=10&fields=items.point%2Citems.name%2Citems.address_name%2Citems.reviews HTTP/1.1" 200 None
2025-10-30 21:16:48,371 - DEBUG - [получить_магазины_в_районе] - Статус ответа: 200
2025-10-30 21:16:48,372 - INFO - [получить_магазины_в_районе] - Загружено 10 магазинов со страницы 5
2025-10-30 21:16:48,372 - INFO - [получить_магазины_в_районе] - Завершение сбора для района Аэропорт. Найдено магазинов: 50
2025-10-30 21:16:48,373 - INFO - [<cell line: 0>] - Район 'Аэропорт' завершен. Магазинов: 50
2025-10-30 21:16:49,375 - INFO - [<cell line: 0>] - [6/132] Обработка района: Бабушкинский
2025-10-30 21:16:49,376 - INFO - [получить_магазины_в_районе] - Начало сбора магазинов для района: Бабушкинский (ID: 4504209512726564)
2025-10-30 21:16:49,377 - DEBUG - [получить_магазины_в_районе] - Запрос страницы 1 для района Бабушкинский
2025-10-30 21:16:49,378 - DEBUG - [_new_conn] - Starting new HTTPS connection (1): catalog.api.2gis.com:443
2025-10-30 21:16:49,796 - DEBUG - [_make_request] - https://catalog.api.2gis.com:443 "GET /3.0/items?key=18ee47f5-2184-45df-ac89-779be9385d71&q=%D0%BC%D0%B0%D0%B3%D0%B0%D0%B7%D0%B8%D0%BD&district_id=4504209512726564&type=branch&page=1&page_size=10&fields=items.point%2Citems.name%2Citems.address_name%2Citems.reviews HTTP/1.1" 200 None
2025-10-30 21:16:49,797 - DEBUG - [получить_магазины_в_районе] - Статус ответа: 200
2025-10-30 21:16:49,797 - INFO - [получить_магазины_в_районе] - Загружено 10 магазинов со страницы 1
2025-10-30 21:16:50,298 - DEBUG - [получить_магазины_в_районе] - Запрос страницы 2 для района Бабушкинский
2025-10-30 21:16:50,299 - DEBUG - [_new_conn] - Starting new HTTPS connection (1): catalog.api.2gis.com:443
2025-10-30 21:16:50,716 - DEBUG - [_make_request] - https://catalog.api.2gis.com:443 "GET /3.0/items?key=18ee47f5-2184-45df-ac89-779be9385d71&q=%D0%BC%D0%B0%D0%B3%D0%B0%D0%B7%D0%B8%D0%BD&district_id=4504209512726564&type=branch&page=2&page_size=10&fields=items.point%2Citems.name%2Citems.address_name%2Citems.reviews HTTP/1.1" 200 None
2025-10-30 21:16:50,717 - DEBUG - [получить_магазины_в_районе] - Статус ответа: 200
2025-10-30 21:16:50,717 - INFO - [получить_магазины_в_районе] - Загружено 10 магазинов со страницы 2
2025-10-30 21:16:51,218 - DEBUG - [получить_магазины_в_районе] - Запрос страницы 3 для района Бабушкинский
2025-10-30 21:16:51,219 - DEBUG - [_new_conn] - Starting new HTTPS connection (1): catalog.api.2gis.com:443
2025-10-30 21:16:51,627 - DEBUG - [_make_request] - https://catalog.api.2gis.com:443 "GET /3.0/items?key=18ee47f5-2184-45df-ac89-779be9385d71&q=%D0%BC%D0%B0%D0%B3%D0%B0%D0%B7%D0%B8%D0%BD&district_id=4504209512726564&type=branch&page=3&page_size=10&fields=items.point%2Citems.name%2Citems.address_name%2Citems.reviews HTTP/1.1" 200 None
2025-10-30 21:16:51,628 - DEBUG - [получить_магазины_в_районе] - Статус ответа: 200
2025-10-30 21:16:51,628 - INFO - [получить_магазины_в_районе] - Загружено 10 магазинов со страницы 3
2025-10-30 21:16:52,129 - DEBUG - [получить_магазины_в_районе] - Запрос страницы 4 для района Бабушкинский
2025-10-30 21:16:52,130 - DEBUG - [_new_conn] - Starting new HTTPS connection (1): catalog.api.2gis.com:443
2025-10-30 21:16:52,541 - DEBUG - [_make_request] - https://catalog.api.2gis.com:443 "GET /3.0/items?key=18ee47f5-2184-45df-ac89-779be9385d71&q=%D0%BC%D0%B0%D0%B3%D0%B0%D0%B7%D0%B8%D0%BD&district_id=4504209512726564&type=branch&page=4&page_size=10&fields=items.point%2Citems.name%2Citems.address_name%2Citems.reviews HTTP/1.1" 200 None
2025-10-30 21:16:52,542 - DEBUG - [получить_магазины_в_районе] - Статус ответа: 200
2025-10-30 21:16:52,542 - INFO - [получить_магазины_в_районе] - Загружено 10 магазинов со страницы 4
2025-10-30 21:16:53,045 - DEBUG - [получить_магазины_в_районе] - Запрос страницы 5 для района Бабушкинский
2025-10-30 21:16:53,047 - DEBUG - [_new_conn] - Starting new HTTPS connection (1): catalog.api.2gis.com:443
2025-10-30 21:16:53,596 - DEBUG - [_make_request] - https://catalog.api.2gis.com:443 "GET /3.0/items?key=18ee47f5-2184-45df-ac89-779be9385d71&q=%D0%BC%D0%B0%D0%B3%D0%B0%D0%B7%D0%B8%D0%BD&district_id=4504209512726564&type=branch&page=5&page_size=10&fields=items.point%2Citems.name%2Citems.address_name%2Citems.reviews HTTP/1.1" 200 None
2025-10-30 21:16:53,598 - DEBUG - [получить_магазины_в_районе] - Статус ответа: 200
2025-10-30 21:16:53,598 - INFO - [получить_магазины_в_районе] - Загружено 10 магазинов со страницы 5
2025-10-30 21:16:53,599 - INFO - [получить_магазины_в_районе] - Завершение сбора для района Бабушкинский. Найдено магазинов: 50
2025-10-30 21:16:53,600 - INFO - [<cell line: 0>] - Район 'Бабушкинский' завершен. Магазинов: 50
2025-10-30 21:16:54,602 - INFO - [<cell line: 0>] - [7/132] Обработка района: Басманный
2025-10-30 21:16:54,604 - INFO - [получить_магазины_в_районе] - Начало сбора магазинов для района: Басманный (ID: 4504209512726531)
2025-10-30 21:16:54,604 - DEBUG - [получить_магазины_в_районе] - Запрос страницы 1 для района Басманный
2025-10-30 21:16:54,606 - DEBUG - [_new_conn] - Starting new HTTPS connection (1): catalog.api.2gis.com:443
2025-10-30 21:16:55,045 - DEBUG - [_make_request] - https://catalog.api.2gis.com:443 "GET /3.0/items?key=18ee47f5-2184-45df-ac89-779be9385d71&q=%D0%BC%D0%B0%D0%B3%D0%B0%D0%B7%D0%B8%D0%BD&district_id=4504209512726531&type=branch&page=1&page_size=10&fields=items.point%2Citems.name%2Citems.address_name%2Citems.reviews HTTP/1.1" 200 None
2025-10-30 21:16:55,046 - DEBUG - [получить_магазины_в_районе] - Статус ответа: 200
2025-10-30 21:16:55,046 - INFO - [получить_магазины_в_районе] - Загружено 10 магазинов со страницы 1
2025-10-30 21:16:55,547 - DEBUG - [получить_магазины_в_районе] - Запрос страницы 2 для района Басманный
2025-10-30 21:16:55,548 - DEBUG - [_new_conn] - Starting new HTTPS connection (1): catalog.api.2gis.com:443
2025-10-30 21:16:56,107 - DEBUG - [_make_request] - https://catalog.api.2gis.com:443 "GET /3.0/items?key=18ee47f5-2184-45df-ac89-779be9385d71&q=%D0%BC%D0%B0%D0%B3%D0%B0%D0%B7%D0%B8%D0%BD&district_id=4504209512726531&type=branch&page=2&page_size=10&fields=items.point%2Citems.name%2Citems.address_name%2Citems.reviews HTTP/1.1" 200 None
2025-10-30 21:16:56,108 - DEBUG - [получить_магазины_в_районе] - Статус ответа: 200
2025-10-30 21:16:56,109 - INFO - [получить_магазины_в_районе] - Загружено 10 магазинов со страницы 2
2025-10-30 21:16:56,610 - DEBUG - [получить_магазины_в_районе] - Запрос страницы 3 для района Басманный
2025-10-30 21:16:56,611 - DEBUG - [_new_conn] - Starting new HTTPS connection (1): catalog.api.2gis.com:443
2025-10-30 21:16:57,022 - DEBUG - [_make_request] - https://catalog.api.2gis.com:443 "GET /3.0/items?key=18ee47f5-2184-45df-ac89-779be9385d71&q=%D0%BC%D0%B0%D0%B3%D0%B0%D0%B7%D0%B8%D0%BD&district_id=4504209512726531&type=branch&page=3&page_size=10&fields=items.point%2Citems.name%2Citems.address_name%2Citems.reviews HTTP/1.1" 200 None
2025-10-30 21:16:57,023 - DEBUG - [получить_магазины_в_районе] - Статус ответа: 200
2025-10-30 21:16:57,023 - INFO - [получить_магазины_в_районе] - Загружено 10 магазинов со страницы 3
2025-10-30 21:16:57,524 - DEBUG - [получить_магазины_в_районе] - Запрос страницы 4 для района Басманный
2025-10-30 21:16:57,526 - DEBUG - [_new_conn] - Starting new HTTPS connection (1): catalog.api.2gis.com:443
2025-10-30 21:16:57,945 - DEBUG - [_make_request] - https://catalog.api.2gis.com:443 "GET /3.0/items?key=18ee47f5-2184-45df-ac89-779be9385d71&q=%D0%BC%D0%B0%D0%B3%D0%B0%D0%B7%D0%B8%D0%BD&district_id=4504209512726531&type=branch&page=4&page_size=10&fields=items.point%2Citems.name%2Citems.address_name%2Citems.reviews HTTP/1.1" 200 None
2025-10-30 21:16:57,946 - DEBUG - [получить_магазины_в_районе] - Статус ответа: 200
2025-10-30 21:16:57,946 - INFO - [получить_магазины_в_районе] - Загружено 10 магазинов со страницы 4
2025-10-30 21:16:58,447 - DEBUG - [получить_магазины_в_районе] - Запрос страницы 5 для района Басманный
2025-10-30 21:16:58,449 - DEBUG - [_new_conn] - Starting new HTTPS connection (1): catalog.api.2gis.com:443
2025-10-30 21:16:58,886 - DEBUG - [_make_request] - https://catalog.api.2gis.com:443 "GET /3.0/items?key=18ee47f5-2184-45df-ac89-779be9385d71&q=%D0%BC%D0%B0%D0%B3%D0%B0%D0%B7%D0%B8%D0%BD&district_id=4504209512726531&type=branch&page=5&page_size=10&fields=items.point%2Citems.name%2Citems.address_name%2Citems.reviews HTTP/1.1" 200 None
2025-10-30 21:16:58,887 - DEBUG - [получить_магазины_в_районе] - Статус ответа: 200
2025-10-30 21:16:58,888 - INFO - [получить_магазины_в_районе] - Загружено 10 магазинов со страницы 5
2025-10-30 21:16:58,888 - INFO - [получить_магазины_в_районе] - Завершение сбора для района Басманный. Найдено магазинов: 50
2025-10-30 21:16:58,890 - INFO - [<cell line: 0>] - Район 'Басманный' завершен. Магазинов: 50
2025-10-30 21:16:59,891 - INFO - [<cell line: 0>] - [8/132] Обработка района: Беговой
2025-10-30 21:16:59,892 - INFO - [получить_магазины_в_районе] - Начало сбора магазинов для района: Беговой (ID: 4504209512726542)
2025-10-30 21:16:59,893 - DEBUG - [получить_магазины_в_районе] - Запрос страницы 1 для района Беговой
2025-10-30 21:16:59,894 - DEBUG - [_new_conn] - Starting new HTTPS connection (1): catalog.api.2gis.com:443
2025-10-30 21:17:00,320 - DEBUG - [_make_request] - https://catalog.api.2gis.com:443 "GET /3.0/items?key=18ee47f5-2184-45df-ac89-779be9385d71&q=%D0%BC%D0%B0%D0%B3%D0%B0%D0%B7%D0%B8%D0%BD&district_id=4504209512726542&type=branch&page=1&page_size=10&fields=items.point%2Citems.name%2Citems.address_name%2Citems.reviews HTTP/1.1" 200 None
2025-10-30 21:17:00,321 - DEBUG - [получить_магазины_в_районе] - Статус ответа: 200
2025-10-30 21:17:00,321 - INFO - [получить_магазины_в_районе] - Загружено 10 магазинов со страницы 1
2025-10-30 21:17:00,822 - DEBUG - [получить_магазины_в_районе] - Запрос страницы 2 для района Беговой
2025-10-30 21:17:00,823 - DEBUG - [_new_conn] - Starting new HTTPS connection (1): catalog.api.2gis.com:443
2025-10-30 21:17:01,237 - DEBUG - [_make_request] - https://catalog.api.2gis.com:443 "GET /3.0/items?key=18ee47f5-2184-45df-ac89-779be9385d71&q=%D0%BC%D0%B0%D0%B3%D0%B0%D0%B7%D0%B8%D0%BD&district_id=4504209512726542&type=branch&page=2&page_size=10&fields=items.point%2Citems.name%2Citems.address_name%2Citems.reviews HTTP/1.1" 200 None
2025-10-30 21:17:01,238 - DEBUG - [получить_магазины_в_районе] - Статус ответа: 200
2025-10-30 21:17:01,238 - INFO - [получить_магазины_в_районе] - Загружено 10 магазинов со страницы 2
2025-10-30 21:17:01,739 - DEBUG - [получить_магазины_в_районе] - Запрос страницы 3 для района Беговой
2025-10-30 21:17:01,740 - DEBUG - [_new_conn] - Starting new HTTPS connection (1): catalog.api.2gis.com:443
2025-10-30 21:17:02,166 - DEBUG - [_make_request] - https://catalog.api.2gis.com:443 "GET /3.0/items?key=18ee47f5-2184-45df-ac89-779be9385d71&q=%D0%BC%D0%B0%D0%B3%D0%B0%D0%B7%D0%B8%D0%BD&district_id=4504209512726542&type=branch&page=3&page_size=10&fields=items.point%2Citems.name%2Citems.address_name%2Citems.reviews HTTP/1.1" 200 None
2025-10-30 21:17:02,167 - DEBUG - [получить_магазины_в_районе] - Статус ответа: 200
2025-10-30 21:17:02,167 - INFO - [получить_магазины_в_районе] - Загружено 10 магазинов со страницы 3
2025-10-30 21:17:02,668 - DEBUG - [получить_магазины_в_районе] - Запрос страницы 4 для района Беговой
2025-10-30 21:17:02,669 - DEBUG - [_new_conn] - Starting new HTTPS connection (1): catalog.api.2gis.com:443
2025-10-30 21:17:03,088 - DEBUG - [_make_request] - https://catalog.api.2gis.com:443 "GET /3.0/items?key=18ee47f5-2184-45df-ac89-779be9385d71&q=%D0%BC%D0%B0%D0%B3%D0%B0%D0%B7%D0%B8%D0%BD&district_id=4504209512726542&type=branch&page=4&page_size=10&fields=items.point%2Citems.name%2Citems.address_name%2Citems.reviews HTTP/1.1" 200 None
2025-10-30 21:17:03,089 - DEBUG - [получить_магазины_в_районе] - Статус ответа: 200
2025-10-30 21:17:03,089 - INFO - [получить_магазины_в_районе] - Загружено 10 магазинов со страницы 4
2025-10-30 21:17:03,590 - DEBUG - [получить_магазины_в_районе] - Запрос страницы 5 для района Беговой
2025-10-30 21:17:03,591 - DEBUG - [_new_conn] - Starting new HTTPS connection (1): catalog.api.2gis.com:443
2025-10-30 21:17:04,130 - DEBUG - [_make_request] - https://catalog.api.2gis.com:443 "GET /3.0/items?key=18ee47f5-2184-45df-ac89-779be9385d71&q=%D0%BC%D0%B0%D0%B3%D0%B0%D0%B7%D0%B8%D0%BD&district_id=4504209512726542&type=branch&page=5&page_size=10&fields=items.point%2Citems.name%2Citems.address_name%2Citems.reviews HTTP/1.1" 200 None
2025-10-30 21:17:04,131 - DEBUG - [получить_магазины_в_районе] - Статус ответа: 200
2025-10-30 21:17:04,132 - INFO - [получить_магазины_в_районе] - Загружено 10 магазинов со страницы 5
2025-10-30 21:17:04,132 - INFO - [получить_магазины_в_районе] - Завершение сбора для района Беговой. Найдено магазинов: 50
2025-10-30 21:17:04,134 - INFO - [<cell line: 0>] - Район 'Беговой' завершен. Магазинов: 50
2025-10-30 21:17:05,135 - INFO - [<cell line: 0>] - [9/132] Обработка района: Бекасово
2025-10-30 21:17:05,136 - INFO - [получить_магазины_в_районе] - Начало сбора магазинов для района: Бекасово (ID: 4504209520932718)
2025-10-30 21:17:05,138 - DEBUG - [получить_магазины_в_районе] - Запрос страницы 1 для района Бекасово
2025-10-30 21:17:05,140 - DEBUG - [_new_conn] - Starting new HTTPS connection (1): catalog.api.2gis.com:443
2025-10-30 21:17:05,553 - DEBUG - [_make_request] - https://catalog.api.2gis.com:443 "GET /3.0/items?key=18ee47f5-2184-45df-ac89-779be9385d71&q=%D0%BC%D0%B0%D0%B3%D0%B0%D0%B7%D0%B8%D0%BD&district_id=4504209520932718&type=branch&page=1&page_size=10&fields=items.point%2Citems.name%2Citems.address_name%2Citems.reviews HTTP/1.1" 200 None
2025-10-30 21:17:05,554 - DEBUG - [получить_магазины_в_районе] - Статус ответа: 200
2025-10-30 21:17:05,555 - INFO - [получить_магазины_в_районе] - Загружено 10 магазинов со страницы 1
2025-10-30 21:17:06,056 - DEBUG - [получить_магазины_в_районе] - Запрос страницы 2 для района Бекасово
2025-10-30 21:17:06,057 - DEBUG - [_new_conn] - Starting new HTTPS connection (1): catalog.api.2gis.com:443
2025-10-30 21:17:06,462 - DEBUG - [_make_request] - https://catalog.api.2gis.com:443 "GET /3.0/items?key=18ee47f5-2184-45df-ac89-779be9385d71&q=%D0%BC%D0%B0%D0%B3%D0%B0%D0%B7%D0%B8%D0%BD&district_id=4504209520932718&type=branch&page=2&page_size=10&fields=items.point%2Citems.name%2Citems.address_name%2Citems.reviews HTTP/1.1" 200 None
2025-10-30 21:17:06,463 - DEBUG - [получить_магазины_в_районе] - Статус ответа: 200
2025-10-30 21:17:06,463 - INFO - [получить_магазины_в_районе] - Загружено 10 магазинов со страницы 2
2025-10-30 21:17:06,964 - DEBUG - [получить_магазины_в_районе] - Запрос страницы 3 для района Бекасово
2025-10-30 21:17:06,966 - DEBUG - [_new_conn] - Starting new HTTPS connection (1): catalog.api.2gis.com:443
2025-10-30 21:17:07,354 - DEBUG - [_make_request] - https://catalog.api.2gis.com:443 "GET /3.0/items?key=18ee47f5-2184-45df-ac89-779be9385d71&q=%D0%BC%D0%B0%D0%B3%D0%B0%D0%B7%D0%B8%D0%BD&district_id=4504209520932718&type=branch&page=3&page_size=10&fields=items.point%2Citems.name%2Citems.address_name%2Citems.reviews HTTP/1.1" 200 None
2025-10-30 21:17:07,355 - DEBUG - [получить_магазины_в_районе] - Статус ответа: 200
2025-10-30 21:17:07,355 - INFO - [получить_магазины_в_районе] - Загружено 10 магазинов со страницы 3
2025-10-30 21:17:07,856 - DEBUG - [получить_магазины_в_районе] - Запрос страницы 4 для района Бекасово
2025-10-30 21:17:07,858 - DEBUG - [_new_conn] - Starting new HTTPS connection (1): catalog.api.2gis.com:443
2025-10-30 21:17:08,260 - DEBUG - [_make_request] - https://catalog.api.2gis.com:443 "GET /3.0/items?key=18ee47f5-2184-45df-ac89-779be9385d71&q=%D0%BC%D0%B0%D0%B3%D0%B0%D0%B7%D0%B8%D0%BD&district_id=4504209520932718&type=branch&page=4&page_size=10&fields=items.point%2Citems.name%2Citems.address_name%2Citems.reviews HTTP/1.1" 200 None
2025-10-30 21:17:08,262 - DEBUG - [получить_магазины_в_районе] - Статус ответа: 200
2025-10-30 21:17:08,262 - INFO - [получить_магазины_в_районе] - Загружено 4 магазинов со страницы 4
2025-10-30 21:17:08,763 - DEBUG - [получить_магазины_в_районе] - Запрос страницы 5 для района Бекасово
2025-10-30 21:17:08,764 - DEBUG - [_new_conn] - Starting new HTTPS connection (1): catalog.api.2gis.com:443
2025-10-30 21:17:09,154 - DEBUG - [_make_request] - https://catalog.api.2gis.com:443 "GET /3.0/items?key=18ee47f5-2184-45df-ac89-779be9385d71&q=%D0%BC%D0%B0%D0%B3%D0%B0%D0%B7%D0%B8%D0%BD&district_id=4504209520932718&type=branch&page=5&page_size=10&fields=items.point%2Citems.name%2Citems.address_name%2Citems.reviews HTTP/1.1" 200 133
2025-10-30 21:17:09,155 - DEBUG - [получить_магазины_в_районе] - Статус ответа: 200
2025-10-30 21:17:09,155 - WARNING - [получить_магазины_в_районе] - На странице 5 нет данных в ожидаемом формате
2025-10-30 21:17:09,156 - INFO - [получить_магазины_в_районе] - Завершение сбора для района Бекасово. Найдено магазинов: 34
2025-10-30 21:17:09,158 - INFO - [<cell line: 0>] - Район 'Бекасово' завершен. Магазинов: 34
2025-10-30 21:17:10,159 - INFO - [<cell line: 0>] - [10/132] Обработка района: Бескудниковский
2025-10-30 21:17:10,161 - INFO - [получить_магазины_в_районе] - Начало сбора магазинов для района: Бескудниковский (ID: 4504209512726543)
2025-10-30 21:17:10,162 - DEBUG - [получить_магазины_в_районе] - Запрос страницы 1 для района Бескудниковский
2025-10-30 21:17:10,164 - DEBUG - [_new_conn] - Starting new HTTPS connection (1): catalog.api.2gis.com:443
2025-10-30 21:17:10,577 - DEBUG - [_make_request] - https://catalog.api.2gis.com:443 "GET /3.0/items?key=18ee47f5-2184-45df-ac89-779be9385d71&q=%D0%BC%D0%B0%D0%B3%D0%B0%D0%B7%D0%B8%D0%BD&district_id=4504209512726543&type=branch&page=1&page_size=10&fields=items.point%2Citems.name%2Citems.address_name%2Citems.reviews HTTP/1.1" 200 None
2025-10-30 21:17:10,578 - DEBUG - [получить_магазины_в_районе] - Статус ответа: 200
2025-10-30 21:17:10,578 - INFO - [получить_магазины_в_районе] - Загружено 10 магазинов со страницы 1
2025-10-30 21:17:11,079 - DEBUG - [получить_магазины_в_районе] - Запрос страницы 2 для района Бескудниковский
2025-10-30 21:17:11,080 - DEBUG - [_new_conn] - Starting new HTTPS connection (1): catalog.api.2gis.com:443
2025-10-30 21:17:11,512 - DEBUG - [_make_request] - https://catalog.api.2gis.com:443 "GET /3.0/items?key=18ee47f5-2184-45df-ac89-779be9385d71&q=%D0%BC%D0%B0%D0%B3%D0%B0%D0%B7%D0%B8%D0%BD&district_id=4504209512726543&type=branch&page=2&page_size=10&fields=items.point%2Citems.name%2Citems.address_name%2Citems.reviews HTTP/1.1" 200 None
2025-10-30 21:17:11,513 - DEBUG - [получить_магазины_в_районе] - Статус ответа: 200
2025-10-30 21:17:11,513 - INFO - [получить_магазины_в_районе] - Загружено 10 магазинов со страницы 2
2025-10-30 21:17:12,014 - DEBUG - [получить_магазины_в_районе] - Запрос страницы 3 для района Бескудниковский
2025-10-30 21:17:12,015 - DEBUG - [_new_conn] - Starting new HTTPS connection (1): catalog.api.2gis.com:443
2025-10-30 21:17:12,445 - DEBUG - [_make_request] - https://catalog.api.2gis.com:443 "GET /3.0/items?key=18ee47f5-2184-45df-ac89-779be9385d71&q=%D0%BC%D0%B0%D0%B3%D0%B0%D0%B7%D0%B8%D0%BD&district_id=4504209512726543&type=branch&page=3&page_size=10&fields=items.point%2Citems.name%2Citems.address_name%2Citems.reviews HTTP/1.1" 200 None
2025-10-30 21:17:12,446 - DEBUG - [получить_магазины_в_районе] - Статус ответа: 200
2025-10-30 21:17:12,446 - INFO - [получить_магазины_в_районе] - Загружено 10 магазинов со страницы 3
2025-10-30 21:17:12,947 - DEBUG - [получить_магазины_в_районе] - Запрос страницы 4 для района Бескудниковский
2025-10-30 21:17:12,949 - DEBUG - [_new_conn] - Starting new HTTPS connection (1): catalog.api.2gis.com:443
2025-10-30 21:17:13,355 - DEBUG - [_make_request] - https://catalog.api.2gis.com:443 "GET /3.0/items?key=18ee47f5-2184-45df-ac89-779be9385d71&q=%D0%BC%D0%B0%D0%B3%D0%B0%D0%B7%D0%B8%D0%BD&district_id=4504209512726543&type=branch&page=4&page_size=10&fields=items.point%2Citems.name%2Citems.address_name%2Citems.reviews HTTP/1.1" 200 None
2025-10-30 21:17:13,356 - DEBUG - [получить_магазины_в_районе] - Статус ответа: 200
2025-10-30 21:17:13,356 - INFO - [получить_магазины_в_районе] - Загружено 10 магазинов со страницы 4
2025-10-30 21:17:13,857 - DEBUG - [получить_магазины_в_районе] - Запрос страницы 5 для района Бескудниковский
2025-10-30 21:17:13,858 - DEBUG - [_new_conn] - Starting new HTTPS connection (1): catalog.api.2gis.com:443
2025-10-30 21:17:14,268 - DEBUG - [_make_request] - https://catalog.api.2gis.com:443 "GET /3.0/items?key=18ee47f5-2184-45df-ac89-779be9385d71&q=%D0%BC%D0%B0%D0%B3%D0%B0%D0%B7%D0%B8%D0%BD&district_id=4504209512726543&type=branch&page=5&page_size=10&fields=items.point%2Citems.name%2Citems.address_name%2Citems.reviews HTTP/1.1" 200 None
2025-10-30 21:17:14,269 - DEBUG - [получить_магазины_в_районе] - Статус ответа: 200
2025-10-30 21:17:14,269 - INFO - [получить_магазины_в_районе] - Загружено 10 магазинов со страницы 5
2025-10-30 21:17:14,270 - INFO - [получить_магазины_в_районе] - Завершение сбора для района Бескудниковский. Найдено магазинов: 50
2025-10-30 21:17:14,272 - INFO - [<cell line: 0>] - Район 'Бескудниковский' завершен. Магазинов: 50
2025-10-30 21:17:15,273 - INFO - [<cell line: 0>] - [11/132] Обработка района: Бибирево
2025-10-30 21:17:15,274 - INFO - [получить_магазины_в_районе] - Начало сбора магазинов для района: Бибирево (ID: 4504209512726565)
2025-10-30 21:17:15,275 - DEBUG - [получить_магазины_в_районе] - Запрос страницы 1 для района Бибирево
2025-10-30 21:17:15,276 - DEBUG - [_new_conn] - Starting new HTTPS connection (1): catalog.api.2gis.com:443
2025-10-30 21:17:15,707 - DEBUG - [_make_request] - https://catalog.api.2gis.com:443 "GET /3.0/items?key=18ee47f5-2184-45df-ac89-779be9385d71&q=%D0%BC%D0%B0%D0%B3%D0%B0%D0%B7%D0%B8%D0%BD&district_id=4504209512726565&type=branch&page=1&page_size=10&fields=items.point%2Citems.name%2Citems.address_name%2Citems.reviews HTTP/1.1" 200 None
2025-10-30 21:17:15,708 - DEBUG - [получить_магазины_в_районе] - Статус ответа: 200
2025-10-30 21:17:15,708 - INFO - [получить_магазины_в_районе] - Загружено 10 магазинов со страницы 1
2025-10-30 21:17:16,209 - DEBUG - [получить_магазины_в_районе] - Запрос страницы 2 для района Бибирево
2025-10-30 21:17:16,212 - DEBUG - [_new_conn] - Starting new HTTPS connection (1): catalog.api.2gis.com:443
2025-10-30 21:17:16,632 - DEBUG - [_make_request] - https://catalog.api.2gis.com:443 "GET /3.0/items?key=18ee47f5-2184-45df-ac89-779be9385d71&q=%D0%BC%D0%B0%D0%B3%D0%B0%D0%B7%D0%B8%D0%BD&district_id=4504209512726565&type=branch&page=2&page_size=10&fields=items.point%2Citems.name%2Citems.address_name%2Citems.reviews HTTP/1.1" 200 None
2025-10-30 21:17:16,633 - DEBUG - [получить_магазины_в_районе] - Статус ответа: 200
2025-10-30 21:17:16,634 - INFO - [получить_магазины_в_районе] - Загружено 10 магазинов со страницы 2
2025-10-30 21:17:17,135 - DEBUG - [получить_магазины_в_районе] - Запрос страницы 3 для района Бибирево
2025-10-30 21:17:17,136 - DEBUG - [_new_conn] - Starting new HTTPS connection (1): catalog.api.2gis.com:443
2025-10-30 21:17:17,555 - DEBUG - [_make_request] - https://catalog.api.2gis.com:443 "GET /3.0/items?key=18ee47f5-2184-45df-ac89-779be9385d71&q=%D0%BC%D0%B0%D0%B3%D0%B0%D0%B7%D0%B8%D0%BD&district_id=4504209512726565&type=branch&page=3&page_size=10&fields=items.point%2Citems.name%2Citems.address_name%2Citems.reviews HTTP/1.1" 200 None
2025-10-30 21:17:17,556 - DEBUG - [получить_магазины_в_районе] - Статус ответа: 200
2025-10-30 21:17:17,556 - INFO - [получить_магазины_в_районе] - Загружено 10 магазинов со страницы 3
2025-10-30 21:17:18,058 - DEBUG - [получить_магазины_в_районе] - Запрос страницы 4 для района Бибирево
2025-10-30 21:17:18,059 - DEBUG - [_new_conn] - Starting new HTTPS connection (1): catalog.api.2gis.com:443
2025-10-30 21:17:18,474 - DEBUG - [_make_request] - https://catalog.api.2gis.com:443 "GET /3.0/items?key=18ee47f5-2184-45df-ac89-779be9385d71&q=%D0%BC%D0%B0%D0%B3%D0%B0%D0%B7%D0%B8%D0%BD&district_id=4504209512726565&type=branch&page=4&page_size=10&fields=items.point%2Citems.name%2Citems.address_name%2Citems.reviews HTTP/1.1" 200 None
2025-10-30 21:17:18,475 - DEBUG - [получить_магазины_в_районе] - Статус ответа: 200
2025-10-30 21:17:18,475 - INFO - [получить_магазины_в_районе] - Загружено 10 магазинов со страницы 4
2025-10-30 21:17:18,976 - DEBUG - [получить_магазины_в_районе] - Запрос страницы 5 для района Бибирево
2025-10-30 21:17:18,977 - DEBUG - [_new_conn] - Starting new HTTPS connection (1): catalog.api.2gis.com:443
2025-10-30 21:17:19,380 - DEBUG - [_make_request] - https://catalog.api.2gis.com:443 "GET /3.0/items?key=18ee47f5-2184-45df-ac89-779be9385d71&q=%D0%BC%D0%B0%D0%B3%D0%B0%D0%B7%D0%B8%D0%BD&district_id=4504209512726565&type=branch&page=5&page_size=10&fields=items.point%2Citems.name%2Citems.address_name%2Citems.reviews HTTP/1.1" 200 None
2025-10-30 21:17:19,381 - DEBUG - [получить_магазины_в_районе] - Статус ответа: 200
2025-10-30 21:17:19,381 - INFO - [получить_магазины_в_районе] - Загружено 10 магазинов со страницы 5
2025-10-30 21:17:19,382 - INFO - [получить_магазины_в_районе] - Завершение сбора для района Бибирево. Найдено магазинов: 50
2025-10-30 21:17:19,383 - INFO - [<cell line: 0>] - Район 'Бибирево' завершен. Магазинов: 50
2025-10-30 21:17:20,384 - INFO - [<cell line: 0>] - [12/132] Обработка района: Бирюлёво Восточное
2025-10-30 21:17:20,385 - INFO - [получить_магазины_в_районе] - Начало сбора магазинов для района: Бирюлёво Восточное (ID: 4504209512726611)
2025-10-30 21:17:20,386 - DEBUG - [получить_магазины_в_районе] - Запрос страницы 1 для района Бирюлёво Восточное
2025-10-30 21:17:20,388 - DEBUG - [_new_conn] - Starting new HTTPS connection (1): catalog.api.2gis.com:443
2025-10-30 21:17:20,815 - DEBUG - [_make_request] - https://catalog.api.2gis.com:443 "GET /3.0/items?key=18ee47f5-2184-45df-ac89-779be9385d71&q=%D0%BC%D0%B0%D0%B3%D0%B0%D0%B7%D0%B8%D0%BD&district_id=4504209512726611&type=branch&page=1&page_size=10&fields=items.point%2Citems.name%2Citems.address_name%2Citems.reviews HTTP/1.1" 200 None
2025-10-30 21:17:20,816 - DEBUG - [получить_магазины_в_районе] - Статус ответа: 200
2025-10-30 21:17:20,816 - INFO - [получить_магазины_в_районе] - Загружено 10 магазинов со страницы 1
2025-10-30 21:17:21,317 - DEBUG - [получить_магазины_в_районе] - Запрос страницы 2 для района Бирюлёво Восточное
2025-10-30 21:17:21,319 - DEBUG - [_new_conn] - Starting new HTTPS connection (1): catalog.api.2gis.com:443
2025-10-30 21:17:21,717 - DEBUG - [_make_request] - https://catalog.api.2gis.com:443 "GET /3.0/items?key=18ee47f5-2184-45df-ac89-779be9385d71&q=%D0%BC%D0%B0%D0%B3%D0%B0%D0%B7%D0%B8%D0%BD&district_id=4504209512726611&type=branch&page=2&page_size=10&fields=items.point%2Citems.name%2Citems.address_name%2Citems.reviews HTTP/1.1" 200 None
2025-10-30 21:17:21,718 - DEBUG - [получить_магазины_в_районе] - Статус ответа: 200
2025-10-30 21:17:21,718 - INFO - [получить_магазины_в_районе] - Загружено 10 магазинов со страницы 2
2025-10-30 21:17:22,219 - DEBUG - [получить_магазины_в_районе] - Запрос страницы 3 для района Бирюлёво Восточное
2025-10-30 21:17:22,220 - DEBUG - [_new_conn] - Starting new HTTPS connection (1): catalog.api.2gis.com:443
2025-10-30 21:17:22,710 - DEBUG - [_make_request] - https://catalog.api.2gis.com:443 "GET /3.0/items?key=18ee47f5-2184-45df-ac89-779be9385d71&q=%D0%BC%D0%B0%D0%B3%D0%B0%D0%B7%D0%B8%D0%BD&district_id=4504209512726611&type=branch&page=3&page_size=10&fields=items.point%2Citems.name%2Citems.address_name%2Citems.reviews HTTP/1.1" 200 None
2025-10-30 21:17:22,711 - DEBUG - [получить_магазины_в_районе] - Статус ответа: 200
2025-10-30 21:17:22,711 - INFO - [получить_магазины_в_районе] - Загружено 10 магазинов со страницы 3
2025-10-30 21:17:23,212 - DEBUG - [получить_магазины_в_районе] - Запрос страницы 4 для района Бирюлёво Восточное
2025-10-30 21:17:23,213 - DEBUG - [_new_conn] - Starting new HTTPS connection (1): catalog.api.2gis.com:443
2025-10-30 21:17:23,751 - DEBUG - [_make_request] - https://catalog.api.2gis.com:443 "GET /3.0/items?key=18ee47f5-2184-45df-ac89-779be9385d71&q=%D0%BC%D0%B0%D0%B3%D0%B0%D0%B7%D0%B8%D0%BD&district_id=4504209512726611&type=branch&page=4&page_size=10&fields=items.point%2Citems.name%2Citems.address_name%2Citems.reviews HTTP/1.1" 200 None
2025-10-30 21:17:23,752 - DEBUG - [получить_магазины_в_районе] - Статус ответа: 200
2025-10-30 21:17:23,752 - INFO - [получить_магазины_в_районе] - Загружено 10 магазинов со страницы 4
2025-10-30 21:17:24,253 - DEBUG - [получить_магазины_в_районе] - Запрос страницы 5 для района Бирюлёво Восточное
2025-10-30 21:17:24,254 - DEBUG - [_new_conn] - Starting new HTTPS connection (1): catalog.api.2gis.com:443
2025-10-30 21:17:24,668 - DEBUG - [_make_request] - https://catalog.api.2gis.com:443 "GET /3.0/items?key=18ee47f5-2184-45df-ac89-779be9385d71&q=%D0%BC%D0%B0%D0%B3%D0%B0%D0%B7%D0%B8%D0%BD&district_id=4504209512726611&type=branch&page=5&page_size=10&fields=items.point%2Citems.name%2Citems.address_name%2Citems.reviews HTTP/1.1" 200 None
2025-10-30 21:17:24,670 - DEBUG - [получить_магазины_в_районе] - Статус ответа: 200
2025-10-30 21:17:24,670 - INFO - [получить_магазины_в_районе] - Загружено 10 магазинов со страницы 5
2025-10-30 21:17:24,671 - INFO - [получить_магазины_в_районе] - Завершение сбора для района Бирюлёво Восточное. Найдено магазинов: 50
2025-10-30 21:17:24,672 - INFO - [<cell line: 0>] - Район 'Бирюлёво Восточное' завершен. Магазинов: 50
2025-10-30 21:17:25,674 - INFO - [<cell line: 0>] - [13/132] Обработка района: Бирюлёво Западное
2025-10-30 21:17:25,675 - INFO - [получить_магазины_в_районе] - Начало сбора магазинов для района: Бирюлёво Западное (ID: 4504209512726612)
2025-10-30 21:17:25,676 - DEBUG - [получить_магазины_в_районе] - Запрос страницы 1 для района Бирюлёво Западное
2025-10-30 21:17:25,679 - DEBUG - [_new_conn] - Starting new HTTPS connection (1): catalog.api.2gis.com:443
2025-10-30 21:17:26,092 - DEBUG - [_make_request] - https://catalog.api.2gis.com:443 "GET /3.0/items?key=18ee47f5-2184-45df-ac89-779be9385d71&q=%D0%BC%D0%B0%D0%B3%D0%B0%D0%B7%D0%B8%D0%BD&district_id=4504209512726612&type=branch&page=1&page_size=10&fields=items.point%2Citems.name%2Citems.address_name%2Citems.reviews HTTP/1.1" 200 None
2025-10-30 21:17:26,093 - DEBUG - [получить_магазины_в_районе] - Статус ответа: 200
2025-10-30 21:17:26,093 - INFO - [получить_магазины_в_районе] - Загружено 10 магазинов со страницы 1
2025-10-30 21:17:26,595 - DEBUG - [получить_магазины_в_районе] - Запрос страницы 2 для района Бирюлёво Западное
2025-10-30 21:17:26,596 - DEBUG - [_new_conn] - Starting new HTTPS connection (1): catalog.api.2gis.com:443
2025-10-30 21:17:27,029 - DEBUG - [_make_request] - https://catalog.api.2gis.com:443 "GET /3.0/items?key=18ee47f5-2184-45df-ac89-779be9385d71&q=%D0%BC%D0%B0%D0%B3%D0%B0%D0%B7%D0%B8%D0%BD&district_id=4504209512726612&type=branch&page=2&page_size=10&fields=items.point%2Citems.name%2Citems.address_name%2Citems.reviews HTTP/1.1" 200 None
2025-10-30 21:17:27,030 - DEBUG - [получить_магазины_в_районе] - Статус ответа: 200
2025-10-30 21:17:27,031 - INFO - [получить_магазины_в_районе] - Загружено 10 магазинов со страницы 2
2025-10-30 21:17:27,532 - DEBUG - [получить_магазины_в_районе] - Запрос страницы 3 для района Бирюлёво Западное
2025-10-30 21:17:27,533 - DEBUG - [_new_conn] - Starting new HTTPS connection (1): catalog.api.2gis.com:443
2025-10-30 21:17:27,937 - DEBUG - [_make_request] - https://catalog.api.2gis.com:443 "GET /3.0/items?key=18ee47f5-2184-45df-ac89-779be9385d71&q=%D0%BC%D0%B0%D0%B3%D0%B0%D0%B7%D0%B8%D0%BD&district_id=4504209512726612&type=branch&page=3&page_size=10&fields=items.point%2Citems.name%2Citems.address_name%2Citems.reviews HTTP/1.1" 200 None
2025-10-30 21:17:27,939 - DEBUG - [получить_магазины_в_районе] - Статус ответа: 200
2025-10-30 21:17:27,939 - INFO - [получить_магазины_в_районе] - Загружено 10 магазинов со страницы 3
2025-10-30 21:17:28,440 - DEBUG - [получить_магазины_в_районе] - Запрос страницы 4 для района Бирюлёво Западное
2025-10-30 21:17:28,442 - DEBUG - [_new_conn] - Starting new HTTPS connection (1): catalog.api.2gis.com:443
2025-10-30 21:17:28,836 - DEBUG - [_make_request] - https://catalog.api.2gis.com:443 "GET /3.0/items?key=18ee47f5-2184-45df-ac89-779be9385d71&q=%D0%BC%D0%B0%D0%B3%D0%B0%D0%B7%D0%B8%D0%BD&district_id=4504209512726612&type=branch&page=4&page_size=10&fields=items.point%2Citems.name%2Citems.address_name%2Citems.reviews HTTP/1.1" 200 None
2025-10-30 21:17:28,837 - DEBUG - [получить_магазины_в_районе] - Статус ответа: 200
2025-10-30 21:17:28,838 - INFO - [получить_магазины_в_районе] - Загружено 10 магазинов со страницы 4
2025-10-30 21:17:29,339 - DEBUG - [получить_магазины_в_районе] - Запрос страницы 5 для района Бирюлёво Западное
2025-10-30 21:17:29,340 - DEBUG - [_new_conn] - Starting new HTTPS connection (1): catalog.api.2gis.com:443
2025-10-30 21:17:29,749 - DEBUG - [_make_request] - https://catalog.api.2gis.com:443 "GET /3.0/items?key=18ee47f5-2184-45df-ac89-779be9385d71&q=%D0%BC%D0%B0%D0%B3%D0%B0%D0%B7%D0%B8%D0%BD&district_id=4504209512726612&type=branch&page=5&page_size=10&fields=items.point%2Citems.name%2Citems.address_name%2Citems.reviews HTTP/1.1" 200 None
2025-10-30 21:17:29,750 - DEBUG - [получить_магазины_в_районе] - Статус ответа: 200
2025-10-30 21:17:29,750 - INFO - [получить_магазины_в_районе] - Загружено 10 магазинов со страницы 5
2025-10-30 21:17:29,751 - INFO - [получить_магазины_в_районе] - Завершение сбора для района Бирюлёво Западное. Найдено магазинов: 50
2025-10-30 21:17:29,753 - INFO - [<cell line: 0>] - Район 'Бирюлёво Западное' завершен. Магазинов: 50
2025-10-30 21:17:30,754 - INFO - [<cell line: 0>] - [14/132] Обработка района: Богородское
2025-10-30 21:17:30,754 - INFO - [получить_магазины_в_районе] - Начало сбора магазинов для района: Богородское (ID: 4504209512726574)
2025-10-30 21:17:30,755 - DEBUG - [получить_магазины_в_районе] - Запрос страницы 1 для района Богородское
2025-10-30 21:17:30,758 - DEBUG - [_new_conn] - Starting new HTTPS connection (1): catalog.api.2gis.com:443
2025-10-30 21:17:31,168 - DEBUG - [_make_request] - https://catalog.api.2gis.com:443 "GET /3.0/items?key=18ee47f5-2184-45df-ac89-779be9385d71&q=%D0%BC%D0%B0%D0%B3%D0%B0%D0%B7%D0%B8%D0%BD&district_id=4504209512726574&type=branch&page=1&page_size=10&fields=items.point%2Citems.name%2Citems.address_name%2Citems.reviews HTTP/1.1" 200 None
2025-10-30 21:17:31,169 - DEBUG - [получить_магазины_в_районе] - Статус ответа: 200
2025-10-30 21:17:31,169 - INFO - [получить_магазины_в_районе] - Загружено 10 магазинов со страницы 1
2025-10-30 21:17:31,670 - DEBUG - [получить_магазины_в_районе] - Запрос страницы 2 для района Богородское
2025-10-30 21:17:31,671 - DEBUG - [_new_conn] - Starting new HTTPS connection (1): catalog.api.2gis.com:443
2025-10-30 21:17:32,087 - DEBUG - [_make_request] - https://catalog.api.2gis.com:443 "GET /3.0/items?key=18ee47f5-2184-45df-ac89-779be9385d71&q=%D0%BC%D0%B0%D0%B3%D0%B0%D0%B7%D0%B8%D0%BD&district_id=4504209512726574&type=branch&page=2&page_size=10&fields=items.point%2Citems.name%2Citems.address_name%2Citems.reviews HTTP/1.1" 200 None
2025-10-30 21:17:32,088 - DEBUG - [получить_магазины_в_районе] - Статус ответа: 200
2025-10-30 21:17:32,088 - INFO - [получить_магазины_в_районе] - Загружено 10 магазинов со страницы 2
2025-10-30 21:17:32,589 - DEBUG - [получить_магазины_в_районе] - Запрос страницы 3 для района Богородское
2025-10-30 21:17:32,590 - DEBUG - [_new_conn] - Starting new HTTPS connection (1): catalog.api.2gis.com:443
2025-10-30 21:17:33,002 - DEBUG - [_make_request] - https://catalog.api.2gis.com:443 "GET /3.0/items?key=18ee47f5-2184-45df-ac89-779be9385d71&q=%D0%BC%D0%B0%D0%B3%D0%B0%D0%B7%D0%B8%D0%BD&district_id=4504209512726574&type=branch&page=3&page_size=10&fields=items.point%2Citems.name%2Citems.address_name%2Citems.reviews HTTP/1.1" 200 None
2025-10-30 21:17:33,003 - DEBUG - [получить_магазины_в_районе] - Статус ответа: 200
2025-10-30 21:17:33,003 - INFO - [получить_магазины_в_районе] - Загружено 10 магазинов со страницы 3
2025-10-30 21:17:33,504 - DEBUG - [получить_магазины_в_районе] - Запрос страницы 4 для района Богородское
2025-10-30 21:17:33,506 - DEBUG - [_new_conn] - Starting new HTTPS connection (1): catalog.api.2gis.com:443
2025-10-30 21:17:33,903 - DEBUG - [_make_request] - https://catalog.api.2gis.com:443 "GET /3.0/items?key=18ee47f5-2184-45df-ac89-779be9385d71&q=%D0%BC%D0%B0%D0%B3%D0%B0%D0%B7%D0%B8%D0%BD&district_id=4504209512726574&type=branch&page=4&page_size=10&fields=items.point%2Citems.name%2Citems.address_name%2Citems.reviews HTTP/1.1" 200 None
2025-10-30 21:17:33,903 - DEBUG - [получить_магазины_в_районе] - Статус ответа: 200
2025-10-30 21:17:33,904 - INFO - [получить_магазины_в_районе] - Загружено 10 магазинов со страницы 4
2025-10-30 21:17:34,405 - DEBUG - [получить_магазины_в_районе] - Запрос страницы 5 для района Богородское
2025-10-30 21:17:34,406 - DEBUG - [_new_conn] - Starting new HTTPS connection (1): catalog.api.2gis.com:443
2025-10-30 21:17:34,850 - DEBUG - [_make_request] - https://catalog.api.2gis.com:443 "GET /3.0/items?key=18ee47f5-2184-45df-ac89-779be9385d71&q=%D0%BC%D0%B0%D0%B3%D0%B0%D0%B7%D0%B8%D0%BD&district_id=4504209512726574&type=branch&page=5&page_size=10&fields=items.point%2Citems.name%2Citems.address_name%2Citems.reviews HTTP/1.1" 200 None
2025-10-30 21:17:34,851 - DEBUG - [получить_магазины_в_районе] - Статус ответа: 200
2025-10-30 21:17:34,852 - INFO - [получить_магазины_в_районе] - Загружено 10 магазинов со страницы 5
2025-10-30 21:17:34,852 - INFO - [получить_магазины_в_районе] - Завершение сбора для района Богородское. Найдено магазинов: 50
2025-10-30 21:17:34,854 - INFO - [<cell line: 0>] - Район 'Богородское' завершен. Магазинов: 50
2025-10-30 21:17:35,856 - INFO - [<cell line: 0>] - [15/132] Обработка района: Братеево
2025-10-30 21:17:35,857 - INFO - [получить_магазины_в_районе] - Начало сбора магазинов для района: Братеево (ID: 4504209512726609)
2025-10-30 21:17:35,858 - DEBUG - [получить_магазины_в_районе] - Запрос страницы 1 для района Братеево
2025-10-30 21:17:35,860 - DEBUG - [_new_conn] - Starting new HTTPS connection (1): catalog.api.2gis.com:443
2025-10-30 21:17:36,271 - DEBUG - [_make_request] - https://catalog.api.2gis.com:443 "GET /3.0/items?key=18ee47f5-2184-45df-ac89-779be9385d71&q=%D0%BC%D0%B0%D0%B3%D0%B0%D0%B7%D0%B8%D0%BD&district_id=4504209512726609&type=branch&page=1&page_size=10&fields=items.point%2Citems.name%2Citems.address_name%2Citems.reviews HTTP/1.1" 200 None
2025-10-30 21:17:36,272 - DEBUG - [получить_магазины_в_районе] - Статус ответа: 200
2025-10-30 21:17:36,272 - INFO - [получить_магазины_в_районе] - Загружено 10 магазинов со страницы 1
2025-10-30 21:17:36,773 - DEBUG - [получить_магазины_в_районе] - Запрос страницы 2 для района Братеево
2025-10-30 21:17:36,774 - DEBUG - [_new_conn] - Starting new HTTPS connection (1): catalog.api.2gis.com:443
2025-10-30 21:17:37,176 - DEBUG - [_make_request] - https://catalog.api.2gis.com:443 "GET /3.0/items?key=18ee47f5-2184-45df-ac89-779be9385d71&q=%D0%BC%D0%B0%D0%B3%D0%B0%D0%B7%D0%B8%D0%BD&district_id=4504209512726609&type=branch&page=2&page_size=10&fields=items.point%2Citems.name%2Citems.address_name%2Citems.reviews HTTP/1.1" 200 None
2025-10-30 21:17:37,177 - DEBUG - [получить_магазины_в_районе] - Статус ответа: 200
2025-10-30 21:17:37,177 - INFO - [получить_магазины_в_районе] - Загружено 10 магазинов со страницы 2
2025-10-30 21:17:37,678 - DEBUG - [получить_магазины_в_районе] - Запрос страницы 3 для района Братеево
2025-10-30 21:17:37,679 - DEBUG - [_new_conn] - Starting new HTTPS connection (1): catalog.api.2gis.com:443
2025-10-30 21:17:38,081 - DEBUG - [_make_request] - https://catalog.api.2gis.com:443 "GET /3.0/items?key=18ee47f5-2184-45df-ac89-779be9385d71&q=%D0%BC%D0%B0%D0%B3%D0%B0%D0%B7%D0%B8%D0%BD&district_id=4504209512726609&type=branch&page=3&page_size=10&fields=items.point%2Citems.name%2Citems.address_name%2Citems.reviews HTTP/1.1" 200 None
2025-10-30 21:17:38,082 - DEBUG - [получить_магазины_в_районе] - Статус ответа: 200
2025-10-30 21:17:38,083 - INFO - [получить_магазины_в_районе] - Загружено 10 магазинов со страницы 3
2025-10-30 21:17:38,584 - DEBUG - [получить_магазины_в_районе] - Запрос страницы 4 для района Братеево
2025-10-30 21:17:38,585 - DEBUG - [_new_conn] - Starting new HTTPS connection (1): catalog.api.2gis.com:443
2025-10-30 21:17:39,004 - DEBUG - [_make_request] - https://catalog.api.2gis.com:443 "GET /3.0/items?key=18ee47f5-2184-45df-ac89-779be9385d71&q=%D0%BC%D0%B0%D0%B3%D0%B0%D0%B7%D0%B8%D0%BD&district_id=4504209512726609&type=branch&page=4&page_size=10&fields=items.point%2Citems.name%2Citems.address_name%2Citems.reviews HTTP/1.1" 200 None
2025-10-30 21:17:39,005 - DEBUG - [получить_магазины_в_районе] - Статус ответа: 200
2025-10-30 21:17:39,005 - INFO - [получить_магазины_в_районе] - Загружено 10 магазинов со страницы 4
2025-10-30 21:17:39,506 - DEBUG - [получить_магазины_в_районе] - Запрос страницы 5 для района Братеево
2025-10-30 21:17:39,507 - DEBUG - [_new_conn] - Starting new HTTPS connection (1): catalog.api.2gis.com:443
2025-10-30 21:17:39,912 - DEBUG - [_make_request] - https://catalog.api.2gis.com:443 "GET /3.0/items?key=18ee47f5-2184-45df-ac89-779be9385d71&q=%D0%BC%D0%B0%D0%B3%D0%B0%D0%B7%D0%B8%D0%BD&district_id=4504209512726609&type=branch&page=5&page_size=10&fields=items.point%2Citems.name%2Citems.address_name%2Citems.reviews HTTP/1.1" 200 None
2025-10-30 21:17:39,913 - DEBUG - [получить_магазины_в_районе] - Статус ответа: 200
2025-10-30 21:17:39,914 - INFO - [получить_магазины_в_районе] - Загружено 10 магазинов со страницы 5
2025-10-30 21:17:39,915 - INFO - [получить_магазины_в_районе] - Завершение сбора для района Братеево. Найдено магазинов: 50
2025-10-30 21:17:39,916 - INFO - [<cell line: 0>] - Район 'Братеево' завершен. Магазинов: 50
2025-10-30 21:17:40,918 - INFO - [<cell line: 0>] - [16/132] Обработка района: Бутырский
2025-10-30 21:17:40,919 - INFO - [получить_магазины_в_районе] - Начало сбора магазинов для района: Бутырский (ID: 4504209512726567)
2025-10-30 21:17:40,920 - DEBUG - [получить_магазины_в_районе] - Запрос страницы 1 для района Бутырский
2025-10-30 21:17:40,922 - DEBUG - [_new_conn] - Starting new HTTPS connection (1): catalog.api.2gis.com:443
2025-10-30 21:17:41,334 - DEBUG - [_make_request] - https://catalog.api.2gis.com:443 "GET /3.0/items?key=18ee47f5-2184-45df-ac89-779be9385d71&q=%D0%BC%D0%B0%D0%B3%D0%B0%D0%B7%D0%B8%D0%BD&district_id=4504209512726567&type=branch&page=1&page_size=10&fields=items.point%2Citems.name%2Citems.address_name%2Citems.reviews HTTP/1.1" 200 None
2025-10-30 21:17:41,335 - DEBUG - [получить_магазины_в_районе] - Статус ответа: 200
2025-10-30 21:17:41,335 - INFO - [получить_магазины_в_районе] - Загружено 10 магазинов со страницы 1
2025-10-30 21:17:41,836 - DEBUG - [получить_магазины_в_районе] - Запрос страницы 2 для района Бутырский
2025-10-30 21:17:41,838 - DEBUG - [_new_conn] - Starting new HTTPS connection (1): catalog.api.2gis.com:443
2025-10-30 21:17:42,298 - DEBUG - [_make_request] - https://catalog.api.2gis.com:443 "GET /3.0/items?key=18ee47f5-2184-45df-ac89-779be9385d71&q=%D0%BC%D0%B0%D0%B3%D0%B0%D0%B7%D0%B8%D0%BD&district_id=4504209512726567&type=branch&page=2&page_size=10&fields=items.point%2Citems.name%2Citems.address_name%2Citems.reviews HTTP/1.1" 200 None
2025-10-30 21:17:42,299 - DEBUG - [получить_магазины_в_районе] - Статус ответа: 200
2025-10-30 21:17:42,299 - INFO - [получить_магазины_в_районе] - Загружено 10 магазинов со страницы 2
2025-10-30 21:17:42,800 - DEBUG - [получить_магазины_в_районе] - Запрос страницы 3 для района Бутырский
2025-10-30 21:17:42,802 - DEBUG - [_new_conn] - Starting new HTTPS connection (1): catalog.api.2gis.com:443
2025-10-30 21:17:43,229 - DEBUG - [_make_request] - https://catalog.api.2gis.com:443 "GET /3.0/items?key=18ee47f5-2184-45df-ac89-779be9385d71&q=%D0%BC%D0%B0%D0%B3%D0%B0%D0%B7%D0%B8%D0%BD&district_id=4504209512726567&type=branch&page=3&page_size=10&fields=items.point%2Citems.name%2Citems.address_name%2Citems.reviews HTTP/1.1" 200 None
2025-10-30 21:17:43,230 - DEBUG - [получить_магазины_в_районе] - Статус ответа: 200
2025-10-30 21:17:43,230 - INFO - [получить_магазины_в_районе] - Загружено 10 магазинов со страницы 3
2025-10-30 21:17:43,731 - DEBUG - [получить_магазины_в_районе] - Запрос страницы 4 для района Бутырский
2025-10-30 21:17:43,733 - DEBUG - [_new_conn] - Starting new HTTPS connection (1): catalog.api.2gis.com:443
2025-10-30 21:17:44,148 - DEBUG - [_make_request] - https://catalog.api.2gis.com:443 "GET /3.0/items?key=18ee47f5-2184-45df-ac89-779be9385d71&q=%D0%BC%D0%B0%D0%B3%D0%B0%D0%B7%D0%B8%D0%BD&district_id=4504209512726567&type=branch&page=4&page_size=10&fields=items.point%2Citems.name%2Citems.address_name%2Citems.reviews HTTP/1.1" 200 None
2025-10-30 21:17:44,149 - DEBUG - [получить_магазины_в_районе] - Статус ответа: 200
2025-10-30 21:17:44,149 - INFO - [получить_магазины_в_районе] - Загружено 10 магазинов со страницы 4
2025-10-30 21:17:44,651 - DEBUG - [получить_магазины_в_районе] - Запрос страницы 5 для района Бутырский
2025-10-30 21:17:44,652 - DEBUG - [_new_conn] - Starting new HTTPS connection (1): catalog.api.2gis.com:443
2025-10-30 21:17:45,084 - DEBUG - [_make_request] - https://catalog.api.2gis.com:443 "GET /3.0/items?key=18ee47f5-2184-45df-ac89-779be9385d71&q=%D0%BC%D0%B0%D0%B3%D0%B0%D0%B7%D0%B8%D0%BD&district_id=4504209512726567&type=branch&page=5&page_size=10&fields=items.point%2Citems.name%2Citems.address_name%2Citems.reviews HTTP/1.1" 200 None
2025-10-30 21:17:45,085 - DEBUG - [получить_магазины_в_районе] - Статус ответа: 200
2025-10-30 21:17:45,085 - INFO - [получить_магазины_в_районе] - Загружено 10 магазинов со страницы 5
2025-10-30 21:17:45,086 - INFO - [получить_магазины_в_районе] - Завершение сбора для района Бутырский. Найдено магазинов: 50
2025-10-30 21:17:45,088 - INFO - [<cell line: 0>] - Район 'Бутырский' завершен. Магазинов: 50
2025-10-30 21:17:46,090 - INFO - [<cell line: 0>] - [17/132] Обработка района: Вешняки
2025-10-30 21:17:46,091 - INFO - [получить_магазины_в_районе] - Начало сбора магазинов для района: Вешняки (ID: 4504209512726578)
2025-10-30 21:17:46,092 - DEBUG - [получить_магазины_в_районе] - Запрос страницы 1 для района Вешняки
2025-10-30 21:17:46,094 - DEBUG - [_new_conn] - Starting new HTTPS connection (1): catalog.api.2gis.com:443
2025-10-30 21:17:46,541 - DEBUG - [_make_request] - https://catalog.api.2gis.com:443 "GET /3.0/items?key=18ee47f5-2184-45df-ac89-779be9385d71&q=%D0%BC%D0%B0%D0%B3%D0%B0%D0%B7%D0%B8%D0%BD&district_id=4504209512726578&type=branch&page=1&page_size=10&fields=items.point%2Citems.name%2Citems.address_name%2Citems.reviews HTTP/1.1" 200 None
2025-10-30 21:17:46,541 - DEBUG - [получить_магазины_в_районе] - Статус ответа: 200
2025-10-30 21:17:46,542 - INFO - [получить_магазины_в_районе] - Загружено 10 магазинов со страницы 1
2025-10-30 21:17:47,043 - DEBUG - [получить_магазины_в_районе] - Запрос страницы 2 для района Вешняки
2025-10-30 21:17:47,044 - DEBUG - [_new_conn] - Starting new HTTPS connection (1): catalog.api.2gis.com:443
2025-10-30 21:17:47,460 - DEBUG - [_make_request] - https://catalog.api.2gis.com:443 "GET /3.0/items?key=18ee47f5-2184-45df-ac89-779be9385d71&q=%D0%BC%D0%B0%D0%B3%D0%B0%D0%B7%D0%B8%D0%BD&district_id=4504209512726578&type=branch&page=2&page_size=10&fields=items.point%2Citems.name%2Citems.address_name%2Citems.reviews HTTP/1.1" 200 None
2025-10-30 21:17:47,461 - DEBUG - [получить_магазины_в_районе] - Статус ответа: 200
2025-10-30 21:17:47,461 - INFO - [получить_магазины_в_районе] - Загружено 10 магазинов со страницы 2
2025-10-30 21:17:47,962 - DEBUG - [получить_магазины_в_районе] - Запрос страницы 3 для района Вешняки
2025-10-30 21:17:47,963 - DEBUG - [_new_conn] - Starting new HTTPS connection (1): catalog.api.2gis.com:443
2025-10-30 21:17:48,366 - DEBUG - [_make_request] - https://catalog.api.2gis.com:443 "GET /3.0/items?key=18ee47f5-2184-45df-ac89-779be9385d71&q=%D0%BC%D0%B0%D0%B3%D0%B0%D0%B7%D0%B8%D0%BD&district_id=4504209512726578&type=branch&page=3&page_size=10&fields=items.point%2Citems.name%2Citems.address_name%2Citems.reviews HTTP/1.1" 200 None
2025-10-30 21:17:48,367 - DEBUG - [получить_магазины_в_районе] - Статус ответа: 200
2025-10-30 21:17:48,367 - INFO - [получить_магазины_в_районе] - Загружено 10 магазинов со страницы 3
2025-10-30 21:17:48,868 - DEBUG - [получить_магазины_в_районе] - Запрос страницы 4 для района Вешняки
2025-10-30 21:17:48,869 - DEBUG - [_new_conn] - Starting new HTTPS connection (1): catalog.api.2gis.com:443
2025-10-30 21:17:49,311 - DEBUG - [_make_request] - https://catalog.api.2gis.com:443 "GET /3.0/items?key=18ee47f5-2184-45df-ac89-779be9385d71&q=%D0%BC%D0%B0%D0%B3%D0%B0%D0%B7%D0%B8%D0%BD&district_id=4504209512726578&type=branch&page=4&page_size=10&fields=items.point%2Citems.name%2Citems.address_name%2Citems.reviews HTTP/1.1" 200 None
2025-10-30 21:17:49,312 - DEBUG - [получить_магазины_в_районе] - Статус ответа: 200
2025-10-30 21:17:49,312 - INFO - [получить_магазины_в_районе] - Загружено 10 магазинов со страницы 4
2025-10-30 21:17:49,813 - DEBUG - [получить_магазины_в_районе] - Запрос страницы 5 для района Вешняки
2025-10-30 21:17:49,814 - DEBUG - [_new_conn] - Starting new HTTPS connection (1): catalog.api.2gis.com:443
2025-10-30 21:17:50,264 - DEBUG - [_make_request] - https://catalog.api.2gis.com:443 "GET /3.0/items?key=18ee47f5-2184-45df-ac89-779be9385d71&q=%D0%BC%D0%B0%D0%B3%D0%B0%D0%B7%D0%B8%D0%BD&district_id=4504209512726578&type=branch&page=5&page_size=10&fields=items.point%2Citems.name%2Citems.address_name%2Citems.reviews HTTP/1.1" 200 None
2025-10-30 21:17:50,265 - DEBUG - [получить_магазины_в_районе] - Статус ответа: 200
2025-10-30 21:17:50,265 - INFO - [получить_магазины_в_районе] - Загружено 10 магазинов со страницы 5
2025-10-30 21:17:50,266 - INFO - [получить_магазины_в_районе] - Завершение сбора для района Вешняки. Найдено магазинов: 50
2025-10-30 21:17:50,267 - INFO - [<cell line: 0>] - Район 'Вешняки' завершен. Магазинов: 50
2025-10-30 21:17:51,268 - INFO - [<cell line: 0>] - [18/132] Обработка района: Внуково
2025-10-30 21:17:51,269 - INFO - [получить_магазины_в_районе] - Начало сбора магазинов для района: Внуково (ID: 4504209512726642)
2025-10-30 21:17:51,270 - DEBUG - [получить_магазины_в_районе] - Запрос страницы 1 для района Внуково
2025-10-30 21:17:51,272 - DEBUG - [_new_conn] - Starting new HTTPS connection (1): catalog.api.2gis.com:443
2025-10-30 21:17:51,682 - DEBUG - [_make_request] - https://catalog.api.2gis.com:443 "GET /3.0/items?key=18ee47f5-2184-45df-ac89-779be9385d71&q=%D0%BC%D0%B0%D0%B3%D0%B0%D0%B7%D0%B8%D0%BD&district_id=4504209512726642&type=branch&page=1&page_size=10&fields=items.point%2Citems.name%2Citems.address_name%2Citems.reviews HTTP/1.1" 200 None
2025-10-30 21:17:51,683 - DEBUG - [получить_магазины_в_районе] - Статус ответа: 200
2025-10-30 21:17:51,683 - INFO - [получить_магазины_в_районе] - Загружено 10 магазинов со страницы 1
2025-10-30 21:17:52,184 - DEBUG - [получить_магазины_в_районе] - Запрос страницы 2 для района Внуково
2025-10-30 21:17:52,186 - DEBUG - [_new_conn] - Starting new HTTPS connection (1): catalog.api.2gis.com:443
2025-10-30 21:17:52,611 - DEBUG - [_make_request] - https://catalog.api.2gis.com:443 "GET /3.0/items?key=18ee47f5-2184-45df-ac89-779be9385d71&q=%D0%BC%D0%B0%D0%B3%D0%B0%D0%B7%D0%B8%D0%BD&district_id=4504209512726642&type=branch&page=2&page_size=10&fields=items.point%2Citems.name%2Citems.address_name%2Citems.reviews HTTP/1.1" 200 None
2025-10-30 21:17:52,613 - DEBUG - [получить_магазины_в_районе] - Статус ответа: 200
2025-10-30 21:17:52,613 - INFO - [получить_магазины_в_районе] - Загружено 10 магазинов со страницы 2
2025-10-30 21:17:53,114 - DEBUG - [получить_магазины_в_районе] - Запрос страницы 3 для района Внуково
2025-10-30 21:17:53,116 - DEBUG - [_new_conn] - Starting new HTTPS connection (1): catalog.api.2gis.com:443
2025-10-30 21:17:53,656 - DEBUG - [_make_request] - https://catalog.api.2gis.com:443 "GET /3.0/items?key=18ee47f5-2184-45df-ac89-779be9385d71&q=%D0%BC%D0%B0%D0%B3%D0%B0%D0%B7%D0%B8%D0%BD&district_id=4504209512726642&type=branch&page=3&page_size=10&fields=items.point%2Citems.name%2Citems.address_name%2Citems.reviews HTTP/1.1" 200 None
2025-10-30 21:17:53,657 - DEBUG - [получить_магазины_в_районе] - Статус ответа: 200
2025-10-30 21:17:53,657 - INFO - [получить_магазины_в_районе] - Загружено 10 магазинов со страницы 3
2025-10-30 21:17:54,158 - DEBUG - [получить_магазины_в_районе] - Запрос страницы 4 для района Внуково
2025-10-30 21:17:54,159 - DEBUG - [_new_conn] - Starting new HTTPS connection (1): catalog.api.2gis.com:443
2025-10-30 21:17:54,588 - DEBUG - [_make_request] - https://catalog.api.2gis.com:443 "GET /3.0/items?key=18ee47f5-2184-45df-ac89-779be9385d71&q=%D0%BC%D0%B0%D0%B3%D0%B0%D0%B7%D0%B8%D0%BD&district_id=4504209512726642&type=branch&page=4&page_size=10&fields=items.point%2Citems.name%2Citems.address_name%2Citems.reviews HTTP/1.1" 200 None
2025-10-30 21:17:54,589 - DEBUG - [получить_магазины_в_районе] - Статус ответа: 200
2025-10-30 21:17:54,589 - INFO - [получить_магазины_в_районе] - Загружено 10 магазинов со страницы 4
2025-10-30 21:17:55,090 - DEBUG - [получить_магазины_в_районе] - Запрос страницы 5 для района Внуково
2025-10-30 21:17:55,091 - DEBUG - [_new_conn] - Starting new HTTPS connection (1): catalog.api.2gis.com:443
2025-10-30 21:17:55,506 - DEBUG - [_make_request] - https://catalog.api.2gis.com:443 "GET /3.0/items?key=18ee47f5-2184-45df-ac89-779be9385d71&q=%D0%BC%D0%B0%D0%B3%D0%B0%D0%B7%D0%B8%D0%BD&district_id=4504209512726642&type=branch&page=5&page_size=10&fields=items.point%2Citems.name%2Citems.address_name%2Citems.reviews HTTP/1.1" 200 None
2025-10-30 21:17:55,507 - DEBUG - [получить_магазины_в_районе] - Статус ответа: 200
2025-10-30 21:17:55,507 - INFO - [получить_магазины_в_районе] - Загружено 10 магазинов со страницы 5
2025-10-30 21:17:55,508 - INFO - [получить_магазины_в_районе] - Завершение сбора для района Внуково. Найдено магазинов: 50
2025-10-30 21:17:55,509 - INFO - [<cell line: 0>] - Район 'Внуково' завершен. Магазинов: 50
2025-10-30 21:17:56,511 - INFO - [<cell line: 0>] - [19/132] Обработка района: Войковский
2025-10-30 21:17:56,512 - INFO - [получить_магазины_в_районе] - Начало сбора магазинов для района: Войковский (ID: 4504209512726551)
2025-10-30 21:17:56,513 - DEBUG - [получить_магазины_в_районе] - Запрос страницы 1 для района Войковский
2025-10-30 21:17:56,516 - DEBUG - [_new_conn] - Starting new HTTPS connection (1): catalog.api.2gis.com:443
2025-10-30 21:17:56,942 - DEBUG - [_make_request] - https://catalog.api.2gis.com:443 "GET /3.0/items?key=18ee47f5-2184-45df-ac89-779be9385d71&q=%D0%BC%D0%B0%D0%B3%D0%B0%D0%B7%D0%B8%D0%BD&district_id=4504209512726551&type=branch&page=1&page_size=10&fields=items.point%2Citems.name%2Citems.address_name%2Citems.reviews HTTP/1.1" 200 None
2025-10-30 21:17:56,943 - DEBUG - [получить_магазины_в_районе] - Статус ответа: 200
2025-10-30 21:17:56,943 - INFO - [получить_магазины_в_районе] - Загружено 10 магазинов со страницы 1
2025-10-30 21:17:57,444 - DEBUG - [получить_магазины_в_районе] - Запрос страницы 2 для района Войковский
2025-10-30 21:17:57,445 - DEBUG - [_new_conn] - Starting new HTTPS connection (1): catalog.api.2gis.com:443
2025-10-30 21:17:57,861 - DEBUG - [_make_request] - https://catalog.api.2gis.com:443 "GET /3.0/items?key=18ee47f5-2184-45df-ac89-779be9385d71&q=%D0%BC%D0%B0%D0%B3%D0%B0%D0%B7%D0%B8%D0%BD&district_id=4504209512726551&type=branch&page=2&page_size=10&fields=items.point%2Citems.name%2Citems.address_name%2Citems.reviews HTTP/1.1" 200 None
2025-10-30 21:17:57,863 - DEBUG - [получить_магазины_в_районе] - Статус ответа: 200
2025-10-30 21:17:57,863 - INFO - [получить_магазины_в_районе] - Загружено 10 магазинов со страницы 2
2025-10-30 21:17:58,364 - DEBUG - [получить_магазины_в_районе] - Запрос страницы 3 для района Войковский
2025-10-30 21:17:58,365 - DEBUG - [_new_conn] - Starting new HTTPS connection (1): catalog.api.2gis.com:443
2025-10-30 21:17:58,785 - DEBUG - [_make_request] - https://catalog.api.2gis.com:443 "GET /3.0/items?key=18ee47f5-2184-45df-ac89-779be9385d71&q=%D0%BC%D0%B0%D0%B3%D0%B0%D0%B7%D0%B8%D0%BD&district_id=4504209512726551&type=branch&page=3&page_size=10&fields=items.point%2Citems.name%2Citems.address_name%2Citems.reviews HTTP/1.1" 200 None
2025-10-30 21:17:58,786 - DEBUG - [получить_магазины_в_районе] - Статус ответа: 200
2025-10-30 21:17:58,787 - INFO - [получить_магазины_в_районе] - Загружено 10 магазинов со страницы 3
2025-10-30 21:17:59,287 - DEBUG - [получить_магазины_в_районе] - Запрос страницы 4 для района Войковский
2025-10-30 21:17:59,289 - DEBUG - [_new_conn] - Starting new HTTPS connection (1): catalog.api.2gis.com:443
2025-10-30 21:17:59,719 - DEBUG - [_make_request] - https://catalog.api.2gis.com:443 "GET /3.0/items?key=18ee47f5-2184-45df-ac89-779be9385d71&q=%D0%BC%D0%B0%D0%B3%D0%B0%D0%B7%D0%B8%D0%BD&district_id=4504209512726551&type=branch&page=4&page_size=10&fields=items.point%2Citems.name%2Citems.address_name%2Citems.reviews HTTP/1.1" 200 None
2025-10-30 21:17:59,721 - DEBUG - [получить_магазины_в_районе] - Статус ответа: 200
2025-10-30 21:17:59,721 - INFO - [получить_магазины_в_районе] - Загружено 10 магазинов со страницы 4
2025-10-30 21:18:00,222 - DEBUG - [получить_магазины_в_районе] - Запрос страницы 5 для района Войковский
2025-10-30 21:18:00,224 - DEBUG - [_new_conn] - Starting new HTTPS connection (1): catalog.api.2gis.com:443
2025-10-30 21:18:00,654 - DEBUG - [_make_request] - https://catalog.api.2gis.com:443 "GET /3.0/items?key=18ee47f5-2184-45df-ac89-779be9385d71&q=%D0%BC%D0%B0%D0%B3%D0%B0%D0%B7%D0%B8%D0%BD&district_id=4504209512726551&type=branch&page=5&page_size=10&fields=items.point%2Citems.name%2Citems.address_name%2Citems.reviews HTTP/1.1" 200 None
2025-10-30 21:18:00,655 - DEBUG - [получить_магазины_в_районе] - Статус ответа: 200
2025-10-30 21:18:00,655 - INFO - [получить_магазины_в_районе] - Загружено 10 магазинов со страницы 5
2025-10-30 21:18:00,656 - INFO - [получить_магазины_в_районе] - Завершение сбора для района Войковский. Найдено магазинов: 50
2025-10-30 21:18:00,658 - INFO - [<cell line: 0>] - Район 'Войковский' завершен. Магазинов: 50
2025-10-30 21:18:01,659 - INFO - [<cell line: 0>] - [20/132] Обработка района: Вороново
2025-10-30 21:18:01,660 - INFO - [получить_магазины_в_районе] - Начало сбора магазинов для района: Вороново (ID: 4504209520931533)
2025-10-30 21:18:01,660 - DEBUG - [получить_магазины_в_районе] - Запрос страницы 1 для района Вороново
2025-10-30 21:18:01,663 - DEBUG - [_new_conn] - Starting new HTTPS connection (1): catalog.api.2gis.com:443
2025-10-30 21:18:02,062 - DEBUG - [_make_request] - https://catalog.api.2gis.com:443 "GET /3.0/items?key=18ee47f5-2184-45df-ac89-779be9385d71&q=%D0%BC%D0%B0%D0%B3%D0%B0%D0%B7%D0%B8%D0%BD&district_id=4504209520931533&type=branch&page=1&page_size=10&fields=items.point%2Citems.name%2Citems.address_name%2Citems.reviews HTTP/1.1" 200 None
2025-10-30 21:18:02,063 - DEBUG - [получить_магазины_в_районе] - Статус ответа: 200
2025-10-30 21:18:02,063 - INFO - [получить_магазины_в_районе] - Загружено 10 магазинов со страницы 1
2025-10-30 21:18:02,564 - DEBUG - [получить_магазины_в_районе] - Запрос страницы 2 для района Вороново
2025-10-30 21:18:02,565 - DEBUG - [_new_conn] - Starting new HTTPS connection (1): catalog.api.2gis.com:443
2025-10-30 21:18:02,993 - DEBUG - [_make_request] - https://catalog.api.2gis.com:443 "GET /3.0/items?key=18ee47f5-2184-45df-ac89-779be9385d71&q=%D0%BC%D0%B0%D0%B3%D0%B0%D0%B7%D0%B8%D0%BD&district_id=4504209520931533&type=branch&page=2&page_size=10&fields=items.point%2Citems.name%2Citems.address_name%2Citems.reviews HTTP/1.1" 200 None
2025-10-30 21:18:02,994 - DEBUG - [получить_магазины_в_районе] - Статус ответа: 200
2025-10-30 21:18:02,994 - INFO - [получить_магазины_в_районе] - Загружено 10 магазинов со страницы 2
2025-10-30 21:18:03,495 - DEBUG - [получить_магазины_в_районе] - Запрос страницы 3 для района Вороново
2025-10-30 21:18:03,497 - DEBUG - [_new_conn] - Starting new HTTPS connection (1): catalog.api.2gis.com:443
2025-10-30 21:18:03,891 - DEBUG - [_make_request] - https://catalog.api.2gis.com:443 "GET /3.0/items?key=18ee47f5-2184-45df-ac89-779be9385d71&q=%D0%BC%D0%B0%D0%B3%D0%B0%D0%B7%D0%B8%D0%BD&district_id=4504209520931533&type=branch&page=3&page_size=10&fields=items.point%2Citems.name%2Citems.address_name%2Citems.reviews HTTP/1.1" 200 None
2025-10-30 21:18:03,892 - DEBUG - [получить_магазины_в_районе] - Статус ответа: 200
2025-10-30 21:18:03,892 - INFO - [получить_магазины_в_районе] - Загружено 10 магазинов со страницы 3
2025-10-30 21:18:04,393 - DEBUG - [получить_магазины_в_районе] - Запрос страницы 4 для района Вороново
2025-10-30 21:18:04,395 - DEBUG - [_new_conn] - Starting new HTTPS connection (1): catalog.api.2gis.com:443
2025-10-30 21:18:04,792 - DEBUG - [_make_request] - https://catalog.api.2gis.com:443 "GET /3.0/items?key=18ee47f5-2184-45df-ac89-779be9385d71&q=%D0%BC%D0%B0%D0%B3%D0%B0%D0%B7%D0%B8%D0%BD&district_id=4504209520931533&type=branch&page=4&page_size=10&fields=items.point%2Citems.name%2Citems.address_name%2Citems.reviews HTTP/1.1" 200 None
2025-10-30 21:18:04,794 - DEBUG - [получить_магазины_в_районе] - Статус ответа: 200
2025-10-30 21:18:04,794 - INFO - [получить_магазины_в_районе] - Загружено 10 магазинов со страницы 4
2025-10-30 21:18:05,295 - DEBUG - [получить_магазины_в_районе] - Запрос страницы 5 для района Вороново
2025-10-30 21:18:05,296 - DEBUG - [_new_conn] - Starting new HTTPS connection (1): catalog.api.2gis.com:443
2025-10-30 21:18:05,708 - DEBUG - [_make_request] - https://catalog.api.2gis.com:443 "GET /3.0/items?key=18ee47f5-2184-45df-ac89-779be9385d71&q=%D0%BC%D0%B0%D0%B3%D0%B0%D0%B7%D0%B8%D0%BD&district_id=4504209520931533&type=branch&page=5&page_size=10&fields=items.point%2Citems.name%2Citems.address_name%2Citems.reviews HTTP/1.1" 200 None
2025-10-30 21:18:05,709 - DEBUG - [получить_магазины_в_районе] - Статус ответа: 200
2025-10-30 21:18:05,709 - INFO - [получить_магазины_в_районе] - Загружено 10 магазинов со страницы 5
2025-10-30 21:18:05,710 - INFO - [получить_магазины_в_районе] - Завершение сбора для района Вороново. Найдено магазинов: 50
2025-10-30 21:18:05,711 - INFO - [<cell line: 0>] - Район 'Вороново' завершен. Магазинов: 50
2025-10-30 21:18:06,713 - INFO - [<cell line: 0>] - [21/132] Обработка района: Восточное Дегунино
2025-10-30 21:18:06,714 - INFO - [получить_магазины_в_районе] - Начало сбора магазинов для района: Восточное Дегунино (ID: 4504209512726544)
2025-10-30 21:18:06,717 - DEBUG - [получить_магазины_в_районе] - Запрос страницы 1 для района Восточное Дегунино
2025-10-30 21:18:06,718 - DEBUG - [_new_conn] - Starting new HTTPS connection (1): catalog.api.2gis.com:443
2025-10-30 21:18:07,137 - DEBUG - [_make_request] - https://catalog.api.2gis.com:443 "GET /3.0/items?key=18ee47f5-2184-45df-ac89-779be9385d71&q=%D0%BC%D0%B0%D0%B3%D0%B0%D0%B7%D0%B8%D0%BD&district_id=4504209512726544&type=branch&page=1&page_size=10&fields=items.point%2Citems.name%2Citems.address_name%2Citems.reviews HTTP/1.1" 200 None
2025-10-30 21:18:07,138 - DEBUG - [получить_магазины_в_районе] - Статус ответа: 200
2025-10-30 21:18:07,138 - INFO - [получить_магазины_в_районе] - Загружено 10 магазинов со страницы 1
2025-10-30 21:18:07,639 - DEBUG - [получить_магазины_в_районе] - Запрос страницы 2 для района Восточное Дегунино
2025-10-30 21:18:07,640 - DEBUG - [_new_conn] - Starting new HTTPS connection (1): catalog.api.2gis.com:443
2025-10-30 21:18:08,051 - DEBUG - [_make_request] - https://catalog.api.2gis.com:443 "GET /3.0/items?key=18ee47f5-2184-45df-ac89-779be9385d71&q=%D0%BC%D0%B0%D0%B3%D0%B0%D0%B7%D0%B8%D0%BD&district_id=4504209512726544&type=branch&page=2&page_size=10&fields=items.point%2Citems.name%2Citems.address_name%2Citems.reviews HTTP/1.1" 200 None
2025-10-30 21:18:08,052 - DEBUG - [получить_магазины_в_районе] - Статус ответа: 200
2025-10-30 21:18:08,053 - INFO - [получить_магазины_в_районе] - Загружено 10 магазинов со страницы 2
2025-10-30 21:18:08,554 - DEBUG - [получить_магазины_в_районе] - Запрос страницы 3 для района Восточное Дегунино
2025-10-30 21:18:08,555 - DEBUG - [_new_conn] - Starting new HTTPS connection (1): catalog.api.2gis.com:443
2025-10-30 21:18:08,957 - DEBUG - [_make_request] - https://catalog.api.2gis.com:443 "GET /3.0/items?key=18ee47f5-2184-45df-ac89-779be9385d71&q=%D0%BC%D0%B0%D0%B3%D0%B0%D0%B7%D0%B8%D0%BD&district_id=4504209512726544&type=branch&page=3&page_size=10&fields=items.point%2Citems.name%2Citems.address_name%2Citems.reviews HTTP/1.1" 200 None
2025-10-30 21:18:08,958 - DEBUG - [получить_магазины_в_районе] - Статус ответа: 200
2025-10-30 21:18:08,958 - INFO - [получить_магазины_в_районе] - Загружено 10 магазинов со страницы 3
2025-10-30 21:18:09,459 - DEBUG - [получить_магазины_в_районе] - Запрос страницы 4 для района Восточное Дегунино
2025-10-30 21:18:09,461 - DEBUG - [_new_conn] - Starting new HTTPS connection (1): catalog.api.2gis.com:443
2025-10-30 21:18:09,871 - DEBUG - [_make_request] - https://catalog.api.2gis.com:443 "GET /3.0/items?key=18ee47f5-2184-45df-ac89-779be9385d71&q=%D0%BC%D0%B0%D0%B3%D0%B0%D0%B7%D0%B8%D0%BD&district_id=4504209512726544&type=branch&page=4&page_size=10&fields=items.point%2Citems.name%2Citems.address_name%2Citems.reviews HTTP/1.1" 200 None
2025-10-30 21:18:09,872 - DEBUG - [получить_магазины_в_районе] - Статус ответа: 200
2025-10-30 21:18:09,872 - INFO - [получить_магазины_в_районе] - Загружено 10 магазинов со страницы 4
2025-10-30 21:18:10,373 - DEBUG - [получить_магазины_в_районе] - Запрос страницы 5 для района Восточное Дегунино
2025-10-30 21:18:10,375 - DEBUG - [_new_conn] - Starting new HTTPS connection (1): catalog.api.2gis.com:443
2025-10-30 21:18:10,785 - DEBUG - [_make_request] - https://catalog.api.2gis.com:443 "GET /3.0/items?key=18ee47f5-2184-45df-ac89-779be9385d71&q=%D0%BC%D0%B0%D0%B3%D0%B0%D0%B7%D0%B8%D0%BD&district_id=4504209512726544&type=branch&page=5&page_size=10&fields=items.point%2Citems.name%2Citems.address_name%2Citems.reviews HTTP/1.1" 200 None
2025-10-30 21:18:10,786 - DEBUG - [получить_магазины_в_районе] - Статус ответа: 200
2025-10-30 21:18:10,786 - INFO - [получить_магазины_в_районе] - Загружено 10 магазинов со страницы 5
2025-10-30 21:18:10,787 - INFO - [получить_магазины_в_районе] - Завершение сбора для района Восточное Дегунино. Найдено магазинов: 50
2025-10-30 21:18:10,788 - INFO - [<cell line: 0>] - Район 'Восточное Дегунино' завершен. Магазинов: 50
2025-10-30 21:18:11,790 - INFO - [<cell line: 0>] - [22/132] Обработка района: Восточное Измайлово
2025-10-30 21:18:11,791 - INFO - [получить_магазины_в_районе] - Начало сбора магазинов для района: Восточное Измайлово (ID: 4504209512726575)
2025-10-30 21:18:11,792 - DEBUG - [получить_магазины_в_районе] - Запрос страницы 1 для района Восточное Измайлово
2025-10-30 21:18:11,795 - DEBUG - [_new_conn] - Starting new HTTPS connection (1): catalog.api.2gis.com:443
2025-10-30 21:18:12,193 - DEBUG - [_make_request] - https://catalog.api.2gis.com:443 "GET /3.0/items?key=18ee47f5-2184-45df-ac89-779be9385d71&q=%D0%BC%D0%B0%D0%B3%D0%B0%D0%B7%D0%B8%D0%BD&district_id=4504209512726575&type=branch&page=1&page_size=10&fields=items.point%2Citems.name%2Citems.address_name%2Citems.reviews HTTP/1.1" 200 None
2025-10-30 21:18:12,194 - DEBUG - [получить_магазины_в_районе] - Статус ответа: 200
2025-10-30 21:18:12,194 - INFO - [получить_магазины_в_районе] - Загружено 10 магазинов со страницы 1
2025-10-30 21:18:12,696 - DEBUG - [получить_магазины_в_районе] - Запрос страницы 2 для района Восточное Измайлово
2025-10-30 21:18:12,697 - DEBUG - [_new_conn] - Starting new HTTPS connection (1): catalog.api.2gis.com:443
2025-10-30 21:18:13,116 - DEBUG - [_make_request] - https://catalog.api.2gis.com:443 "GET /3.0/items?key=18ee47f5-2184-45df-ac89-779be9385d71&q=%D0%BC%D0%B0%D0%B3%D0%B0%D0%B7%D0%B8%D0%BD&district_id=4504209512726575&type=branch&page=2&page_size=10&fields=items.point%2Citems.name%2Citems.address_name%2Citems.reviews HTTP/1.1" 200 None
2025-10-30 21:18:13,117 - DEBUG - [получить_магазины_в_районе] - Статус ответа: 200
2025-10-30 21:18:13,117 - INFO - [получить_магазины_в_районе] - Загружено 10 магазинов со страницы 2
2025-10-30 21:18:13,619 - DEBUG - [получить_магазины_в_районе] - Запрос страницы 3 для района Восточное Измайлово
2025-10-30 21:18:13,620 - DEBUG - [_new_conn] - Starting new HTTPS connection (1): catalog.api.2gis.com:443
2025-10-30 21:18:14,040 - DEBUG - [_make_request] - https://catalog.api.2gis.com:443 "GET /3.0/items?key=18ee47f5-2184-45df-ac89-779be9385d71&q=%D0%BC%D0%B0%D0%B3%D0%B0%D0%B7%D0%B8%D0%BD&district_id=4504209512726575&type=branch&page=3&page_size=10&fields=items.point%2Citems.name%2Citems.address_name%2Citems.reviews HTTP/1.1" 200 None
2025-10-30 21:18:14,041 - DEBUG - [получить_магазины_в_районе] - Статус ответа: 200
2025-10-30 21:18:14,041 - INFO - [получить_магазины_в_районе] - Загружено 10 магазинов со страницы 3
2025-10-30 21:18:14,542 - DEBUG - [получить_магазины_в_районе] - Запрос страницы 4 для района Восточное Измайлово
2025-10-30 21:18:14,543 - DEBUG - [_new_conn] - Starting new HTTPS connection (1): catalog.api.2gis.com:443
2025-10-30 21:18:14,974 - DEBUG - [_make_request] - https://catalog.api.2gis.com:443 "GET /3.0/items?key=18ee47f5-2184-45df-ac89-779be9385d71&q=%D0%BC%D0%B0%D0%B3%D0%B0%D0%B7%D0%B8%D0%BD&district_id=4504209512726575&type=branch&page=4&page_size=10&fields=items.point%2Citems.name%2Citems.address_name%2Citems.reviews HTTP/1.1" 200 None
2025-10-30 21:18:14,975 - DEBUG - [получить_магазины_в_районе] - Статус ответа: 200
2025-10-30 21:18:14,975 - INFO - [получить_магазины_в_районе] - Загружено 10 магазинов со страницы 4
2025-10-30 21:18:15,476 - DEBUG - [получить_магазины_в_районе] - Запрос страницы 5 для района Восточное Измайлово
2025-10-30 21:18:15,477 - DEBUG - [_new_conn] - Starting new HTTPS connection (1): catalog.api.2gis.com:443
2025-10-30 21:18:15,913 - DEBUG - [_make_request] - https://catalog.api.2gis.com:443 "GET /3.0/items?key=18ee47f5-2184-45df-ac89-779be9385d71&q=%D0%BC%D0%B0%D0%B3%D0%B0%D0%B7%D0%B8%D0%BD&district_id=4504209512726575&type=branch&page=5&page_size=10&fields=items.point%2Citems.name%2Citems.address_name%2Citems.reviews HTTP/1.1" 200 None
2025-10-30 21:18:15,914 - DEBUG - [получить_магазины_в_районе] - Статус ответа: 200
2025-10-30 21:18:15,914 - INFO - [получить_магазины_в_районе] - Загружено 10 магазинов со страницы 5
2025-10-30 21:18:15,915 - INFO - [получить_магазины_в_районе] - Завершение сбора для района Восточное Измайлово. Найдено магазинов: 50
2025-10-30 21:18:15,916 - INFO - [<cell line: 0>] - Район 'Восточное Измайлово' завершен. Магазинов: 50
2025-10-30 21:18:16,918 - INFO - [<cell line: 0>] - [23/132] Обработка района: Восточный
2025-10-30 21:18:16,919 - INFO - [получить_магазины_в_районе] - Начало сбора магазинов для района: Восточный (ID: 4504209512726586)
2025-10-30 21:18:16,920 - DEBUG - [получить_магазины_в_районе] - Запрос страницы 1 для района Восточный
2025-10-30 21:18:16,922 - DEBUG - [_new_conn] - Starting new HTTPS connection (1): catalog.api.2gis.com:443
2025-10-30 21:18:17,312 - DEBUG - [_make_request] - https://catalog.api.2gis.com:443 "GET /3.0/items?key=18ee47f5-2184-45df-ac89-779be9385d71&q=%D0%BC%D0%B0%D0%B3%D0%B0%D0%B7%D0%B8%D0%BD&district_id=4504209512726586&type=branch&page=1&page_size=10&fields=items.point%2Citems.name%2Citems.address_name%2Citems.reviews HTTP/1.1" 200 None
2025-10-30 21:18:17,313 - DEBUG - [получить_магазины_в_районе] - Статус ответа: 200
2025-10-30 21:18:17,313 - INFO - [получить_магазины_в_районе] - Загружено 8 магазинов со страницы 1
2025-10-30 21:18:17,814 - DEBUG - [получить_магазины_в_районе] - Запрос страницы 2 для района Восточный
2025-10-30 21:18:17,815 - DEBUG - [_new_conn] - Starting new HTTPS connection (1): catalog.api.2gis.com:443
2025-10-30 21:18:18,200 - DEBUG - [_make_request] - https://catalog.api.2gis.com:443 "GET /3.0/items?key=18ee47f5-2184-45df-ac89-779be9385d71&q=%D0%BC%D0%B0%D0%B3%D0%B0%D0%B7%D0%B8%D0%BD&district_id=4504209512726586&type=branch&page=2&page_size=10&fields=items.point%2Citems.name%2Citems.address_name%2Citems.reviews HTTP/1.1" 200 133
2025-10-30 21:18:18,201 - DEBUG - [получить_магазины_в_районе] - Статус ответа: 200
2025-10-30 21:18:18,201 - WARNING - [получить_магазины_в_районе] - На странице 2 нет данных в ожидаемом формате
2025-10-30 21:18:18,702 - DEBUG - [получить_магазины_в_районе] - Запрос страницы 3 для района Восточный
2025-10-30 21:18:18,703 - DEBUG - [_new_conn] - Starting new HTTPS connection (1): catalog.api.2gis.com:443
2025-10-30 21:18:19,099 - DEBUG - [_make_request] - https://catalog.api.2gis.com:443 "GET /3.0/items?key=18ee47f5-2184-45df-ac89-779be9385d71&q=%D0%BC%D0%B0%D0%B3%D0%B0%D0%B7%D0%B8%D0%BD&district_id=4504209512726586&type=branch&page=3&page_size=10&fields=items.point%2Citems.name%2Citems.address_name%2Citems.reviews HTTP/1.1" 200 133
2025-10-30 21:18:19,100 - DEBUG - [получить_магазины_в_районе] - Статус ответа: 200
2025-10-30 21:18:19,101 - WARNING - [получить_магазины_в_районе] - На странице 3 нет данных в ожидаемом формате
2025-10-30 21:18:19,601 - DEBUG - [получить_магазины_в_районе] - Запрос страницы 4 для района Восточный
2025-10-30 21:18:19,603 - DEBUG - [_new_conn] - Starting new HTTPS connection (1): catalog.api.2gis.com:443
2025-10-30 21:18:20,005 - DEBUG - [_make_request] - https://catalog.api.2gis.com:443 "GET /3.0/items?key=18ee47f5-2184-45df-ac89-779be9385d71&q=%D0%BC%D0%B0%D0%B3%D0%B0%D0%B7%D0%B8%D0%BD&district_id=4504209512726586&type=branch&page=4&page_size=10&fields=items.point%2Citems.name%2Citems.address_name%2Citems.reviews HTTP/1.1" 200 133
2025-10-30 21:18:20,006 - DEBUG - [получить_магазины_в_районе] - Статус ответа: 200
2025-10-30 21:18:20,006 - WARNING - [получить_магазины_в_районе] - На странице 4 нет данных в ожидаемом формате
2025-10-30 21:18:20,507 - DEBUG - [получить_магазины_в_районе] - Запрос страницы 5 для района Восточный
2025-10-30 21:18:20,508 - DEBUG - [_new_conn] - Starting new HTTPS connection (1): catalog.api.2gis.com:443
2025-10-30 21:18:20,899 - DEBUG - [_make_request] - https://catalog.api.2gis.com:443 "GET /3.0/items?key=18ee47f5-2184-45df-ac89-779be9385d71&q=%D0%BC%D0%B0%D0%B3%D0%B0%D0%B7%D0%B8%D0%BD&district_id=4504209512726586&type=branch&page=5&page_size=10&fields=items.point%2Citems.name%2Citems.address_name%2Citems.reviews HTTP/1.1" 200 133
2025-10-30 21:18:20,900 - DEBUG - [получить_магазины_в_районе] - Статус ответа: 200
2025-10-30 21:18:20,900 - WARNING - [получить_магазины_в_районе] - На странице 5 нет данных в ожидаемом формате
2025-10-30 21:18:20,900 - INFO - [получить_магазины_в_районе] - Завершение сбора для района Восточный. Найдено магазинов: 8
2025-10-30 21:18:20,902 - INFO - [<cell line: 0>] - Район 'Восточный' завершен. Магазинов: 8
2025-10-30 21:18:21,903 - INFO - [<cell line: 0>] - [24/132] Обработка района: Выхино-Жулебино
2025-10-30 21:18:21,904 - INFO - [получить_магазины_в_районе] - Начало сбора магазинов для района: Выхино-Жулебино (ID: 4504209512726600)
2025-10-30 21:18:21,905 - DEBUG - [получить_магазины_в_районе] - Запрос страницы 1 для района Выхино-Жулебино
2025-10-30 21:18:21,907 - DEBUG - [_new_conn] - Starting new HTTPS connection (1): catalog.api.2gis.com:443
2025-10-30 21:18:22,320 - DEBUG - [_make_request] - https://catalog.api.2gis.com:443 "GET /3.0/items?key=18ee47f5-2184-45df-ac89-779be9385d71&q=%D0%BC%D0%B0%D0%B3%D0%B0%D0%B7%D0%B8%D0%BD&district_id=4504209512726600&type=branch&page=1&page_size=10&fields=items.point%2Citems.name%2Citems.address_name%2Citems.reviews HTTP/1.1" 200 None
2025-10-30 21:18:22,321 - DEBUG - [получить_магазины_в_районе] - Статус ответа: 200
2025-10-30 21:18:22,321 - INFO - [получить_магазины_в_районе] - Загружено 10 магазинов со страницы 1
2025-10-30 21:18:22,822 - DEBUG - [получить_магазины_в_районе] - Запрос страницы 2 для района Выхино-Жулебино
2025-10-30 21:18:22,823 - DEBUG - [_new_conn] - Starting new HTTPS connection (1): catalog.api.2gis.com:443
2025-10-30 21:18:23,234 - DEBUG - [_make_request] - https://catalog.api.2gis.com:443 "GET /3.0/items?key=18ee47f5-2184-45df-ac89-779be9385d71&q=%D0%BC%D0%B0%D0%B3%D0%B0%D0%B7%D0%B8%D0%BD&district_id=4504209512726600&type=branch&page=2&page_size=10&fields=items.point%2Citems.name%2Citems.address_name%2Citems.reviews HTTP/1.1" 200 None
2025-10-30 21:18:23,235 - DEBUG - [получить_магазины_в_районе] - Статус ответа: 200
2025-10-30 21:18:23,235 - INFO - [получить_магазины_в_районе] - Загружено 10 магазинов со страницы 2
2025-10-30 21:18:23,736 - DEBUG - [получить_магазины_в_районе] - Запрос страницы 3 для района Выхино-Жулебино
2025-10-30 21:18:23,737 - DEBUG - [_new_conn] - Starting new HTTPS connection (1): catalog.api.2gis.com:443
2025-10-30 21:18:24,351 - DEBUG - [_make_request] - https://catalog.api.2gis.com:443 "GET /3.0/items?key=18ee47f5-2184-45df-ac89-779be9385d71&q=%D0%BC%D0%B0%D0%B3%D0%B0%D0%B7%D0%B8%D0%BD&district_id=4504209512726600&type=branch&page=3&page_size=10&fields=items.point%2Citems.name%2Citems.address_name%2Citems.reviews HTTP/1.1" 200 None
2025-10-30 21:18:24,352 - DEBUG - [получить_магазины_в_районе] - Статус ответа: 200
2025-10-30 21:18:24,352 - INFO - [получить_магазины_в_районе] - Загружено 10 магазинов со страницы 3
2025-10-30 21:18:24,853 - DEBUG - [получить_магазины_в_районе] - Запрос страницы 4 для района Выхино-Жулебино
2025-10-30 21:18:24,854 - DEBUG - [_new_conn] - Starting new HTTPS connection (1): catalog.api.2gis.com:443
2025-10-30 21:18:25,381 - DEBUG - [_make_request] - https://catalog.api.2gis.com:443 "GET /3.0/items?key=18ee47f5-2184-45df-ac89-779be9385d71&q=%D0%BC%D0%B0%D0%B3%D0%B0%D0%B7%D0%B8%D0%BD&district_id=4504209512726600&type=branch&page=4&page_size=10&fields=items.point%2Citems.name%2Citems.address_name%2Citems.reviews HTTP/1.1" 200 None
2025-10-30 21:18:25,382 - DEBUG - [получить_магазины_в_районе] - Статус ответа: 200
2025-10-30 21:18:25,383 - INFO - [получить_магазины_в_районе] - Загружено 10 магазинов со страницы 4
2025-10-30 21:18:25,884 - DEBUG - [получить_магазины_в_районе] - Запрос страницы 5 для района Выхино-Жулебино
2025-10-30 21:18:25,885 - DEBUG - [_new_conn] - Starting new HTTPS connection (1): catalog.api.2gis.com:443
2025-10-30 21:18:26,323 - DEBUG - [_make_request] - https://catalog.api.2gis.com:443 "GET /3.0/items?key=18ee47f5-2184-45df-ac89-779be9385d71&q=%D0%BC%D0%B0%D0%B3%D0%B0%D0%B7%D0%B8%D0%BD&district_id=4504209512726600&type=branch&page=5&page_size=10&fields=items.point%2Citems.name%2Citems.address_name%2Citems.reviews HTTP/1.1" 200 None
2025-10-30 21:18:26,324 - DEBUG - [получить_магазины_в_районе] - Статус ответа: 200
2025-10-30 21:18:26,324 - INFO - [получить_магазины_в_районе] - Загружено 10 магазинов со страницы 5
2025-10-30 21:18:26,325 - INFO - [получить_магазины_в_районе] - Завершение сбора для района Выхино-Жулебино. Найдено магазинов: 50
2025-10-30 21:18:26,327 - INFO - [<cell line: 0>] - Район 'Выхино-Жулебино' завершен. Магазинов: 50
2025-10-30 21:18:27,329 - INFO - [<cell line: 0>] - [25/132] Обработка района: Гагаринский
2025-10-30 21:18:27,331 - INFO - [получить_магазины_в_районе] - Начало сбора магазинов для района: Гагаринский (ID: 4504209512726624)
2025-10-30 21:18:27,333 - DEBUG - [получить_магазины_в_районе] - Запрос страницы 1 для района Гагаринский
2025-10-30 21:18:27,334 - DEBUG - [_new_conn] - Starting new HTTPS connection (1): catalog.api.2gis.com:443
2025-10-30 21:18:27,751 - DEBUG - [_make_request] - https://catalog.api.2gis.com:443 "GET /3.0/items?key=18ee47f5-2184-45df-ac89-779be9385d71&q=%D0%BC%D0%B0%D0%B3%D0%B0%D0%B7%D0%B8%D0%BD&district_id=4504209512726624&type=branch&page=1&page_size=10&fields=items.point%2Citems.name%2Citems.address_name%2Citems.reviews HTTP/1.1" 200 None
2025-10-30 21:18:27,752 - DEBUG - [получить_магазины_в_районе] - Статус ответа: 200
2025-10-30 21:18:27,753 - INFO - [получить_магазины_в_районе] - Загружено 10 магазинов со страницы 1
2025-10-30 21:18:28,255 - DEBUG - [получить_магазины_в_районе] - Запрос страницы 2 для района Гагаринский
2025-10-30 21:18:28,257 - DEBUG - [_new_conn] - Starting new HTTPS connection (1): catalog.api.2gis.com:443
2025-10-30 21:18:28,668 - DEBUG - [_make_request] - https://catalog.api.2gis.com:443 "GET /3.0/items?key=18ee47f5-2184-45df-ac89-779be9385d71&q=%D0%BC%D0%B0%D0%B3%D0%B0%D0%B7%D0%B8%D0%BD&district_id=4504209512726624&type=branch&page=2&page_size=10&fields=items.point%2Citems.name%2Citems.address_name%2Citems.reviews HTTP/1.1" 200 None
2025-10-30 21:18:28,669 - DEBUG - [получить_магазины_в_районе] - Статус ответа: 200
2025-10-30 21:18:28,669 - INFO - [получить_магазины_в_районе] - Загружено 10 магазинов со страницы 2
2025-10-30 21:18:29,170 - DEBUG - [получить_магазины_в_районе] - Запрос страницы 3 для района Гагаринский
2025-10-30 21:18:29,171 - DEBUG - [_new_conn] - Starting new HTTPS connection (1): catalog.api.2gis.com:443
2025-10-30 21:18:29,584 - DEBUG - [_make_request] - https://catalog.api.2gis.com:443 "GET /3.0/items?key=18ee47f5-2184-45df-ac89-779be9385d71&q=%D0%BC%D0%B0%D0%B3%D0%B0%D0%B7%D0%B8%D0%BD&district_id=4504209512726624&type=branch&page=3&page_size=10&fields=items.point%2Citems.name%2Citems.address_name%2Citems.reviews HTTP/1.1" 200 None
2025-10-30 21:18:29,585 - DEBUG - [получить_магазины_в_районе] - Статус ответа: 200
2025-10-30 21:18:29,585 - INFO - [получить_магазины_в_районе] - Загружено 10 магазинов со страницы 3
2025-10-30 21:18:30,086 - DEBUG - [получить_магазины_в_районе] - Запрос страницы 4 для района Гагаринский
2025-10-30 21:18:30,087 - DEBUG - [_new_conn] - Starting new HTTPS connection (1): catalog.api.2gis.com:443
2025-10-30 21:18:30,538 - DEBUG - [_make_request] - https://catalog.api.2gis.com:443 "GET /3.0/items?key=18ee47f5-2184-45df-ac89-779be9385d71&q=%D0%BC%D0%B0%D0%B3%D0%B0%D0%B7%D0%B8%D0%BD&district_id=4504209512726624&type=branch&page=4&page_size=10&fields=items.point%2Citems.name%2Citems.address_name%2Citems.reviews HTTP/1.1" 200 None
2025-10-30 21:18:30,539 - DEBUG - [получить_магазины_в_районе] - Статус ответа: 200
2025-10-30 21:18:30,539 - INFO - [получить_магазины_в_районе] - Загружено 10 магазинов со страницы 4
2025-10-30 21:18:31,040 - DEBUG - [получить_магазины_в_районе] - Запрос страницы 5 для района Гагаринский
2025-10-30 21:18:31,041 - DEBUG - [_new_conn] - Starting new HTTPS connection (1): catalog.api.2gis.com:443
2025-10-30 21:18:31,459 - DEBUG - [_make_request] - https://catalog.api.2gis.com:443 "GET /3.0/items?key=18ee47f5-2184-45df-ac89-779be9385d71&q=%D0%BC%D0%B0%D0%B3%D0%B0%D0%B7%D0%B8%D0%BD&district_id=4504209512726624&type=branch&page=5&page_size=10&fields=items.point%2Citems.name%2Citems.address_name%2Citems.reviews HTTP/1.1" 200 None
2025-10-30 21:18:31,460 - DEBUG - [получить_магазины_в_районе] - Статус ответа: 200
2025-10-30 21:18:31,460 - INFO - [получить_магазины_в_районе] - Загружено 10 магазинов со страницы 5
2025-10-30 21:18:31,461 - INFO - [получить_магазины_в_районе] - Завершение сбора для района Гагаринский. Найдено магазинов: 50
2025-10-30 21:18:31,463 - INFO - [<cell line: 0>] - Район 'Гагаринский' завершен. Магазинов: 50
2025-10-30 21:18:32,465 - INFO - [<cell line: 0>] - [26/132] Обработка района: Головинский
2025-10-30 21:18:32,466 - INFO - [получить_магазины_в_районе] - Начало сбора магазинов для района: Головинский (ID: 4504209512726549)
2025-10-30 21:18:32,467 - DEBUG - [получить_магазины_в_районе] - Запрос страницы 1 для района Головинский
2025-10-30 21:18:32,468 - DEBUG - [_new_conn] - Starting new HTTPS connection (1): catalog.api.2gis.com:443
2025-10-30 21:18:32,889 - DEBUG - [_make_request] - https://catalog.api.2gis.com:443 "GET /3.0/items?key=18ee47f5-2184-45df-ac89-779be9385d71&q=%D0%BC%D0%B0%D0%B3%D0%B0%D0%B7%D0%B8%D0%BD&district_id=4504209512726549&type=branch&page=1&page_size=10&fields=items.point%2Citems.name%2Citems.address_name%2Citems.reviews HTTP/1.1" 200 None
2025-10-30 21:18:32,890 - DEBUG - [получить_магазины_в_районе] - Статус ответа: 200
2025-10-30 21:18:32,890 - INFO - [получить_магазины_в_районе] - Загружено 10 магазинов со страницы 1
2025-10-30 21:18:33,391 - DEBUG - [получить_магазины_в_районе] - Запрос страницы 2 для района Головинский
2025-10-30 21:18:33,392 - DEBUG - [_new_conn] - Starting new HTTPS connection (1): catalog.api.2gis.com:443
2025-10-30 21:18:33,809 - DEBUG - [_make_request] - https://catalog.api.2gis.com:443 "GET /3.0/items?key=18ee47f5-2184-45df-ac89-779be9385d71&q=%D0%BC%D0%B0%D0%B3%D0%B0%D0%B7%D0%B8%D0%BD&district_id=4504209512726549&type=branch&page=2&page_size=10&fields=items.point%2Citems.name%2Citems.address_name%2Citems.reviews HTTP/1.1" 200 None
2025-10-30 21:18:33,810 - DEBUG - [получить_магазины_в_районе] - Статус ответа: 200
2025-10-30 21:18:33,810 - INFO - [получить_магазины_в_районе] - Загружено 10 магазинов со страницы 2
2025-10-30 21:18:34,311 - DEBUG - [получить_магазины_в_районе] - Запрос страницы 3 для района Головинский
2025-10-30 21:18:34,313 - DEBUG - [_new_conn] - Starting new HTTPS connection (1): catalog.api.2gis.com:443
2025-10-30 21:18:34,727 - DEBUG - [_make_request] - https://catalog.api.2gis.com:443 "GET /3.0/items?key=18ee47f5-2184-45df-ac89-779be9385d71&q=%D0%BC%D0%B0%D0%B3%D0%B0%D0%B7%D0%B8%D0%BD&district_id=4504209512726549&type=branch&page=3&page_size=10&fields=items.point%2Citems.name%2Citems.address_name%2Citems.reviews HTTP/1.1" 200 None
2025-10-30 21:18:34,728 - DEBUG - [получить_магазины_в_районе] - Статус ответа: 200
2025-10-30 21:18:34,728 - INFO - [получить_магазины_в_районе] - Загружено 10 магазинов со страницы 3
2025-10-30 21:18:35,229 - DEBUG - [получить_магазины_в_районе] - Запрос страницы 4 для района Головинский
2025-10-30 21:18:35,230 - DEBUG - [_new_conn] - Starting new HTTPS connection (1): catalog.api.2gis.com:443
2025-10-30 21:18:35,652 - DEBUG - [_make_request] - https://catalog.api.2gis.com:443 "GET /3.0/items?key=18ee47f5-2184-45df-ac89-779be9385d71&q=%D0%BC%D0%B0%D0%B3%D0%B0%D0%B7%D0%B8%D0%BD&district_id=4504209512726549&type=branch&page=4&page_size=10&fields=items.point%2Citems.name%2Citems.address_name%2Citems.reviews HTTP/1.1" 200 None
2025-10-30 21:18:35,653 - DEBUG - [получить_магазины_в_районе] - Статус ответа: 200
2025-10-30 21:18:35,653 - INFO - [получить_магазины_в_районе] - Загружено 10 магазинов со страницы 4
2025-10-30 21:18:36,154 - DEBUG - [получить_магазины_в_районе] - Запрос страницы 5 для района Головинский
2025-10-30 21:18:36,156 - DEBUG - [_new_conn] - Starting new HTTPS connection (1): catalog.api.2gis.com:443
2025-10-30 21:18:36,587 - DEBUG - [_make_request] - https://catalog.api.2gis.com:443 "GET /3.0/items?key=18ee47f5-2184-45df-ac89-779be9385d71&q=%D0%BC%D0%B0%D0%B3%D0%B0%D0%B7%D0%B8%D0%BD&district_id=4504209512726549&type=branch&page=5&page_size=10&fields=items.point%2Citems.name%2Citems.address_name%2Citems.reviews HTTP/1.1" 200 None
2025-10-30 21:18:36,588 - DEBUG - [получить_магазины_в_районе] - Статус ответа: 200
2025-10-30 21:18:36,589 - INFO - [получить_магазины_в_районе] - Загружено 10 магазинов со страницы 5
2025-10-30 21:18:36,590 - INFO - [получить_магазины_в_районе] - Завершение сбора для района Головинский. Найдено магазинов: 50
2025-10-30 21:18:36,591 - INFO - [<cell line: 0>] - Район 'Головинский' завершен. Магазинов: 50
2025-10-30 21:18:37,593 - INFO - [<cell line: 0>] - [27/132] Обработка района: Гольяново
2025-10-30 21:18:37,594 - INFO - [получить_магазины_в_районе] - Начало сбора магазинов для района: Гольяново (ID: 4504209512726589)
2025-10-30 21:18:37,595 - DEBUG - [получить_магазины_в_районе] - Запрос страницы 1 для района Гольяново
2025-10-30 21:18:37,597 - DEBUG - [_new_conn] - Starting new HTTPS connection (1): catalog.api.2gis.com:443
2025-10-30 21:18:38,016 - DEBUG - [_make_request] - https://catalog.api.2gis.com:443 "GET /3.0/items?key=18ee47f5-2184-45df-ac89-779be9385d71&q=%D0%BC%D0%B0%D0%B3%D0%B0%D0%B7%D0%B8%D0%BD&district_id=4504209512726589&type=branch&page=1&page_size=10&fields=items.point%2Citems.name%2Citems.address_name%2Citems.reviews HTTP/1.1" 200 None
2025-10-30 21:18:38,016 - DEBUG - [получить_магазины_в_районе] - Статус ответа: 200
2025-10-30 21:18:38,017 - INFO - [получить_магазины_в_районе] - Загружено 10 магазинов со страницы 1
2025-10-30 21:18:38,518 - DEBUG - [получить_магазины_в_районе] - Запрос страницы 2 для района Гольяново
2025-10-30 21:18:38,519 - DEBUG - [_new_conn] - Starting new HTTPS connection (1): catalog.api.2gis.com:443
2025-10-30 21:18:38,922 - DEBUG - [_make_request] - https://catalog.api.2gis.com:443 "GET /3.0/items?key=18ee47f5-2184-45df-ac89-779be9385d71&q=%D0%BC%D0%B0%D0%B3%D0%B0%D0%B7%D0%B8%D0%BD&district_id=4504209512726589&type=branch&page=2&page_size=10&fields=items.point%2Citems.name%2Citems.address_name%2Citems.reviews HTTP/1.1" 200 None
2025-10-30 21:18:38,923 - DEBUG - [получить_магазины_в_районе] - Статус ответа: 200
2025-10-30 21:18:38,923 - INFO - [получить_магазины_в_районе] - Загружено 10 магазинов со страницы 2
2025-10-30 21:18:39,425 - DEBUG - [получить_магазины_в_районе] - Запрос страницы 3 для района Гольяново
2025-10-30 21:18:39,426 - DEBUG - [_new_conn] - Starting new HTTPS connection (1): catalog.api.2gis.com:443
2025-10-30 21:18:39,833 - DEBUG - [_make_request] - https://catalog.api.2gis.com:443 "GET /3.0/items?key=18ee47f5-2184-45df-ac89-779be9385d71&q=%D0%BC%D0%B0%D0%B3%D0%B0%D0%B7%D0%B8%D0%BD&district_id=4504209512726589&type=branch&page=3&page_size=10&fields=items.point%2Citems.name%2Citems.address_name%2Citems.reviews HTTP/1.1" 200 None
2025-10-30 21:18:39,834 - DEBUG - [получить_магазины_в_районе] - Статус ответа: 200
2025-10-30 21:18:39,834 - INFO - [получить_магазины_в_районе] - Загружено 10 магазинов со страницы 3
2025-10-30 21:18:40,335 - DEBUG - [получить_магазины_в_районе] - Запрос страницы 4 для района Гольяново
2025-10-30 21:18:40,337 - DEBUG - [_new_conn] - Starting new HTTPS connection (1): catalog.api.2gis.com:443
2025-10-30 21:18:40,769 - DEBUG - [_make_request] - https://catalog.api.2gis.com:443 "GET /3.0/items?key=18ee47f5-2184-45df-ac89-779be9385d71&q=%D0%BC%D0%B0%D0%B3%D0%B0%D0%B7%D0%B8%D0%BD&district_id=4504209512726589&type=branch&page=4&page_size=10&fields=items.point%2Citems.name%2Citems.address_name%2Citems.reviews HTTP/1.1" 200 None
2025-10-30 21:18:40,770 - DEBUG - [получить_магазины_в_районе] - Статус ответа: 200
2025-10-30 21:18:40,770 - INFO - [получить_магазины_в_районе] - Загружено 10 магазинов со страницы 4
2025-10-30 21:18:41,271 - DEBUG - [получить_магазины_в_районе] - Запрос страницы 5 для района Гольяново
2025-10-30 21:18:41,272 - DEBUG - [_new_conn] - Starting new HTTPS connection (1): catalog.api.2gis.com:443
2025-10-30 21:18:41,808 - DEBUG - [_make_request] - https://catalog.api.2gis.com:443 "GET /3.0/items?key=18ee47f5-2184-45df-ac89-779be9385d71&q=%D0%BC%D0%B0%D0%B3%D0%B0%D0%B7%D0%B8%D0%BD&district_id=4504209512726589&type=branch&page=5&page_size=10&fields=items.point%2Citems.name%2Citems.address_name%2Citems.reviews HTTP/1.1" 200 None
2025-10-30 21:18:41,809 - DEBUG - [получить_магазины_в_районе] - Статус ответа: 200
2025-10-30 21:18:41,809 - INFO - [получить_магазины_в_районе] - Загружено 10 магазинов со страницы 5
2025-10-30 21:18:41,810 - INFO - [получить_магазины_в_районе] - Завершение сбора для района Гольяново. Найдено магазинов: 50
2025-10-30 21:18:41,812 - INFO - [<cell line: 0>] - Район 'Гольяново' завершен. Магазинов: 50
2025-10-30 21:18:42,813 - INFO - [<cell line: 0>] - [28/132] Обработка района: Даниловский
2025-10-30 21:18:42,814 - INFO - [получить_магазины_в_районе] - Начало сбора магазинов для района: Даниловский (ID: 4504209512726602)
2025-10-30 21:18:42,816 - DEBUG - [получить_магазины_в_районе] - Запрос страницы 1 для района Даниловский
2025-10-30 21:18:42,817 - DEBUG - [_new_conn] - Starting new HTTPS connection (1): catalog.api.2gis.com:443
2025-10-30 21:18:43,251 - DEBUG - [_make_request] - https://catalog.api.2gis.com:443 "GET /3.0/items?key=18ee47f5-2184-45df-ac89-779be9385d71&q=%D0%BC%D0%B0%D0%B3%D0%B0%D0%B7%D0%B8%D0%BD&district_id=4504209512726602&type=branch&page=1&page_size=10&fields=items.point%2Citems.name%2Citems.address_name%2Citems.reviews HTTP/1.1" 200 None
2025-10-30 21:18:43,252 - DEBUG - [получить_магазины_в_районе] - Статус ответа: 200
2025-10-30 21:18:43,253 - INFO - [получить_магазины_в_районе] - Загружено 10 магазинов со страницы 1
2025-10-30 21:18:43,753 - DEBUG - [получить_магазины_в_районе] - Запрос страницы 2 для района Даниловский
2025-10-30 21:18:43,755 - DEBUG - [_new_conn] - Starting new HTTPS connection (1): catalog.api.2gis.com:443
2025-10-30 21:18:44,217 - DEBUG - [_make_request] - https://catalog.api.2gis.com:443 "GET /3.0/items?key=18ee47f5-2184-45df-ac89-779be9385d71&q=%D0%BC%D0%B0%D0%B3%D0%B0%D0%B7%D0%B8%D0%BD&district_id=4504209512726602&type=branch&page=2&page_size=10&fields=items.point%2Citems.name%2Citems.address_name%2Citems.reviews HTTP/1.1" 200 None
2025-10-30 21:18:44,218 - DEBUG - [получить_магазины_в_районе] - Статус ответа: 200
2025-10-30 21:18:44,218 - INFO - [получить_магазины_в_районе] - Загружено 10 магазинов со страницы 2
2025-10-30 21:18:44,719 - DEBUG - [получить_магазины_в_районе] - Запрос страницы 3 для района Даниловский
2025-10-30 21:18:44,721 - DEBUG - [_new_conn] - Starting new HTTPS connection (1): catalog.api.2gis.com:443
2025-10-30 21:18:45,142 - DEBUG - [_make_request] - https://catalog.api.2gis.com:443 "GET /3.0/items?key=18ee47f5-2184-45df-ac89-779be9385d71&q=%D0%BC%D0%B0%D0%B3%D0%B0%D0%B7%D0%B8%D0%BD&district_id=4504209512726602&type=branch&page=3&page_size=10&fields=items.point%2Citems.name%2Citems.address_name%2Citems.reviews HTTP/1.1" 200 None
2025-10-30 21:18:45,143 - DEBUG - [получить_магазины_в_районе] - Статус ответа: 200
2025-10-30 21:18:45,143 - INFO - [получить_магазины_в_районе] - Загружено 10 магазинов со страницы 3
2025-10-30 21:18:45,644 - DEBUG - [получить_магазины_в_районе] - Запрос страницы 4 для района Даниловский
2025-10-30 21:18:45,646 - DEBUG - [_new_conn] - Starting new HTTPS connection (1): catalog.api.2gis.com:443
2025-10-30 21:18:46,075 - DEBUG - [_make_request] - https://catalog.api.2gis.com:443 "GET /3.0/items?key=18ee47f5-2184-45df-ac89-779be9385d71&q=%D0%BC%D0%B0%D0%B3%D0%B0%D0%B7%D0%B8%D0%BD&district_id=4504209512726602&type=branch&page=4&page_size=10&fields=items.point%2Citems.name%2Citems.address_name%2Citems.reviews HTTP/1.1" 200 None
2025-10-30 21:18:46,076 - DEBUG - [получить_магазины_в_районе] - Статус ответа: 200
2025-10-30 21:18:46,076 - INFO - [получить_магазины_в_районе] - Загружено 10 магазинов со страницы 4
2025-10-30 21:18:46,577 - DEBUG - [получить_магазины_в_районе] - Запрос страницы 5 для района Даниловский
2025-10-30 21:18:46,579 - DEBUG - [_new_conn] - Starting new HTTPS connection (1): catalog.api.2gis.com:443
2025-10-30 21:18:47,008 - DEBUG - [_make_request] - https://catalog.api.2gis.com:443 "GET /3.0/items?key=18ee47f5-2184-45df-ac89-779be9385d71&q=%D0%BC%D0%B0%D0%B3%D0%B0%D0%B7%D0%B8%D0%BD&district_id=4504209512726602&type=branch&page=5&page_size=10&fields=items.point%2Citems.name%2Citems.address_name%2Citems.reviews HTTP/1.1" 200 None
2025-10-30 21:18:47,009 - DEBUG - [получить_магазины_в_районе] - Статус ответа: 200
2025-10-30 21:18:47,010 - INFO - [получить_магазины_в_районе] - Загружено 10 магазинов со страницы 5
2025-10-30 21:18:47,010 - INFO - [получить_магазины_в_районе] - Завершение сбора для района Даниловский. Найдено магазинов: 50
2025-10-30 21:18:47,012 - INFO - [<cell line: 0>] - Район 'Даниловский' завершен. Магазинов: 50
2025-10-30 21:18:48,014 - INFO - [<cell line: 0>] - [29/132] Обработка района: Дмитровский
2025-10-30 21:18:48,015 - INFO - [получить_магазины_в_районе] - Начало сбора магазинов для района: Дмитровский (ID: 4504209512726545)
2025-10-30 21:18:48,016 - DEBUG - [получить_магазины_в_районе] - Запрос страницы 1 для района Дмитровский
2025-10-30 21:18:48,018 - DEBUG - [_new_conn] - Starting new HTTPS connection (1): catalog.api.2gis.com:443
2025-10-30 21:18:48,428 - DEBUG - [_make_request] - https://catalog.api.2gis.com:443 "GET /3.0/items?key=18ee47f5-2184-45df-ac89-779be9385d71&q=%D0%BC%D0%B0%D0%B3%D0%B0%D0%B7%D0%B8%D0%BD&district_id=4504209512726545&type=branch&page=1&page_size=10&fields=items.point%2Citems.name%2Citems.address_name%2Citems.reviews HTTP/1.1" 200 None
2025-10-30 21:18:48,429 - DEBUG - [получить_магазины_в_районе] - Статус ответа: 200
2025-10-30 21:18:48,429 - INFO - [получить_магазины_в_районе] - Загружено 10 магазинов со страницы 1
2025-10-30 21:18:48,930 - DEBUG - [получить_магазины_в_районе] - Запрос страницы 2 для района Дмитровский
2025-10-30 21:18:48,932 - DEBUG - [_new_conn] - Starting new HTTPS connection (1): catalog.api.2gis.com:443
2025-10-30 21:18:49,370 - DEBUG - [_make_request] - https://catalog.api.2gis.com:443 "GET /3.0/items?key=18ee47f5-2184-45df-ac89-779be9385d71&q=%D0%BC%D0%B0%D0%B3%D0%B0%D0%B7%D0%B8%D0%BD&district_id=4504209512726545&type=branch&page=2&page_size=10&fields=items.point%2Citems.name%2Citems.address_name%2Citems.reviews HTTP/1.1" 200 None
2025-10-30 21:18:49,371 - DEBUG - [получить_магазины_в_районе] - Статус ответа: 200
2025-10-30 21:18:49,371 - INFO - [получить_магазины_в_районе] - Загружено 10 магазинов со страницы 2
2025-10-30 21:18:49,872 - DEBUG - [получить_магазины_в_районе] - Запрос страницы 3 для района Дмитровский
2025-10-30 21:18:49,873 - DEBUG - [_new_conn] - Starting new HTTPS connection (1): catalog.api.2gis.com:443
2025-10-30 21:18:50,306 - DEBUG - [_make_request] - https://catalog.api.2gis.com:443 "GET /3.0/items?key=18ee47f5-2184-45df-ac89-779be9385d71&q=%D0%BC%D0%B0%D0%B3%D0%B0%D0%B7%D0%B8%D0%BD&district_id=4504209512726545&type=branch&page=3&page_size=10&fields=items.point%2Citems.name%2Citems.address_name%2Citems.reviews HTTP/1.1" 200 None
2025-10-30 21:18:50,307 - DEBUG - [получить_магазины_в_районе] - Статус ответа: 200
2025-10-30 21:18:50,307 - INFO - [получить_магазины_в_районе] - Загружено 10 магазинов со страницы 3
2025-10-30 21:18:50,808 - DEBUG - [получить_магазины_в_районе] - Запрос страницы 4 для района Дмитровский
2025-10-30 21:18:50,810 - DEBUG - [_new_conn] - Starting new HTTPS connection (1): catalog.api.2gis.com:443
2025-10-30 21:18:51,224 - DEBUG - [_make_request] - https://catalog.api.2gis.com:443 "GET /3.0/items?key=18ee47f5-2184-45df-ac89-779be9385d71&q=%D0%BC%D0%B0%D0%B3%D0%B0%D0%B7%D0%B8%D0%BD&district_id=4504209512726545&type=branch&page=4&page_size=10&fields=items.point%2Citems.name%2Citems.address_name%2Citems.reviews HTTP/1.1" 200 None
2025-10-30 21:18:51,226 - DEBUG - [получить_магазины_в_районе] - Статус ответа: 200
2025-10-30 21:18:51,226 - INFO - [получить_магазины_в_районе] - Загружено 10 магазинов со страницы 4
2025-10-30 21:18:51,727 - DEBUG - [получить_магазины_в_районе] - Запрос страницы 5 для района Дмитровский
2025-10-30 21:18:51,729 - DEBUG - [_new_conn] - Starting new HTTPS connection (1): catalog.api.2gis.com:443
2025-10-30 21:18:52,145 - DEBUG - [_make_request] - https://catalog.api.2gis.com:443 "GET /3.0/items?key=18ee47f5-2184-45df-ac89-779be9385d71&q=%D0%BC%D0%B0%D0%B3%D0%B0%D0%B7%D0%B8%D0%BD&district_id=4504209512726545&type=branch&page=5&page_size=10&fields=items.point%2Citems.name%2Citems.address_name%2Citems.reviews HTTP/1.1" 200 None
2025-10-30 21:18:52,147 - DEBUG - [получить_магазины_в_районе] - Статус ответа: 200
2025-10-30 21:18:52,147 - INFO - [получить_магазины_в_районе] - Загружено 10 магазинов со страницы 5
2025-10-30 21:18:52,148 - INFO - [получить_магазины_в_районе] - Завершение сбора для района Дмитровский. Найдено магазинов: 50
2025-10-30 21:18:52,150 - INFO - [<cell line: 0>] - Район 'Дмитровский' завершен. Магазинов: 50
2025-10-30 21:18:53,152 - INFO - [<cell line: 0>] - [30/132] Обработка района: Донской
2025-10-30 21:18:53,153 - INFO - [получить_магазины_в_районе] - Начало сбора магазинов для района: Донской (ID: 4504209512726605)
2025-10-30 21:18:53,154 - DEBUG - [получить_магазины_в_районе] - Запрос страницы 1 для района Донской
2025-10-30 21:18:53,156 - DEBUG - [_new_conn] - Starting new HTTPS connection (1): catalog.api.2gis.com:443
2025-10-30 21:18:53,644 - DEBUG - [_make_request] - https://catalog.api.2gis.com:443 "GET /3.0/items?key=18ee47f5-2184-45df-ac89-779be9385d71&q=%D0%BC%D0%B0%D0%B3%D0%B0%D0%B7%D0%B8%D0%BD&district_id=4504209512726605&type=branch&page=1&page_size=10&fields=items.point%2Citems.name%2Citems.address_name%2Citems.reviews HTTP/1.1" 200 None
2025-10-30 21:18:53,645 - DEBUG - [получить_магазины_в_районе] - Статус ответа: 200
2025-10-30 21:18:53,645 - INFO - [получить_магазины_в_районе] - Загружено 10 магазинов со страницы 1
2025-10-30 21:18:54,146 - DEBUG - [получить_магазины_в_районе] - Запрос страницы 2 для района Донской
2025-10-30 21:18:54,147 - DEBUG - [_new_conn] - Starting new HTTPS connection (1): catalog.api.2gis.com:443
2025-10-30 21:18:54,568 - DEBUG - [_make_request] - https://catalog.api.2gis.com:443 "GET /3.0/items?key=18ee47f5-2184-45df-ac89-779be9385d71&q=%D0%BC%D0%B0%D0%B3%D0%B0%D0%B7%D0%B8%D0%BD&district_id=4504209512726605&type=branch&page=2&page_size=10&fields=items.point%2Citems.name%2Citems.address_name%2Citems.reviews HTTP/1.1" 200 None
2025-10-30 21:18:54,569 - DEBUG - [получить_магазины_в_районе] - Статус ответа: 200
2025-10-30 21:18:54,569 - INFO - [получить_магазины_в_районе] - Загружено 10 магазинов со страницы 2
2025-10-30 21:18:55,070 - DEBUG - [получить_магазины_в_районе] - Запрос страницы 3 для района Донской
2025-10-30 21:18:55,071 - DEBUG - [_new_conn] - Starting new HTTPS connection (1): catalog.api.2gis.com:443
2025-10-30 21:18:55,590 - DEBUG - [_make_request] - https://catalog.api.2gis.com:443 "GET /3.0/items?key=18ee47f5-2184-45df-ac89-779be9385d71&q=%D0%BC%D0%B0%D0%B3%D0%B0%D0%B7%D0%B8%D0%BD&district_id=4504209512726605&type=branch&page=3&page_size=10&fields=items.point%2Citems.name%2Citems.address_name%2Citems.reviews HTTP/1.1" 200 None
2025-10-30 21:18:55,591 - DEBUG - [получить_магазины_в_районе] - Статус ответа: 200
2025-10-30 21:18:55,591 - INFO - [получить_магазины_в_районе] - Загружено 10 магазинов со страницы 3
2025-10-30 21:18:56,092 - DEBUG - [получить_магазины_в_районе] - Запрос страницы 4 для района Донской
2025-10-30 21:18:56,094 - DEBUG - [_new_conn] - Starting new HTTPS connection (1): catalog.api.2gis.com:443
2025-10-30 21:18:56,516 - DEBUG - [_make_request] - https://catalog.api.2gis.com:443 "GET /3.0/items?key=18ee47f5-2184-45df-ac89-779be9385d71&q=%D0%BC%D0%B0%D0%B3%D0%B0%D0%B7%D0%B8%D0%BD&district_id=4504209512726605&type=branch&page=4&page_size=10&fields=items.point%2Citems.name%2Citems.address_name%2Citems.reviews HTTP/1.1" 200 None
2025-10-30 21:18:56,517 - DEBUG - [получить_магазины_в_районе] - Статус ответа: 200
2025-10-30 21:18:56,517 - INFO - [получить_магазины_в_районе] - Загружено 10 магазинов со страницы 4
2025-10-30 21:18:57,018 - DEBUG - [получить_магазины_в_районе] - Запрос страницы 5 для района Донской
2025-10-30 21:18:57,020 - DEBUG - [_new_conn] - Starting new HTTPS connection (1): catalog.api.2gis.com:443
2025-10-30 21:18:57,475 - DEBUG - [_make_request] - https://catalog.api.2gis.com:443 "GET /3.0/items?key=18ee47f5-2184-45df-ac89-779be9385d71&q=%D0%BC%D0%B0%D0%B3%D0%B0%D0%B7%D0%B8%D0%BD&district_id=4504209512726605&type=branch&page=5&page_size=10&fields=items.point%2Citems.name%2Citems.address_name%2Citems.reviews HTTP/1.1" 200 None
2025-10-30 21:18:57,476 - DEBUG - [получить_магазины_в_районе] - Статус ответа: 200
2025-10-30 21:18:57,477 - INFO - [получить_магазины_в_районе] - Загружено 10 магазинов со страницы 5
2025-10-30 21:18:57,478 - INFO - [получить_магазины_в_районе] - Завершение сбора для района Донской. Найдено магазинов: 50
2025-10-30 21:18:57,479 - INFO - [<cell line: 0>] - Район 'Донской' завершен. Магазинов: 50
2025-10-30 21:18:58,480 - INFO - [<cell line: 0>] - [31/132] Обработка района: Дорогомилово
2025-10-30 21:18:58,481 - INFO - [получить_магазины_в_районе] - Начало сбора магазинов для района: Дорогомилово (ID: 4504209512726637)
2025-10-30 21:18:58,483 - DEBUG - [получить_магазины_в_районе] - Запрос страницы 1 для района Дорогомилово
2025-10-30 21:18:58,484 - DEBUG - [_new_conn] - Starting new HTTPS connection (1): catalog.api.2gis.com:443
2025-10-30 21:18:58,917 - DEBUG - [_make_request] - https://catalog.api.2gis.com:443 "GET /3.0/items?key=18ee47f5-2184-45df-ac89-779be9385d71&q=%D0%BC%D0%B0%D0%B3%D0%B0%D0%B7%D0%B8%D0%BD&district_id=4504209512726637&type=branch&page=1&page_size=10&fields=items.point%2Citems.name%2Citems.address_name%2Citems.reviews HTTP/1.1" 200 None
2025-10-30 21:18:58,917 - DEBUG - [получить_магазины_в_районе] - Статус ответа: 200
2025-10-30 21:18:58,918 - INFO - [получить_магазины_в_районе] - Загружено 10 магазинов со страницы 1
2025-10-30 21:18:59,419 - DEBUG - [получить_магазины_в_районе] - Запрос страницы 2 для района Дорогомилово
2025-10-30 21:18:59,420 - DEBUG - [_new_conn] - Starting new HTTPS connection (1): catalog.api.2gis.com:443
2025-10-30 21:18:59,879 - DEBUG - [_make_request] - https://catalog.api.2gis.com:443 "GET /3.0/items?key=18ee47f5-2184-45df-ac89-779be9385d71&q=%D0%BC%D0%B0%D0%B3%D0%B0%D0%B7%D0%B8%D0%BD&district_id=4504209512726637&type=branch&page=2&page_size=10&fields=items.point%2Citems.name%2Citems.address_name%2Citems.reviews HTTP/1.1" 200 None
2025-10-30 21:18:59,880 - DEBUG - [получить_магазины_в_районе] - Статус ответа: 200
2025-10-30 21:18:59,880 - INFO - [получить_магазины_в_районе] - Загружено 10 магазинов со страницы 2
2025-10-30 21:19:00,381 - DEBUG - [получить_магазины_в_районе] - Запрос страницы 3 для района Дорогомилово
2025-10-30 21:19:00,382 - DEBUG - [_new_conn] - Starting new HTTPS connection (1): catalog.api.2gis.com:443
2025-10-30 21:19:00,823 - DEBUG - [_make_request] - https://catalog.api.2gis.com:443 "GET /3.0/items?key=18ee47f5-2184-45df-ac89-779be9385d71&q=%D0%BC%D0%B0%D0%B3%D0%B0%D0%B7%D0%B8%D0%BD&district_id=4504209512726637&type=branch&page=3&page_size=10&fields=items.point%2Citems.name%2Citems.address_name%2Citems.reviews HTTP/1.1" 200 None
2025-10-30 21:19:00,824 - DEBUG - [получить_магазины_в_районе] - Статус ответа: 200
2025-10-30 21:19:00,824 - INFO - [получить_магазины_в_районе] - Загружено 10 магазинов со страницы 3
2025-10-30 21:19:01,325 - DEBUG - [получить_магазины_в_районе] - Запрос страницы 4 для района Дорогомилово
2025-10-30 21:19:01,326 - DEBUG - [_new_conn] - Starting new HTTPS connection (1): catalog.api.2gis.com:443
2025-10-30 21:19:01,747 - DEBUG - [_make_request] - https://catalog.api.2gis.com:443 "GET /3.0/items?key=18ee47f5-2184-45df-ac89-779be9385d71&q=%D0%BC%D0%B0%D0%B3%D0%B0%D0%B7%D0%B8%D0%BD&district_id=4504209512726637&type=branch&page=4&page_size=10&fields=items.point%2Citems.name%2Citems.address_name%2Citems.reviews HTTP/1.1" 200 None
2025-10-30 21:19:01,748 - DEBUG - [получить_магазины_в_районе] - Статус ответа: 200
2025-10-30 21:19:01,749 - INFO - [получить_магазины_в_районе] - Загружено 10 магазинов со страницы 4
2025-10-30 21:19:02,250 - DEBUG - [получить_магазины_в_районе] - Запрос страницы 5 для района Дорогомилово
2025-10-30 21:19:02,251 - DEBUG - [_new_conn] - Starting new HTTPS connection (1): catalog.api.2gis.com:443
2025-10-30 21:19:02,691 - DEBUG - [_make_request] - https://catalog.api.2gis.com:443 "GET /3.0/items?key=18ee47f5-2184-45df-ac89-779be9385d71&q=%D0%BC%D0%B0%D0%B3%D0%B0%D0%B7%D0%B8%D0%BD&district_id=4504209512726637&type=branch&page=5&page_size=10&fields=items.point%2Citems.name%2Citems.address_name%2Citems.reviews HTTP/1.1" 200 None
2025-10-30 21:19:02,693 - DEBUG - [получить_магазины_в_районе] - Статус ответа: 200
2025-10-30 21:19:02,693 - INFO - [получить_магазины_в_районе] - Загружено 10 магазинов со страницы 5
2025-10-30 21:19:02,694 - INFO - [получить_магазины_в_районе] - Завершение сбора для района Дорогомилово. Найдено магазинов: 50
2025-10-30 21:19:02,696 - INFO - [<cell line: 0>] - Район 'Дорогомилово' завершен. Магазинов: 50
2025-10-30 21:19:03,697 - INFO - [<cell line: 0>] - [32/132] Обработка района: Замоскворечье
2025-10-30 21:19:03,698 - INFO - [получить_магазины_в_районе] - Начало сбора магазинов для района: Замоскворечье (ID: 4504209512726532)
2025-10-30 21:19:03,701 - DEBUG - [получить_магазины_в_районе] - Запрос страницы 1 для района Замоскворечье
2025-10-30 21:19:03,703 - DEBUG - [_new_conn] - Starting new HTTPS connection (1): catalog.api.2gis.com:443
2025-10-30 21:19:04,122 - DEBUG - [_make_request] - https://catalog.api.2gis.com:443 "GET /3.0/items?key=18ee47f5-2184-45df-ac89-779be9385d71&q=%D0%BC%D0%B0%D0%B3%D0%B0%D0%B7%D0%B8%D0%BD&district_id=4504209512726532&type=branch&page=1&page_size=10&fields=items.point%2Citems.name%2Citems.address_name%2Citems.reviews HTTP/1.1" 200 None
2025-10-30 21:19:04,122 - DEBUG - [получить_магазины_в_районе] - Статус ответа: 200
2025-10-30 21:19:04,123 - INFO - [получить_магазины_в_районе] - Загружено 10 магазинов со страницы 1
2025-10-30 21:19:04,624 - DEBUG - [получить_магазины_в_районе] - Запрос страницы 2 для района Замоскворечье
2025-10-30 21:19:04,625 - DEBUG - [_new_conn] - Starting new HTTPS connection (1): catalog.api.2gis.com:443
2025-10-30 21:19:05,061 - DEBUG - [_make_request] - https://catalog.api.2gis.com:443 "GET /3.0/items?key=18ee47f5-2184-45df-ac89-779be9385d71&q=%D0%BC%D0%B0%D0%B3%D0%B0%D0%B7%D0%B8%D0%BD&district_id=4504209512726532&type=branch&page=2&page_size=10&fields=items.point%2Citems.name%2Citems.address_name%2Citems.reviews HTTP/1.1" 200 None
2025-10-30 21:19:05,062 - DEBUG - [получить_магазины_в_районе] - Статус ответа: 200
2025-10-30 21:19:05,063 - INFO - [получить_магазины_в_районе] - Загружено 10 магазинов со страницы 2
2025-10-30 21:19:05,563 - DEBUG - [получить_магазины_в_районе] - Запрос страницы 3 для района Замоскворечье
2025-10-30 21:19:05,565 - DEBUG - [_new_conn] - Starting new HTTPS connection (1): catalog.api.2gis.com:443
2025-10-30 21:19:05,988 - DEBUG - [_make_request] - https://catalog.api.2gis.com:443 "GET /3.0/items?key=18ee47f5-2184-45df-ac89-779be9385d71&q=%D0%BC%D0%B0%D0%B3%D0%B0%D0%B7%D0%B8%D0%BD&district_id=4504209512726532&type=branch&page=3&page_size=10&fields=items.point%2Citems.name%2Citems.address_name%2Citems.reviews HTTP/1.1" 200 None
2025-10-30 21:19:05,989 - DEBUG - [получить_магазины_в_районе] - Статус ответа: 200
2025-10-30 21:19:05,989 - INFO - [получить_магазины_в_районе] - Загружено 10 магазинов со страницы 3
2025-10-30 21:19:06,490 - DEBUG - [получить_магазины_в_районе] - Запрос страницы 4 для района Замоскворечье
2025-10-30 21:19:06,491 - DEBUG - [_new_conn] - Starting new HTTPS connection (1): catalog.api.2gis.com:443
2025-10-30 21:19:06,898 - DEBUG - [_make_request] - https://catalog.api.2gis.com:443 "GET /3.0/items?key=18ee47f5-2184-45df-ac89-779be9385d71&q=%D0%BC%D0%B0%D0%B3%D0%B0%D0%B7%D0%B8%D0%BD&district_id=4504209512726532&type=branch&page=4&page_size=10&fields=items.point%2Citems.name%2Citems.address_name%2Citems.reviews HTTP/1.1" 200 None
2025-10-30 21:19:06,899 - DEBUG - [получить_магазины_в_районе] - Статус ответа: 200
2025-10-30 21:19:06,899 - INFO - [получить_магазины_в_районе] - Загружено 10 магазинов со страницы 4
2025-10-30 21:19:07,400 - DEBUG - [получить_магазины_в_районе] - Запрос страницы 5 для района Замоскворечье
2025-10-30 21:19:07,402 - DEBUG - [_new_conn] - Starting new HTTPS connection (1): catalog.api.2gis.com:443
2025-10-30 21:19:07,806 - DEBUG - [_make_request] - https://catalog.api.2gis.com:443 "GET /3.0/items?key=18ee47f5-2184-45df-ac89-779be9385d71&q=%D0%BC%D0%B0%D0%B3%D0%B0%D0%B7%D0%B8%D0%BD&district_id=4504209512726532&type=branch&page=5&page_size=10&fields=items.point%2Citems.name%2Citems.address_name%2Citems.reviews HTTP/1.1" 200 None
2025-10-30 21:19:07,807 - DEBUG - [получить_магазины_в_районе] - Статус ответа: 200
2025-10-30 21:19:07,808 - INFO - [получить_магазины_в_районе] - Загружено 10 магазинов со страницы 5
2025-10-30 21:19:07,808 - INFO - [получить_магазины_в_районе] - Завершение сбора для района Замоскворечье. Найдено магазинов: 50
2025-10-30 21:19:07,810 - INFO - [<cell line: 0>] - Район 'Замоскворечье' завершен. Магазинов: 50
2025-10-30 21:19:08,812 - INFO - [<cell line: 0>] - [33/132] Обработка района: Западное Дегунино
2025-10-30 21:19:08,813 - INFO - [получить_магазины_в_районе] - Начало сбора магазинов для района: Западное Дегунино (ID: 4504209512726546)
2025-10-30 21:19:08,814 - DEBUG - [получить_магазины_в_районе] - Запрос страницы 1 для района Западное Дегунино
2025-10-30 21:19:08,815 - DEBUG - [_new_conn] - Starting new HTTPS connection (1): catalog.api.2gis.com:443
2025-10-30 21:19:09,230 - DEBUG - [_make_request] - https://catalog.api.2gis.com:443 "GET /3.0/items?key=18ee47f5-2184-45df-ac89-779be9385d71&q=%D0%BC%D0%B0%D0%B3%D0%B0%D0%B7%D0%B8%D0%BD&district_id=4504209512726546&type=branch&page=1&page_size=10&fields=items.point%2Citems.name%2Citems.address_name%2Citems.reviews HTTP/1.1" 200 None
2025-10-30 21:19:09,231 - DEBUG - [получить_магазины_в_районе] - Статус ответа: 200
2025-10-30 21:19:09,231 - INFO - [получить_магазины_в_районе] - Загружено 10 магазинов со страницы 1
2025-10-30 21:19:09,732 - DEBUG - [получить_магазины_в_районе] - Запрос страницы 2 для района Западное Дегунино
2025-10-30 21:19:09,733 - DEBUG - [_new_conn] - Starting new HTTPS connection (1): catalog.api.2gis.com:443
2025-10-30 21:19:10,136 - DEBUG - [_make_request] - https://catalog.api.2gis.com:443 "GET /3.0/items?key=18ee47f5-2184-45df-ac89-779be9385d71&q=%D0%BC%D0%B0%D0%B3%D0%B0%D0%B7%D0%B8%D0%BD&district_id=4504209512726546&type=branch&page=2&page_size=10&fields=items.point%2Citems.name%2Citems.address_name%2Citems.reviews HTTP/1.1" 200 None
2025-10-30 21:19:10,137 - DEBUG - [получить_магазины_в_районе] - Статус ответа: 200
2025-10-30 21:19:10,137 - INFO - [получить_магазины_в_районе] - Загружено 10 магазинов со страницы 2
2025-10-30 21:19:10,638 - DEBUG - [получить_магазины_в_районе] - Запрос страницы 3 для района Западное Дегунино
2025-10-30 21:19:10,640 - DEBUG - [_new_conn] - Starting new HTTPS connection (1): catalog.api.2gis.com:443
2025-10-30 21:19:11,054 - DEBUG - [_make_request] - https://catalog.api.2gis.com:443 "GET /3.0/items?key=18ee47f5-2184-45df-ac89-779be9385d71&q=%D0%BC%D0%B0%D0%B3%D0%B0%D0%B7%D0%B8%D0%BD&district_id=4504209512726546&type=branch&page=3&page_size=10&fields=items.point%2Citems.name%2Citems.address_name%2Citems.reviews HTTP/1.1" 200 None
2025-10-30 21:19:11,055 - DEBUG - [получить_магазины_в_районе] - Статус ответа: 200
2025-10-30 21:19:11,055 - INFO - [получить_магазины_в_районе] - Загружено 10 магазинов со страницы 3
2025-10-30 21:19:11,556 - DEBUG - [получить_магазины_в_районе] - Запрос страницы 4 для района Западное Дегунино
2025-10-30 21:19:11,557 - DEBUG - [_new_conn] - Starting new HTTPS connection (1): catalog.api.2gis.com:443
2025-10-30 21:19:11,975 - DEBUG - [_make_request] - https://catalog.api.2gis.com:443 "GET /3.0/items?key=18ee47f5-2184-45df-ac89-779be9385d71&q=%D0%BC%D0%B0%D0%B3%D0%B0%D0%B7%D0%B8%D0%BD&district_id=4504209512726546&type=branch&page=4&page_size=10&fields=items.point%2Citems.name%2Citems.address_name%2Citems.reviews HTTP/1.1" 200 None
2025-10-30 21:19:11,976 - DEBUG - [получить_магазины_в_районе] - Статус ответа: 200
2025-10-30 21:19:11,977 - INFO - [получить_магазины_в_районе] - Загружено 10 магазинов со страницы 4
2025-10-30 21:19:12,478 - DEBUG - [получить_магазины_в_районе] - Запрос страницы 5 для района Западное Дегунино
2025-10-30 21:19:12,479 - DEBUG - [_new_conn] - Starting new HTTPS connection (1): catalog.api.2gis.com:443
2025-10-30 21:19:12,896 - DEBUG - [_make_request] - https://catalog.api.2gis.com:443 "GET /3.0/items?key=18ee47f5-2184-45df-ac89-779be9385d71&q=%D0%BC%D0%B0%D0%B3%D0%B0%D0%B7%D0%B8%D0%BD&district_id=4504209512726546&type=branch&page=5&page_size=10&fields=items.point%2Citems.name%2Citems.address_name%2Citems.reviews HTTP/1.1" 200 None
2025-10-30 21:19:12,897 - DEBUG - [получить_магазины_в_районе] - Статус ответа: 200
2025-10-30 21:19:12,897 - INFO - [получить_магазины_в_районе] - Загружено 10 магазинов со страницы 5
2025-10-30 21:19:12,897 - INFO - [получить_магазины_в_районе] - Завершение сбора для района Западное Дегунино. Найдено магазинов: 50
2025-10-30 21:19:12,898 - INFO - [<cell line: 0>] - Район 'Западное Дегунино' завершен. Магазинов: 50
2025-10-30 21:19:13,900 - INFO - [<cell line: 0>] - [34/132] Обработка района: Зюзино
2025-10-30 21:19:13,901 - INFO - [получить_магазины_в_районе] - Начало сбора магазинов для района: Зюзино (ID: 4504209512726628)
2025-10-30 21:19:13,903 - DEBUG - [получить_магазины_в_районе] - Запрос страницы 1 для района Зюзино
2025-10-30 21:19:13,905 - DEBUG - [_new_conn] - Starting new HTTPS connection (1): catalog.api.2gis.com:443
2025-10-30 21:19:14,338 - DEBUG - [_make_request] - https://catalog.api.2gis.com:443 "GET /3.0/items?key=18ee47f5-2184-45df-ac89-779be9385d71&q=%D0%BC%D0%B0%D0%B3%D0%B0%D0%B7%D0%B8%D0%BD&district_id=4504209512726628&type=branch&page=1&page_size=10&fields=items.point%2Citems.name%2Citems.address_name%2Citems.reviews HTTP/1.1" 200 None
2025-10-30 21:19:14,339 - DEBUG - [получить_магазины_в_районе] - Статус ответа: 200
2025-10-30 21:19:14,339 - INFO - [получить_магазины_в_районе] - Загружено 10 магазинов со страницы 1
2025-10-30 21:19:14,840 - DEBUG - [получить_магазины_в_районе] - Запрос страницы 2 для района Зюзино
2025-10-30 21:19:14,842 - DEBUG - [_new_conn] - Starting new HTTPS connection (1): catalog.api.2gis.com:443
2025-10-30 21:19:15,270 - DEBUG - [_make_request] - https://catalog.api.2gis.com:443 "GET /3.0/items?key=18ee47f5-2184-45df-ac89-779be9385d71&q=%D0%BC%D0%B0%D0%B3%D0%B0%D0%B7%D0%B8%D0%BD&district_id=4504209512726628&type=branch&page=2&page_size=10&fields=items.point%2Citems.name%2Citems.address_name%2Citems.reviews HTTP/1.1" 200 None
2025-10-30 21:19:15,272 - DEBUG - [получить_магазины_в_районе] - Статус ответа: 200
2025-10-30 21:19:15,272 - INFO - [получить_магазины_в_районе] - Загружено 10 магазинов со страницы 2
2025-10-30 21:19:15,773 - DEBUG - [получить_магазины_в_районе] - Запрос страницы 3 для района Зюзино
2025-10-30 21:19:15,775 - DEBUG - [_new_conn] - Starting new HTTPS connection (1): catalog.api.2gis.com:443
2025-10-30 21:19:16,190 - DEBUG - [_make_request] - https://catalog.api.2gis.com:443 "GET /3.0/items?key=18ee47f5-2184-45df-ac89-779be9385d71&q=%D0%BC%D0%B0%D0%B3%D0%B0%D0%B7%D0%B8%D0%BD&district_id=4504209512726628&type=branch&page=3&page_size=10&fields=items.point%2Citems.name%2Citems.address_name%2Citems.reviews HTTP/1.1" 200 None
2025-10-30 21:19:16,191 - DEBUG - [получить_магазины_в_районе] - Статус ответа: 200
2025-10-30 21:19:16,191 - INFO - [получить_магазины_в_районе] - Загружено 10 магазинов со страницы 3
2025-10-30 21:19:16,692 - DEBUG - [получить_магазины_в_районе] - Запрос страницы 4 для района Зюзино
2025-10-30 21:19:16,693 - DEBUG - [_new_conn] - Starting new HTTPS connection (1): catalog.api.2gis.com:443
2025-10-30 21:19:17,122 - DEBUG - [_make_request] - https://catalog.api.2gis.com:443 "GET /3.0/items?key=18ee47f5-2184-45df-ac89-779be9385d71&q=%D0%BC%D0%B0%D0%B3%D0%B0%D0%B7%D0%B8%D0%BD&district_id=4504209512726628&type=branch&page=4&page_size=10&fields=items.point%2Citems.name%2Citems.address_name%2Citems.reviews HTTP/1.1" 200 None
2025-10-30 21:19:17,123 - DEBUG - [получить_магазины_в_районе] - Статус ответа: 200
2025-10-30 21:19:17,123 - INFO - [получить_магазины_в_районе] - Загружено 10 магазинов со страницы 4
2025-10-30 21:19:17,624 - DEBUG - [получить_магазины_в_районе] - Запрос страницы 5 для района Зюзино
2025-10-30 21:19:17,626 - DEBUG - [_new_conn] - Starting new HTTPS connection (1): catalog.api.2gis.com:443
2025-10-30 21:19:18,030 - DEBUG - [_make_request] - https://catalog.api.2gis.com:443 "GET /3.0/items?key=18ee47f5-2184-45df-ac89-779be9385d71&q=%D0%BC%D0%B0%D0%B3%D0%B0%D0%B7%D0%B8%D0%BD&district_id=4504209512726628&type=branch&page=5&page_size=10&fields=items.point%2Citems.name%2Citems.address_name%2Citems.reviews HTTP/1.1" 200 None
2025-10-30 21:19:18,031 - DEBUG - [получить_магазины_в_районе] - Статус ответа: 200
2025-10-30 21:19:18,031 - INFO - [получить_магазины_в_районе] - Загружено 10 магазинов со страницы 5
2025-10-30 21:19:18,032 - INFO - [получить_магазины_в_районе] - Завершение сбора для района Зюзино. Найдено магазинов: 50
2025-10-30 21:19:18,033 - INFO - [<cell line: 0>] - Район 'Зюзино' завершен. Магазинов: 50
2025-10-30 21:19:19,035 - INFO - [<cell line: 0>] - [35/132] Обработка района: Зябликово
2025-10-30 21:19:19,036 - INFO - [получить_магазины_в_районе] - Начало сбора магазинов для района: Зябликово (ID: 4504209512726617)
2025-10-30 21:19:19,037 - DEBUG - [получить_магазины_в_районе] - Запрос страницы 1 для района Зябликово
2025-10-30 21:19:19,039 - DEBUG - [_new_conn] - Starting new HTTPS connection (1): catalog.api.2gis.com:443
2025-10-30 21:19:19,476 - DEBUG - [_make_request] - https://catalog.api.2gis.com:443 "GET /3.0/items?key=18ee47f5-2184-45df-ac89-779be9385d71&q=%D0%BC%D0%B0%D0%B3%D0%B0%D0%B7%D0%B8%D0%BD&district_id=4504209512726617&type=branch&page=1&page_size=10&fields=items.point%2Citems.name%2Citems.address_name%2Citems.reviews HTTP/1.1" 200 None
2025-10-30 21:19:19,476 - DEBUG - [получить_магазины_в_районе] - Статус ответа: 200
2025-10-30 21:19:19,477 - INFO - [получить_магазины_в_районе] - Загружено 10 магазинов со страницы 1
2025-10-30 21:19:19,978 - DEBUG - [получить_магазины_в_районе] - Запрос страницы 2 для района Зябликово
2025-10-30 21:19:19,979 - DEBUG - [_new_conn] - Starting new HTTPS connection (1): catalog.api.2gis.com:443
2025-10-30 21:19:20,393 - DEBUG - [_make_request] - https://catalog.api.2gis.com:443 "GET /3.0/items?key=18ee47f5-2184-45df-ac89-779be9385d71&q=%D0%BC%D0%B0%D0%B3%D0%B0%D0%B7%D0%B8%D0%BD&district_id=4504209512726617&type=branch&page=2&page_size=10&fields=items.point%2Citems.name%2Citems.address_name%2Citems.reviews HTTP/1.1" 200 None
2025-10-30 21:19:20,394 - DEBUG - [получить_магазины_в_районе] - Статус ответа: 200
2025-10-30 21:19:20,394 - INFO - [получить_магазины_в_районе] - Загружено 10 магазинов со страницы 2
2025-10-30 21:19:20,895 - DEBUG - [получить_магазины_в_районе] - Запрос страницы 3 для района Зябликово
2025-10-30 21:19:20,896 - DEBUG - [_new_conn] - Starting new HTTPS connection (1): catalog.api.2gis.com:443
2025-10-30 21:19:21,319 - DEBUG - [_make_request] - https://catalog.api.2gis.com:443 "GET /3.0/items?key=18ee47f5-2184-45df-ac89-779be9385d71&q=%D0%BC%D0%B0%D0%B3%D0%B0%D0%B7%D0%B8%D0%BD&district_id=4504209512726617&type=branch&page=3&page_size=10&fields=items.point%2Citems.name%2Citems.address_name%2Citems.reviews HTTP/1.1" 200 None
2025-10-30 21:19:21,320 - DEBUG - [получить_магазины_в_районе] - Статус ответа: 200
2025-10-30 21:19:21,320 - INFO - [получить_магазины_в_районе] - Загружено 10 магазинов со страницы 3
2025-10-30 21:19:21,821 - DEBUG - [получить_магазины_в_районе] - Запрос страницы 4 для района Зябликово
2025-10-30 21:19:21,822 - DEBUG - [_new_conn] - Starting new HTTPS connection (1): catalog.api.2gis.com:443
2025-10-30 21:19:22,234 - DEBUG - [_make_request] - https://catalog.api.2gis.com:443 "GET /3.0/items?key=18ee47f5-2184-45df-ac89-779be9385d71&q=%D0%BC%D0%B0%D0%B3%D0%B0%D0%B7%D0%B8%D0%BD&district_id=4504209512726617&type=branch&page=4&page_size=10&fields=items.point%2Citems.name%2Citems.address_name%2Citems.reviews HTTP/1.1" 200 None
2025-10-30 21:19:22,235 - DEBUG - [получить_магазины_в_районе] - Статус ответа: 200
2025-10-30 21:19:22,235 - INFO - [получить_магазины_в_районе] - Загружено 10 магазинов со страницы 4
2025-10-30 21:19:22,736 - DEBUG - [получить_магазины_в_районе] - Запрос страницы 5 для района Зябликово
2025-10-30 21:19:22,737 - DEBUG - [_new_conn] - Starting new HTTPS connection (1): catalog.api.2gis.com:443
2025-10-30 21:19:23,156 - DEBUG - [_make_request] - https://catalog.api.2gis.com:443 "GET /3.0/items?key=18ee47f5-2184-45df-ac89-779be9385d71&q=%D0%BC%D0%B0%D0%B3%D0%B0%D0%B7%D0%B8%D0%BD&district_id=4504209512726617&type=branch&page=5&page_size=10&fields=items.point%2Citems.name%2Citems.address_name%2Citems.reviews HTTP/1.1" 200 None
2025-10-30 21:19:23,157 - DEBUG - [получить_магазины_в_районе] - Статус ответа: 200
2025-10-30 21:19:23,157 - INFO - [получить_магазины_в_районе] - Загружено 10 магазинов со страницы 5
2025-10-30 21:19:23,158 - INFO - [получить_магазины_в_районе] - Завершение сбора для района Зябликово. Найдено магазинов: 50
2025-10-30 21:19:23,159 - INFO - [<cell line: 0>] - Район 'Зябликово' завершен. Магазинов: 50
2025-10-30 21:19:24,161 - INFO - [<cell line: 0>] - [36/132] Обработка района: Ивановское
2025-10-30 21:19:24,162 - INFO - [получить_магазины_в_районе] - Начало сбора магазинов для района: Ивановское (ID: 4504209512726579)
2025-10-30 21:19:24,163 - DEBUG - [получить_магазины_в_районе] - Запрос страницы 1 для района Ивановское
2025-10-30 21:19:24,165 - DEBUG - [_new_conn] - Starting new HTTPS connection (1): catalog.api.2gis.com:443
2025-10-30 21:19:24,669 - DEBUG - [_make_request] - https://catalog.api.2gis.com:443 "GET /3.0/items?key=18ee47f5-2184-45df-ac89-779be9385d71&q=%D0%BC%D0%B0%D0%B3%D0%B0%D0%B7%D0%B8%D0%BD&district_id=4504209512726579&type=branch&page=1&page_size=10&fields=items.point%2Citems.name%2Citems.address_name%2Citems.reviews HTTP/1.1" 200 None
2025-10-30 21:19:24,670 - DEBUG - [получить_магазины_в_районе] - Статус ответа: 200
2025-10-30 21:19:24,670 - INFO - [получить_магазины_в_районе] - Загружено 10 магазинов со страницы 1
2025-10-30 21:19:25,171 - DEBUG - [получить_магазины_в_районе] - Запрос страницы 2 для района Ивановское
2025-10-30 21:19:25,172 - DEBUG - [_new_conn] - Starting new HTTPS connection (1): catalog.api.2gis.com:443
2025-10-30 21:19:25,814 - DEBUG - [_make_request] - https://catalog.api.2gis.com:443 "GET /3.0/items?key=18ee47f5-2184-45df-ac89-779be9385d71&q=%D0%BC%D0%B0%D0%B3%D0%B0%D0%B7%D0%B8%D0%BD&district_id=4504209512726579&type=branch&page=2&page_size=10&fields=items.point%2Citems.name%2Citems.address_name%2Citems.reviews HTTP/1.1" 200 None
2025-10-30 21:19:25,815 - DEBUG - [получить_магазины_в_районе] - Статус ответа: 200
2025-10-30 21:19:25,816 - INFO - [получить_магазины_в_районе] - Загружено 10 магазинов со страницы 2
2025-10-30 21:19:26,316 - DEBUG - [получить_магазины_в_районе] - Запрос страницы 3 для района Ивановское
2025-10-30 21:19:26,318 - DEBUG - [_new_conn] - Starting new HTTPS connection (1): catalog.api.2gis.com:443
2025-10-30 21:19:26,716 - DEBUG - [_make_request] - https://catalog.api.2gis.com:443 "GET /3.0/items?key=18ee47f5-2184-45df-ac89-779be9385d71&q=%D0%BC%D0%B0%D0%B3%D0%B0%D0%B7%D0%B8%D0%BD&district_id=4504209512726579&type=branch&page=3&page_size=10&fields=items.point%2Citems.name%2Citems.address_name%2Citems.reviews HTTP/1.1" 200 None
2025-10-30 21:19:26,717 - DEBUG - [получить_магазины_в_районе] - Статус ответа: 200
2025-10-30 21:19:26,718 - INFO - [получить_магазины_в_районе] - Загружено 10 магазинов со страницы 3
2025-10-30 21:19:27,219 - DEBUG - [получить_магазины_в_районе] - Запрос страницы 4 для района Ивановское
2025-10-30 21:19:27,220 - DEBUG - [_new_conn] - Starting new HTTPS connection (1): catalog.api.2gis.com:443
2025-10-30 21:19:27,651 - DEBUG - [_make_request] - https://catalog.api.2gis.com:443 "GET /3.0/items?key=18ee47f5-2184-45df-ac89-779be9385d71&q=%D0%BC%D0%B0%D0%B3%D0%B0%D0%B7%D0%B8%D0%BD&district_id=4504209512726579&type=branch&page=4&page_size=10&fields=items.point%2Citems.name%2Citems.address_name%2Citems.reviews HTTP/1.1" 200 None
2025-10-30 21:19:27,653 - DEBUG - [получить_магазины_в_районе] - Статус ответа: 200
2025-10-30 21:19:27,653 - INFO - [получить_магазины_в_районе] - Загружено 10 магазинов со страницы 4
2025-10-30 21:19:28,154 - DEBUG - [получить_магазины_в_районе] - Запрос страницы 5 для района Ивановское
2025-10-30 21:19:28,157 - DEBUG - [_new_conn] - Starting new HTTPS connection (1): catalog.api.2gis.com:443
2025-10-30 21:19:28,556 - DEBUG - [_make_request] - https://catalog.api.2gis.com:443 "GET /3.0/items?key=18ee47f5-2184-45df-ac89-779be9385d71&q=%D0%BC%D0%B0%D0%B3%D0%B0%D0%B7%D0%B8%D0%BD&district_id=4504209512726579&type=branch&page=5&page_size=10&fields=items.point%2Citems.name%2Citems.address_name%2Citems.reviews HTTP/1.1" 200 None
2025-10-30 21:19:28,557 - DEBUG - [получить_магазины_в_районе] - Статус ответа: 200
2025-10-30 21:19:28,557 - INFO - [получить_магазины_в_районе] - Загружено 10 магазинов со страницы 5
2025-10-30 21:19:28,558 - INFO - [получить_магазины_в_районе] - Завершение сбора для района Ивановское. Найдено магазинов: 50
2025-10-30 21:19:28,559 - INFO - [<cell line: 0>] - Район 'Ивановское' завершен. Магазинов: 50
2025-10-30 21:19:29,561 - INFO - [<cell line: 0>] - [37/132] Обработка района: Измайлово
2025-10-30 21:19:29,562 - INFO - [получить_магазины_в_районе] - Начало сбора магазинов для района: Измайлово (ID: 4504209512726587)
2025-10-30 21:19:29,563 - DEBUG - [получить_магазины_в_районе] - Запрос страницы 1 для района Измайлово
2025-10-30 21:19:29,565 - DEBUG - [_new_conn] - Starting new HTTPS connection (1): catalog.api.2gis.com:443
2025-10-30 21:19:29,987 - DEBUG - [_make_request] - https://catalog.api.2gis.com:443 "GET /3.0/items?key=18ee47f5-2184-45df-ac89-779be9385d71&q=%D0%BC%D0%B0%D0%B3%D0%B0%D0%B7%D0%B8%D0%BD&district_id=4504209512726587&type=branch&page=1&page_size=10&fields=items.point%2Citems.name%2Citems.address_name%2Citems.reviews HTTP/1.1" 200 None
2025-10-30 21:19:29,988 - DEBUG - [получить_магазины_в_районе] - Статус ответа: 200
2025-10-30 21:19:29,988 - INFO - [получить_магазины_в_районе] - Загружено 10 магазинов со страницы 1
2025-10-30 21:19:30,489 - DEBUG - [получить_магазины_в_районе] - Запрос страницы 2 для района Измайлово
2025-10-30 21:19:30,491 - DEBUG - [_new_conn] - Starting new HTTPS connection (1): catalog.api.2gis.com:443
2025-10-30 21:19:30,917 - DEBUG - [_make_request] - https://catalog.api.2gis.com:443 "GET /3.0/items?key=18ee47f5-2184-45df-ac89-779be9385d71&q=%D0%BC%D0%B0%D0%B3%D0%B0%D0%B7%D0%B8%D0%BD&district_id=4504209512726587&type=branch&page=2&page_size=10&fields=items.point%2Citems.name%2Citems.address_name%2Citems.reviews HTTP/1.1" 200 None
2025-10-30 21:19:30,918 - DEBUG - [получить_магазины_в_районе] - Статус ответа: 200
2025-10-30 21:19:30,918 - INFO - [получить_магазины_в_районе] - Загружено 10 магазинов со страницы 2
2025-10-30 21:19:31,419 - DEBUG - [получить_магазины_в_районе] - Запрос страницы 3 для района Измайлово
2025-10-30 21:19:31,420 - DEBUG - [_new_conn] - Starting new HTTPS connection (1): catalog.api.2gis.com:443
2025-10-30 21:19:31,841 - DEBUG - [_make_request] - https://catalog.api.2gis.com:443 "GET /3.0/items?key=18ee47f5-2184-45df-ac89-779be9385d71&q=%D0%BC%D0%B0%D0%B3%D0%B0%D0%B7%D0%B8%D0%BD&district_id=4504209512726587&type=branch&page=3&page_size=10&fields=items.point%2Citems.name%2Citems.address_name%2Citems.reviews HTTP/1.1" 200 None
2025-10-30 21:19:31,842 - DEBUG - [получить_магазины_в_районе] - Статус ответа: 200
2025-10-30 21:19:31,842 - INFO - [получить_магазины_в_районе] - Загружено 10 магазинов со страницы 3
2025-10-30 21:19:32,343 - DEBUG - [получить_магазины_в_районе] - Запрос страницы 4 для района Измайлово
2025-10-30 21:19:32,345 - DEBUG - [_new_conn] - Starting new HTTPS connection (1): catalog.api.2gis.com:443
2025-10-30 21:19:32,749 - DEBUG - [_make_request] - https://catalog.api.2gis.com:443 "GET /3.0/items?key=18ee47f5-2184-45df-ac89-779be9385d71&q=%D0%BC%D0%B0%D0%B3%D0%B0%D0%B7%D0%B8%D0%BD&district_id=4504209512726587&type=branch&page=4&page_size=10&fields=items.point%2Citems.name%2Citems.address_name%2Citems.reviews HTTP/1.1" 200 None
2025-10-30 21:19:32,750 - DEBUG - [получить_магазины_в_районе] - Статус ответа: 200
2025-10-30 21:19:32,750 - INFO - [получить_магазины_в_районе] - Загружено 10 магазинов со страницы 4
2025-10-30 21:19:33,251 - DEBUG - [получить_магазины_в_районе] - Запрос страницы 5 для района Измайлово
2025-10-30 21:19:33,253 - DEBUG - [_new_conn] - Starting new HTTPS connection (1): catalog.api.2gis.com:443
2025-10-30 21:19:33,675 - DEBUG - [_make_request] - https://catalog.api.2gis.com:443 "GET /3.0/items?key=18ee47f5-2184-45df-ac89-779be9385d71&q=%D0%BC%D0%B0%D0%B3%D0%B0%D0%B7%D0%B8%D0%BD&district_id=4504209512726587&type=branch&page=5&page_size=10&fields=items.point%2Citems.name%2Citems.address_name%2Citems.reviews HTTP/1.1" 200 None
2025-10-30 21:19:33,676 - DEBUG - [получить_магазины_в_районе] - Статус ответа: 200
2025-10-30 21:19:33,676 - INFO - [получить_магазины_в_районе] - Загружено 10 магазинов со страницы 5
2025-10-30 21:19:33,677 - INFO - [получить_магазины_в_районе] - Завершение сбора для района Измайлово. Найдено магазинов: 50
2025-10-30 21:19:33,679 - INFO - [<cell line: 0>] - Район 'Измайлово' завершен. Магазинов: 50
2025-10-30 21:19:34,681 - INFO - [<cell line: 0>] - [38/132] Обработка района: Капотня
2025-10-30 21:19:34,682 - INFO - [получить_магазины_в_районе] - Начало сбора магазинов для района: Капотня (ID: 4504209512726597)
2025-10-30 21:19:34,683 - DEBUG - [получить_магазины_в_районе] - Запрос страницы 1 для района Капотня
2025-10-30 21:19:34,685 - DEBUG - [_new_conn] - Starting new HTTPS connection (1): catalog.api.2gis.com:443
2025-10-30 21:19:35,164 - DEBUG - [_make_request] - https://catalog.api.2gis.com:443 "GET /3.0/items?key=18ee47f5-2184-45df-ac89-779be9385d71&q=%D0%BC%D0%B0%D0%B3%D0%B0%D0%B7%D0%B8%D0%BD&district_id=4504209512726597&type=branch&page=1&page_size=10&fields=items.point%2Citems.name%2Citems.address_name%2Citems.reviews HTTP/1.1" 200 None
2025-10-30 21:19:35,165 - DEBUG - [получить_магазины_в_районе] - Статус ответа: 200
2025-10-30 21:19:35,165 - INFO - [получить_магазины_в_районе] - Загружено 10 магазинов со страницы 1
2025-10-30 21:19:35,666 - DEBUG - [получить_магазины_в_районе] - Запрос страницы 2 для района Капотня
2025-10-30 21:19:35,668 - DEBUG - [_new_conn] - Starting new HTTPS connection (1): catalog.api.2gis.com:443
2025-10-30 21:19:36,104 - DEBUG - [_make_request] - https://catalog.api.2gis.com:443 "GET /3.0/items?key=18ee47f5-2184-45df-ac89-779be9385d71&q=%D0%BC%D0%B0%D0%B3%D0%B0%D0%B7%D0%B8%D0%BD&district_id=4504209512726597&type=branch&page=2&page_size=10&fields=items.point%2Citems.name%2Citems.address_name%2Citems.reviews HTTP/1.1" 200 None
2025-10-30 21:19:36,105 - DEBUG - [получить_магазины_в_районе] - Статус ответа: 200
2025-10-30 21:19:36,105 - INFO - [получить_магазины_в_районе] - Загружено 10 магазинов со страницы 2
2025-10-30 21:19:36,606 - DEBUG - [получить_магазины_в_районе] - Запрос страницы 3 для района Капотня
2025-10-30 21:19:36,608 - DEBUG - [_new_conn] - Starting new HTTPS connection (1): catalog.api.2gis.com:443
2025-10-30 21:19:37,074 - DEBUG - [_make_request] - https://catalog.api.2gis.com:443 "GET /3.0/items?key=18ee47f5-2184-45df-ac89-779be9385d71&q=%D0%BC%D0%B0%D0%B3%D0%B0%D0%B7%D0%B8%D0%BD&district_id=4504209512726597&type=branch&page=3&page_size=10&fields=items.point%2Citems.name%2Citems.address_name%2Citems.reviews HTTP/1.1" 200 None
2025-10-30 21:19:37,075 - DEBUG - [получить_магазины_в_районе] - Статус ответа: 200
2025-10-30 21:19:37,075 - INFO - [получить_магазины_в_районе] - Загружено 10 магазинов со страницы 3
2025-10-30 21:19:37,576 - DEBUG - [получить_магазины_в_районе] - Запрос страницы 4 для района Капотня
2025-10-30 21:19:37,577 - DEBUG - [_new_conn] - Starting new HTTPS connection (1): catalog.api.2gis.com:443
2025-10-30 21:19:38,033 - DEBUG - [_make_request] - https://catalog.api.2gis.com:443 "GET /3.0/items?key=18ee47f5-2184-45df-ac89-779be9385d71&q=%D0%BC%D0%B0%D0%B3%D0%B0%D0%B7%D0%B8%D0%BD&district_id=4504209512726597&type=branch&page=4&page_size=10&fields=items.point%2Citems.name%2Citems.address_name%2Citems.reviews HTTP/1.1" 200 None
2025-10-30 21:19:38,034 - DEBUG - [получить_магазины_в_районе] - Статус ответа: 200
2025-10-30 21:19:38,034 - INFO - [получить_магазины_в_районе] - Загружено 10 магазинов со страницы 4
2025-10-30 21:19:38,535 - DEBUG - [получить_магазины_в_районе] - Запрос страницы 5 для района Капотня
2025-10-30 21:19:38,537 - DEBUG - [_new_conn] - Starting new HTTPS connection (1): catalog.api.2gis.com:443
2025-10-30 21:19:38,983 - DEBUG - [_make_request] - https://catalog.api.2gis.com:443 "GET /3.0/items?key=18ee47f5-2184-45df-ac89-779be9385d71&q=%D0%BC%D0%B0%D0%B3%D0%B0%D0%B7%D0%B8%D0%BD&district_id=4504209512726597&type=branch&page=5&page_size=10&fields=items.point%2Citems.name%2Citems.address_name%2Citems.reviews HTTP/1.1" 200 None
2025-10-30 21:19:38,984 - DEBUG - [получить_магазины_в_районе] - Статус ответа: 200
2025-10-30 21:19:38,984 - INFO - [получить_магазины_в_районе] - Загружено 10 магазинов со страницы 5
2025-10-30 21:19:38,985 - INFO - [получить_магазины_в_районе] - Завершение сбора для района Капотня. Найдено магазинов: 50
2025-10-30 21:19:38,986 - INFO - [<cell line: 0>] - Район 'Капотня' завершен. Магазинов: 50
2025-10-30 21:19:39,987 - INFO - [<cell line: 0>] - [39/132] Обработка района: Коммунарка
2025-10-30 21:19:39,989 - INFO - [получить_магазины_в_районе] - Начало сбора магазинов для района: Коммунарка (ID: 4504209520926899)
2025-10-30 21:19:39,990 - DEBUG - [получить_магазины_в_районе] - Запрос страницы 1 для района Коммунарка
2025-10-30 21:19:39,993 - DEBUG - [_new_conn] - Starting new HTTPS connection (1): catalog.api.2gis.com:443
2025-10-30 21:19:40,479 - DEBUG - [_make_request] - https://catalog.api.2gis.com:443 "GET /3.0/items?key=18ee47f5-2184-45df-ac89-779be9385d71&q=%D0%BC%D0%B0%D0%B3%D0%B0%D0%B7%D0%B8%D0%BD&district_id=4504209520926899&type=branch&page=1&page_size=10&fields=items.point%2Citems.name%2Citems.address_name%2Citems.reviews HTTP/1.1" 200 None
2025-10-30 21:19:40,479 - DEBUG - [получить_магазины_в_районе] - Статус ответа: 200
2025-10-30 21:19:40,480 - INFO - [получить_магазины_в_районе] - Загружено 10 магазинов со страницы 1
2025-10-30 21:19:40,981 - DEBUG - [получить_магазины_в_районе] - Запрос страницы 2 для района Коммунарка
2025-10-30 21:19:40,982 - DEBUG - [_new_conn] - Starting new HTTPS connection (1): catalog.api.2gis.com:443
2025-10-30 21:19:41,454 - DEBUG - [_make_request] - https://catalog.api.2gis.com:443 "GET /3.0/items?key=18ee47f5-2184-45df-ac89-779be9385d71&q=%D0%BC%D0%B0%D0%B3%D0%B0%D0%B7%D0%B8%D0%BD&district_id=4504209520926899&type=branch&page=2&page_size=10&fields=items.point%2Citems.name%2Citems.address_name%2Citems.reviews HTTP/1.1" 200 None
2025-10-30 21:19:41,455 - DEBUG - [получить_магазины_в_районе] - Статус ответа: 200
2025-10-30 21:19:41,455 - INFO - [получить_магазины_в_районе] - Загружено 10 магазинов со страницы 2
2025-10-30 21:19:41,957 - DEBUG - [получить_магазины_в_районе] - Запрос страницы 3 для района Коммунарка
2025-10-30 21:19:41,958 - DEBUG - [_new_conn] - Starting new HTTPS connection (1): catalog.api.2gis.com:443
2025-10-30 21:19:42,411 - DEBUG - [_make_request] - https://catalog.api.2gis.com:443 "GET /3.0/items?key=18ee47f5-2184-45df-ac89-779be9385d71&q=%D0%BC%D0%B0%D0%B3%D0%B0%D0%B7%D0%B8%D0%BD&district_id=4504209520926899&type=branch&page=3&page_size=10&fields=items.point%2Citems.name%2Citems.address_name%2Citems.reviews HTTP/1.1" 200 None
2025-10-30 21:19:42,412 - DEBUG - [получить_магазины_в_районе] - Статус ответа: 200
2025-10-30 21:19:42,413 - INFO - [получить_магазины_в_районе] - Загружено 10 магазинов со страницы 3
2025-10-30 21:19:42,914 - DEBUG - [получить_магазины_в_районе] - Запрос страницы 4 для района Коммунарка
2025-10-30 21:19:42,915 - DEBUG - [_new_conn] - Starting new HTTPS connection (1): catalog.api.2gis.com:443
2025-10-30 21:19:43,360 - DEBUG - [_make_request] - https://catalog.api.2gis.com:443 "GET /3.0/items?key=18ee47f5-2184-45df-ac89-779be9385d71&q=%D0%BC%D0%B0%D0%B3%D0%B0%D0%B7%D0%B8%D0%BD&district_id=4504209520926899&type=branch&page=4&page_size=10&fields=items.point%2Citems.name%2Citems.address_name%2Citems.reviews HTTP/1.1" 200 None
2025-10-30 21:19:43,361 - DEBUG - [получить_магазины_в_районе] - Статус ответа: 200
2025-10-30 21:19:43,361 - INFO - [получить_магазины_в_районе] - Загружено 10 магазинов со страницы 4
2025-10-30 21:19:43,862 - DEBUG - [получить_магазины_в_районе] - Запрос страницы 5 для района Коммунарка
2025-10-30 21:19:43,863 - DEBUG - [_new_conn] - Starting new HTTPS connection (1): catalog.api.2gis.com:443
2025-10-30 21:19:44,332 - DEBUG - [_make_request] - https://catalog.api.2gis.com:443 "GET /3.0/items?key=18ee47f5-2184-45df-ac89-779be9385d71&q=%D0%BC%D0%B0%D0%B3%D0%B0%D0%B7%D0%B8%D0%BD&district_id=4504209520926899&type=branch&page=5&page_size=10&fields=items.point%2Citems.name%2Citems.address_name%2Citems.reviews HTTP/1.1" 200 None
2025-10-30 21:19:44,333 - DEBUG - [получить_магазины_в_районе] - Статус ответа: 200
2025-10-30 21:19:44,333 - INFO - [получить_магазины_в_районе] - Загружено 10 магазинов со страницы 5
2025-10-30 21:19:44,334 - INFO - [получить_магазины_в_районе] - Завершение сбора для района Коммунарка. Найдено магазинов: 50
2025-10-30 21:19:44,335 - INFO - [<cell line: 0>] - Район 'Коммунарка' завершен. Магазинов: 50
2025-10-30 21:19:45,336 - INFO - [<cell line: 0>] - [40/132] Обработка района: Коньково
2025-10-30 21:19:45,337 - INFO - [получить_магазины_в_районе] - Начало сбора магазинов для района: Коньково (ID: 4504209512726629)
2025-10-30 21:19:45,338 - DEBUG - [получить_магазины_в_районе] - Запрос страницы 1 для района Коньково
2025-10-30 21:19:45,340 - DEBUG - [_new_conn] - Starting new HTTPS connection (1): catalog.api.2gis.com:443
2025-10-30 21:19:45,766 - DEBUG - [_make_request] - https://catalog.api.2gis.com:443 "GET /3.0/items?key=18ee47f5-2184-45df-ac89-779be9385d71&q=%D0%BC%D0%B0%D0%B3%D0%B0%D0%B7%D0%B8%D0%BD&district_id=4504209512726629&type=branch&page=1&page_size=10&fields=items.point%2Citems.name%2Citems.address_name%2Citems.reviews HTTP/1.1" 200 None
2025-10-30 21:19:45,767 - DEBUG - [получить_магазины_в_районе] - Статус ответа: 200
2025-10-30 21:19:45,767 - INFO - [получить_магазины_в_районе] - Загружено 10 магазинов со страницы 1
2025-10-30 21:19:46,268 - DEBUG - [получить_магазины_в_районе] - Запрос страницы 2 для района Коньково
2025-10-30 21:19:46,269 - DEBUG - [_new_conn] - Starting new HTTPS connection (1): catalog.api.2gis.com:443
2025-10-30 21:19:46,687 - DEBUG - [_make_request] - https://catalog.api.2gis.com:443 "GET /3.0/items?key=18ee47f5-2184-45df-ac89-779be9385d71&q=%D0%BC%D0%B0%D0%B3%D0%B0%D0%B7%D0%B8%D0%BD&district_id=4504209512726629&type=branch&page=2&page_size=10&fields=items.point%2Citems.name%2Citems.address_name%2Citems.reviews HTTP/1.1" 200 None
2025-10-30 21:19:46,688 - DEBUG - [получить_магазины_в_районе] - Статус ответа: 200
2025-10-30 21:19:46,688 - INFO - [получить_магазины_в_районе] - Загружено 10 магазинов со страницы 2
2025-10-30 21:19:47,189 - DEBUG - [получить_магазины_в_районе] - Запрос страницы 3 для района Коньково
2025-10-30 21:19:47,191 - DEBUG - [_new_conn] - Starting new HTTPS connection (1): catalog.api.2gis.com:443
2025-10-30 21:19:47,613 - DEBUG - [_make_request] - https://catalog.api.2gis.com:443 "GET /3.0/items?key=18ee47f5-2184-45df-ac89-779be9385d71&q=%D0%BC%D0%B0%D0%B3%D0%B0%D0%B7%D0%B8%D0%BD&district_id=4504209512726629&type=branch&page=3&page_size=10&fields=items.point%2Citems.name%2Citems.address_name%2Citems.reviews HTTP/1.1" 200 None
2025-10-30 21:19:47,614 - DEBUG - [получить_магазины_в_районе] - Статус ответа: 200
2025-10-30 21:19:47,614 - INFO - [получить_магазины_в_районе] - Загружено 10 магазинов со страницы 3
2025-10-30 21:19:48,115 - DEBUG - [получить_магазины_в_районе] - Запрос страницы 4 для района Коньково
2025-10-30 21:19:48,116 - DEBUG - [_new_conn] - Starting new HTTPS connection (1): catalog.api.2gis.com:443
2025-10-30 21:19:48,557 - DEBUG - [_make_request] - https://catalog.api.2gis.com:443 "GET /3.0/items?key=18ee47f5-2184-45df-ac89-779be9385d71&q=%D0%BC%D0%B0%D0%B3%D0%B0%D0%B7%D0%B8%D0%BD&district_id=4504209512726629&type=branch&page=4&page_size=10&fields=items.point%2Citems.name%2Citems.address_name%2Citems.reviews HTTP/1.1" 200 None
2025-10-30 21:19:48,559 - DEBUG - [получить_магазины_в_районе] - Статус ответа: 200
2025-10-30 21:19:48,559 - INFO - [получить_магазины_в_районе] - Загружено 10 магазинов со страницы 4
2025-10-30 21:19:49,060 - DEBUG - [получить_магазины_в_районе] - Запрос страницы 5 для района Коньково
2025-10-30 21:19:49,062 - DEBUG - [_new_conn] - Starting new HTTPS connection (1): catalog.api.2gis.com:443
2025-10-30 21:19:49,473 - DEBUG - [_make_request] - https://catalog.api.2gis.com:443 "GET /3.0/items?key=18ee47f5-2184-45df-ac89-779be9385d71&q=%D0%BC%D0%B0%D0%B3%D0%B0%D0%B7%D0%B8%D0%BD&district_id=4504209512726629&type=branch&page=5&page_size=10&fields=items.point%2Citems.name%2Citems.address_name%2Citems.reviews HTTP/1.1" 200 None
2025-10-30 21:19:49,474 - DEBUG - [получить_магазины_в_районе] - Статус ответа: 200
2025-10-30 21:19:49,475 - INFO - [получить_магазины_в_районе] - Загружено 10 магазинов со страницы 5
2025-10-30 21:19:49,475 - INFO - [получить_магазины_в_районе] - Завершение сбора для района Коньково. Найдено магазинов: 50
2025-10-30 21:19:49,477 - INFO - [<cell line: 0>] - Район 'Коньково' завершен. Магазинов: 50
2025-10-30 21:19:50,479 - INFO - [<cell line: 0>] - [41/132] Обработка района: Коптево
2025-10-30 21:19:50,480 - INFO - [получить_магазины_в_районе] - Начало сбора магазинов для района: Коптево (ID: 4504209512726550)
2025-10-30 21:19:50,481 - DEBUG - [получить_магазины_в_районе] - Запрос страницы 1 для района Коптево
2025-10-30 21:19:50,483 - DEBUG - [_new_conn] - Starting new HTTPS connection (1): catalog.api.2gis.com:443
2025-10-30 21:19:50,888 - DEBUG - [_make_request] - https://catalog.api.2gis.com:443 "GET /3.0/items?key=18ee47f5-2184-45df-ac89-779be9385d71&q=%D0%BC%D0%B0%D0%B3%D0%B0%D0%B7%D0%B8%D0%BD&district_id=4504209512726550&type=branch&page=1&page_size=10&fields=items.point%2Citems.name%2Citems.address_name%2Citems.reviews HTTP/1.1" 200 None
2025-10-30 21:19:50,889 - DEBUG - [получить_магазины_в_районе] - Статус ответа: 200
2025-10-30 21:19:50,889 - INFO - [получить_магазины_в_районе] - Загружено 10 магазинов со страницы 1
2025-10-30 21:19:51,390 - DEBUG - [получить_магазины_в_районе] - Запрос страницы 2 для района Коптево
2025-10-30 21:19:51,391 - DEBUG - [_new_conn] - Starting new HTTPS connection (1): catalog.api.2gis.com:443
2025-10-30 21:19:51,790 - DEBUG - [_make_request] - https://catalog.api.2gis.com:443 "GET /3.0/items?key=18ee47f5-2184-45df-ac89-779be9385d71&q=%D0%BC%D0%B0%D0%B3%D0%B0%D0%B7%D0%B8%D0%BD&district_id=4504209512726550&type=branch&page=2&page_size=10&fields=items.point%2Citems.name%2Citems.address_name%2Citems.reviews HTTP/1.1" 200 None
2025-10-30 21:19:51,791 - DEBUG - [получить_магазины_в_районе] - Статус ответа: 200
2025-10-30 21:19:51,791 - INFO - [получить_магазины_в_районе] - Загружено 10 магазинов со страницы 2
2025-10-30 21:19:52,292 - DEBUG - [получить_магазины_в_районе] - Запрос страницы 3 для района Коптево
2025-10-30 21:19:52,293 - DEBUG - [_new_conn] - Starting new HTTPS connection (1): catalog.api.2gis.com:443
2025-10-30 21:19:52,707 - DEBUG - [_make_request] - https://catalog.api.2gis.com:443 "GET /3.0/items?key=18ee47f5-2184-45df-ac89-779be9385d71&q=%D0%BC%D0%B0%D0%B3%D0%B0%D0%B7%D0%B8%D0%BD&district_id=4504209512726550&type=branch&page=3&page_size=10&fields=items.point%2Citems.name%2Citems.address_name%2Citems.reviews HTTP/1.1" 200 None
2025-10-30 21:19:52,708 - DEBUG - [получить_магазины_в_районе] - Статус ответа: 200
2025-10-30 21:19:52,708 - INFO - [получить_магазины_в_районе] - Загружено 10 магазинов со страницы 3
2025-10-30 21:19:53,209 - DEBUG - [получить_магазины_в_районе] - Запрос страницы 4 для района Коптево
2025-10-30 21:19:53,210 - DEBUG - [_new_conn] - Starting new HTTPS connection (1): catalog.api.2gis.com:443
2025-10-30 21:19:53,633 - DEBUG - [_make_request] - https://catalog.api.2gis.com:443 "GET /3.0/items?key=18ee47f5-2184-45df-ac89-779be9385d71&q=%D0%BC%D0%B0%D0%B3%D0%B0%D0%B7%D0%B8%D0%BD&district_id=4504209512726550&type=branch&page=4&page_size=10&fields=items.point%2Citems.name%2Citems.address_name%2Citems.reviews HTTP/1.1" 200 None
2025-10-30 21:19:53,634 - DEBUG - [получить_магазины_в_районе] - Статус ответа: 200
2025-10-30 21:19:53,634 - INFO - [получить_магазины_в_районе] - Загружено 10 магазинов со страницы 4
2025-10-30 21:19:54,135 - DEBUG - [получить_магазины_в_районе] - Запрос страницы 5 для района Коптево
2025-10-30 21:19:54,136 - DEBUG - [_new_conn] - Starting new HTTPS connection (1): catalog.api.2gis.com:443
2025-10-30 21:19:54,655 - DEBUG - [_make_request] - https://catalog.api.2gis.com:443 "GET /3.0/items?key=18ee47f5-2184-45df-ac89-779be9385d71&q=%D0%BC%D0%B0%D0%B3%D0%B0%D0%B7%D0%B8%D0%BD&district_id=4504209512726550&type=branch&page=5&page_size=10&fields=items.point%2Citems.name%2Citems.address_name%2Citems.reviews HTTP/1.1" 200 None
2025-10-30 21:19:54,657 - DEBUG - [получить_магазины_в_районе] - Статус ответа: 200
2025-10-30 21:19:54,657 - INFO - [получить_магазины_в_районе] - Загружено 10 магазинов со страницы 5
2025-10-30 21:19:54,661 - INFO - [получить_магазины_в_районе] - Завершение сбора для района Коптево. Найдено магазинов: 50
2025-10-30 21:19:54,662 - INFO - [<cell line: 0>] - Район 'Коптево' завершен. Магазинов: 50
2025-10-30 21:19:55,663 - INFO - [<cell line: 0>] - [42/132] Обработка района: Косино-Ухтомский
2025-10-30 21:19:55,664 - INFO - [получить_магазины_в_районе] - Начало сбора магазинов для района: Косино-Ухтомский (ID: 4504209512726577)
2025-10-30 21:19:55,665 - DEBUG - [получить_магазины_в_районе] - Запрос страницы 1 для района Косино-Ухтомский
2025-10-30 21:19:55,667 - DEBUG - [_new_conn] - Starting new HTTPS connection (1): catalog.api.2gis.com:443
2025-10-30 21:19:56,294 - DEBUG - [_make_request] - https://catalog.api.2gis.com:443 "GET /3.0/items?key=18ee47f5-2184-45df-ac89-779be9385d71&q=%D0%BC%D0%B0%D0%B3%D0%B0%D0%B7%D0%B8%D0%BD&district_id=4504209512726577&type=branch&page=1&page_size=10&fields=items.point%2Citems.name%2Citems.address_name%2Citems.reviews HTTP/1.1" 200 None
2025-10-30 21:19:56,295 - DEBUG - [получить_магазины_в_районе] - Статус ответа: 200
2025-10-30 21:19:56,295 - INFO - [получить_магазины_в_районе] - Загружено 10 магазинов со страницы 1
2025-10-30 21:19:56,796 - DEBUG - [получить_магазины_в_районе] - Запрос страницы 2 для района Косино-Ухтомский
2025-10-30 21:19:56,797 - DEBUG - [_new_conn] - Starting new HTTPS connection (1): catalog.api.2gis.com:443
2025-10-30 21:19:57,193 - DEBUG - [_make_request] - https://catalog.api.2gis.com:443 "GET /3.0/items?key=18ee47f5-2184-45df-ac89-779be9385d71&q=%D0%BC%D0%B0%D0%B3%D0%B0%D0%B7%D0%B8%D0%BD&district_id=4504209512726577&type=branch&page=2&page_size=10&fields=items.point%2Citems.name%2Citems.address_name%2Citems.reviews HTTP/1.1" 200 None
2025-10-30 21:19:57,194 - DEBUG - [получить_магазины_в_районе] - Статус ответа: 200
2025-10-30 21:19:57,194 - INFO - [получить_магазины_в_районе] - Загружено 10 магазинов со страницы 2
2025-10-30 21:19:57,695 - DEBUG - [получить_магазины_в_районе] - Запрос страницы 3 для района Косино-Ухтомский
2025-10-30 21:19:57,697 - DEBUG - [_new_conn] - Starting new HTTPS connection (1): catalog.api.2gis.com:443
2025-10-30 21:19:58,120 - DEBUG - [_make_request] - https://catalog.api.2gis.com:443 "GET /3.0/items?key=18ee47f5-2184-45df-ac89-779be9385d71&q=%D0%BC%D0%B0%D0%B3%D0%B0%D0%B7%D0%B8%D0%BD&district_id=4504209512726577&type=branch&page=3&page_size=10&fields=items.point%2Citems.name%2Citems.address_name%2Citems.reviews HTTP/1.1" 200 None
2025-10-30 21:19:58,121 - DEBUG - [получить_магазины_в_районе] - Статус ответа: 200
2025-10-30 21:19:58,122 - INFO - [получить_магазины_в_районе] - Загружено 10 магазинов со страницы 3
2025-10-30 21:19:58,623 - DEBUG - [получить_магазины_в_районе] - Запрос страницы 4 для района Косино-Ухтомский
2025-10-30 21:19:58,624 - DEBUG - [_new_conn] - Starting new HTTPS connection (1): catalog.api.2gis.com:443
2025-10-30 21:19:59,033 - DEBUG - [_make_request] - https://catalog.api.2gis.com:443 "GET /3.0/items?key=18ee47f5-2184-45df-ac89-779be9385d71&q=%D0%BC%D0%B0%D0%B3%D0%B0%D0%B7%D0%B8%D0%BD&district_id=4504209512726577&type=branch&page=4&page_size=10&fields=items.point%2Citems.name%2Citems.address_name%2Citems.reviews HTTP/1.1" 200 None
2025-10-30 21:19:59,034 - DEBUG - [получить_магазины_в_районе] - Статус ответа: 200
2025-10-30 21:19:59,034 - INFO - [получить_магазины_в_районе] - Загружено 10 магазинов со страницы 4
2025-10-30 21:19:59,535 - DEBUG - [получить_магазины_в_районе] - Запрос страницы 5 для района Косино-Ухтомский
2025-10-30 21:19:59,536 - DEBUG - [_new_conn] - Starting new HTTPS connection (1): catalog.api.2gis.com:443
2025-10-30 21:19:59,934 - DEBUG - [_make_request] - https://catalog.api.2gis.com:443 "GET /3.0/items?key=18ee47f5-2184-45df-ac89-779be9385d71&q=%D0%BC%D0%B0%D0%B3%D0%B0%D0%B7%D0%B8%D0%BD&district_id=4504209512726577&type=branch&page=5&page_size=10&fields=items.point%2Citems.name%2Citems.address_name%2Citems.reviews HTTP/1.1" 200 None
2025-10-30 21:19:59,935 - DEBUG - [получить_магазины_в_районе] - Статус ответа: 200
2025-10-30 21:19:59,935 - INFO - [получить_магазины_в_районе] - Загружено 10 магазинов со страницы 5
2025-10-30 21:19:59,936 - INFO - [получить_магазины_в_районе] - Завершение сбора для района Косино-Ухтомский. Найдено магазинов: 50
2025-10-30 21:19:59,937 - INFO - [<cell line: 0>] - Район 'Косино-Ухтомский' завершен. Магазинов: 50
2025-10-30 21:20:00,939 - INFO - [<cell line: 0>] - [43/132] Обработка района: Котловка
2025-10-30 21:20:00,940 - INFO - [получить_магазины_в_районе] - Начало сбора магазинов для района: Котловка (ID: 4504209512726613)
2025-10-30 21:20:00,942 - DEBUG - [получить_магазины_в_районе] - Запрос страницы 1 для района Котловка
2025-10-30 21:20:00,944 - DEBUG - [_new_conn] - Starting new HTTPS connection (1): catalog.api.2gis.com:443
2025-10-30 21:20:01,358 - DEBUG - [_make_request] - https://catalog.api.2gis.com:443 "GET /3.0/items?key=18ee47f5-2184-45df-ac89-779be9385d71&q=%D0%BC%D0%B0%D0%B3%D0%B0%D0%B7%D0%B8%D0%BD&district_id=4504209512726613&type=branch&page=1&page_size=10&fields=items.point%2Citems.name%2Citems.address_name%2Citems.reviews HTTP/1.1" 200 None
2025-10-30 21:20:01,359 - DEBUG - [получить_магазины_в_районе] - Статус ответа: 200
2025-10-30 21:20:01,359 - INFO - [получить_магазины_в_районе] - Загружено 10 магазинов со страницы 1
2025-10-30 21:20:01,860 - DEBUG - [получить_магазины_в_районе] - Запрос страницы 2 для района Котловка
2025-10-30 21:20:01,862 - DEBUG - [_new_conn] - Starting new HTTPS connection (1): catalog.api.2gis.com:443
2025-10-30 21:20:02,269 - DEBUG - [_make_request] - https://catalog.api.2gis.com:443 "GET /3.0/items?key=18ee47f5-2184-45df-ac89-779be9385d71&q=%D0%BC%D0%B0%D0%B3%D0%B0%D0%B7%D0%B8%D0%BD&district_id=4504209512726613&type=branch&page=2&page_size=10&fields=items.point%2Citems.name%2Citems.address_name%2Citems.reviews HTTP/1.1" 200 None
2025-10-30 21:20:02,271 - DEBUG - [получить_магазины_в_районе] - Статус ответа: 200
2025-10-30 21:20:02,271 - INFO - [получить_магазины_в_районе] - Загружено 10 магазинов со страницы 2
2025-10-30 21:20:02,772 - DEBUG - [получить_магазины_в_районе] - Запрос страницы 3 для района Котловка
2025-10-30 21:20:02,774 - DEBUG - [_new_conn] - Starting new HTTPS connection (1): catalog.api.2gis.com:443
2025-10-30 21:20:03,218 - DEBUG - [_make_request] - https://catalog.api.2gis.com:443 "GET /3.0/items?key=18ee47f5-2184-45df-ac89-779be9385d71&q=%D0%BC%D0%B0%D0%B3%D0%B0%D0%B7%D0%B8%D0%BD&district_id=4504209512726613&type=branch&page=3&page_size=10&fields=items.point%2Citems.name%2Citems.address_name%2Citems.reviews HTTP/1.1" 200 None
2025-10-30 21:20:03,219 - DEBUG - [получить_магазины_в_районе] - Статус ответа: 200
2025-10-30 21:20:03,219 - INFO - [получить_магазины_в_районе] - Загружено 10 магазинов со страницы 3
2025-10-30 21:20:03,720 - DEBUG - [получить_магазины_в_районе] - Запрос страницы 4 для района Котловка
2025-10-30 21:20:03,721 - DEBUG - [_new_conn] - Starting new HTTPS connection (1): catalog.api.2gis.com:443
2025-10-30 21:20:04,153 - DEBUG - [_make_request] - https://catalog.api.2gis.com:443 "GET /3.0/items?key=18ee47f5-2184-45df-ac89-779be9385d71&q=%D0%BC%D0%B0%D0%B3%D0%B0%D0%B7%D0%B8%D0%BD&district_id=4504209512726613&type=branch&page=4&page_size=10&fields=items.point%2Citems.name%2Citems.address_name%2Citems.reviews HTTP/1.1" 200 None
2025-10-30 21:20:04,154 - DEBUG - [получить_магазины_в_районе] - Статус ответа: 200
2025-10-30 21:20:04,154 - INFO - [получить_магазины_в_районе] - Загружено 10 магазинов со страницы 4
2025-10-30 21:20:04,655 - DEBUG - [получить_магазины_в_районе] - Запрос страницы 5 для района Котловка
2025-10-30 21:20:04,656 - DEBUG - [_new_conn] - Starting new HTTPS connection (1): catalog.api.2gis.com:443
2025-10-30 21:20:05,080 - DEBUG - [_make_request] - https://catalog.api.2gis.com:443 "GET /3.0/items?key=18ee47f5-2184-45df-ac89-779be9385d71&q=%D0%BC%D0%B0%D0%B3%D0%B0%D0%B7%D0%B8%D0%BD&district_id=4504209512726613&type=branch&page=5&page_size=10&fields=items.point%2Citems.name%2Citems.address_name%2Citems.reviews HTTP/1.1" 200 None
2025-10-30 21:20:05,082 - DEBUG - [получить_магазины_в_районе] - Статус ответа: 200
2025-10-30 21:20:05,082 - INFO - [получить_магазины_в_районе] - Загружено 10 магазинов со страницы 5
2025-10-30 21:20:05,083 - INFO - [получить_магазины_в_районе] - Завершение сбора для района Котловка. Найдено магазинов: 50
2025-10-30 21:20:05,084 - INFO - [<cell line: 0>] - Район 'Котловка' завершен. Магазинов: 50
2025-10-30 21:20:06,086 - INFO - [<cell line: 0>] - [44/132] Обработка района: Краснопахорский
2025-10-30 21:20:06,087 - INFO - [получить_магазины_в_районе] - Начало сбора магазинов для района: Краснопахорский (ID: 4504209520933720)
2025-10-30 21:20:06,089 - DEBUG - [получить_магазины_в_районе] - Запрос страницы 1 для района Краснопахорский
2025-10-30 21:20:06,091 - DEBUG - [_new_conn] - Starting new HTTPS connection (1): catalog.api.2gis.com:443
2025-10-30 21:20:06,519 - DEBUG - [_make_request] - https://catalog.api.2gis.com:443 "GET /3.0/items?key=18ee47f5-2184-45df-ac89-779be9385d71&q=%D0%BC%D0%B0%D0%B3%D0%B0%D0%B7%D0%B8%D0%BD&district_id=4504209520933720&type=branch&page=1&page_size=10&fields=items.point%2Citems.name%2Citems.address_name%2Citems.reviews HTTP/1.1" 200 None
2025-10-30 21:20:06,520 - DEBUG - [получить_магазины_в_районе] - Статус ответа: 200
2025-10-30 21:20:06,520 - INFO - [получить_магазины_в_районе] - Загружено 10 магазинов со страницы 1
2025-10-30 21:20:07,021 - DEBUG - [получить_магазины_в_районе] - Запрос страницы 2 для района Краснопахорский
2025-10-30 21:20:07,023 - DEBUG - [_new_conn] - Starting new HTTPS connection (1): catalog.api.2gis.com:443
2025-10-30 21:20:07,424 - DEBUG - [_make_request] - https://catalog.api.2gis.com:443 "GET /3.0/items?key=18ee47f5-2184-45df-ac89-779be9385d71&q=%D0%BC%D0%B0%D0%B3%D0%B0%D0%B7%D0%B8%D0%BD&district_id=4504209520933720&type=branch&page=2&page_size=10&fields=items.point%2Citems.name%2Citems.address_name%2Citems.reviews HTTP/1.1" 200 None
2025-10-30 21:20:07,425 - DEBUG - [получить_магазины_в_районе] - Статус ответа: 200
2025-10-30 21:20:07,426 - INFO - [получить_магазины_в_районе] - Загружено 10 магазинов со страницы 2
2025-10-30 21:20:07,927 - DEBUG - [получить_магазины_в_районе] - Запрос страницы 3 для района Краснопахорский
2025-10-30 21:20:07,928 - DEBUG - [_new_conn] - Starting new HTTPS connection (1): catalog.api.2gis.com:443
2025-10-30 21:20:08,338 - DEBUG - [_make_request] - https://catalog.api.2gis.com:443 "GET /3.0/items?key=18ee47f5-2184-45df-ac89-779be9385d71&q=%D0%BC%D0%B0%D0%B3%D0%B0%D0%B7%D0%B8%D0%BD&district_id=4504209520933720&type=branch&page=3&page_size=10&fields=items.point%2Citems.name%2Citems.address_name%2Citems.reviews HTTP/1.1" 200 None
2025-10-30 21:20:08,339 - DEBUG - [получить_магазины_в_районе] - Статус ответа: 200
2025-10-30 21:20:08,339 - INFO - [получить_магазины_в_районе] - Загружено 10 магазинов со страницы 3
2025-10-30 21:20:08,840 - DEBUG - [получить_магазины_в_районе] - Запрос страницы 4 для района Краснопахорский
2025-10-30 21:20:08,841 - DEBUG - [_new_conn] - Starting new HTTPS connection (1): catalog.api.2gis.com:443
2025-10-30 21:20:09,245 - DEBUG - [_make_request] - https://catalog.api.2gis.com:443 "GET /3.0/items?key=18ee47f5-2184-45df-ac89-779be9385d71&q=%D0%BC%D0%B0%D0%B3%D0%B0%D0%B7%D0%B8%D0%BD&district_id=4504209520933720&type=branch&page=4&page_size=10&fields=items.point%2Citems.name%2Citems.address_name%2Citems.reviews HTTP/1.1" 200 None
2025-10-30 21:20:09,246 - DEBUG - [получить_магазины_в_районе] - Статус ответа: 200
2025-10-30 21:20:09,247 - INFO - [получить_магазины_в_районе] - Загружено 10 магазинов со страницы 4
2025-10-30 21:20:09,747 - DEBUG - [получить_магазины_в_районе] - Запрос страницы 5 для района Краснопахорский
2025-10-30 21:20:09,749 - DEBUG - [_new_conn] - Starting new HTTPS connection (1): catalog.api.2gis.com:443
2025-10-30 21:20:10,143 - DEBUG - [_make_request] - https://catalog.api.2gis.com:443 "GET /3.0/items?key=18ee47f5-2184-45df-ac89-779be9385d71&q=%D0%BC%D0%B0%D0%B3%D0%B0%D0%B7%D0%B8%D0%BD&district_id=4504209520933720&type=branch&page=5&page_size=10&fields=items.point%2Citems.name%2Citems.address_name%2Citems.reviews HTTP/1.1" 200 None
2025-10-30 21:20:10,144 - DEBUG - [получить_магазины_в_районе] - Статус ответа: 200
2025-10-30 21:20:10,144 - INFO - [получить_магазины_в_районе] - Загружено 10 магазинов со страницы 5
2025-10-30 21:20:10,145 - INFO - [получить_магазины_в_районе] - Завершение сбора для района Краснопахорский. Найдено магазинов: 50
2025-10-30 21:20:10,146 - INFO - [<cell line: 0>] - Район 'Краснопахорский' завершен. Магазинов: 50
2025-10-30 21:20:11,147 - INFO - [<cell line: 0>] - [45/132] Обработка района: Красносельский
2025-10-30 21:20:11,148 - INFO - [получить_магазины_в_районе] - Начало сбора магазинов для района: Красносельский (ID: 4504209512726540)
2025-10-30 21:20:11,149 - DEBUG - [получить_магазины_в_районе] - Запрос страницы 1 для района Красносельский
2025-10-30 21:20:11,152 - DEBUG - [_new_conn] - Starting new HTTPS connection (1): catalog.api.2gis.com:443
2025-10-30 21:20:11,566 - DEBUG - [_make_request] - https://catalog.api.2gis.com:443 "GET /3.0/items?key=18ee47f5-2184-45df-ac89-779be9385d71&q=%D0%BC%D0%B0%D0%B3%D0%B0%D0%B7%D0%B8%D0%BD&district_id=4504209512726540&type=branch&page=1&page_size=10&fields=items.point%2Citems.name%2Citems.address_name%2Citems.reviews HTTP/1.1" 200 None
2025-10-30 21:20:11,566 - DEBUG - [получить_магазины_в_районе] - Статус ответа: 200
2025-10-30 21:20:11,567 - INFO - [получить_магазины_в_районе] - Загружено 10 магазинов со страницы 1
2025-10-30 21:20:12,068 - DEBUG - [получить_магазины_в_районе] - Запрос страницы 2 для района Красносельский
2025-10-30 21:20:12,069 - DEBUG - [_new_conn] - Starting new HTTPS connection (1): catalog.api.2gis.com:443
2025-10-30 21:20:12,520 - DEBUG - [_make_request] - https://catalog.api.2gis.com:443 "GET /3.0/items?key=18ee47f5-2184-45df-ac89-779be9385d71&q=%D0%BC%D0%B0%D0%B3%D0%B0%D0%B7%D0%B8%D0%BD&district_id=4504209512726540&type=branch&page=2&page_size=10&fields=items.point%2Citems.name%2Citems.address_name%2Citems.reviews HTTP/1.1" 200 None
2025-10-30 21:20:12,521 - DEBUG - [получить_магазины_в_районе] - Статус ответа: 200
2025-10-30 21:20:12,521 - INFO - [получить_магазины_в_районе] - Загружено 10 магазинов со страницы 2
2025-10-30 21:20:13,022 - DEBUG - [получить_магазины_в_районе] - Запрос страницы 3 для района Красносельский
2025-10-30 21:20:13,023 - DEBUG - [_new_conn] - Starting new HTTPS connection (1): catalog.api.2gis.com:443
2025-10-30 21:20:13,528 - DEBUG - [_make_request] - https://catalog.api.2gis.com:443 "GET /3.0/items?key=18ee47f5-2184-45df-ac89-779be9385d71&q=%D0%BC%D0%B0%D0%B3%D0%B0%D0%B7%D0%B8%D0%BD&district_id=4504209512726540&type=branch&page=3&page_size=10&fields=items.point%2Citems.name%2Citems.address_name%2Citems.reviews HTTP/1.1" 200 None
2025-10-30 21:20:13,529 - DEBUG - [получить_магазины_в_районе] - Статус ответа: 200
2025-10-30 21:20:13,529 - INFO - [получить_магазины_в_районе] - Загружено 10 магазинов со страницы 3
2025-10-30 21:20:14,031 - DEBUG - [получить_магазины_в_районе] - Запрос страницы 4 для района Красносельский
2025-10-30 21:20:14,032 - DEBUG - [_new_conn] - Starting new HTTPS connection (1): catalog.api.2gis.com:443
2025-10-30 21:20:14,442 - DEBUG - [_make_request] - https://catalog.api.2gis.com:443 "GET /3.0/items?key=18ee47f5-2184-45df-ac89-779be9385d71&q=%D0%BC%D0%B0%D0%B3%D0%B0%D0%B7%D0%B8%D0%BD&district_id=4504209512726540&type=branch&page=4&page_size=10&fields=items.point%2Citems.name%2Citems.address_name%2Citems.reviews HTTP/1.1" 200 None
2025-10-30 21:20:14,443 - DEBUG - [получить_магазины_в_районе] - Статус ответа: 200
2025-10-30 21:20:14,443 - INFO - [получить_магазины_в_районе] - Загружено 10 магазинов со страницы 4
2025-10-30 21:20:14,944 - DEBUG - [получить_магазины_в_районе] - Запрос страницы 5 для района Красносельский
2025-10-30 21:20:14,946 - DEBUG - [_new_conn] - Starting new HTTPS connection (1): catalog.api.2gis.com:443
2025-10-30 21:20:15,378 - DEBUG - [_make_request] - https://catalog.api.2gis.com:443 "GET /3.0/items?key=18ee47f5-2184-45df-ac89-779be9385d71&q=%D0%BC%D0%B0%D0%B3%D0%B0%D0%B7%D0%B8%D0%BD&district_id=4504209512726540&type=branch&page=5&page_size=10&fields=items.point%2Citems.name%2Citems.address_name%2Citems.reviews HTTP/1.1" 200 None
2025-10-30 21:20:15,379 - DEBUG - [получить_магазины_в_районе] - Статус ответа: 200
2025-10-30 21:20:15,379 - INFO - [получить_магазины_в_районе] - Загружено 10 магазинов со страницы 5
2025-10-30 21:20:15,380 - INFO - [получить_магазины_в_районе] - Завершение сбора для района Красносельский. Найдено магазинов: 50
2025-10-30 21:20:15,381 - INFO - [<cell line: 0>] - Район 'Красносельский' завершен. Магазинов: 50
2025-10-30 21:20:16,383 - INFO - [<cell line: 0>] - [46/132] Обработка района: Крылатское
2025-10-30 21:20:16,384 - INFO - [получить_магазины_в_районе] - Начало сбора магазинов для района: Крылатское (ID: 4504209512726635)
2025-10-30 21:20:16,385 - DEBUG - [получить_магазины_в_районе] - Запрос страницы 1 для района Крылатское
2025-10-30 21:20:16,387 - DEBUG - [_new_conn] - Starting new HTTPS connection (1): catalog.api.2gis.com:443
2025-10-30 21:20:16,821 - DEBUG - [_make_request] - https://catalog.api.2gis.com:443 "GET /3.0/items?key=18ee47f5-2184-45df-ac89-779be9385d71&q=%D0%BC%D0%B0%D0%B3%D0%B0%D0%B7%D0%B8%D0%BD&district_id=4504209512726635&type=branch&page=1&page_size=10&fields=items.point%2Citems.name%2Citems.address_name%2Citems.reviews HTTP/1.1" 200 None
2025-10-30 21:20:16,822 - DEBUG - [получить_магазины_в_районе] - Статус ответа: 200
2025-10-30 21:20:16,822 - INFO - [получить_магазины_в_районе] - Загружено 10 магазинов со страницы 1
2025-10-30 21:20:17,323 - DEBUG - [получить_магазины_в_районе] - Запрос страницы 2 для района Крылатское
2025-10-30 21:20:17,324 - DEBUG - [_new_conn] - Starting new HTTPS connection (1): catalog.api.2gis.com:443
2025-10-30 21:20:17,722 - DEBUG - [_make_request] - https://catalog.api.2gis.com:443 "GET /3.0/items?key=18ee47f5-2184-45df-ac89-779be9385d71&q=%D0%BC%D0%B0%D0%B3%D0%B0%D0%B7%D0%B8%D0%BD&district_id=4504209512726635&type=branch&page=2&page_size=10&fields=items.point%2Citems.name%2Citems.address_name%2Citems.reviews HTTP/1.1" 200 None
2025-10-30 21:20:17,723 - DEBUG - [получить_магазины_в_районе] - Статус ответа: 200
2025-10-30 21:20:17,723 - INFO - [получить_магазины_в_районе] - Загружено 10 магазинов со страницы 2
2025-10-30 21:20:18,224 - DEBUG - [получить_магазины_в_районе] - Запрос страницы 3 для района Крылатское
2025-10-30 21:20:18,225 - DEBUG - [_new_conn] - Starting new HTTPS connection (1): catalog.api.2gis.com:443
2025-10-30 21:20:18,642 - DEBUG - [_make_request] - https://catalog.api.2gis.com:443 "GET /3.0/items?key=18ee47f5-2184-45df-ac89-779be9385d71&q=%D0%BC%D0%B0%D0%B3%D0%B0%D0%B7%D0%B8%D0%BD&district_id=4504209512726635&type=branch&page=3&page_size=10&fields=items.point%2Citems.name%2Citems.address_name%2Citems.reviews HTTP/1.1" 200 None
2025-10-30 21:20:18,643 - DEBUG - [получить_магазины_в_районе] - Статус ответа: 200
2025-10-30 21:20:18,643 - INFO - [получить_магазины_в_районе] - Загружено 10 магазинов со страницы 3
2025-10-30 21:20:19,144 - DEBUG - [получить_магазины_в_районе] - Запрос страницы 4 для района Крылатское
2025-10-30 21:20:19,145 - DEBUG - [_new_conn] - Starting new HTTPS connection (1): catalog.api.2gis.com:443
2025-10-30 21:20:19,535 - DEBUG - [_make_request] - https://catalog.api.2gis.com:443 "GET /3.0/items?key=18ee47f5-2184-45df-ac89-779be9385d71&q=%D0%BC%D0%B0%D0%B3%D0%B0%D0%B7%D0%B8%D0%BD&district_id=4504209512726635&type=branch&page=4&page_size=10&fields=items.point%2Citems.name%2Citems.address_name%2Citems.reviews HTTP/1.1" 200 None
2025-10-30 21:20:19,536 - DEBUG - [получить_магазины_в_районе] - Статус ответа: 200
2025-10-30 21:20:19,536 - INFO - [получить_магазины_в_районе] - Загружено 10 магазинов со страницы 4
2025-10-30 21:20:20,037 - DEBUG - [получить_магазины_в_районе] - Запрос страницы 5 для района Крылатское
2025-10-30 21:20:20,038 - DEBUG - [_new_conn] - Starting new HTTPS connection (1): catalog.api.2gis.com:443
2025-10-30 21:20:20,432 - DEBUG - [_make_request] - https://catalog.api.2gis.com:443 "GET /3.0/items?key=18ee47f5-2184-45df-ac89-779be9385d71&q=%D0%BC%D0%B0%D0%B3%D0%B0%D0%B7%D0%B8%D0%BD&district_id=4504209512726635&type=branch&page=5&page_size=10&fields=items.point%2Citems.name%2Citems.address_name%2Citems.reviews HTTP/1.1" 200 None
2025-10-30 21:20:20,433 - DEBUG - [получить_магазины_в_районе] - Статус ответа: 200
2025-10-30 21:20:20,434 - INFO - [получить_магазины_в_районе] - Загружено 10 магазинов со страницы 5
2025-10-30 21:20:20,434 - INFO - [получить_магазины_в_районе] - Завершение сбора для района Крылатское. Найдено магазинов: 50
2025-10-30 21:20:20,436 - INFO - [<cell line: 0>] - Район 'Крылатское' завершен. Магазинов: 50
2025-10-30 21:20:21,438 - INFO - [<cell line: 0>] - [47/132] Обработка района: Крюково
2025-10-30 21:20:21,439 - INFO - [получить_магазины_в_районе] - Начало сбора магазинов для района: Крюково (ID: 4504209512726652)
2025-10-30 21:20:21,440 - DEBUG - [получить_магазины_в_районе] - Запрос страницы 1 для района Крюково
2025-10-30 21:20:21,443 - DEBUG - [_new_conn] - Starting new HTTPS connection (1): catalog.api.2gis.com:443
2025-10-30 21:20:21,880 - DEBUG - [_make_request] - https://catalog.api.2gis.com:443 "GET /3.0/items?key=18ee47f5-2184-45df-ac89-779be9385d71&q=%D0%BC%D0%B0%D0%B3%D0%B0%D0%B7%D0%B8%D0%BD&district_id=4504209512726652&type=branch&page=1&page_size=10&fields=items.point%2Citems.name%2Citems.address_name%2Citems.reviews HTTP/1.1" 200 None
2025-10-30 21:20:21,880 - DEBUG - [получить_магазины_в_районе] - Статус ответа: 200
2025-10-30 21:20:21,881 - INFO - [получить_магазины_в_районе] - Загружено 10 магазинов со страницы 1
2025-10-30 21:20:22,382 - DEBUG - [получить_магазины_в_районе] - Запрос страницы 2 для района Крюково
2025-10-30 21:20:22,383 - DEBUG - [_new_conn] - Starting new HTTPS connection (1): catalog.api.2gis.com:443
2025-10-30 21:20:22,800 - DEBUG - [_make_request] - https://catalog.api.2gis.com:443 "GET /3.0/items?key=18ee47f5-2184-45df-ac89-779be9385d71&q=%D0%BC%D0%B0%D0%B3%D0%B0%D0%B7%D0%B8%D0%BD&district_id=4504209512726652&type=branch&page=2&page_size=10&fields=items.point%2Citems.name%2Citems.address_name%2Citems.reviews HTTP/1.1" 200 None
2025-10-30 21:20:22,801 - DEBUG - [получить_магазины_в_районе] - Статус ответа: 200
2025-10-30 21:20:22,801 - INFO - [получить_магазины_в_районе] - Загружено 10 магазинов со страницы 2
2025-10-30 21:20:23,302 - DEBUG - [получить_магазины_в_районе] - Запрос страницы 3 для района Крюково
2025-10-30 21:20:23,304 - DEBUG - [_new_conn] - Starting new HTTPS connection (1): catalog.api.2gis.com:443
2025-10-30 21:20:23,724 - DEBUG - [_make_request] - https://catalog.api.2gis.com:443 "GET /3.0/items?key=18ee47f5-2184-45df-ac89-779be9385d71&q=%D0%BC%D0%B0%D0%B3%D0%B0%D0%B7%D0%B8%D0%BD&district_id=4504209512726652&type=branch&page=3&page_size=10&fields=items.point%2Citems.name%2Citems.address_name%2Citems.reviews HTTP/1.1" 200 None
2025-10-30 21:20:23,725 - DEBUG - [получить_магазины_в_районе] - Статус ответа: 200
2025-10-30 21:20:23,725 - INFO - [получить_магазины_в_районе] - Загружено 10 магазинов со страницы 3
2025-10-30 21:20:24,226 - DEBUG - [получить_магазины_в_районе] - Запрос страницы 4 для района Крюково
2025-10-30 21:20:24,227 - DEBUG - [_new_conn] - Starting new HTTPS connection (1): catalog.api.2gis.com:443
2025-10-30 21:20:24,731 - DEBUG - [_make_request] - https://catalog.api.2gis.com:443 "GET /3.0/items?key=18ee47f5-2184-45df-ac89-779be9385d71&q=%D0%BC%D0%B0%D0%B3%D0%B0%D0%B7%D0%B8%D0%BD&district_id=4504209512726652&type=branch&page=4&page_size=10&fields=items.point%2Citems.name%2Citems.address_name%2Citems.reviews HTTP/1.1" 200 None
2025-10-30 21:20:24,732 - DEBUG - [получить_магазины_в_районе] - Статус ответа: 200
2025-10-30 21:20:24,732 - INFO - [получить_магазины_в_районе] - Загружено 10 магазинов со страницы 4
2025-10-30 21:20:25,234 - DEBUG - [получить_магазины_в_районе] - Запрос страницы 5 для района Крюково
2025-10-30 21:20:25,235 - DEBUG - [_new_conn] - Starting new HTTPS connection (1): catalog.api.2gis.com:443
2025-10-30 21:20:25,766 - DEBUG - [_make_request] - https://catalog.api.2gis.com:443 "GET /3.0/items?key=18ee47f5-2184-45df-ac89-779be9385d71&q=%D0%BC%D0%B0%D0%B3%D0%B0%D0%B7%D0%B8%D0%BD&district_id=4504209512726652&type=branch&page=5&page_size=10&fields=items.point%2Citems.name%2Citems.address_name%2Citems.reviews HTTP/1.1" 200 None
2025-10-30 21:20:25,767 - DEBUG - [получить_магазины_в_районе] - Статус ответа: 200
2025-10-30 21:20:25,768 - INFO - [получить_магазины_в_районе] - Загружено 10 магазинов со страницы 5
2025-10-30 21:20:25,769 - INFO - [получить_магазины_в_районе] - Завершение сбора для района Крюково. Найдено магазинов: 50
2025-10-30 21:20:25,771 - INFO - [<cell line: 0>] - Район 'Крюково' завершен. Магазинов: 50
2025-10-30 21:20:26,772 - INFO - [<cell line: 0>] - [48/132] Обработка района: Кузьминки
2025-10-30 21:20:26,773 - INFO - [получить_магазины_в_районе] - Начало сбора магазинов для района: Кузьминки (ID: 4504209512726598)
2025-10-30 21:20:26,775 - DEBUG - [получить_магазины_в_районе] - Запрос страницы 1 для района Кузьминки
2025-10-30 21:20:26,777 - DEBUG - [_new_conn] - Starting new HTTPS connection (1): catalog.api.2gis.com:443
2025-10-30 21:20:27,194 - DEBUG - [_make_request] - https://catalog.api.2gis.com:443 "GET /3.0/items?key=18ee47f5-2184-45df-ac89-779be9385d71&q=%D0%BC%D0%B0%D0%B3%D0%B0%D0%B7%D0%B8%D0%BD&district_id=4504209512726598&type=branch&page=1&page_size=10&fields=items.point%2Citems.name%2Citems.address_name%2Citems.reviews HTTP/1.1" 200 None
2025-10-30 21:20:27,194 - DEBUG - [получить_магазины_в_районе] - Статус ответа: 200
2025-10-30 21:20:27,194 - INFO - [получить_магазины_в_районе] - Загружено 10 магазинов со страницы 1
2025-10-30 21:20:27,696 - DEBUG - [получить_магазины_в_районе] - Запрос страницы 2 для района Кузьминки
2025-10-30 21:20:27,697 - DEBUG - [_new_conn] - Starting new HTTPS connection (1): catalog.api.2gis.com:443
2025-10-30 21:20:28,120 - DEBUG - [_make_request] - https://catalog.api.2gis.com:443 "GET /3.0/items?key=18ee47f5-2184-45df-ac89-779be9385d71&q=%D0%BC%D0%B0%D0%B3%D0%B0%D0%B7%D0%B8%D0%BD&district_id=4504209512726598&type=branch&page=2&page_size=10&fields=items.point%2Citems.name%2Citems.address_name%2Citems.reviews HTTP/1.1" 200 None
2025-10-30 21:20:28,121 - DEBUG - [получить_магазины_в_районе] - Статус ответа: 200
2025-10-30 21:20:28,122 - INFO - [получить_магазины_в_районе] - Загружено 10 магазинов со страницы 2
2025-10-30 21:20:28,623 - DEBUG - [получить_магазины_в_районе] - Запрос страницы 3 для района Кузьминки
2025-10-30 21:20:28,624 - DEBUG - [_new_conn] - Starting new HTTPS connection (1): catalog.api.2gis.com:443
2025-10-30 21:20:29,020 - DEBUG - [_make_request] - https://catalog.api.2gis.com:443 "GET /3.0/items?key=18ee47f5-2184-45df-ac89-779be9385d71&q=%D0%BC%D0%B0%D0%B3%D0%B0%D0%B7%D0%B8%D0%BD&district_id=4504209512726598&type=branch&page=3&page_size=10&fields=items.point%2Citems.name%2Citems.address_name%2Citems.reviews HTTP/1.1" 200 None
2025-10-30 21:20:29,021 - DEBUG - [получить_магазины_в_районе] - Статус ответа: 200
2025-10-30 21:20:29,021 - INFO - [получить_магазины_в_районе] - Загружено 10 магазинов со страницы 3
2025-10-30 21:20:29,522 - DEBUG - [получить_магазины_в_районе] - Запрос страницы 4 для района Кузьминки
2025-10-30 21:20:29,524 - DEBUG - [_new_conn] - Starting new HTTPS connection (1): catalog.api.2gis.com:443
2025-10-30 21:20:29,945 - DEBUG - [_make_request] - https://catalog.api.2gis.com:443 "GET /3.0/items?key=18ee47f5-2184-45df-ac89-779be9385d71&q=%D0%BC%D0%B0%D0%B3%D0%B0%D0%B7%D0%B8%D0%BD&district_id=4504209512726598&type=branch&page=4&page_size=10&fields=items.point%2Citems.name%2Citems.address_name%2Citems.reviews HTTP/1.1" 200 None
2025-10-30 21:20:29,946 - DEBUG - [получить_магазины_в_районе] - Статус ответа: 200
2025-10-30 21:20:29,946 - INFO - [получить_магазины_в_районе] - Загружено 10 магазинов со страницы 4
2025-10-30 21:20:30,447 - DEBUG - [получить_магазины_в_районе] - Запрос страницы 5 для района Кузьминки
2025-10-30 21:20:30,448 - DEBUG - [_new_conn] - Starting new HTTPS connection (1): catalog.api.2gis.com:443
2025-10-30 21:20:30,848 - DEBUG - [_make_request] - https://catalog.api.2gis.com:443 "GET /3.0/items?key=18ee47f5-2184-45df-ac89-779be9385d71&q=%D0%BC%D0%B0%D0%B3%D0%B0%D0%B7%D0%B8%D0%BD&district_id=4504209512726598&type=branch&page=5&page_size=10&fields=items.point%2Citems.name%2Citems.address_name%2Citems.reviews HTTP/1.1" 200 None
2025-10-30 21:20:30,849 - DEBUG - [получить_магазины_в_районе] - Статус ответа: 200
2025-10-30 21:20:30,849 - INFO - [получить_магазины_в_районе] - Загружено 10 магазинов со страницы 5
2025-10-30 21:20:30,850 - INFO - [получить_магазины_в_районе] - Завершение сбора для района Кузьминки. Найдено магазинов: 50
2025-10-30 21:20:30,851 - INFO - [<cell line: 0>] - Район 'Кузьминки' завершен. Магазинов: 50
2025-10-30 21:20:31,852 - INFO - [<cell line: 0>] - [49/132] Обработка района: Кунцево
2025-10-30 21:20:31,853 - INFO - [получить_магазины_в_районе] - Начало сбора магазинов для района: Кунцево (ID: 4504209512726634)
2025-10-30 21:20:31,854 - DEBUG - [получить_магазины_в_районе] - Запрос страницы 1 для района Кунцево
2025-10-30 21:20:31,857 - DEBUG - [_new_conn] - Starting new HTTPS connection (1): catalog.api.2gis.com:443
2025-10-30 21:20:32,271 - DEBUG - [_make_request] - https://catalog.api.2gis.com:443 "GET /3.0/items?key=18ee47f5-2184-45df-ac89-779be9385d71&q=%D0%BC%D0%B0%D0%B3%D0%B0%D0%B7%D0%B8%D0%BD&district_id=4504209512726634&type=branch&page=1&page_size=10&fields=items.point%2Citems.name%2Citems.address_name%2Citems.reviews HTTP/1.1" 200 None
2025-10-30 21:20:32,272 - DEBUG - [получить_магазины_в_районе] - Статус ответа: 200
2025-10-30 21:20:32,272 - INFO - [получить_магазины_в_районе] - Загружено 10 магазинов со страницы 1
2025-10-30 21:20:32,773 - DEBUG - [получить_магазины_в_районе] - Запрос страницы 2 для района Кунцево
2025-10-30 21:20:32,775 - DEBUG - [_new_conn] - Starting new HTTPS connection (1): catalog.api.2gis.com:443
2025-10-30 21:20:33,233 - DEBUG - [_make_request] - https://catalog.api.2gis.com:443 "GET /3.0/items?key=18ee47f5-2184-45df-ac89-779be9385d71&q=%D0%BC%D0%B0%D0%B3%D0%B0%D0%B7%D0%B8%D0%BD&district_id=4504209512726634&type=branch&page=2&page_size=10&fields=items.point%2Citems.name%2Citems.address_name%2Citems.reviews HTTP/1.1" 200 None
2025-10-30 21:20:33,234 - DEBUG - [получить_магазины_в_районе] - Статус ответа: 200
2025-10-30 21:20:33,235 - INFO - [получить_магазины_в_районе] - Загружено 10 магазинов со страницы 2
2025-10-30 21:20:33,736 - DEBUG - [получить_магазины_в_районе] - Запрос страницы 3 для района Кунцево
2025-10-30 21:20:33,737 - DEBUG - [_new_conn] - Starting new HTTPS connection (1): catalog.api.2gis.com:443
2025-10-30 21:20:34,148 - DEBUG - [_make_request] - https://catalog.api.2gis.com:443 "GET /3.0/items?key=18ee47f5-2184-45df-ac89-779be9385d71&q=%D0%BC%D0%B0%D0%B3%D0%B0%D0%B7%D0%B8%D0%BD&district_id=4504209512726634&type=branch&page=3&page_size=10&fields=items.point%2Citems.name%2Citems.address_name%2Citems.reviews HTTP/1.1" 200 None
2025-10-30 21:20:34,149 - DEBUG - [получить_магазины_в_районе] - Статус ответа: 200
2025-10-30 21:20:34,149 - INFO - [получить_магазины_в_районе] - Загружено 10 магазинов со страницы 3
2025-10-30 21:20:34,650 - DEBUG - [получить_магазины_в_районе] - Запрос страницы 4 для района Кунцево
2025-10-30 21:20:34,651 - DEBUG - [_new_conn] - Starting new HTTPS connection (1): catalog.api.2gis.com:443
2025-10-30 21:20:35,096 - DEBUG - [_make_request] - https://catalog.api.2gis.com:443 "GET /3.0/items?key=18ee47f5-2184-45df-ac89-779be9385d71&q=%D0%BC%D0%B0%D0%B3%D0%B0%D0%B7%D0%B8%D0%BD&district_id=4504209512726634&type=branch&page=4&page_size=10&fields=items.point%2Citems.name%2Citems.address_name%2Citems.reviews HTTP/1.1" 200 None
2025-10-30 21:20:35,097 - DEBUG - [получить_магазины_в_районе] - Статус ответа: 200
2025-10-30 21:20:35,098 - INFO - [получить_магазины_в_районе] - Загружено 10 магазинов со страницы 4
2025-10-30 21:20:35,599 - DEBUG - [получить_магазины_в_районе] - Запрос страницы 5 для района Кунцево
2025-10-30 21:20:35,600 - DEBUG - [_new_conn] - Starting new HTTPS connection (1): catalog.api.2gis.com:443
2025-10-30 21:20:36,038 - DEBUG - [_make_request] - https://catalog.api.2gis.com:443 "GET /3.0/items?key=18ee47f5-2184-45df-ac89-779be9385d71&q=%D0%BC%D0%B0%D0%B3%D0%B0%D0%B7%D0%B8%D0%BD&district_id=4504209512726634&type=branch&page=5&page_size=10&fields=items.point%2Citems.name%2Citems.address_name%2Citems.reviews HTTP/1.1" 200 None
2025-10-30 21:20:36,039 - DEBUG - [получить_магазины_в_районе] - Статус ответа: 200
2025-10-30 21:20:36,039 - INFO - [получить_магазины_в_районе] - Загружено 10 магазинов со страницы 5
2025-10-30 21:20:36,040 - INFO - [получить_магазины_в_районе] - Завершение сбора для района Кунцево. Найдено магазинов: 50
2025-10-30 21:20:36,042 - INFO - [<cell line: 0>] - Район 'Кунцево' завершен. Магазинов: 50
2025-10-30 21:20:37,043 - INFO - [<cell line: 0>] - [50/132] Обработка района: Куркино
2025-10-30 21:20:37,044 - INFO - [получить_магазины_в_районе] - Начало сбора магазинов для района: Куркино (ID: 4504209512726651)
2025-10-30 21:20:37,046 - DEBUG - [получить_магазины_в_районе] - Запрос страницы 1 для района Куркино
2025-10-30 21:20:37,047 - DEBUG - [_new_conn] - Starting new HTTPS connection (1): catalog.api.2gis.com:443
2025-10-30 21:20:37,479 - DEBUG - [_make_request] - https://catalog.api.2gis.com:443 "GET /3.0/items?key=18ee47f5-2184-45df-ac89-779be9385d71&q=%D0%BC%D0%B0%D0%B3%D0%B0%D0%B7%D0%B8%D0%BD&district_id=4504209512726651&type=branch&page=1&page_size=10&fields=items.point%2Citems.name%2Citems.address_name%2Citems.reviews HTTP/1.1" 200 None
2025-10-30 21:20:37,480 - DEBUG - [получить_магазины_в_районе] - Статус ответа: 200
2025-10-30 21:20:37,480 - INFO - [получить_магазины_в_районе] - Загружено 10 магазинов со страницы 1
2025-10-30 21:20:37,981 - DEBUG - [получить_магазины_в_районе] - Запрос страницы 2 для района Куркино
2025-10-30 21:20:37,983 - DEBUG - [_new_conn] - Starting new HTTPS connection (1): catalog.api.2gis.com:443
2025-10-30 21:20:38,384 - DEBUG - [_make_request] - https://catalog.api.2gis.com:443 "GET /3.0/items?key=18ee47f5-2184-45df-ac89-779be9385d71&q=%D0%BC%D0%B0%D0%B3%D0%B0%D0%B7%D0%B8%D0%BD&district_id=4504209512726651&type=branch&page=2&page_size=10&fields=items.point%2Citems.name%2Citems.address_name%2Citems.reviews HTTP/1.1" 200 None
2025-10-30 21:20:38,385 - DEBUG - [получить_магазины_в_районе] - Статус ответа: 200
2025-10-30 21:20:38,385 - INFO - [получить_магазины_в_районе] - Загружено 10 магазинов со страницы 2
2025-10-30 21:20:38,887 - DEBUG - [получить_магазины_в_районе] - Запрос страницы 3 для района Куркино
2025-10-30 21:20:38,888 - DEBUG - [_new_conn] - Starting new HTTPS connection (1): catalog.api.2gis.com:443
2025-10-30 21:20:39,302 - DEBUG - [_make_request] - https://catalog.api.2gis.com:443 "GET /3.0/items?key=18ee47f5-2184-45df-ac89-779be9385d71&q=%D0%BC%D0%B0%D0%B3%D0%B0%D0%B7%D0%B8%D0%BD&district_id=4504209512726651&type=branch&page=3&page_size=10&fields=items.point%2Citems.name%2Citems.address_name%2Citems.reviews HTTP/1.1" 200 None
2025-10-30 21:20:39,303 - DEBUG - [получить_магазины_в_районе] - Статус ответа: 200
2025-10-30 21:20:39,303 - INFO - [получить_магазины_в_районе] - Загружено 10 магазинов со страницы 3
2025-10-30 21:20:39,804 - DEBUG - [получить_магазины_в_районе] - Запрос страницы 4 для района Куркино
2025-10-30 21:20:39,805 - DEBUG - [_new_conn] - Starting new HTTPS connection (1): catalog.api.2gis.com:443
2025-10-30 21:20:40,207 - DEBUG - [_make_request] - https://catalog.api.2gis.com:443 "GET /3.0/items?key=18ee47f5-2184-45df-ac89-779be9385d71&q=%D0%BC%D0%B0%D0%B3%D0%B0%D0%B7%D0%B8%D0%BD&district_id=4504209512726651&type=branch&page=4&page_size=10&fields=items.point%2Citems.name%2Citems.address_name%2Citems.reviews HTTP/1.1" 200 None
2025-10-30 21:20:40,208 - DEBUG - [получить_магазины_в_районе] - Статус ответа: 200
2025-10-30 21:20:40,209 - INFO - [получить_магазины_в_районе] - Загружено 5 магазинов со страницы 4
2025-10-30 21:20:40,710 - DEBUG - [получить_магазины_в_районе] - Запрос страницы 5 для района Куркино
2025-10-30 21:20:40,711 - DEBUG - [_new_conn] - Starting new HTTPS connection (1): catalog.api.2gis.com:443
2025-10-30 21:20:41,118 - DEBUG - [_make_request] - https://catalog.api.2gis.com:443 "GET /3.0/items?key=18ee47f5-2184-45df-ac89-779be9385d71&q=%D0%BC%D0%B0%D0%B3%D0%B0%D0%B7%D0%B8%D0%BD&district_id=4504209512726651&type=branch&page=5&page_size=10&fields=items.point%2Citems.name%2Citems.address_name%2Citems.reviews HTTP/1.1" 200 133
2025-10-30 21:20:41,119 - DEBUG - [получить_магазины_в_районе] - Статус ответа: 200
2025-10-30 21:20:41,120 - WARNING - [получить_магазины_в_районе] - На странице 5 нет данных в ожидаемом формате
2025-10-30 21:20:41,120 - INFO - [получить_магазины_в_районе] - Завершение сбора для района Куркино. Найдено магазинов: 35
2025-10-30 21:20:41,122 - INFO - [<cell line: 0>] - Район 'Куркино' завершен. Магазинов: 35
2025-10-30 21:20:42,124 - INFO - [<cell line: 0>] - [51/132] Обработка района: Левобережный
2025-10-30 21:20:42,125 - INFO - [получить_магазины_в_районе] - Начало сбора магазинов для района: Левобережный (ID: 4504209512726554)
2025-10-30 21:20:42,126 - DEBUG - [получить_магазины_в_районе] - Запрос страницы 1 для района Левобережный
2025-10-30 21:20:42,128 - DEBUG - [_new_conn] - Starting new HTTPS connection (1): catalog.api.2gis.com:443
2025-10-30 21:20:42,557 - DEBUG - [_make_request] - https://catalog.api.2gis.com:443 "GET /3.0/items?key=18ee47f5-2184-45df-ac89-779be9385d71&q=%D0%BC%D0%B0%D0%B3%D0%B0%D0%B7%D0%B8%D0%BD&district_id=4504209512726554&type=branch&page=1&page_size=10&fields=items.point%2Citems.name%2Citems.address_name%2Citems.reviews HTTP/1.1" 200 None
2025-10-30 21:20:42,558 - DEBUG - [получить_магазины_в_районе] - Статус ответа: 200
2025-10-30 21:20:42,558 - INFO - [получить_магазины_в_районе] - Загружено 10 магазинов со страницы 1
2025-10-30 21:20:43,059 - DEBUG - [получить_магазины_в_районе] - Запрос страницы 2 для района Левобережный
2025-10-30 21:20:43,060 - DEBUG - [_new_conn] - Starting new HTTPS connection (1): catalog.api.2gis.com:443
2025-10-30 21:20:43,479 - DEBUG - [_make_request] - https://catalog.api.2gis.com:443 "GET /3.0/items?key=18ee47f5-2184-45df-ac89-779be9385d71&q=%D0%BC%D0%B0%D0%B3%D0%B0%D0%B7%D0%B8%D0%BD&district_id=4504209512726554&type=branch&page=2&page_size=10&fields=items.point%2Citems.name%2Citems.address_name%2Citems.reviews HTTP/1.1" 200 None
2025-10-30 21:20:43,480 - DEBUG - [получить_магазины_в_районе] - Статус ответа: 200
2025-10-30 21:20:43,480 - INFO - [получить_магазины_в_районе] - Загружено 10 магазинов со страницы 2
2025-10-30 21:20:43,981 - DEBUG - [получить_магазины_в_районе] - Запрос страницы 3 для района Левобережный
2025-10-30 21:20:43,982 - DEBUG - [_new_conn] - Starting new HTTPS connection (1): catalog.api.2gis.com:443
2025-10-30 21:20:44,392 - DEBUG - [_make_request] - https://catalog.api.2gis.com:443 "GET /3.0/items?key=18ee47f5-2184-45df-ac89-779be9385d71&q=%D0%BC%D0%B0%D0%B3%D0%B0%D0%B7%D0%B8%D0%BD&district_id=4504209512726554&type=branch&page=3&page_size=10&fields=items.point%2Citems.name%2Citems.address_name%2Citems.reviews HTTP/1.1" 200 None
2025-10-30 21:20:44,393 - DEBUG - [получить_магазины_в_районе] - Статус ответа: 200
2025-10-30 21:20:44,393 - INFO - [получить_магазины_в_районе] - Загружено 10 магазинов со страницы 3
2025-10-30 21:20:44,894 - DEBUG - [получить_магазины_в_районе] - Запрос страницы 4 для района Левобережный
2025-10-30 21:20:44,896 - DEBUG - [_new_conn] - Starting new HTTPS connection (1): catalog.api.2gis.com:443
2025-10-30 21:20:45,288 - DEBUG - [_make_request] - https://catalog.api.2gis.com:443 "GET /3.0/items?key=18ee47f5-2184-45df-ac89-779be9385d71&q=%D0%BC%D0%B0%D0%B3%D0%B0%D0%B7%D0%B8%D0%BD&district_id=4504209512726554&type=branch&page=4&page_size=10&fields=items.point%2Citems.name%2Citems.address_name%2Citems.reviews HTTP/1.1" 200 None
2025-10-30 21:20:45,289 - DEBUG - [получить_магазины_в_районе] - Статус ответа: 200
2025-10-30 21:20:45,290 - INFO - [получить_магазины_в_районе] - Загружено 10 магазинов со страницы 4
2025-10-30 21:20:45,791 - DEBUG - [получить_магазины_в_районе] - Запрос страницы 5 для района Левобережный
2025-10-30 21:20:45,792 - DEBUG - [_new_conn] - Starting new HTTPS connection (1): catalog.api.2gis.com:443
2025-10-30 21:20:46,215 - DEBUG - [_make_request] - https://catalog.api.2gis.com:443 "GET /3.0/items?key=18ee47f5-2184-45df-ac89-779be9385d71&q=%D0%BC%D0%B0%D0%B3%D0%B0%D0%B7%D0%B8%D0%BD&district_id=4504209512726554&type=branch&page=5&page_size=10&fields=items.point%2Citems.name%2Citems.address_name%2Citems.reviews HTTP/1.1" 200 None
2025-10-30 21:20:46,216 - DEBUG - [получить_магазины_в_районе] - Статус ответа: 200
2025-10-30 21:20:46,216 - INFO - [получить_магазины_в_районе] - Загружено 10 магазинов со страницы 5
2025-10-30 21:20:46,217 - INFO - [получить_магазины_в_районе] - Завершение сбора для района Левобережный. Найдено магазинов: 50
2025-10-30 21:20:46,219 - INFO - [<cell line: 0>] - Район 'Левобережный' завершен. Магазинов: 50
2025-10-30 21:20:47,220 - INFO - [<cell line: 0>] - [52/132] Обработка района: Лефортово
2025-10-30 21:20:47,221 - INFO - [получить_магазины_в_районе] - Начало сбора магазинов для района: Лефортово (ID: 4504209512726590)
2025-10-30 21:20:47,222 - DEBUG - [получить_магазины_в_районе] - Запрос страницы 1 для района Лефортово
2025-10-30 21:20:47,225 - DEBUG - [_new_conn] - Starting new HTTPS connection (1): catalog.api.2gis.com:443
2025-10-30 21:20:47,653 - DEBUG - [_make_request] - https://catalog.api.2gis.com:443 "GET /3.0/items?key=18ee47f5-2184-45df-ac89-779be9385d71&q=%D0%BC%D0%B0%D0%B3%D0%B0%D0%B7%D0%B8%D0%BD&district_id=4504209512726590&type=branch&page=1&page_size=10&fields=items.point%2Citems.name%2Citems.address_name%2Citems.reviews HTTP/1.1" 200 None
2025-10-30 21:20:47,654 - DEBUG - [получить_магазины_в_районе] - Статус ответа: 200
2025-10-30 21:20:47,654 - INFO - [получить_магазины_в_районе] - Загружено 10 магазинов со страницы 1
2025-10-30 21:20:48,155 - DEBUG - [получить_магазины_в_районе] - Запрос страницы 2 для района Лефортово
2025-10-30 21:20:48,156 - DEBUG - [_new_conn] - Starting new HTTPS connection (1): catalog.api.2gis.com:443
2025-10-30 21:20:48,597 - DEBUG - [_make_request] - https://catalog.api.2gis.com:443 "GET /3.0/items?key=18ee47f5-2184-45df-ac89-779be9385d71&q=%D0%BC%D0%B0%D0%B3%D0%B0%D0%B7%D0%B8%D0%BD&district_id=4504209512726590&type=branch&page=2&page_size=10&fields=items.point%2Citems.name%2Citems.address_name%2Citems.reviews HTTP/1.1" 200 None
2025-10-30 21:20:48,598 - DEBUG - [получить_магазины_в_районе] - Статус ответа: 200
2025-10-30 21:20:48,598 - INFO - [получить_магазины_в_районе] - Загружено 10 магазинов со страницы 2
2025-10-30 21:20:49,099 - DEBUG - [получить_магазины_в_районе] - Запрос страницы 3 для района Лефортово
2025-10-30 21:20:49,101 - DEBUG - [_new_conn] - Starting new HTTPS connection (1): catalog.api.2gis.com:443
2025-10-30 21:20:49,533 - DEBUG - [_make_request] - https://catalog.api.2gis.com:443 "GET /3.0/items?key=18ee47f5-2184-45df-ac89-779be9385d71&q=%D0%BC%D0%B0%D0%B3%D0%B0%D0%B7%D0%B8%D0%BD&district_id=4504209512726590&type=branch&page=3&page_size=10&fields=items.point%2Citems.name%2Citems.address_name%2Citems.reviews HTTP/1.1" 200 None
2025-10-30 21:20:49,534 - DEBUG - [получить_магазины_в_районе] - Статус ответа: 200
2025-10-30 21:20:49,534 - INFO - [получить_магазины_в_районе] - Загружено 10 магазинов со страницы 3
2025-10-30 21:20:50,036 - DEBUG - [получить_магазины_в_районе] - Запрос страницы 4 для района Лефортово
2025-10-30 21:20:50,037 - DEBUG - [_new_conn] - Starting new HTTPS connection (1): catalog.api.2gis.com:443
2025-10-30 21:20:50,454 - DEBUG - [_make_request] - https://catalog.api.2gis.com:443 "GET /3.0/items?key=18ee47f5-2184-45df-ac89-779be9385d71&q=%D0%BC%D0%B0%D0%B3%D0%B0%D0%B7%D0%B8%D0%BD&district_id=4504209512726590&type=branch&page=4&page_size=10&fields=items.point%2Citems.name%2Citems.address_name%2Citems.reviews HTTP/1.1" 200 None
2025-10-30 21:20:50,455 - DEBUG - [получить_магазины_в_районе] - Статус ответа: 200
2025-10-30 21:20:50,455 - INFO - [получить_магазины_в_районе] - Загружено 10 магазинов со страницы 4
2025-10-30 21:20:50,956 - DEBUG - [получить_магазины_в_районе] - Запрос страницы 5 для района Лефортово
2025-10-30 21:20:50,957 - DEBUG - [_new_conn] - Starting new HTTPS connection (1): catalog.api.2gis.com:443
2025-10-30 21:20:51,358 - DEBUG - [_make_request] - https://catalog.api.2gis.com:443 "GET /3.0/items?key=18ee47f5-2184-45df-ac89-779be9385d71&q=%D0%BC%D0%B0%D0%B3%D0%B0%D0%B7%D0%B8%D0%BD&district_id=4504209512726590&type=branch&page=5&page_size=10&fields=items.point%2Citems.name%2Citems.address_name%2Citems.reviews HTTP/1.1" 200 None
2025-10-30 21:20:51,359 - DEBUG - [получить_магазины_в_районе] - Статус ответа: 200
2025-10-30 21:20:51,359 - INFO - [получить_магазины_в_районе] - Загружено 10 магазинов со страницы 5
2025-10-30 21:20:51,360 - INFO - [получить_магазины_в_районе] - Завершение сбора для района Лефортово. Найдено магазинов: 50
2025-10-30 21:20:51,363 - INFO - [<cell line: 0>] - Район 'Лефортово' завершен. Магазинов: 50
2025-10-30 21:20:52,364 - INFO - [<cell line: 0>] - [53/132] Обработка района: Лианозово
2025-10-30 21:20:52,365 - INFO - [получить_магазины_в_районе] - Начало сбора магазинов для района: Лианозово (ID: 4504209512726559)
2025-10-30 21:20:52,366 - DEBUG - [получить_магазины_в_районе] - Запрос страницы 1 для района Лианозово
2025-10-30 21:20:52,369 - DEBUG - [_new_conn] - Starting new HTTPS connection (1): catalog.api.2gis.com:443
2025-10-30 21:20:52,769 - DEBUG - [_make_request] - https://catalog.api.2gis.com:443 "GET /3.0/items?key=18ee47f5-2184-45df-ac89-779be9385d71&q=%D0%BC%D0%B0%D0%B3%D0%B0%D0%B7%D0%B8%D0%BD&district_id=4504209512726559&type=branch&page=1&page_size=10&fields=items.point%2Citems.name%2Citems.address_name%2Citems.reviews HTTP/1.1" 200 None
2025-10-30 21:20:52,769 - DEBUG - [получить_магазины_в_районе] - Статус ответа: 200
2025-10-30 21:20:52,770 - INFO - [получить_магазины_в_районе] - Загружено 10 магазинов со страницы 1
2025-10-30 21:20:53,271 - DEBUG - [получить_магазины_в_районе] - Запрос страницы 2 для района Лианозово
2025-10-30 21:20:53,272 - DEBUG - [_new_conn] - Starting new HTTPS connection (1): catalog.api.2gis.com:443
2025-10-30 21:20:53,705 - DEBUG - [_make_request] - https://catalog.api.2gis.com:443 "GET /3.0/items?key=18ee47f5-2184-45df-ac89-779be9385d71&q=%D0%BC%D0%B0%D0%B3%D0%B0%D0%B7%D0%B8%D0%BD&district_id=4504209512726559&type=branch&page=2&page_size=10&fields=items.point%2Citems.name%2Citems.address_name%2Citems.reviews HTTP/1.1" 200 None
2025-10-30 21:20:53,706 - DEBUG - [получить_магазины_в_районе] - Статус ответа: 200
2025-10-30 21:20:53,706 - INFO - [получить_магазины_в_районе] - Загружено 10 магазинов со страницы 2
2025-10-30 21:20:54,207 - DEBUG - [получить_магазины_в_районе] - Запрос страницы 3 для района Лианозово
2025-10-30 21:20:54,208 - DEBUG - [_new_conn] - Starting new HTTPS connection (1): catalog.api.2gis.com:443
2025-10-30 21:20:54,605 - DEBUG - [_make_request] - https://catalog.api.2gis.com:443 "GET /3.0/items?key=18ee47f5-2184-45df-ac89-779be9385d71&q=%D0%BC%D0%B0%D0%B3%D0%B0%D0%B7%D0%B8%D0%BD&district_id=4504209512726559&type=branch&page=3&page_size=10&fields=items.point%2Citems.name%2Citems.address_name%2Citems.reviews HTTP/1.1" 200 None
2025-10-30 21:20:54,606 - DEBUG - [получить_магазины_в_районе] - Статус ответа: 200
2025-10-30 21:20:54,606 - INFO - [получить_магазины_в_районе] - Загружено 10 магазинов со страницы 3
2025-10-30 21:20:55,107 - DEBUG - [получить_магазины_в_районе] - Запрос страницы 4 для района Лианозово
2025-10-30 21:20:55,108 - DEBUG - [_new_conn] - Starting new HTTPS connection (1): catalog.api.2gis.com:443
2025-10-30 21:20:55,662 - DEBUG - [_make_request] - https://catalog.api.2gis.com:443 "GET /3.0/items?key=18ee47f5-2184-45df-ac89-779be9385d71&q=%D0%BC%D0%B0%D0%B3%D0%B0%D0%B7%D0%B8%D0%BD&district_id=4504209512726559&type=branch&page=4&page_size=10&fields=items.point%2Citems.name%2Citems.address_name%2Citems.reviews HTTP/1.1" 200 None
2025-10-30 21:20:55,663 - DEBUG - [получить_магазины_в_районе] - Статус ответа: 200
2025-10-30 21:20:55,663 - INFO - [получить_магазины_в_районе] - Загружено 10 магазинов со страницы 4
2025-10-30 21:20:56,164 - DEBUG - [получить_магазины_в_районе] - Запрос страницы 5 для района Лианозово
2025-10-30 21:20:56,165 - DEBUG - [_new_conn] - Starting new HTTPS connection (1): catalog.api.2gis.com:443
2025-10-30 21:20:56,678 - DEBUG - [_make_request] - https://catalog.api.2gis.com:443 "GET /3.0/items?key=18ee47f5-2184-45df-ac89-779be9385d71&q=%D0%BC%D0%B0%D0%B3%D0%B0%D0%B7%D0%B8%D0%BD&district_id=4504209512726559&type=branch&page=5&page_size=10&fields=items.point%2Citems.name%2Citems.address_name%2Citems.reviews HTTP/1.1" 200 None
2025-10-30 21:20:56,679 - DEBUG - [получить_магазины_в_районе] - Статус ответа: 200
2025-10-30 21:20:56,679 - INFO - [получить_магазины_в_районе] - Загружено 10 магазинов со страницы 5
2025-10-30 21:20:56,680 - INFO - [получить_магазины_в_районе] - Завершение сбора для района Лианозово. Найдено магазинов: 50
2025-10-30 21:20:56,682 - INFO - [<cell line: 0>] - Район 'Лианозово' завершен. Магазинов: 50
2025-10-30 21:20:57,683 - INFO - [<cell line: 0>] - [54/132] Обработка района: Ломоносовский
2025-10-30 21:20:57,684 - INFO - [получить_магазины_в_районе] - Начало сбора магазинов для района: Ломоносовский (ID: 4504209512726623)
2025-10-30 21:20:57,685 - DEBUG - [получить_магазины_в_районе] - Запрос страницы 1 для района Ломоносовский
2025-10-30 21:20:57,687 - DEBUG - [_new_conn] - Starting new HTTPS connection (1): catalog.api.2gis.com:443
2025-10-30 21:20:58,115 - DEBUG - [_make_request] - https://catalog.api.2gis.com:443 "GET /3.0/items?key=18ee47f5-2184-45df-ac89-779be9385d71&q=%D0%BC%D0%B0%D0%B3%D0%B0%D0%B7%D0%B8%D0%BD&district_id=4504209512726623&type=branch&page=1&page_size=10&fields=items.point%2Citems.name%2Citems.address_name%2Citems.reviews HTTP/1.1" 200 None
2025-10-30 21:20:58,115 - DEBUG - [получить_магазины_в_районе] - Статус ответа: 200
2025-10-30 21:20:58,116 - INFO - [получить_магазины_в_районе] - Загружено 10 магазинов со страницы 1
2025-10-30 21:20:58,617 - DEBUG - [получить_магазины_в_районе] - Запрос страницы 2 для района Ломоносовский
2025-10-30 21:20:58,618 - DEBUG - [_new_conn] - Starting new HTTPS connection (1): catalog.api.2gis.com:443
2025-10-30 21:20:59,036 - DEBUG - [_make_request] - https://catalog.api.2gis.com:443 "GET /3.0/items?key=18ee47f5-2184-45df-ac89-779be9385d71&q=%D0%BC%D0%B0%D0%B3%D0%B0%D0%B7%D0%B8%D0%BD&district_id=4504209512726623&type=branch&page=2&page_size=10&fields=items.point%2Citems.name%2Citems.address_name%2Citems.reviews HTTP/1.1" 200 None
2025-10-30 21:20:59,037 - DEBUG - [получить_магазины_в_районе] - Статус ответа: 200
2025-10-30 21:20:59,038 - INFO - [получить_магазины_в_районе] - Загружено 10 магазинов со страницы 2
2025-10-30 21:20:59,538 - DEBUG - [получить_магазины_в_районе] - Запрос страницы 3 для района Ломоносовский
2025-10-30 21:20:59,540 - DEBUG - [_new_conn] - Starting new HTTPS connection (1): catalog.api.2gis.com:443
2025-10-30 21:20:59,949 - DEBUG - [_make_request] - https://catalog.api.2gis.com:443 "GET /3.0/items?key=18ee47f5-2184-45df-ac89-779be9385d71&q=%D0%BC%D0%B0%D0%B3%D0%B0%D0%B7%D0%B8%D0%BD&district_id=4504209512726623&type=branch&page=3&page_size=10&fields=items.point%2Citems.name%2Citems.address_name%2Citems.reviews HTTP/1.1" 200 None
2025-10-30 21:20:59,950 - DEBUG - [получить_магазины_в_районе] - Статус ответа: 200
2025-10-30 21:20:59,951 - INFO - [получить_магазины_в_районе] - Загружено 10 магазинов со страницы 3
2025-10-30 21:21:00,452 - DEBUG - [получить_магазины_в_районе] - Запрос страницы 4 для района Ломоносовский
2025-10-30 21:21:00,453 - DEBUG - [_new_conn] - Starting new HTTPS connection (1): catalog.api.2gis.com:443
2025-10-30 21:21:00,866 - DEBUG - [_make_request] - https://catalog.api.2gis.com:443 "GET /3.0/items?key=18ee47f5-2184-45df-ac89-779be9385d71&q=%D0%BC%D0%B0%D0%B3%D0%B0%D0%B7%D0%B8%D0%BD&district_id=4504209512726623&type=branch&page=4&page_size=10&fields=items.point%2Citems.name%2Citems.address_name%2Citems.reviews HTTP/1.1" 200 None
2025-10-30 21:21:00,867 - DEBUG - [получить_магазины_в_районе] - Статус ответа: 200
2025-10-30 21:21:00,868 - INFO - [получить_магазины_в_районе] - Загружено 10 магазинов со страницы 4
2025-10-30 21:21:01,369 - DEBUG - [получить_магазины_в_районе] - Запрос страницы 5 для района Ломоносовский
2025-10-30 21:21:01,370 - DEBUG - [_new_conn] - Starting new HTTPS connection (1): catalog.api.2gis.com:443
2025-10-30 21:21:01,894 - DEBUG - [_make_request] - https://catalog.api.2gis.com:443 "GET /3.0/items?key=18ee47f5-2184-45df-ac89-779be9385d71&q=%D0%BC%D0%B0%D0%B3%D0%B0%D0%B7%D0%B8%D0%BD&district_id=4504209512726623&type=branch&page=5&page_size=10&fields=items.point%2Citems.name%2Citems.address_name%2Citems.reviews HTTP/1.1" 200 None
2025-10-30 21:21:01,896 - DEBUG - [получить_магазины_в_районе] - Статус ответа: 200
2025-10-30 21:21:01,896 - INFO - [получить_магазины_в_районе] - Загружено 10 магазинов со страницы 5
2025-10-30 21:21:01,899 - INFO - [получить_магазины_в_районе] - Завершение сбора для района Ломоносовский. Найдено магазинов: 50
2025-10-30 21:21:01,900 - INFO - [<cell line: 0>] - Район 'Ломоносовский' завершен. Магазинов: 50
2025-10-30 21:21:02,901 - INFO - [<cell line: 0>] - [55/132] Обработка района: Лосиноостровский
2025-10-30 21:21:02,902 - INFO - [получить_магазины_в_районе] - Начало сбора магазинов для района: Лосиноостровский (ID: 4504209512726560)
2025-10-30 21:21:02,903 - DEBUG - [получить_магазины_в_районе] - Запрос страницы 1 для района Лосиноостровский
2025-10-30 21:21:02,907 - DEBUG - [_new_conn] - Starting new HTTPS connection (1): catalog.api.2gis.com:443
2025-10-30 21:21:03,316 - DEBUG - [_make_request] - https://catalog.api.2gis.com:443 "GET /3.0/items?key=18ee47f5-2184-45df-ac89-779be9385d71&q=%D0%BC%D0%B0%D0%B3%D0%B0%D0%B7%D0%B8%D0%BD&district_id=4504209512726560&type=branch&page=1&page_size=10&fields=items.point%2Citems.name%2Citems.address_name%2Citems.reviews HTTP/1.1" 200 None
2025-10-30 21:21:03,317 - DEBUG - [получить_магазины_в_районе] - Статус ответа: 200
2025-10-30 21:21:03,317 - INFO - [получить_магазины_в_районе] - Загружено 10 магазинов со страницы 1
2025-10-30 21:21:03,818 - DEBUG - [получить_магазины_в_районе] - Запрос страницы 2 для района Лосиноостровский
2025-10-30 21:21:03,819 - DEBUG - [_new_conn] - Starting new HTTPS connection (1): catalog.api.2gis.com:443
2025-10-30 21:21:04,236 - DEBUG - [_make_request] - https://catalog.api.2gis.com:443 "GET /3.0/items?key=18ee47f5-2184-45df-ac89-779be9385d71&q=%D0%BC%D0%B0%D0%B3%D0%B0%D0%B7%D0%B8%D0%BD&district_id=4504209512726560&type=branch&page=2&page_size=10&fields=items.point%2Citems.name%2Citems.address_name%2Citems.reviews HTTP/1.1" 200 None
2025-10-30 21:21:04,237 - DEBUG - [получить_магазины_в_районе] - Статус ответа: 200
2025-10-30 21:21:04,238 - INFO - [получить_магазины_в_районе] - Загружено 10 магазинов со страницы 2
2025-10-30 21:21:04,740 - DEBUG - [получить_магазины_в_районе] - Запрос страницы 3 для района Лосиноостровский
2025-10-30 21:21:04,741 - DEBUG - [_new_conn] - Starting new HTTPS connection (1): catalog.api.2gis.com:443
2025-10-30 21:21:05,156 - DEBUG - [_make_request] - https://catalog.api.2gis.com:443 "GET /3.0/items?key=18ee47f5-2184-45df-ac89-779be9385d71&q=%D0%BC%D0%B0%D0%B3%D0%B0%D0%B7%D0%B8%D0%BD&district_id=4504209512726560&type=branch&page=3&page_size=10&fields=items.point%2Citems.name%2Citems.address_name%2Citems.reviews HTTP/1.1" 200 None
2025-10-30 21:21:05,157 - DEBUG - [получить_магазины_в_районе] - Статус ответа: 200
2025-10-30 21:21:05,157 - INFO - [получить_магазины_в_районе] - Загружено 10 магазинов со страницы 3
2025-10-30 21:21:05,658 - DEBUG - [получить_магазины_в_районе] - Запрос страницы 4 для района Лосиноостровский
2025-10-30 21:21:05,660 - DEBUG - [_new_conn] - Starting new HTTPS connection (1): catalog.api.2gis.com:443
2025-10-30 21:21:06,052 - DEBUG - [_make_request] - https://catalog.api.2gis.com:443 "GET /3.0/items?key=18ee47f5-2184-45df-ac89-779be9385d71&q=%D0%BC%D0%B0%D0%B3%D0%B0%D0%B7%D0%B8%D0%BD&district_id=4504209512726560&type=branch&page=4&page_size=10&fields=items.point%2Citems.name%2Citems.address_name%2Citems.reviews HTTP/1.1" 200 None
2025-10-30 21:21:06,053 - DEBUG - [получить_магазины_в_районе] - Статус ответа: 200
2025-10-30 21:21:06,053 - INFO - [получить_магазины_в_районе] - Загружено 10 магазинов со страницы 4
2025-10-30 21:21:06,554 - DEBUG - [получить_магазины_в_районе] - Запрос страницы 5 для района Лосиноостровский
2025-10-30 21:21:06,555 - DEBUG - [_new_conn] - Starting new HTTPS connection (1): catalog.api.2gis.com:443
2025-10-30 21:21:06,965 - DEBUG - [_make_request] - https://catalog.api.2gis.com:443 "GET /3.0/items?key=18ee47f5-2184-45df-ac89-779be9385d71&q=%D0%BC%D0%B0%D0%B3%D0%B0%D0%B7%D0%B8%D0%BD&district_id=4504209512726560&type=branch&page=5&page_size=10&fields=items.point%2Citems.name%2Citems.address_name%2Citems.reviews HTTP/1.1" 200 None
2025-10-30 21:21:06,966 - DEBUG - [получить_магазины_в_районе] - Статус ответа: 200
2025-10-30 21:21:06,966 - INFO - [получить_магазины_в_районе] - Загружено 10 магазинов со страницы 5
2025-10-30 21:21:06,967 - INFO - [получить_магазины_в_районе] - Завершение сбора для района Лосиноостровский. Найдено магазинов: 50
2025-10-30 21:21:06,968 - INFO - [<cell line: 0>] - Район 'Лосиноостровский' завершен. Магазинов: 50
2025-10-30 21:21:07,970 - INFO - [<cell line: 0>] - [56/132] Обработка района: Люблино
2025-10-30 21:21:07,971 - INFO - [получить_магазины_в_районе] - Начало сбора магазинов для района: Люблино (ID: 70030077079195278)
2025-10-30 21:21:07,972 - DEBUG - [получить_магазины_в_районе] - Запрос страницы 1 для района Люблино
2025-10-30 21:21:07,974 - DEBUG - [_new_conn] - Starting new HTTPS connection (1): catalog.api.2gis.com:443
2025-10-30 21:21:08,422 - DEBUG - [_make_request] - https://catalog.api.2gis.com:443 "GET /3.0/items?key=18ee47f5-2184-45df-ac89-779be9385d71&q=%D0%BC%D0%B0%D0%B3%D0%B0%D0%B7%D0%B8%D0%BD&district_id=70030077079195278&type=branch&page=1&page_size=10&fields=items.point%2Citems.name%2Citems.address_name%2Citems.reviews HTTP/1.1" 200 None
2025-10-30 21:21:08,423 - DEBUG - [получить_магазины_в_районе] - Статус ответа: 200
2025-10-30 21:21:08,423 - INFO - [получить_магазины_в_районе] - Загружено 10 магазинов со страницы 1
2025-10-30 21:21:08,924 - DEBUG - [получить_магазины_в_районе] - Запрос страницы 2 для района Люблино
2025-10-30 21:21:08,925 - DEBUG - [_new_conn] - Starting new HTTPS connection (1): catalog.api.2gis.com:443
2025-10-30 21:21:09,353 - DEBUG - [_make_request] - https://catalog.api.2gis.com:443 "GET /3.0/items?key=18ee47f5-2184-45df-ac89-779be9385d71&q=%D0%BC%D0%B0%D0%B3%D0%B0%D0%B7%D0%B8%D0%BD&district_id=70030077079195278&type=branch&page=2&page_size=10&fields=items.point%2Citems.name%2Citems.address_name%2Citems.reviews HTTP/1.1" 200 None
2025-10-30 21:21:09,354 - DEBUG - [получить_магазины_в_районе] - Статус ответа: 200
2025-10-30 21:21:09,354 - INFO - [получить_магазины_в_районе] - Загружено 10 магазинов со страницы 2
2025-10-30 21:21:09,855 - DEBUG - [получить_магазины_в_районе] - Запрос страницы 3 для района Люблино
2025-10-30 21:21:09,856 - DEBUG - [_new_conn] - Starting new HTTPS connection (1): catalog.api.2gis.com:443
2025-10-30 21:21:10,391 - DEBUG - [_make_request] - https://catalog.api.2gis.com:443 "GET /3.0/items?key=18ee47f5-2184-45df-ac89-779be9385d71&q=%D0%BC%D0%B0%D0%B3%D0%B0%D0%B7%D0%B8%D0%BD&district_id=70030077079195278&type=branch&page=3&page_size=10&fields=items.point%2Citems.name%2Citems.address_name%2Citems.reviews HTTP/1.1" 200 None
2025-10-30 21:21:10,392 - DEBUG - [получить_магазины_в_районе] - Статус ответа: 200
2025-10-30 21:21:10,392 - INFO - [получить_магазины_в_районе] - Загружено 10 магазинов со страницы 3
2025-10-30 21:21:10,893 - DEBUG - [получить_магазины_в_районе] - Запрос страницы 4 для района Люблино
2025-10-30 21:21:10,894 - DEBUG - [_new_conn] - Starting new HTTPS connection (1): catalog.api.2gis.com:443
2025-10-30 21:21:11,356 - DEBUG - [_make_request] - https://catalog.api.2gis.com:443 "GET /3.0/items?key=18ee47f5-2184-45df-ac89-779be9385d71&q=%D0%BC%D0%B0%D0%B3%D0%B0%D0%B7%D0%B8%D0%BD&district_id=70030077079195278&type=branch&page=4&page_size=10&fields=items.point%2Citems.name%2Citems.address_name%2Citems.reviews HTTP/1.1" 200 None
2025-10-30 21:21:11,357 - DEBUG - [получить_магазины_в_районе] - Статус ответа: 200
2025-10-30 21:21:11,357 - INFO - [получить_магазины_в_районе] - Загружено 10 магазинов со страницы 4
2025-10-30 21:21:11,858 - DEBUG - [получить_магазины_в_районе] - Запрос страницы 5 для района Люблино
2025-10-30 21:21:11,859 - DEBUG - [_new_conn] - Starting new HTTPS connection (1): catalog.api.2gis.com:443
2025-10-30 21:21:12,281 - DEBUG - [_make_request] - https://catalog.api.2gis.com:443 "GET /3.0/items?key=18ee47f5-2184-45df-ac89-779be9385d71&q=%D0%BC%D0%B0%D0%B3%D0%B0%D0%B7%D0%B8%D0%BD&district_id=70030077079195278&type=branch&page=5&page_size=10&fields=items.point%2Citems.name%2Citems.address_name%2Citems.reviews HTTP/1.1" 200 None
2025-10-30 21:21:12,282 - DEBUG - [получить_магазины_в_районе] - Статус ответа: 200
2025-10-30 21:21:12,283 - INFO - [получить_магазины_в_районе] - Загружено 10 магазинов со страницы 5
2025-10-30 21:21:12,284 - INFO - [получить_магазины_в_районе] - Завершение сбора для района Люблино. Найдено магазинов: 50
2025-10-30 21:21:12,285 - INFO - [<cell line: 0>] - Район 'Люблино' завершен. Магазинов: 50
2025-10-30 21:21:13,288 - INFO - [<cell line: 0>] - [57/132] Обработка района: Марфино
2025-10-30 21:21:13,290 - INFO - [получить_магазины_в_районе] - Начало сбора магазинов для района: Марфино (ID: 4504209512726570)
2025-10-30 21:21:13,291 - DEBUG - [получить_магазины_в_районе] - Запрос страницы 1 для района Марфино
2025-10-30 21:21:13,295 - DEBUG - [_new_conn] - Starting new HTTPS connection (1): catalog.api.2gis.com:443
2025-10-30 21:21:13,714 - DEBUG - [_make_request] - https://catalog.api.2gis.com:443 "GET /3.0/items?key=18ee47f5-2184-45df-ac89-779be9385d71&q=%D0%BC%D0%B0%D0%B3%D0%B0%D0%B7%D0%B8%D0%BD&district_id=4504209512726570&type=branch&page=1&page_size=10&fields=items.point%2Citems.name%2Citems.address_name%2Citems.reviews HTTP/1.1" 200 None
2025-10-30 21:21:13,715 - DEBUG - [получить_магазины_в_районе] - Статус ответа: 200
2025-10-30 21:21:13,716 - INFO - [получить_магазины_в_районе] - Загружено 10 магазинов со страницы 1
2025-10-30 21:21:14,217 - DEBUG - [получить_магазины_в_районе] - Запрос страницы 2 для района Марфино
2025-10-30 21:21:14,218 - DEBUG - [_new_conn] - Starting new HTTPS connection (1): catalog.api.2gis.com:443
2025-10-30 21:21:14,623 - DEBUG - [_make_request] - https://catalog.api.2gis.com:443 "GET /3.0/items?key=18ee47f5-2184-45df-ac89-779be9385d71&q=%D0%BC%D0%B0%D0%B3%D0%B0%D0%B7%D0%B8%D0%BD&district_id=4504209512726570&type=branch&page=2&page_size=10&fields=items.point%2Citems.name%2Citems.address_name%2Citems.reviews HTTP/1.1" 200 None
2025-10-30 21:21:14,624 - DEBUG - [получить_магазины_в_районе] - Статус ответа: 200
2025-10-30 21:21:14,624 - INFO - [получить_магазины_в_районе] - Загружено 10 магазинов со страницы 2
2025-10-30 21:21:15,125 - DEBUG - [получить_магазины_в_районе] - Запрос страницы 3 для района Марфино
2025-10-30 21:21:15,126 - DEBUG - [_new_conn] - Starting new HTTPS connection (1): catalog.api.2gis.com:443
2025-10-30 21:21:15,547 - DEBUG - [_make_request] - https://catalog.api.2gis.com:443 "GET /3.0/items?key=18ee47f5-2184-45df-ac89-779be9385d71&q=%D0%BC%D0%B0%D0%B3%D0%B0%D0%B7%D0%B8%D0%BD&district_id=4504209512726570&type=branch&page=3&page_size=10&fields=items.point%2Citems.name%2Citems.address_name%2Citems.reviews HTTP/1.1" 200 None
2025-10-30 21:21:15,548 - DEBUG - [получить_магазины_в_районе] - Статус ответа: 200
2025-10-30 21:21:15,549 - INFO - [получить_магазины_в_районе] - Загружено 10 магазинов со страницы 3
2025-10-30 21:21:16,050 - DEBUG - [получить_магазины_в_районе] - Запрос страницы 4 для района Марфино
2025-10-30 21:21:16,051 - DEBUG - [_new_conn] - Starting new HTTPS connection (1): catalog.api.2gis.com:443
2025-10-30 21:21:16,453 - DEBUG - [_make_request] - https://catalog.api.2gis.com:443 "GET /3.0/items?key=18ee47f5-2184-45df-ac89-779be9385d71&q=%D0%BC%D0%B0%D0%B3%D0%B0%D0%B7%D0%B8%D0%BD&district_id=4504209512726570&type=branch&page=4&page_size=10&fields=items.point%2Citems.name%2Citems.address_name%2Citems.reviews HTTP/1.1" 200 None
2025-10-30 21:21:16,454 - DEBUG - [получить_магазины_в_районе] - Статус ответа: 200
2025-10-30 21:21:16,454 - INFO - [получить_магазины_в_районе] - Загружено 10 магазинов со страницы 4
2025-10-30 21:21:16,955 - DEBUG - [получить_магазины_в_районе] - Запрос страницы 5 для района Марфино
2025-10-30 21:21:16,956 - DEBUG - [_new_conn] - Starting new HTTPS connection (1): catalog.api.2gis.com:443
2025-10-30 21:21:17,357 - DEBUG - [_make_request] - https://catalog.api.2gis.com:443 "GET /3.0/items?key=18ee47f5-2184-45df-ac89-779be9385d71&q=%D0%BC%D0%B0%D0%B3%D0%B0%D0%B7%D0%B8%D0%BD&district_id=4504209512726570&type=branch&page=5&page_size=10&fields=items.point%2Citems.name%2Citems.address_name%2Citems.reviews HTTP/1.1" 200 133
2025-10-30 21:21:17,358 - DEBUG - [получить_магазины_в_районе] - Статус ответа: 200
2025-10-30 21:21:17,358 - WARNING - [получить_магазины_в_районе] - На странице 5 нет данных в ожидаемом формате
2025-10-30 21:21:17,359 - INFO - [получить_магазины_в_районе] - Завершение сбора для района Марфино. Найдено магазинов: 40
2025-10-30 21:21:17,360 - INFO - [<cell line: 0>] - Район 'Марфино' завершен. Магазинов: 40
2025-10-30 21:21:18,363 - INFO - [<cell line: 0>] - [58/132] Обработка района: Марьина Роща
2025-10-30 21:21:18,364 - INFO - [получить_магазины_в_районе] - Начало сбора магазинов для района: Марьина Роща (ID: 4504209512726571)
2025-10-30 21:21:18,365 - DEBUG - [получить_магазины_в_районе] - Запрос страницы 1 для района Марьина Роща
2025-10-30 21:21:18,368 - DEBUG - [_new_conn] - Starting new HTTPS connection (1): catalog.api.2gis.com:443
2025-10-30 21:21:18,814 - DEBUG - [_make_request] - https://catalog.api.2gis.com:443 "GET /3.0/items?key=18ee47f5-2184-45df-ac89-779be9385d71&q=%D0%BC%D0%B0%D0%B3%D0%B0%D0%B7%D0%B8%D0%BD&district_id=4504209512726571&type=branch&page=1&page_size=10&fields=items.point%2Citems.name%2Citems.address_name%2Citems.reviews HTTP/1.1" 200 None
2025-10-30 21:21:18,815 - DEBUG - [получить_магазины_в_районе] - Статус ответа: 200
2025-10-30 21:21:18,815 - INFO - [получить_магазины_в_районе] - Загружено 10 магазинов со страницы 1
2025-10-30 21:21:19,316 - DEBUG - [получить_магазины_в_районе] - Запрос страницы 2 для района Марьина Роща
2025-10-30 21:21:19,317 - DEBUG - [_new_conn] - Starting new HTTPS connection (1): catalog.api.2gis.com:443
2025-10-30 21:21:19,722 - DEBUG - [_make_request] - https://catalog.api.2gis.com:443 "GET /3.0/items?key=18ee47f5-2184-45df-ac89-779be9385d71&q=%D0%BC%D0%B0%D0%B3%D0%B0%D0%B7%D0%B8%D0%BD&district_id=4504209512726571&type=branch&page=2&page_size=10&fields=items.point%2Citems.name%2Citems.address_name%2Citems.reviews HTTP/1.1" 200 None
2025-10-30 21:21:19,723 - DEBUG - [получить_магазины_в_районе] - Статус ответа: 200
2025-10-30 21:21:19,723 - INFO - [получить_магазины_в_районе] - Загружено 10 магазинов со страницы 2
2025-10-30 21:21:20,224 - DEBUG - [получить_магазины_в_районе] - Запрос страницы 3 для района Марьина Роща
2025-10-30 21:21:20,225 - DEBUG - [_new_conn] - Starting new HTTPS connection (1): catalog.api.2gis.com:443
2025-10-30 21:21:20,641 - DEBUG - [_make_request] - https://catalog.api.2gis.com:443 "GET /3.0/items?key=18ee47f5-2184-45df-ac89-779be9385d71&q=%D0%BC%D0%B0%D0%B3%D0%B0%D0%B7%D0%B8%D0%BD&district_id=4504209512726571&type=branch&page=3&page_size=10&fields=items.point%2Citems.name%2Citems.address_name%2Citems.reviews HTTP/1.1" 200 None
2025-10-30 21:21:20,642 - DEBUG - [получить_магазины_в_районе] - Статус ответа: 200
2025-10-30 21:21:20,643 - INFO - [получить_магазины_в_районе] - Загружено 10 магазинов со страницы 3
2025-10-30 21:21:21,144 - DEBUG - [получить_магазины_в_районе] - Запрос страницы 4 для района Марьина Роща
2025-10-30 21:21:21,145 - DEBUG - [_new_conn] - Starting new HTTPS connection (1): catalog.api.2gis.com:443
2025-10-30 21:21:21,586 - DEBUG - [_make_request] - https://catalog.api.2gis.com:443 "GET /3.0/items?key=18ee47f5-2184-45df-ac89-779be9385d71&q=%D0%BC%D0%B0%D0%B3%D0%B0%D0%B7%D0%B8%D0%BD&district_id=4504209512726571&type=branch&page=4&page_size=10&fields=items.point%2Citems.name%2Citems.address_name%2Citems.reviews HTTP/1.1" 200 None
2025-10-30 21:21:21,587 - DEBUG - [получить_магазины_в_районе] - Статус ответа: 200
2025-10-30 21:21:21,587 - INFO - [получить_магазины_в_районе] - Загружено 10 магазинов со страницы 4
2025-10-30 21:21:22,088 - DEBUG - [получить_магазины_в_районе] - Запрос страницы 5 для района Марьина Роща
2025-10-30 21:21:22,090 - DEBUG - [_new_conn] - Starting new HTTPS connection (1): catalog.api.2gis.com:443
2025-10-30 21:21:22,510 - DEBUG - [_make_request] - https://catalog.api.2gis.com:443 "GET /3.0/items?key=18ee47f5-2184-45df-ac89-779be9385d71&q=%D0%BC%D0%B0%D0%B3%D0%B0%D0%B7%D0%B8%D0%BD&district_id=4504209512726571&type=branch&page=5&page_size=10&fields=items.point%2Citems.name%2Citems.address_name%2Citems.reviews HTTP/1.1" 200 None
2025-10-30 21:21:22,511 - DEBUG - [получить_магазины_в_районе] - Статус ответа: 200
2025-10-30 21:21:22,511 - INFO - [получить_магазины_в_районе] - Загружено 10 магазинов со страницы 5
2025-10-30 21:21:22,512 - INFO - [получить_магазины_в_районе] - Завершение сбора для района Марьина Роща. Найдено магазинов: 50
2025-10-30 21:21:22,514 - INFO - [<cell line: 0>] - Район 'Марьина Роща' завершен. Магазинов: 50
2025-10-30 21:21:23,516 - INFO - [<cell line: 0>] - [59/132] Обработка района: Марьино
2025-10-30 21:21:23,517 - INFO - [получить_магазины_в_районе] - Начало сбора магазинов для района: Марьино (ID: 4504209512726596)
2025-10-30 21:21:23,518 - DEBUG - [получить_магазины_в_районе] - Запрос страницы 1 для района Марьино
2025-10-30 21:21:23,521 - DEBUG - [_new_conn] - Starting new HTTPS connection (1): catalog.api.2gis.com:443
2025-10-30 21:21:23,956 - DEBUG - [_make_request] - https://catalog.api.2gis.com:443 "GET /3.0/items?key=18ee47f5-2184-45df-ac89-779be9385d71&q=%D0%BC%D0%B0%D0%B3%D0%B0%D0%B7%D0%B8%D0%BD&district_id=4504209512726596&type=branch&page=1&page_size=10&fields=items.point%2Citems.name%2Citems.address_name%2Citems.reviews HTTP/1.1" 200 None
2025-10-30 21:21:23,957 - DEBUG - [получить_магазины_в_районе] - Статус ответа: 200
2025-10-30 21:21:23,957 - INFO - [получить_магазины_в_районе] - Загружено 10 магазинов со страницы 1
2025-10-30 21:21:24,458 - DEBUG - [получить_магазины_в_районе] - Запрос страницы 2 для района Марьино
2025-10-30 21:21:24,460 - DEBUG - [_new_conn] - Starting new HTTPS connection (1): catalog.api.2gis.com:443
2025-10-30 21:21:24,887 - DEBUG - [_make_request] - https://catalog.api.2gis.com:443 "GET /3.0/items?key=18ee47f5-2184-45df-ac89-779be9385d71&q=%D0%BC%D0%B0%D0%B3%D0%B0%D0%B7%D0%B8%D0%BD&district_id=4504209512726596&type=branch&page=2&page_size=10&fields=items.point%2Citems.name%2Citems.address_name%2Citems.reviews HTTP/1.1" 200 None
2025-10-30 21:21:24,891 - DEBUG - [получить_магазины_в_районе] - Статус ответа: 200
2025-10-30 21:21:24,891 - INFO - [получить_магазины_в_районе] - Загружено 10 магазинов со страницы 2
2025-10-30 21:21:25,393 - DEBUG - [получить_магазины_в_районе] - Запрос страницы 3 для района Марьино
2025-10-30 21:21:25,395 - DEBUG - [_new_conn] - Starting new HTTPS connection (1): catalog.api.2gis.com:443
2025-10-30 21:21:25,970 - DEBUG - [_make_request] - https://catalog.api.2gis.com:443 "GET /3.0/items?key=18ee47f5-2184-45df-ac89-779be9385d71&q=%D0%BC%D0%B0%D0%B3%D0%B0%D0%B7%D0%B8%D0%BD&district_id=4504209512726596&type=branch&page=3&page_size=10&fields=items.point%2Citems.name%2Citems.address_name%2Citems.reviews HTTP/1.1" 200 None
2025-10-30 21:21:25,971 - DEBUG - [получить_магазины_в_районе] - Статус ответа: 200
2025-10-30 21:21:25,971 - INFO - [получить_магазины_в_районе] - Загружено 10 магазинов со страницы 3
2025-10-30 21:21:26,472 - DEBUG - [получить_магазины_в_районе] - Запрос страницы 4 для района Марьино
2025-10-30 21:21:26,474 - DEBUG - [_new_conn] - Starting new HTTPS connection (1): catalog.api.2gis.com:443
2025-10-30 21:21:27,023 - DEBUG - [_make_request] - https://catalog.api.2gis.com:443 "GET /3.0/items?key=18ee47f5-2184-45df-ac89-779be9385d71&q=%D0%BC%D0%B0%D0%B3%D0%B0%D0%B7%D0%B8%D0%BD&district_id=4504209512726596&type=branch&page=4&page_size=10&fields=items.point%2Citems.name%2Citems.address_name%2Citems.reviews HTTP/1.1" 200 None
2025-10-30 21:21:27,024 - DEBUG - [получить_магазины_в_районе] - Статус ответа: 200
2025-10-30 21:21:27,025 - INFO - [получить_магазины_в_районе] - Загружено 10 магазинов со страницы 4
2025-10-30 21:21:27,526 - DEBUG - [получить_магазины_в_районе] - Запрос страницы 5 для района Марьино
2025-10-30 21:21:27,527 - DEBUG - [_new_conn] - Starting new HTTPS connection (1): catalog.api.2gis.com:443
2025-10-30 21:21:27,985 - DEBUG - [_make_request] - https://catalog.api.2gis.com:443 "GET /3.0/items?key=18ee47f5-2184-45df-ac89-779be9385d71&q=%D0%BC%D0%B0%D0%B3%D0%B0%D0%B7%D0%B8%D0%BD&district_id=4504209512726596&type=branch&page=5&page_size=10&fields=items.point%2Citems.name%2Citems.address_name%2Citems.reviews HTTP/1.1" 200 None
2025-10-30 21:21:27,986 - DEBUG - [получить_магазины_в_районе] - Статус ответа: 200
2025-10-30 21:21:27,987 - INFO - [получить_магазины_в_районе] - Загружено 10 магазинов со страницы 5
2025-10-30 21:21:27,987 - INFO - [получить_магазины_в_районе] - Завершение сбора для района Марьино. Найдено магазинов: 50
2025-10-30 21:21:27,989 - INFO - [<cell line: 0>] - Район 'Марьино' завершен. Магазинов: 50
2025-10-30 21:21:28,991 - INFO - [<cell line: 0>] - [60/132] Обработка района: Матушкино
2025-10-30 21:21:28,992 - INFO - [получить_магазины_в_районе] - Начало сбора магазинов для района: Матушкино (ID: 4504209512726657)
2025-10-30 21:21:28,993 - DEBUG - [получить_магазины_в_районе] - Запрос страницы 1 для района Матушкино
2025-10-30 21:21:28,997 - DEBUG - [_new_conn] - Starting new HTTPS connection (1): catalog.api.2gis.com:443
2025-10-30 21:21:29,420 - DEBUG - [_make_request] - https://catalog.api.2gis.com:443 "GET /3.0/items?key=18ee47f5-2184-45df-ac89-779be9385d71&q=%D0%BC%D0%B0%D0%B3%D0%B0%D0%B7%D0%B8%D0%BD&district_id=4504209512726657&type=branch&page=1&page_size=10&fields=items.point%2Citems.name%2Citems.address_name%2Citems.reviews HTTP/1.1" 200 None
2025-10-30 21:21:29,421 - DEBUG - [получить_магазины_в_районе] - Статус ответа: 200
2025-10-30 21:21:29,421 - INFO - [получить_магазины_в_районе] - Загружено 10 магазинов со страницы 1
2025-10-30 21:21:29,922 - DEBUG - [получить_магазины_в_районе] - Запрос страницы 2 для района Матушкино
2025-10-30 21:21:29,923 - DEBUG - [_new_conn] - Starting new HTTPS connection (1): catalog.api.2gis.com:443
2025-10-30 21:21:30,321 - DEBUG - [_make_request] - https://catalog.api.2gis.com:443 "GET /3.0/items?key=18ee47f5-2184-45df-ac89-779be9385d71&q=%D0%BC%D0%B0%D0%B3%D0%B0%D0%B7%D0%B8%D0%BD&district_id=4504209512726657&type=branch&page=2&page_size=10&fields=items.point%2Citems.name%2Citems.address_name%2Citems.reviews HTTP/1.1" 200 None
2025-10-30 21:21:30,322 - DEBUG - [получить_магазины_в_районе] - Статус ответа: 200
2025-10-30 21:21:30,323 - INFO - [получить_магазины_в_районе] - Загружено 10 магазинов со страницы 2
2025-10-30 21:21:30,824 - DEBUG - [получить_магазины_в_районе] - Запрос страницы 3 для района Матушкино
2025-10-30 21:21:30,825 - DEBUG - [_new_conn] - Starting new HTTPS connection (1): catalog.api.2gis.com:443
2025-10-30 21:21:31,218 - DEBUG - [_make_request] - https://catalog.api.2gis.com:443 "GET /3.0/items?key=18ee47f5-2184-45df-ac89-779be9385d71&q=%D0%BC%D0%B0%D0%B3%D0%B0%D0%B7%D0%B8%D0%BD&district_id=4504209512726657&type=branch&page=3&page_size=10&fields=items.point%2Citems.name%2Citems.address_name%2Citems.reviews HTTP/1.1" 200 None
2025-10-30 21:21:31,219 - DEBUG - [получить_магазины_в_районе] - Статус ответа: 200
2025-10-30 21:21:31,219 - INFO - [получить_магазины_в_районе] - Загружено 10 магазинов со страницы 3
2025-10-30 21:21:31,720 - DEBUG - [получить_магазины_в_районе] - Запрос страницы 4 для района Матушкино
2025-10-30 21:21:31,721 - DEBUG - [_new_conn] - Starting new HTTPS connection (1): catalog.api.2gis.com:443
2025-10-30 21:21:32,125 - DEBUG - [_make_request] - https://catalog.api.2gis.com:443 "GET /3.0/items?key=18ee47f5-2184-45df-ac89-779be9385d71&q=%D0%BC%D0%B0%D0%B3%D0%B0%D0%B7%D0%B8%D0%BD&district_id=4504209512726657&type=branch&page=4&page_size=10&fields=items.point%2Citems.name%2Citems.address_name%2Citems.reviews HTTP/1.1" 200 None
2025-10-30 21:21:32,126 - DEBUG - [получить_магазины_в_районе] - Статус ответа: 200
2025-10-30 21:21:32,127 - INFO - [получить_магазины_в_районе] - Загружено 10 магазинов со страницы 4
2025-10-30 21:21:32,628 - DEBUG - [получить_магазины_в_районе] - Запрос страницы 5 для района Матушкино
2025-10-30 21:21:32,629 - DEBUG - [_new_conn] - Starting new HTTPS connection (1): catalog.api.2gis.com:443
2025-10-30 21:21:33,047 - DEBUG - [_make_request] - https://catalog.api.2gis.com:443 "GET /3.0/items?key=18ee47f5-2184-45df-ac89-779be9385d71&q=%D0%BC%D0%B0%D0%B3%D0%B0%D0%B7%D0%B8%D0%BD&district_id=4504209512726657&type=branch&page=5&page_size=10&fields=items.point%2Citems.name%2Citems.address_name%2Citems.reviews HTTP/1.1" 200 None
2025-10-30 21:21:33,048 - DEBUG - [получить_магазины_в_районе] - Статус ответа: 200
2025-10-30 21:21:33,048 - INFO - [получить_магазины_в_районе] - Загружено 4 магазинов со страницы 5
2025-10-30 21:21:33,049 - INFO - [получить_магазины_в_районе] - Завершение сбора для района Матушкино. Найдено магазинов: 44
2025-10-30 21:21:33,051 - INFO - [<cell line: 0>] - Район 'Матушкино' завершен. Магазинов: 44
2025-10-30 21:21:34,052 - INFO - [<cell line: 0>] - [61/132] Обработка района: Метрогородок
2025-10-30 21:21:34,053 - INFO - [получить_магазины_в_районе] - Начало сбора магазинов для района: Метрогородок (ID: 4504209512726588)
2025-10-30 21:21:34,054 - DEBUG - [получить_магазины_в_районе] - Запрос страницы 1 для района Метрогородок
2025-10-30 21:21:34,056 - DEBUG - [_new_conn] - Starting new HTTPS connection (1): catalog.api.2gis.com:443
2025-10-30 21:21:34,460 - DEBUG - [_make_request] - https://catalog.api.2gis.com:443 "GET /3.0/items?key=18ee47f5-2184-45df-ac89-779be9385d71&q=%D0%BC%D0%B0%D0%B3%D0%B0%D0%B7%D0%B8%D0%BD&district_id=4504209512726588&type=branch&page=1&page_size=10&fields=items.point%2Citems.name%2Citems.address_name%2Citems.reviews HTTP/1.1" 200 None
2025-10-30 21:21:34,461 - DEBUG - [получить_магазины_в_районе] - Статус ответа: 200
2025-10-30 21:21:34,461 - INFO - [получить_магазины_в_районе] - Загружено 10 магазинов со страницы 1
2025-10-30 21:21:34,962 - DEBUG - [получить_магазины_в_районе] - Запрос страницы 2 для района Метрогородок
2025-10-30 21:21:34,964 - DEBUG - [_new_conn] - Starting new HTTPS connection (1): catalog.api.2gis.com:443
2025-10-30 21:21:35,391 - DEBUG - [_make_request] - https://catalog.api.2gis.com:443 "GET /3.0/items?key=18ee47f5-2184-45df-ac89-779be9385d71&q=%D0%BC%D0%B0%D0%B3%D0%B0%D0%B7%D0%B8%D0%BD&district_id=4504209512726588&type=branch&page=2&page_size=10&fields=items.point%2Citems.name%2Citems.address_name%2Citems.reviews HTTP/1.1" 200 None
2025-10-30 21:21:35,391 - DEBUG - [получить_магазины_в_районе] - Статус ответа: 200
2025-10-30 21:21:35,392 - INFO - [получить_магазины_в_районе] - Загружено 10 магазинов со страницы 2
2025-10-30 21:21:35,893 - DEBUG - [получить_магазины_в_районе] - Запрос страницы 3 для района Метрогородок
2025-10-30 21:21:35,895 - DEBUG - [_new_conn] - Starting new HTTPS connection (1): catalog.api.2gis.com:443
2025-10-30 21:21:36,302 - DEBUG - [_make_request] - https://catalog.api.2gis.com:443 "GET /3.0/items?key=18ee47f5-2184-45df-ac89-779be9385d71&q=%D0%BC%D0%B0%D0%B3%D0%B0%D0%B7%D0%B8%D0%BD&district_id=4504209512726588&type=branch&page=3&page_size=10&fields=items.point%2Citems.name%2Citems.address_name%2Citems.reviews HTTP/1.1" 200 None
2025-10-30 21:21:36,303 - DEBUG - [получить_магазины_в_районе] - Статус ответа: 200
2025-10-30 21:21:36,304 - INFO - [получить_магазины_в_районе] - Загружено 10 магазинов со страницы 3
2025-10-30 21:21:36,805 - DEBUG - [получить_магазины_в_районе] - Запрос страницы 4 для района Метрогородок
2025-10-30 21:21:36,806 - DEBUG - [_new_conn] - Starting new HTTPS connection (1): catalog.api.2gis.com:443
2025-10-30 21:21:37,198 - DEBUG - [_make_request] - https://catalog.api.2gis.com:443 "GET /3.0/items?key=18ee47f5-2184-45df-ac89-779be9385d71&q=%D0%BC%D0%B0%D0%B3%D0%B0%D0%B7%D0%B8%D0%BD&district_id=4504209512726588&type=branch&page=4&page_size=10&fields=items.point%2Citems.name%2Citems.address_name%2Citems.reviews HTTP/1.1" 200 None
2025-10-30 21:21:37,200 - DEBUG - [получить_магазины_в_районе] - Статус ответа: 200
2025-10-30 21:21:37,200 - INFO - [получить_магазины_в_районе] - Загружено 9 магазинов со страницы 4
2025-10-30 21:21:37,701 - DEBUG - [получить_магазины_в_районе] - Запрос страницы 5 для района Метрогородок
2025-10-30 21:21:37,702 - DEBUG - [_new_conn] - Starting new HTTPS connection (1): catalog.api.2gis.com:443
2025-10-30 21:21:38,101 - DEBUG - [_make_request] - https://catalog.api.2gis.com:443 "GET /3.0/items?key=18ee47f5-2184-45df-ac89-779be9385d71&q=%D0%BC%D0%B0%D0%B3%D0%B0%D0%B7%D0%B8%D0%BD&district_id=4504209512726588&type=branch&page=5&page_size=10&fields=items.point%2Citems.name%2Citems.address_name%2Citems.reviews HTTP/1.1" 200 133
2025-10-30 21:21:38,102 - DEBUG - [получить_магазины_в_районе] - Статус ответа: 200
2025-10-30 21:21:38,103 - WARNING - [получить_магазины_в_районе] - На странице 5 нет данных в ожидаемом формате
2025-10-30 21:21:38,103 - INFO - [получить_магазины_в_районе] - Завершение сбора для района Метрогородок. Найдено магазинов: 39
2025-10-30 21:21:38,106 - INFO - [<cell line: 0>] - Район 'Метрогородок' завершен. Магазинов: 39
2025-10-30 21:21:39,107 - INFO - [<cell line: 0>] - [62/132] Обработка района: Мещанский
2025-10-30 21:21:39,108 - INFO - [получить_магазины_в_районе] - Начало сбора магазинов для района: Мещанский (ID: 4504209512726535)
2025-10-30 21:21:39,109 - DEBUG - [получить_магазины_в_районе] - Запрос страницы 1 для района Мещанский
2025-10-30 21:21:39,111 - DEBUG - [_new_conn] - Starting new HTTPS connection (1): catalog.api.2gis.com:443
2025-10-30 21:21:39,534 - DEBUG - [_make_request] - https://catalog.api.2gis.com:443 "GET /3.0/items?key=18ee47f5-2184-45df-ac89-779be9385d71&q=%D0%BC%D0%B0%D0%B3%D0%B0%D0%B7%D0%B8%D0%BD&district_id=4504209512726535&type=branch&page=1&page_size=10&fields=items.point%2Citems.name%2Citems.address_name%2Citems.reviews HTTP/1.1" 200 None
2025-10-30 21:21:39,534 - DEBUG - [получить_магазины_в_районе] - Статус ответа: 200
2025-10-30 21:21:39,535 - INFO - [получить_магазины_в_районе] - Загружено 10 магазинов со страницы 1
2025-10-30 21:21:40,036 - DEBUG - [получить_магазины_в_районе] - Запрос страницы 2 для района Мещанский
2025-10-30 21:21:40,037 - DEBUG - [_new_conn] - Starting new HTTPS connection (1): catalog.api.2gis.com:443
2025-10-30 21:21:40,451 - DEBUG - [_make_request] - https://catalog.api.2gis.com:443 "GET /3.0/items?key=18ee47f5-2184-45df-ac89-779be9385d71&q=%D0%BC%D0%B0%D0%B3%D0%B0%D0%B7%D0%B8%D0%BD&district_id=4504209512726535&type=branch&page=2&page_size=10&fields=items.point%2Citems.name%2Citems.address_name%2Citems.reviews HTTP/1.1" 200 None
2025-10-30 21:21:40,452 - DEBUG - [получить_магазины_в_районе] - Статус ответа: 200
2025-10-30 21:21:40,452 - INFO - [получить_магазины_в_районе] - Загружено 10 магазинов со страницы 2
2025-10-30 21:21:40,953 - DEBUG - [получить_магазины_в_районе] - Запрос страницы 3 для района Мещанский
2025-10-30 21:21:40,954 - DEBUG - [_new_conn] - Starting new HTTPS connection (1): catalog.api.2gis.com:443
2025-10-30 21:21:41,414 - DEBUG - [_make_request] - https://catalog.api.2gis.com:443 "GET /3.0/items?key=18ee47f5-2184-45df-ac89-779be9385d71&q=%D0%BC%D0%B0%D0%B3%D0%B0%D0%B7%D0%B8%D0%BD&district_id=4504209512726535&type=branch&page=3&page_size=10&fields=items.point%2Citems.name%2Citems.address_name%2Citems.reviews HTTP/1.1" 200 None
2025-10-30 21:21:41,415 - DEBUG - [получить_магазины_в_районе] - Статус ответа: 200
2025-10-30 21:21:41,415 - INFO - [получить_магазины_в_районе] - Загружено 10 магазинов со страницы 3
2025-10-30 21:21:41,916 - DEBUG - [получить_магазины_в_районе] - Запрос страницы 4 для района Мещанский
2025-10-30 21:21:41,917 - DEBUG - [_new_conn] - Starting new HTTPS connection (1): catalog.api.2gis.com:443
2025-10-30 21:21:42,357 - DEBUG - [_make_request] - https://catalog.api.2gis.com:443 "GET /3.0/items?key=18ee47f5-2184-45df-ac89-779be9385d71&q=%D0%BC%D0%B0%D0%B3%D0%B0%D0%B7%D0%B8%D0%BD&district_id=4504209512726535&type=branch&page=4&page_size=10&fields=items.point%2Citems.name%2Citems.address_name%2Citems.reviews HTTP/1.1" 200 None
2025-10-30 21:21:42,359 - DEBUG - [получить_магазины_в_районе] - Статус ответа: 200
2025-10-30 21:21:42,359 - INFO - [получить_магазины_в_районе] - Загружено 10 магазинов со страницы 4
2025-10-30 21:21:42,860 - DEBUG - [получить_магазины_в_районе] - Запрос страницы 5 для района Мещанский
2025-10-30 21:21:42,861 - DEBUG - [_new_conn] - Starting new HTTPS connection (1): catalog.api.2gis.com:443
2025-10-30 21:21:43,301 - DEBUG - [_make_request] - https://catalog.api.2gis.com:443 "GET /3.0/items?key=18ee47f5-2184-45df-ac89-779be9385d71&q=%D0%BC%D0%B0%D0%B3%D0%B0%D0%B7%D0%B8%D0%BD&district_id=4504209512726535&type=branch&page=5&page_size=10&fields=items.point%2Citems.name%2Citems.address_name%2Citems.reviews HTTP/1.1" 200 None
2025-10-30 21:21:43,302 - DEBUG - [получить_магазины_в_районе] - Статус ответа: 200
2025-10-30 21:21:43,303 - INFO - [получить_магазины_в_районе] - Загружено 10 магазинов со страницы 5
2025-10-30 21:21:43,303 - INFO - [получить_магазины_в_районе] - Завершение сбора для района Мещанский. Найдено магазинов: 50
2025-10-30 21:21:43,304 - INFO - [<cell line: 0>] - Район 'Мещанский' завершен. Магазинов: 50
2025-10-30 21:21:44,306 - INFO - [<cell line: 0>] - [63/132] Обработка района: Митино
2025-10-30 21:21:44,307 - INFO - [получить_магазины_в_районе] - Начало сбора магазинов для района: Митино (ID: 4504209512726645)
2025-10-30 21:21:44,308 - DEBUG - [получить_магазины_в_районе] - Запрос страницы 1 для района Митино
2025-10-30 21:21:44,310 - DEBUG - [_new_conn] - Starting new HTTPS connection (1): catalog.api.2gis.com:443
2025-10-30 21:21:44,738 - DEBUG - [_make_request] - https://catalog.api.2gis.com:443 "GET /3.0/items?key=18ee47f5-2184-45df-ac89-779be9385d71&q=%D0%BC%D0%B0%D0%B3%D0%B0%D0%B7%D0%B8%D0%BD&district_id=4504209512726645&type=branch&page=1&page_size=10&fields=items.point%2Citems.name%2Citems.address_name%2Citems.reviews HTTP/1.1" 200 None
2025-10-30 21:21:44,739 - DEBUG - [получить_магазины_в_районе] - Статус ответа: 200
2025-10-30 21:21:44,739 - INFO - [получить_магазины_в_районе] - Загружено 10 магазинов со страницы 1
2025-10-30 21:21:45,240 - DEBUG - [получить_магазины_в_районе] - Запрос страницы 2 для района Митино
2025-10-30 21:21:45,241 - DEBUG - [_new_conn] - Starting new HTTPS connection (1): catalog.api.2gis.com:443
2025-10-30 21:21:45,665 - DEBUG - [_make_request] - https://catalog.api.2gis.com:443 "GET /3.0/items?key=18ee47f5-2184-45df-ac89-779be9385d71&q=%D0%BC%D0%B0%D0%B3%D0%B0%D0%B7%D0%B8%D0%BD&district_id=4504209512726645&type=branch&page=2&page_size=10&fields=items.point%2Citems.name%2Citems.address_name%2Citems.reviews HTTP/1.1" 200 None
2025-10-30 21:21:45,666 - DEBUG - [получить_магазины_в_районе] - Статус ответа: 200
2025-10-30 21:21:45,667 - INFO - [получить_магазины_в_районе] - Загружено 10 магазинов со страницы 2
2025-10-30 21:21:46,168 - DEBUG - [получить_магазины_в_районе] - Запрос страницы 3 для района Митино
2025-10-30 21:21:46,169 - DEBUG - [_new_conn] - Starting new HTTPS connection (1): catalog.api.2gis.com:443
2025-10-30 21:21:46,581 - DEBUG - [_make_request] - https://catalog.api.2gis.com:443 "GET /3.0/items?key=18ee47f5-2184-45df-ac89-779be9385d71&q=%D0%BC%D0%B0%D0%B3%D0%B0%D0%B7%D0%B8%D0%BD&district_id=4504209512726645&type=branch&page=3&page_size=10&fields=items.point%2Citems.name%2Citems.address_name%2Citems.reviews HTTP/1.1" 200 None
2025-10-30 21:21:46,582 - DEBUG - [получить_магазины_в_районе] - Статус ответа: 200
2025-10-30 21:21:46,582 - INFO - [получить_магазины_в_районе] - Загружено 10 магазинов со страницы 3
2025-10-30 21:21:47,083 - DEBUG - [получить_магазины_в_районе] - Запрос страницы 4 для района Митино
2025-10-30 21:21:47,084 - DEBUG - [_new_conn] - Starting new HTTPS connection (1): catalog.api.2gis.com:443
2025-10-30 21:21:47,498 - DEBUG - [_make_request] - https://catalog.api.2gis.com:443 "GET /3.0/items?key=18ee47f5-2184-45df-ac89-779be9385d71&q=%D0%BC%D0%B0%D0%B3%D0%B0%D0%B7%D0%B8%D0%BD&district_id=4504209512726645&type=branch&page=4&page_size=10&fields=items.point%2Citems.name%2Citems.address_name%2Citems.reviews HTTP/1.1" 200 None
2025-10-30 21:21:47,499 - DEBUG - [получить_магазины_в_районе] - Статус ответа: 200
2025-10-30 21:21:47,499 - INFO - [получить_магазины_в_районе] - Загружено 10 магазинов со страницы 4
2025-10-30 21:21:48,000 - DEBUG - [получить_магазины_в_районе] - Запрос страницы 5 для района Митино
2025-10-30 21:21:48,003 - DEBUG - [_new_conn] - Starting new HTTPS connection (1): catalog.api.2gis.com:443
2025-10-30 21:21:48,443 - DEBUG - [_make_request] - https://catalog.api.2gis.com:443 "GET /3.0/items?key=18ee47f5-2184-45df-ac89-779be9385d71&q=%D0%BC%D0%B0%D0%B3%D0%B0%D0%B7%D0%B8%D0%BD&district_id=4504209512726645&type=branch&page=5&page_size=10&fields=items.point%2Citems.name%2Citems.address_name%2Citems.reviews HTTP/1.1" 200 None
2025-10-30 21:21:48,444 - DEBUG - [получить_магазины_в_районе] - Статус ответа: 200
2025-10-30 21:21:48,444 - INFO - [получить_магазины_в_районе] - Загружено 10 магазинов со страницы 5
2025-10-30 21:21:48,445 - INFO - [получить_магазины_в_районе] - Завершение сбора для района Митино. Найдено магазинов: 50
2025-10-30 21:21:48,447 - INFO - [<cell line: 0>] - Район 'Митино' завершен. Магазинов: 50
2025-10-30 21:21:49,448 - INFO - [<cell line: 0>] - [64/132] Обработка района: Можайский
2025-10-30 21:21:49,449 - INFO - [получить_магазины_в_районе] - Начало сбора магазинов для района: Можайский (ID: 4504209512726633)
2025-10-30 21:21:49,450 - DEBUG - [получить_магазины_в_районе] - Запрос страницы 1 для района Можайский
2025-10-30 21:21:49,451 - DEBUG - [_new_conn] - Starting new HTTPS connection (1): catalog.api.2gis.com:443
2025-10-30 21:21:49,903 - DEBUG - [_make_request] - https://catalog.api.2gis.com:443 "GET /3.0/items?key=18ee47f5-2184-45df-ac89-779be9385d71&q=%D0%BC%D0%B0%D0%B3%D0%B0%D0%B7%D0%B8%D0%BD&district_id=4504209512726633&type=branch&page=1&page_size=10&fields=items.point%2Citems.name%2Citems.address_name%2Citems.reviews HTTP/1.1" 200 None
2025-10-30 21:21:49,903 - DEBUG - [получить_магазины_в_районе] - Статус ответа: 200
2025-10-30 21:21:49,904 - INFO - [получить_магазины_в_районе] - Загружено 10 магазинов со страницы 1
2025-10-30 21:21:50,405 - DEBUG - [получить_магазины_в_районе] - Запрос страницы 2 для района Можайский
2025-10-30 21:21:50,406 - DEBUG - [_new_conn] - Starting new HTTPS connection (1): catalog.api.2gis.com:443
2025-10-30 21:21:50,817 - DEBUG - [_make_request] - https://catalog.api.2gis.com:443 "GET /3.0/items?key=18ee47f5-2184-45df-ac89-779be9385d71&q=%D0%BC%D0%B0%D0%B3%D0%B0%D0%B7%D0%B8%D0%BD&district_id=4504209512726633&type=branch&page=2&page_size=10&fields=items.point%2Citems.name%2Citems.address_name%2Citems.reviews HTTP/1.1" 200 None
2025-10-30 21:21:50,818 - DEBUG - [получить_магазины_в_районе] - Статус ответа: 200
2025-10-30 21:21:50,818 - INFO - [получить_магазины_в_районе] - Загружено 10 магазинов со страницы 2
2025-10-30 21:21:51,319 - DEBUG - [получить_магазины_в_районе] - Запрос страницы 3 для района Можайский
2025-10-30 21:21:51,320 - DEBUG - [_new_conn] - Starting new HTTPS connection (1): catalog.api.2gis.com:443
2025-10-30 21:21:51,745 - DEBUG - [_make_request] - https://catalog.api.2gis.com:443 "GET /3.0/items?key=18ee47f5-2184-45df-ac89-779be9385d71&q=%D0%BC%D0%B0%D0%B3%D0%B0%D0%B7%D0%B8%D0%BD&district_id=4504209512726633&type=branch&page=3&page_size=10&fields=items.point%2Citems.name%2Citems.address_name%2Citems.reviews HTTP/1.1" 200 None
2025-10-30 21:21:51,746 - DEBUG - [получить_магазины_в_районе] - Статус ответа: 200
2025-10-30 21:21:51,746 - INFO - [получить_магазины_в_районе] - Загружено 10 магазинов со страницы 3
2025-10-30 21:21:52,247 - DEBUG - [получить_магазины_в_районе] - Запрос страницы 4 для района Можайский
2025-10-30 21:21:52,248 - DEBUG - [_new_conn] - Starting new HTTPS connection (1): catalog.api.2gis.com:443
2025-10-30 21:21:52,677 - DEBUG - [_make_request] - https://catalog.api.2gis.com:443 "GET /3.0/items?key=18ee47f5-2184-45df-ac89-779be9385d71&q=%D0%BC%D0%B0%D0%B3%D0%B0%D0%B7%D0%B8%D0%BD&district_id=4504209512726633&type=branch&page=4&page_size=10&fields=items.point%2Citems.name%2Citems.address_name%2Citems.reviews HTTP/1.1" 200 None
2025-10-30 21:21:52,678 - DEBUG - [получить_магазины_в_районе] - Статус ответа: 200
2025-10-30 21:21:52,678 - INFO - [получить_магазины_в_районе] - Загружено 10 магазинов со страницы 4
2025-10-30 21:21:53,179 - DEBUG - [получить_магазины_в_районе] - Запрос страницы 5 для района Можайский
2025-10-30 21:21:53,181 - DEBUG - [_new_conn] - Starting new HTTPS connection (1): catalog.api.2gis.com:443
2025-10-30 21:21:53,616 - DEBUG - [_make_request] - https://catalog.api.2gis.com:443 "GET /3.0/items?key=18ee47f5-2184-45df-ac89-779be9385d71&q=%D0%BC%D0%B0%D0%B3%D0%B0%D0%B7%D0%B8%D0%BD&district_id=4504209512726633&type=branch&page=5&page_size=10&fields=items.point%2Citems.name%2Citems.address_name%2Citems.reviews HTTP/1.1" 200 None
2025-10-30 21:21:53,617 - DEBUG - [получить_магазины_в_районе] - Статус ответа: 200
2025-10-30 21:21:53,618 - INFO - [получить_магазины_в_районе] - Загружено 10 магазинов со страницы 5
2025-10-30 21:21:53,618 - INFO - [получить_магазины_в_районе] - Завершение сбора для района Можайский. Найдено магазинов: 50
2025-10-30 21:21:53,621 - INFO - [<cell line: 0>] - Район 'Можайский' завершен. Магазинов: 50
2025-10-30 21:21:54,622 - INFO - [<cell line: 0>] - [65/132] Обработка района: Молжаниновский
2025-10-30 21:21:54,624 - INFO - [получить_магазины_в_районе] - Начало сбора магазинов для района: Молжаниновский (ID: 4504209512726654)
2025-10-30 21:21:54,625 - DEBUG - [получить_магазины_в_районе] - Запрос страницы 1 для района Молжаниновский
2025-10-30 21:21:54,628 - DEBUG - [_new_conn] - Starting new HTTPS connection (1): catalog.api.2gis.com:443
2025-10-30 21:21:55,018 - DEBUG - [_make_request] - https://catalog.api.2gis.com:443 "GET /3.0/items?key=18ee47f5-2184-45df-ac89-779be9385d71&q=%D0%BC%D0%B0%D0%B3%D0%B0%D0%B7%D0%B8%D0%BD&district_id=4504209512726654&type=branch&page=1&page_size=10&fields=items.point%2Citems.name%2Citems.address_name%2Citems.reviews HTTP/1.1" 200 None
2025-10-30 21:21:55,018 - DEBUG - [получить_магазины_в_районе] - Статус ответа: 200
2025-10-30 21:21:55,019 - INFO - [получить_магазины_в_районе] - Загружено 10 магазинов со страницы 1
2025-10-30 21:21:55,520 - DEBUG - [получить_магазины_в_районе] - Запрос страницы 2 для района Молжаниновский
2025-10-30 21:21:55,521 - DEBUG - [_new_conn] - Starting new HTTPS connection (1): catalog.api.2gis.com:443
2025-10-30 21:21:55,921 - DEBUG - [_make_request] - https://catalog.api.2gis.com:443 "GET /3.0/items?key=18ee47f5-2184-45df-ac89-779be9385d71&q=%D0%BC%D0%B0%D0%B3%D0%B0%D0%B7%D0%B8%D0%BD&district_id=4504209512726654&type=branch&page=2&page_size=10&fields=items.point%2Citems.name%2Citems.address_name%2Citems.reviews HTTP/1.1" 200 None
2025-10-30 21:21:55,922 - DEBUG - [получить_магазины_в_районе] - Статус ответа: 200
2025-10-30 21:21:55,923 - INFO - [получить_магазины_в_районе] - Загружено 10 магазинов со страницы 2
2025-10-30 21:21:56,424 - DEBUG - [получить_магазины_в_районе] - Запрос страницы 3 для района Молжаниновский
2025-10-30 21:21:56,425 - DEBUG - [_new_conn] - Starting new HTTPS connection (1): catalog.api.2gis.com:443
2025-10-30 21:21:56,957 - DEBUG - [_make_request] - https://catalog.api.2gis.com:443 "GET /3.0/items?key=18ee47f5-2184-45df-ac89-779be9385d71&q=%D0%BC%D0%B0%D0%B3%D0%B0%D0%B7%D0%B8%D0%BD&district_id=4504209512726654&type=branch&page=3&page_size=10&fields=items.point%2Citems.name%2Citems.address_name%2Citems.reviews HTTP/1.1" 200 None
2025-10-30 21:21:56,958 - DEBUG - [получить_магазины_в_районе] - Статус ответа: 200
2025-10-30 21:21:56,958 - INFO - [получить_магазины_в_районе] - Загружено 4 магазинов со страницы 3
2025-10-30 21:21:57,459 - DEBUG - [получить_магазины_в_районе] - Запрос страницы 4 для района Молжаниновский
2025-10-30 21:21:57,460 - DEBUG - [_new_conn] - Starting new HTTPS connection (1): catalog.api.2gis.com:443
2025-10-30 21:21:57,869 - DEBUG - [_make_request] - https://catalog.api.2gis.com:443 "GET /3.0/items?key=18ee47f5-2184-45df-ac89-779be9385d71&q=%D0%BC%D0%B0%D0%B3%D0%B0%D0%B7%D0%B8%D0%BD&district_id=4504209512726654&type=branch&page=4&page_size=10&fields=items.point%2Citems.name%2Citems.address_name%2Citems.reviews HTTP/1.1" 200 133
2025-10-30 21:21:57,870 - DEBUG - [получить_магазины_в_районе] - Статус ответа: 200
2025-10-30 21:21:57,871 - WARNING - [получить_магазины_в_районе] - На странице 4 нет данных в ожидаемом формате
2025-10-30 21:21:58,371 - DEBUG - [получить_магазины_в_районе] - Запрос страницы 5 для района Молжаниновский
2025-10-30 21:21:58,373 - DEBUG - [_new_conn] - Starting new HTTPS connection (1): catalog.api.2gis.com:443
2025-10-30 21:21:58,784 - DEBUG - [_make_request] - https://catalog.api.2gis.com:443 "GET /3.0/items?key=18ee47f5-2184-45df-ac89-779be9385d71&q=%D0%BC%D0%B0%D0%B3%D0%B0%D0%B7%D0%B8%D0%BD&district_id=4504209512726654&type=branch&page=5&page_size=10&fields=items.point%2Citems.name%2Citems.address_name%2Citems.reviews HTTP/1.1" 200 133
2025-10-30 21:21:58,785 - DEBUG - [получить_магазины_в_районе] - Статус ответа: 200
2025-10-30 21:21:58,785 - WARNING - [получить_магазины_в_районе] - На странице 5 нет данных в ожидаемом формате
2025-10-30 21:21:58,786 - INFO - [получить_магазины_в_районе] - Завершение сбора для района Молжаниновский. Найдено магазинов: 24
2025-10-30 21:21:58,787 - INFO - [<cell line: 0>] - Район 'Молжаниновский' завершен. Магазинов: 24
2025-10-30 21:21:59,789 - INFO - [<cell line: 0>] - [66/132] Обработка района: Москворечье-Сабурово
2025-10-30 21:21:59,790 - INFO - [получить_магазины_в_районе] - Начало сбора магазинов для района: Москворечье-Сабурово (ID: 4504209512726607)
2025-10-30 21:21:59,791 - DEBUG - [получить_магазины_в_районе] - Запрос страницы 1 для района Москворечье-Сабурово
2025-10-30 21:21:59,793 - DEBUG - [_new_conn] - Starting new HTTPS connection (1): catalog.api.2gis.com:443
2025-10-30 21:22:00,218 - DEBUG - [_make_request] - https://catalog.api.2gis.com:443 "GET /3.0/items?key=18ee47f5-2184-45df-ac89-779be9385d71&q=%D0%BC%D0%B0%D0%B3%D0%B0%D0%B7%D0%B8%D0%BD&district_id=4504209512726607&type=branch&page=1&page_size=10&fields=items.point%2Citems.name%2Citems.address_name%2Citems.reviews HTTP/1.1" 200 None
2025-10-30 21:22:00,219 - DEBUG - [получить_магазины_в_районе] - Статус ответа: 200
2025-10-30 21:22:00,220 - INFO - [получить_магазины_в_районе] - Загружено 10 магазинов со страницы 1
2025-10-30 21:22:00,721 - DEBUG - [получить_магазины_в_районе] - Запрос страницы 2 для района Москворечье-Сабурово
2025-10-30 21:22:00,722 - DEBUG - [_new_conn] - Starting new HTTPS connection (1): catalog.api.2gis.com:443
2025-10-30 21:22:01,118 - DEBUG - [_make_request] - https://catalog.api.2gis.com:443 "GET /3.0/items?key=18ee47f5-2184-45df-ac89-779be9385d71&q=%D0%BC%D0%B0%D0%B3%D0%B0%D0%B7%D0%B8%D0%BD&district_id=4504209512726607&type=branch&page=2&page_size=10&fields=items.point%2Citems.name%2Citems.address_name%2Citems.reviews HTTP/1.1" 200 None
2025-10-30 21:22:01,119 - DEBUG - [получить_магазины_в_районе] - Статус ответа: 200
2025-10-30 21:22:01,120 - INFO - [получить_магазины_в_районе] - Загружено 10 магазинов со страницы 2
2025-10-30 21:22:01,621 - DEBUG - [получить_магазины_в_районе] - Запрос страницы 3 для района Москворечье-Сабурово
2025-10-30 21:22:01,622 - DEBUG - [_new_conn] - Starting new HTTPS connection (1): catalog.api.2gis.com:443
2025-10-30 21:22:02,035 - DEBUG - [_make_request] - https://catalog.api.2gis.com:443 "GET /3.0/items?key=18ee47f5-2184-45df-ac89-779be9385d71&q=%D0%BC%D0%B0%D0%B3%D0%B0%D0%B7%D0%B8%D0%BD&district_id=4504209512726607&type=branch&page=3&page_size=10&fields=items.point%2Citems.name%2Citems.address_name%2Citems.reviews HTTP/1.1" 200 None
2025-10-30 21:22:02,036 - DEBUG - [получить_магазины_в_районе] - Статус ответа: 200
2025-10-30 21:22:02,036 - INFO - [получить_магазины_в_районе] - Загружено 10 магазинов со страницы 3
2025-10-30 21:22:02,537 - DEBUG - [получить_магазины_в_районе] - Запрос страницы 4 для района Москворечье-Сабурово
2025-10-30 21:22:02,538 - DEBUG - [_new_conn] - Starting new HTTPS connection (1): catalog.api.2gis.com:443
2025-10-30 21:22:02,952 - DEBUG - [_make_request] - https://catalog.api.2gis.com:443 "GET /3.0/items?key=18ee47f5-2184-45df-ac89-779be9385d71&q=%D0%BC%D0%B0%D0%B3%D0%B0%D0%B7%D0%B8%D0%BD&district_id=4504209512726607&type=branch&page=4&page_size=10&fields=items.point%2Citems.name%2Citems.address_name%2Citems.reviews HTTP/1.1" 200 None
2025-10-30 21:22:02,953 - DEBUG - [получить_магазины_в_районе] - Статус ответа: 200
2025-10-30 21:22:02,953 - INFO - [получить_магазины_в_районе] - Загружено 10 магазинов со страницы 4
2025-10-30 21:22:03,454 - DEBUG - [получить_магазины_в_районе] - Запрос страницы 5 для района Москворечье-Сабурово
2025-10-30 21:22:03,455 - DEBUG - [_new_conn] - Starting new HTTPS connection (1): catalog.api.2gis.com:443
2025-10-30 21:22:03,871 - DEBUG - [_make_request] - https://catalog.api.2gis.com:443 "GET /3.0/items?key=18ee47f5-2184-45df-ac89-779be9385d71&q=%D0%BC%D0%B0%D0%B3%D0%B0%D0%B7%D0%B8%D0%BD&district_id=4504209512726607&type=branch&page=5&page_size=10&fields=items.point%2Citems.name%2Citems.address_name%2Citems.reviews HTTP/1.1" 200 None
2025-10-30 21:22:03,872 - DEBUG - [получить_магазины_в_районе] - Статус ответа: 200
2025-10-30 21:22:03,873 - INFO - [получить_магазины_в_районе] - Загружено 10 магазинов со страницы 5
2025-10-30 21:22:03,873 - INFO - [получить_магазины_в_районе] - Завершение сбора для района Москворечье-Сабурово. Найдено магазинов: 50
2025-10-30 21:22:03,875 - INFO - [<cell line: 0>] - Район 'Москворечье-Сабурово' завершен. Магазинов: 50
2025-10-30 21:22:04,877 - INFO - [<cell line: 0>] - [67/132] Обработка района: Нагатино-Садовники
2025-10-30 21:22:04,878 - INFO - [получить_магазины_в_районе] - Начало сбора магазинов для района: Нагатино-Садовники (ID: 4504209512726604)
2025-10-30 21:22:04,880 - DEBUG - [получить_магазины_в_районе] - Запрос страницы 1 для района Нагатино-Садовники
2025-10-30 21:22:04,882 - DEBUG - [_new_conn] - Starting new HTTPS connection (1): catalog.api.2gis.com:443
2025-10-30 21:22:05,296 - DEBUG - [_make_request] - https://catalog.api.2gis.com:443 "GET /3.0/items?key=18ee47f5-2184-45df-ac89-779be9385d71&q=%D0%BC%D0%B0%D0%B3%D0%B0%D0%B7%D0%B8%D0%BD&district_id=4504209512726604&type=branch&page=1&page_size=10&fields=items.point%2Citems.name%2Citems.address_name%2Citems.reviews HTTP/1.1" 200 None
2025-10-30 21:22:05,297 - DEBUG - [получить_магазины_в_районе] - Статус ответа: 200
2025-10-30 21:22:05,297 - INFO - [получить_магазины_в_районе] - Загружено 10 магазинов со страницы 1
2025-10-30 21:22:05,798 - DEBUG - [получить_магазины_в_районе] - Запрос страницы 2 для района Нагатино-Садовники
2025-10-30 21:22:05,800 - DEBUG - [_new_conn] - Starting new HTTPS connection (1): catalog.api.2gis.com:443
2025-10-30 21:22:06,240 - DEBUG - [_make_request] - https://catalog.api.2gis.com:443 "GET /3.0/items?key=18ee47f5-2184-45df-ac89-779be9385d71&q=%D0%BC%D0%B0%D0%B3%D0%B0%D0%B7%D0%B8%D0%BD&district_id=4504209512726604&type=branch&page=2&page_size=10&fields=items.point%2Citems.name%2Citems.address_name%2Citems.reviews HTTP/1.1" 200 None
2025-10-30 21:22:06,243 - DEBUG - [получить_магазины_в_районе] - Статус ответа: 200
2025-10-30 21:22:06,243 - INFO - [получить_магазины_в_районе] - Загружено 10 магазинов со страницы 2
2025-10-30 21:22:06,744 - DEBUG - [получить_магазины_в_районе] - Запрос страницы 3 для района Нагатино-Садовники
2025-10-30 21:22:06,746 - DEBUG - [_new_conn] - Starting new HTTPS connection (1): catalog.api.2gis.com:443
2025-10-30 21:22:07,173 - DEBUG - [_make_request] - https://catalog.api.2gis.com:443 "GET /3.0/items?key=18ee47f5-2184-45df-ac89-779be9385d71&q=%D0%BC%D0%B0%D0%B3%D0%B0%D0%B7%D0%B8%D0%BD&district_id=4504209512726604&type=branch&page=3&page_size=10&fields=items.point%2Citems.name%2Citems.address_name%2Citems.reviews HTTP/1.1" 200 None
2025-10-30 21:22:07,174 - DEBUG - [получить_магазины_в_районе] - Статус ответа: 200
2025-10-30 21:22:07,174 - INFO - [получить_магазины_в_районе] - Загружено 10 магазинов со страницы 3
2025-10-30 21:22:07,675 - DEBUG - [получить_магазины_в_районе] - Запрос страницы 4 для района Нагатино-Садовники
2025-10-30 21:22:07,676 - DEBUG - [_new_conn] - Starting new HTTPS connection (1): catalog.api.2gis.com:443
2025-10-30 21:22:08,101 - DEBUG - [_make_request] - https://catalog.api.2gis.com:443 "GET /3.0/items?key=18ee47f5-2184-45df-ac89-779be9385d71&q=%D0%BC%D0%B0%D0%B3%D0%B0%D0%B7%D0%B8%D0%BD&district_id=4504209512726604&type=branch&page=4&page_size=10&fields=items.point%2Citems.name%2Citems.address_name%2Citems.reviews HTTP/1.1" 200 None
2025-10-30 21:22:08,102 - DEBUG - [получить_магазины_в_районе] - Статус ответа: 200
2025-10-30 21:22:08,103 - INFO - [получить_магазины_в_районе] - Загружено 10 магазинов со страницы 4
2025-10-30 21:22:08,604 - DEBUG - [получить_магазины_в_районе] - Запрос страницы 5 для района Нагатино-Садовники
2025-10-30 21:22:08,605 - DEBUG - [_new_conn] - Starting new HTTPS connection (1): catalog.api.2gis.com:443
2025-10-30 21:22:09,043 - DEBUG - [_make_request] - https://catalog.api.2gis.com:443 "GET /3.0/items?key=18ee47f5-2184-45df-ac89-779be9385d71&q=%D0%BC%D0%B0%D0%B3%D0%B0%D0%B7%D0%B8%D0%BD&district_id=4504209512726604&type=branch&page=5&page_size=10&fields=items.point%2Citems.name%2Citems.address_name%2Citems.reviews HTTP/1.1" 200 None
2025-10-30 21:22:09,044 - DEBUG - [получить_магазины_в_районе] - Статус ответа: 200
2025-10-30 21:22:09,044 - INFO - [получить_магазины_в_районе] - Загружено 10 магазинов со страницы 5
2025-10-30 21:22:09,045 - INFO - [получить_магазины_в_районе] - Завершение сбора для района Нагатино-Садовники. Найдено магазинов: 50
2025-10-30 21:22:09,047 - INFO - [<cell line: 0>] - Район 'Нагатино-Садовники' завершен. Магазинов: 50
2025-10-30 21:22:10,048 - INFO - [<cell line: 0>] - [68/132] Обработка района: Нагатинский Затон
2025-10-30 21:22:10,049 - INFO - [получить_магазины_в_районе] - Начало сбора магазинов для района: Нагатинский Затон (ID: 4504209512726603)
2025-10-30 21:22:10,050 - DEBUG - [получить_магазины_в_районе] - Запрос страницы 1 для района Нагатинский Затон
2025-10-30 21:22:10,052 - DEBUG - [_new_conn] - Starting new HTTPS connection (1): catalog.api.2gis.com:443
2025-10-30 21:22:10,457 - DEBUG - [_make_request] - https://catalog.api.2gis.com:443 "GET /3.0/items?key=18ee47f5-2184-45df-ac89-779be9385d71&q=%D0%BC%D0%B0%D0%B3%D0%B0%D0%B7%D0%B8%D0%BD&district_id=4504209512726603&type=branch&page=1&page_size=10&fields=items.point%2Citems.name%2Citems.address_name%2Citems.reviews HTTP/1.1" 200 None
2025-10-30 21:22:10,458 - DEBUG - [получить_магазины_в_районе] - Статус ответа: 200
2025-10-30 21:22:10,458 - INFO - [получить_магазины_в_районе] - Загружено 10 магазинов со страницы 1
2025-10-30 21:22:10,959 - DEBUG - [получить_магазины_в_районе] - Запрос страницы 2 для района Нагатинский Затон
2025-10-30 21:22:10,960 - DEBUG - [_new_conn] - Starting new HTTPS connection (1): catalog.api.2gis.com:443
2025-10-30 21:22:11,369 - DEBUG - [_make_request] - https://catalog.api.2gis.com:443 "GET /3.0/items?key=18ee47f5-2184-45df-ac89-779be9385d71&q=%D0%BC%D0%B0%D0%B3%D0%B0%D0%B7%D0%B8%D0%BD&district_id=4504209512726603&type=branch&page=2&page_size=10&fields=items.point%2Citems.name%2Citems.address_name%2Citems.reviews HTTP/1.1" 200 None
2025-10-30 21:22:11,370 - DEBUG - [получить_магазины_в_районе] - Статус ответа: 200
2025-10-30 21:22:11,370 - INFO - [получить_магазины_в_районе] - Загружено 10 магазинов со страницы 2
2025-10-30 21:22:11,872 - DEBUG - [получить_магазины_в_районе] - Запрос страницы 3 для района Нагатинский Затон
2025-10-30 21:22:11,873 - DEBUG - [_new_conn] - Starting new HTTPS connection (1): catalog.api.2gis.com:443
2025-10-30 21:22:12,279 - DEBUG - [_make_request] - https://catalog.api.2gis.com:443 "GET /3.0/items?key=18ee47f5-2184-45df-ac89-779be9385d71&q=%D0%BC%D0%B0%D0%B3%D0%B0%D0%B7%D0%B8%D0%BD&district_id=4504209512726603&type=branch&page=3&page_size=10&fields=items.point%2Citems.name%2Citems.address_name%2Citems.reviews HTTP/1.1" 200 None
2025-10-30 21:22:12,280 - DEBUG - [получить_магазины_в_районе] - Статус ответа: 200
2025-10-30 21:22:12,280 - INFO - [получить_магазины_в_районе] - Загружено 10 магазинов со страницы 3
2025-10-30 21:22:12,781 - DEBUG - [получить_магазины_в_районе] - Запрос страницы 4 для района Нагатинский Затон
2025-10-30 21:22:12,783 - DEBUG - [_new_conn] - Starting new HTTPS connection (1): catalog.api.2gis.com:443
2025-10-30 21:22:13,190 - DEBUG - [_make_request] - https://catalog.api.2gis.com:443 "GET /3.0/items?key=18ee47f5-2184-45df-ac89-779be9385d71&q=%D0%BC%D0%B0%D0%B3%D0%B0%D0%B7%D0%B8%D0%BD&district_id=4504209512726603&type=branch&page=4&page_size=10&fields=items.point%2Citems.name%2Citems.address_name%2Citems.reviews HTTP/1.1" 200 None
2025-10-30 21:22:13,191 - DEBUG - [получить_магазины_в_районе] - Статус ответа: 200
2025-10-30 21:22:13,191 - INFO - [получить_магазины_в_районе] - Загружено 10 магазинов со страницы 4
2025-10-30 21:22:13,692 - DEBUG - [получить_магазины_в_районе] - Запрос страницы 5 для района Нагатинский Затон
2025-10-30 21:22:13,693 - DEBUG - [_new_conn] - Starting new HTTPS connection (1): catalog.api.2gis.com:443
2025-10-30 21:22:14,092 - DEBUG - [_make_request] - https://catalog.api.2gis.com:443 "GET /3.0/items?key=18ee47f5-2184-45df-ac89-779be9385d71&q=%D0%BC%D0%B0%D0%B3%D0%B0%D0%B7%D0%B8%D0%BD&district_id=4504209512726603&type=branch&page=5&page_size=10&fields=items.point%2Citems.name%2Citems.address_name%2Citems.reviews HTTP/1.1" 200 None
2025-10-30 21:22:14,093 - DEBUG - [получить_магазины_в_районе] - Статус ответа: 200
2025-10-30 21:22:14,094 - INFO - [получить_магазины_в_районе] - Загружено 10 магазинов со страницы 5
2025-10-30 21:22:14,094 - INFO - [получить_магазины_в_районе] - Завершение сбора для района Нагатинский Затон. Найдено магазинов: 50
2025-10-30 21:22:14,096 - INFO - [<cell line: 0>] - Район 'Нагатинский Затон' завершен. Магазинов: 50
2025-10-30 21:22:15,097 - INFO - [<cell line: 0>] - [69/132] Обработка района: Нагорный
2025-10-30 21:22:15,098 - INFO - [получить_магазины_в_районе] - Начало сбора магазинов для района: Нагорный (ID: 4504209512726606)
2025-10-30 21:22:15,099 - DEBUG - [получить_магазины_в_районе] - Запрос страницы 1 для района Нагорный
2025-10-30 21:22:15,101 - DEBUG - [_new_conn] - Starting new HTTPS connection (1): catalog.api.2gis.com:443
2025-10-30 21:22:15,540 - DEBUG - [_make_request] - https://catalog.api.2gis.com:443 "GET /3.0/items?key=18ee47f5-2184-45df-ac89-779be9385d71&q=%D0%BC%D0%B0%D0%B3%D0%B0%D0%B7%D0%B8%D0%BD&district_id=4504209512726606&type=branch&page=1&page_size=10&fields=items.point%2Citems.name%2Citems.address_name%2Citems.reviews HTTP/1.1" 200 None
2025-10-30 21:22:15,540 - DEBUG - [получить_магазины_в_районе] - Статус ответа: 200
2025-10-30 21:22:15,541 - INFO - [получить_магазины_в_районе] - Загружено 10 магазинов со страницы 1
2025-10-30 21:22:16,042 - DEBUG - [получить_магазины_в_районе] - Запрос страницы 2 для района Нагорный
2025-10-30 21:22:16,043 - DEBUG - [_new_conn] - Starting new HTTPS connection (1): catalog.api.2gis.com:443
2025-10-30 21:22:16,475 - DEBUG - [_make_request] - https://catalog.api.2gis.com:443 "GET /3.0/items?key=18ee47f5-2184-45df-ac89-779be9385d71&q=%D0%BC%D0%B0%D0%B3%D0%B0%D0%B7%D0%B8%D0%BD&district_id=4504209512726606&type=branch&page=2&page_size=10&fields=items.point%2Citems.name%2Citems.address_name%2Citems.reviews HTTP/1.1" 200 None
2025-10-30 21:22:16,476 - DEBUG - [получить_магазины_в_районе] - Статус ответа: 200
2025-10-30 21:22:16,476 - INFO - [получить_магазины_в_районе] - Загружено 10 магазинов со страницы 2
2025-10-30 21:22:16,977 - DEBUG - [получить_магазины_в_районе] - Запрос страницы 3 для района Нагорный
2025-10-30 21:22:16,978 - DEBUG - [_new_conn] - Starting new HTTPS connection (1): catalog.api.2gis.com:443
2025-10-30 21:22:17,388 - DEBUG - [_make_request] - https://catalog.api.2gis.com:443 "GET /3.0/items?key=18ee47f5-2184-45df-ac89-779be9385d71&q=%D0%BC%D0%B0%D0%B3%D0%B0%D0%B7%D0%B8%D0%BD&district_id=4504209512726606&type=branch&page=3&page_size=10&fields=items.point%2Citems.name%2Citems.address_name%2Citems.reviews HTTP/1.1" 200 None
2025-10-30 21:22:17,389 - DEBUG - [получить_магазины_в_районе] - Статус ответа: 200
2025-10-30 21:22:17,390 - INFO - [получить_магазины_в_районе] - Загружено 10 магазинов со страницы 3
2025-10-30 21:22:17,891 - DEBUG - [получить_магазины_в_районе] - Запрос страницы 4 для района Нагорный
2025-10-30 21:22:17,892 - DEBUG - [_new_conn] - Starting new HTTPS connection (1): catalog.api.2gis.com:443
2025-10-30 21:22:18,318 - DEBUG - [_make_request] - https://catalog.api.2gis.com:443 "GET /3.0/items?key=18ee47f5-2184-45df-ac89-779be9385d71&q=%D0%BC%D0%B0%D0%B3%D0%B0%D0%B7%D0%B8%D0%BD&district_id=4504209512726606&type=branch&page=4&page_size=10&fields=items.point%2Citems.name%2Citems.address_name%2Citems.reviews HTTP/1.1" 200 None
2025-10-30 21:22:18,319 - DEBUG - [получить_магазины_в_районе] - Статус ответа: 200
2025-10-30 21:22:18,320 - INFO - [получить_магазины_в_районе] - Загружено 10 магазинов со страницы 4
2025-10-30 21:22:18,820 - DEBUG - [получить_магазины_в_районе] - Запрос страницы 5 для района Нагорный
2025-10-30 21:22:18,822 - DEBUG - [_new_conn] - Starting new HTTPS connection (1): catalog.api.2gis.com:443
2025-10-30 21:22:19,249 - DEBUG - [_make_request] - https://catalog.api.2gis.com:443 "GET /3.0/items?key=18ee47f5-2184-45df-ac89-779be9385d71&q=%D0%BC%D0%B0%D0%B3%D0%B0%D0%B7%D0%B8%D0%BD&district_id=4504209512726606&type=branch&page=5&page_size=10&fields=items.point%2Citems.name%2Citems.address_name%2Citems.reviews HTTP/1.1" 200 None
2025-10-30 21:22:19,250 - DEBUG - [получить_магазины_в_районе] - Статус ответа: 200
2025-10-30 21:22:19,250 - INFO - [получить_магазины_в_районе] - Загружено 10 магазинов со страницы 5
2025-10-30 21:22:19,251 - INFO - [получить_магазины_в_районе] - Завершение сбора для района Нагорный. Найдено магазинов: 50
2025-10-30 21:22:19,252 - INFO - [<cell line: 0>] - Район 'Нагорный' завершен. Магазинов: 50
2025-10-30 21:22:20,253 - INFO - [<cell line: 0>] - [70/132] Обработка района: Некрасовка
2025-10-30 21:22:20,255 - INFO - [получить_магазины_в_районе] - Начало сбора магазинов для района: Некрасовка (ID: 4504209512726599)
2025-10-30 21:22:20,255 - DEBUG - [получить_магазины_в_районе] - Запрос страницы 1 для района Некрасовка
2025-10-30 21:22:20,257 - DEBUG - [_new_conn] - Starting new HTTPS connection (1): catalog.api.2gis.com:443
2025-10-30 21:22:20,677 - DEBUG - [_make_request] - https://catalog.api.2gis.com:443 "GET /3.0/items?key=18ee47f5-2184-45df-ac89-779be9385d71&q=%D0%BC%D0%B0%D0%B3%D0%B0%D0%B7%D0%B8%D0%BD&district_id=4504209512726599&type=branch&page=1&page_size=10&fields=items.point%2Citems.name%2Citems.address_name%2Citems.reviews HTTP/1.1" 200 None
2025-10-30 21:22:20,677 - DEBUG - [получить_магазины_в_районе] - Статус ответа: 200
2025-10-30 21:22:20,678 - INFO - [получить_магазины_в_районе] - Загружено 10 магазинов со страницы 1
2025-10-30 21:22:21,179 - DEBUG - [получить_магазины_в_районе] - Запрос страницы 2 для района Некрасовка
2025-10-30 21:22:21,180 - DEBUG - [_new_conn] - Starting new HTTPS connection (1): catalog.api.2gis.com:443
2025-10-30 21:22:21,589 - DEBUG - [_make_request] - https://catalog.api.2gis.com:443 "GET /3.0/items?key=18ee47f5-2184-45df-ac89-779be9385d71&q=%D0%BC%D0%B0%D0%B3%D0%B0%D0%B7%D0%B8%D0%BD&district_id=4504209512726599&type=branch&page=2&page_size=10&fields=items.point%2Citems.name%2Citems.address_name%2Citems.reviews HTTP/1.1" 200 None
2025-10-30 21:22:21,590 - DEBUG - [получить_магазины_в_районе] - Статус ответа: 200
2025-10-30 21:22:21,590 - INFO - [получить_магазины_в_районе] - Загружено 10 магазинов со страницы 2
2025-10-30 21:22:22,091 - DEBUG - [получить_магазины_в_районе] - Запрос страницы 3 для района Некрасовка
2025-10-30 21:22:22,092 - DEBUG - [_new_conn] - Starting new HTTPS connection (1): catalog.api.2gis.com:443
2025-10-30 21:22:22,498 - DEBUG - [_make_request] - https://catalog.api.2gis.com:443 "GET /3.0/items?key=18ee47f5-2184-45df-ac89-779be9385d71&q=%D0%BC%D0%B0%D0%B3%D0%B0%D0%B7%D0%B8%D0%BD&district_id=4504209512726599&type=branch&page=3&page_size=10&fields=items.point%2Citems.name%2Citems.address_name%2Citems.reviews HTTP/1.1" 200 None
2025-10-30 21:22:22,499 - DEBUG - [получить_магазины_в_районе] - Статус ответа: 200
2025-10-30 21:22:22,499 - INFO - [получить_магазины_в_районе] - Загружено 10 магазинов со страницы 3
2025-10-30 21:22:23,000 - DEBUG - [получить_магазины_в_районе] - Запрос страницы 4 для района Некрасовка
2025-10-30 21:22:23,002 - DEBUG - [_new_conn] - Starting new HTTPS connection (1): catalog.api.2gis.com:443
2025-10-30 21:22:23,411 - DEBUG - [_make_request] - https://catalog.api.2gis.com:443 "GET /3.0/items?key=18ee47f5-2184-45df-ac89-779be9385d71&q=%D0%BC%D0%B0%D0%B3%D0%B0%D0%B7%D0%B8%D0%BD&district_id=4504209512726599&type=branch&page=4&page_size=10&fields=items.point%2Citems.name%2Citems.address_name%2Citems.reviews HTTP/1.1" 200 None
2025-10-30 21:22:23,413 - DEBUG - [получить_магазины_в_районе] - Статус ответа: 200
2025-10-30 21:22:23,413 - INFO - [получить_магазины_в_районе] - Загружено 10 магазинов со страницы 4
2025-10-30 21:22:23,914 - DEBUG - [получить_магазины_в_районе] - Запрос страницы 5 для района Некрасовка
2025-10-30 21:22:23,916 - DEBUG - [_new_conn] - Starting new HTTPS connection (1): catalog.api.2gis.com:443
2025-10-30 21:22:24,348 - DEBUG - [_make_request] - https://catalog.api.2gis.com:443 "GET /3.0/items?key=18ee47f5-2184-45df-ac89-779be9385d71&q=%D0%BC%D0%B0%D0%B3%D0%B0%D0%B7%D0%B8%D0%BD&district_id=4504209512726599&type=branch&page=5&page_size=10&fields=items.point%2Citems.name%2Citems.address_name%2Citems.reviews HTTP/1.1" 200 None
2025-10-30 21:22:24,351 - DEBUG - [получить_магазины_в_районе] - Статус ответа: 200
2025-10-30 21:22:24,351 - INFO - [получить_магазины_в_районе] - Загружено 10 магазинов со страницы 5
2025-10-30 21:22:24,352 - INFO - [получить_магазины_в_районе] - Завершение сбора для района Некрасовка. Найдено магазинов: 50
2025-10-30 21:22:24,353 - INFO - [<cell line: 0>] - Район 'Некрасовка' завершен. Магазинов: 50
2025-10-30 21:22:25,356 - INFO - [<cell line: 0>] - [71/132] Обработка района: Нижегородский
2025-10-30 21:22:25,357 - INFO - [получить_магазины_в_районе] - Начало сбора магазинов для района: Нижегородский (ID: 4504209512726591)
2025-10-30 21:22:25,358 - DEBUG - [получить_магазины_в_районе] - Запрос страницы 1 для района Нижегородский
2025-10-30 21:22:25,361 - DEBUG - [_new_conn] - Starting new HTTPS connection (1): catalog.api.2gis.com:443
2025-10-30 21:22:25,784 - DEBUG - [_make_request] - https://catalog.api.2gis.com:443 "GET /3.0/items?key=18ee47f5-2184-45df-ac89-779be9385d71&q=%D0%BC%D0%B0%D0%B3%D0%B0%D0%B7%D0%B8%D0%BD&district_id=4504209512726591&type=branch&page=1&page_size=10&fields=items.point%2Citems.name%2Citems.address_name%2Citems.reviews HTTP/1.1" 200 None
2025-10-30 21:22:25,784 - DEBUG - [получить_магазины_в_районе] - Статус ответа: 200
2025-10-30 21:22:25,785 - INFO - [получить_магазины_в_районе] - Загружено 10 магазинов со страницы 1
2025-10-30 21:22:26,285 - DEBUG - [получить_магазины_в_районе] - Запрос страницы 2 для района Нижегородский
2025-10-30 21:22:26,287 - DEBUG - [_new_conn] - Starting new HTTPS connection (1): catalog.api.2gis.com:443
2025-10-30 21:22:26,889 - DEBUG - [_make_request] - https://catalog.api.2gis.com:443 "GET /3.0/items?key=18ee47f5-2184-45df-ac89-779be9385d71&q=%D0%BC%D0%B0%D0%B3%D0%B0%D0%B7%D0%B8%D0%BD&district_id=4504209512726591&type=branch&page=2&page_size=10&fields=items.point%2Citems.name%2Citems.address_name%2Citems.reviews HTTP/1.1" 200 None
2025-10-30 21:22:26,890 - DEBUG - [получить_магазины_в_районе] - Статус ответа: 200
2025-10-30 21:22:26,890 - INFO - [получить_магазины_в_районе] - Загружено 10 магазинов со страницы 2
2025-10-30 21:22:27,391 - DEBUG - [получить_магазины_в_районе] - Запрос страницы 3 для района Нижегородский
2025-10-30 21:22:27,392 - DEBUG - [_new_conn] - Starting new HTTPS connection (1): catalog.api.2gis.com:443
2025-10-30 21:22:27,914 - DEBUG - [_make_request] - https://catalog.api.2gis.com:443 "GET /3.0/items?key=18ee47f5-2184-45df-ac89-779be9385d71&q=%D0%BC%D0%B0%D0%B3%D0%B0%D0%B7%D0%B8%D0%BD&district_id=4504209512726591&type=branch&page=3&page_size=10&fields=items.point%2Citems.name%2Citems.address_name%2Citems.reviews HTTP/1.1" 200 None
2025-10-30 21:22:27,915 - DEBUG - [получить_магазины_в_районе] - Статус ответа: 200
2025-10-30 21:22:27,915 - INFO - [получить_магазины_в_районе] - Загружено 10 магазинов со страницы 3
2025-10-30 21:22:28,416 - DEBUG - [получить_магазины_в_районе] - Запрос страницы 4 для района Нижегородский
2025-10-30 21:22:28,417 - DEBUG - [_new_conn] - Starting new HTTPS connection (1): catalog.api.2gis.com:443
2025-10-30 21:22:28,822 - DEBUG - [_make_request] - https://catalog.api.2gis.com:443 "GET /3.0/items?key=18ee47f5-2184-45df-ac89-779be9385d71&q=%D0%BC%D0%B0%D0%B3%D0%B0%D0%B7%D0%B8%D0%BD&district_id=4504209512726591&type=branch&page=4&page_size=10&fields=items.point%2Citems.name%2Citems.address_name%2Citems.reviews HTTP/1.1" 200 None
2025-10-30 21:22:28,823 - DEBUG - [получить_магазины_в_районе] - Статус ответа: 200
2025-10-30 21:22:28,823 - INFO - [получить_магазины_в_районе] - Загружено 10 магазинов со страницы 4
2025-10-30 21:22:29,324 - DEBUG - [получить_магазины_в_районе] - Запрос страницы 5 для района Нижегородский
2025-10-30 21:22:29,325 - DEBUG - [_new_conn] - Starting new HTTPS connection (1): catalog.api.2gis.com:443
2025-10-30 21:22:29,761 - DEBUG - [_make_request] - https://catalog.api.2gis.com:443 "GET /3.0/items?key=18ee47f5-2184-45df-ac89-779be9385d71&q=%D0%BC%D0%B0%D0%B3%D0%B0%D0%B7%D0%B8%D0%BD&district_id=4504209512726591&type=branch&page=5&page_size=10&fields=items.point%2Citems.name%2Citems.address_name%2Citems.reviews HTTP/1.1" 200 None
2025-10-30 21:22:29,762 - DEBUG - [получить_магазины_в_районе] - Статус ответа: 200
2025-10-30 21:22:29,763 - INFO - [получить_магазины_в_районе] - Загружено 10 магазинов со страницы 5
2025-10-30 21:22:29,763 - INFO - [получить_магазины_в_районе] - Завершение сбора для района Нижегородский. Найдено магазинов: 50
2025-10-30 21:22:29,765 - INFO - [<cell line: 0>] - Район 'Нижегородский' завершен. Магазинов: 50
2025-10-30 21:22:30,767 - INFO - [<cell line: 0>] - [72/132] Обработка района: Новогиреево
2025-10-30 21:22:30,768 - INFO - [получить_магазины_в_районе] - Начало сбора магазинов для района: Новогиреево (ID: 4504209512726580)
2025-10-30 21:22:30,769 - DEBUG - [получить_магазины_в_районе] - Запрос страницы 1 для района Новогиреево
2025-10-30 21:22:30,771 - DEBUG - [_new_conn] - Starting new HTTPS connection (1): catalog.api.2gis.com:443
2025-10-30 21:22:31,196 - DEBUG - [_make_request] - https://catalog.api.2gis.com:443 "GET /3.0/items?key=18ee47f5-2184-45df-ac89-779be9385d71&q=%D0%BC%D0%B0%D0%B3%D0%B0%D0%B7%D0%B8%D0%BD&district_id=4504209512726580&type=branch&page=1&page_size=10&fields=items.point%2Citems.name%2Citems.address_name%2Citems.reviews HTTP/1.1" 200 None
2025-10-30 21:22:31,197 - DEBUG - [получить_магазины_в_районе] - Статус ответа: 200
2025-10-30 21:22:31,197 - INFO - [получить_магазины_в_районе] - Загружено 10 магазинов со страницы 1
2025-10-30 21:22:31,698 - DEBUG - [получить_магазины_в_районе] - Запрос страницы 2 для района Новогиреево
2025-10-30 21:22:31,699 - DEBUG - [_new_conn] - Starting new HTTPS connection (1): catalog.api.2gis.com:443
2025-10-30 21:22:32,134 - DEBUG - [_make_request] - https://catalog.api.2gis.com:443 "GET /3.0/items?key=18ee47f5-2184-45df-ac89-779be9385d71&q=%D0%BC%D0%B0%D0%B3%D0%B0%D0%B7%D0%B8%D0%BD&district_id=4504209512726580&type=branch&page=2&page_size=10&fields=items.point%2Citems.name%2Citems.address_name%2Citems.reviews HTTP/1.1" 200 None
2025-10-30 21:22:32,135 - DEBUG - [получить_магазины_в_районе] - Статус ответа: 200
2025-10-30 21:22:32,136 - INFO - [получить_магазины_в_районе] - Загружено 10 магазинов со страницы 2
2025-10-30 21:22:32,637 - DEBUG - [получить_магазины_в_районе] - Запрос страницы 3 для района Новогиреево
2025-10-30 21:22:32,638 - DEBUG - [_new_conn] - Starting new HTTPS connection (1): catalog.api.2gis.com:443
2025-10-30 21:22:33,046 - DEBUG - [_make_request] - https://catalog.api.2gis.com:443 "GET /3.0/items?key=18ee47f5-2184-45df-ac89-779be9385d71&q=%D0%BC%D0%B0%D0%B3%D0%B0%D0%B7%D0%B8%D0%BD&district_id=4504209512726580&type=branch&page=3&page_size=10&fields=items.point%2Citems.name%2Citems.address_name%2Citems.reviews HTTP/1.1" 200 None
2025-10-30 21:22:33,047 - DEBUG - [получить_магазины_в_районе] - Статус ответа: 200
2025-10-30 21:22:33,048 - INFO - [получить_магазины_в_районе] - Загружено 10 магазинов со страницы 3
2025-10-30 21:22:33,548 - DEBUG - [получить_магазины_в_районе] - Запрос страницы 4 для района Новогиреево
2025-10-30 21:22:33,550 - DEBUG - [_new_conn] - Starting new HTTPS connection (1): catalog.api.2gis.com:443
2025-10-30 21:22:33,963 - DEBUG - [_make_request] - https://catalog.api.2gis.com:443 "GET /3.0/items?key=18ee47f5-2184-45df-ac89-779be9385d71&q=%D0%BC%D0%B0%D0%B3%D0%B0%D0%B7%D0%B8%D0%BD&district_id=4504209512726580&type=branch&page=4&page_size=10&fields=items.point%2Citems.name%2Citems.address_name%2Citems.reviews HTTP/1.1" 200 None
2025-10-30 21:22:33,964 - DEBUG - [получить_магазины_в_районе] - Статус ответа: 200
2025-10-30 21:22:33,964 - INFO - [получить_магазины_в_районе] - Загружено 10 магазинов со страницы 4
2025-10-30 21:22:34,465 - DEBUG - [получить_магазины_в_районе] - Запрос страницы 5 для района Новогиреево
2025-10-30 21:22:34,466 - DEBUG - [_new_conn] - Starting new HTTPS connection (1): catalog.api.2gis.com:443
2025-10-30 21:22:34,920 - DEBUG - [_make_request] - https://catalog.api.2gis.com:443 "GET /3.0/items?key=18ee47f5-2184-45df-ac89-779be9385d71&q=%D0%BC%D0%B0%D0%B3%D0%B0%D0%B7%D0%B8%D0%BD&district_id=4504209512726580&type=branch&page=5&page_size=10&fields=items.point%2Citems.name%2Citems.address_name%2Citems.reviews HTTP/1.1" 200 None
2025-10-30 21:22:34,921 - DEBUG - [получить_магазины_в_районе] - Статус ответа: 200
2025-10-30 21:22:34,921 - INFO - [получить_магазины_в_районе] - Загружено 10 магазинов со страницы 5
2025-10-30 21:22:34,922 - INFO - [получить_магазины_в_районе] - Завершение сбора для района Новогиреево. Найдено магазинов: 50
2025-10-30 21:22:34,923 - INFO - [<cell line: 0>] - Район 'Новогиреево' завершен. Магазинов: 50
2025-10-30 21:22:35,926 - INFO - [<cell line: 0>] - [73/132] Обработка района: Новокосино
2025-10-30 21:22:35,928 - INFO - [получить_магазины_в_районе] - Начало сбора магазинов для района: Новокосино (ID: 4504209512726576)
2025-10-30 21:22:35,930 - DEBUG - [получить_магазины_в_районе] - Запрос страницы 1 для района Новокосино
2025-10-30 21:22:35,932 - DEBUG - [_new_conn] - Starting new HTTPS connection (1): catalog.api.2gis.com:443
2025-10-30 21:22:36,331 - DEBUG - [_make_request] - https://catalog.api.2gis.com:443 "GET /3.0/items?key=18ee47f5-2184-45df-ac89-779be9385d71&q=%D0%BC%D0%B0%D0%B3%D0%B0%D0%B7%D0%B8%D0%BD&district_id=4504209512726576&type=branch&page=1&page_size=10&fields=items.point%2Citems.name%2Citems.address_name%2Citems.reviews HTTP/1.1" 200 None
2025-10-30 21:22:36,332 - DEBUG - [получить_магазины_в_районе] - Статус ответа: 200
2025-10-30 21:22:36,333 - INFO - [получить_магазины_в_районе] - Загружено 10 магазинов со страницы 1
2025-10-30 21:22:36,835 - DEBUG - [получить_магазины_в_районе] - Запрос страницы 2 для района Новокосино
2025-10-30 21:22:36,836 - DEBUG - [_new_conn] - Starting new HTTPS connection (1): catalog.api.2gis.com:443
2025-10-30 21:22:37,237 - DEBUG - [_make_request] - https://catalog.api.2gis.com:443 "GET /3.0/items?key=18ee47f5-2184-45df-ac89-779be9385d71&q=%D0%BC%D0%B0%D0%B3%D0%B0%D0%B7%D0%B8%D0%BD&district_id=4504209512726576&type=branch&page=2&page_size=10&fields=items.point%2Citems.name%2Citems.address_name%2Citems.reviews HTTP/1.1" 200 None
2025-10-30 21:22:37,238 - DEBUG - [получить_магазины_в_районе] - Статус ответа: 200
2025-10-30 21:22:37,238 - INFO - [получить_магазины_в_районе] - Загружено 10 магазинов со страницы 2
2025-10-30 21:22:37,739 - DEBUG - [получить_магазины_в_районе] - Запрос страницы 3 для района Новокосино
2025-10-30 21:22:37,740 - DEBUG - [_new_conn] - Starting new HTTPS connection (1): catalog.api.2gis.com:443
2025-10-30 21:22:38,162 - DEBUG - [_make_request] - https://catalog.api.2gis.com:443 "GET /3.0/items?key=18ee47f5-2184-45df-ac89-779be9385d71&q=%D0%BC%D0%B0%D0%B3%D0%B0%D0%B7%D0%B8%D0%BD&district_id=4504209512726576&type=branch&page=3&page_size=10&fields=items.point%2Citems.name%2Citems.address_name%2Citems.reviews HTTP/1.1" 200 None
2025-10-30 21:22:38,163 - DEBUG - [получить_магазины_в_районе] - Статус ответа: 200
2025-10-30 21:22:38,163 - INFO - [получить_магазины_в_районе] - Загружено 10 магазинов со страницы 3
2025-10-30 21:22:38,664 - DEBUG - [получить_магазины_в_районе] - Запрос страницы 4 для района Новокосино
2025-10-30 21:22:38,666 - DEBUG - [_new_conn] - Starting new HTTPS connection (1): catalog.api.2gis.com:443
2025-10-30 21:22:39,067 - DEBUG - [_make_request] - https://catalog.api.2gis.com:443 "GET /3.0/items?key=18ee47f5-2184-45df-ac89-779be9385d71&q=%D0%BC%D0%B0%D0%B3%D0%B0%D0%B7%D0%B8%D0%BD&district_id=4504209512726576&type=branch&page=4&page_size=10&fields=items.point%2Citems.name%2Citems.address_name%2Citems.reviews HTTP/1.1" 200 None
2025-10-30 21:22:39,068 - DEBUG - [получить_магазины_в_районе] - Статус ответа: 200
2025-10-30 21:22:39,069 - INFO - [получить_магазины_в_районе] - Загружено 10 магазинов со страницы 4
2025-10-30 21:22:39,570 - DEBUG - [получить_магазины_в_районе] - Запрос страницы 5 для района Новокосино
2025-10-30 21:22:39,571 - DEBUG - [_new_conn] - Starting new HTTPS connection (1): catalog.api.2gis.com:443
2025-10-30 21:22:39,985 - DEBUG - [_make_request] - https://catalog.api.2gis.com:443 "GET /3.0/items?key=18ee47f5-2184-45df-ac89-779be9385d71&q=%D0%BC%D0%B0%D0%B3%D0%B0%D0%B7%D0%B8%D0%BD&district_id=4504209512726576&type=branch&page=5&page_size=10&fields=items.point%2Citems.name%2Citems.address_name%2Citems.reviews HTTP/1.1" 200 None
2025-10-30 21:22:39,986 - DEBUG - [получить_магазины_в_районе] - Статус ответа: 200
2025-10-30 21:22:39,986 - INFO - [получить_магазины_в_районе] - Загружено 10 магазинов со страницы 5
2025-10-30 21:22:39,987 - INFO - [получить_магазины_в_районе] - Завершение сбора для района Новокосино. Найдено магазинов: 50
2025-10-30 21:22:39,988 - INFO - [<cell line: 0>] - Район 'Новокосино' завершен. Магазинов: 50
2025-10-30 21:22:40,989 - INFO - [<cell line: 0>] - [74/132] Обработка района: Ново-Переделкино
2025-10-30 21:22:40,990 - INFO - [получить_магазины_в_районе] - Начало сбора магазинов для района: Ново-Переделкино (ID: 4504209512726641)
2025-10-30 21:22:40,991 - DEBUG - [получить_магазины_в_районе] - Запрос страницы 1 для района Ново-Переделкино
2025-10-30 21:22:40,994 - DEBUG - [_new_conn] - Starting new HTTPS connection (1): catalog.api.2gis.com:443
2025-10-30 21:22:41,407 - DEBUG - [_make_request] - https://catalog.api.2gis.com:443 "GET /3.0/items?key=18ee47f5-2184-45df-ac89-779be9385d71&q=%D0%BC%D0%B0%D0%B3%D0%B0%D0%B7%D0%B8%D0%BD&district_id=4504209512726641&type=branch&page=1&page_size=10&fields=items.point%2Citems.name%2Citems.address_name%2Citems.reviews HTTP/1.1" 200 None
2025-10-30 21:22:41,408 - DEBUG - [получить_магазины_в_районе] - Статус ответа: 200
2025-10-30 21:22:41,408 - INFO - [получить_магазины_в_районе] - Загружено 10 магазинов со страницы 1
2025-10-30 21:22:41,909 - DEBUG - [получить_магазины_в_районе] - Запрос страницы 2 для района Ново-Переделкино
2025-10-30 21:22:41,910 - DEBUG - [_new_conn] - Starting new HTTPS connection (1): catalog.api.2gis.com:443
2025-10-30 21:22:42,331 - DEBUG - [_make_request] - https://catalog.api.2gis.com:443 "GET /3.0/items?key=18ee47f5-2184-45df-ac89-779be9385d71&q=%D0%BC%D0%B0%D0%B3%D0%B0%D0%B7%D0%B8%D0%BD&district_id=4504209512726641&type=branch&page=2&page_size=10&fields=items.point%2Citems.name%2Citems.address_name%2Citems.reviews HTTP/1.1" 200 None
2025-10-30 21:22:42,332 - DEBUG - [получить_магазины_в_районе] - Статус ответа: 200
2025-10-30 21:22:42,332 - INFO - [получить_магазины_в_районе] - Загружено 10 магазинов со страницы 2
2025-10-30 21:22:42,833 - DEBUG - [получить_магазины_в_районе] - Запрос страницы 3 для района Ново-Переделкино
2025-10-30 21:22:42,834 - DEBUG - [_new_conn] - Starting new HTTPS connection (1): catalog.api.2gis.com:443
2025-10-30 21:22:43,249 - DEBUG - [_make_request] - https://catalog.api.2gis.com:443 "GET /3.0/items?key=18ee47f5-2184-45df-ac89-779be9385d71&q=%D0%BC%D0%B0%D0%B3%D0%B0%D0%B7%D0%B8%D0%BD&district_id=4504209512726641&type=branch&page=3&page_size=10&fields=items.point%2Citems.name%2Citems.address_name%2Citems.reviews HTTP/1.1" 200 None
2025-10-30 21:22:43,250 - DEBUG - [получить_магазины_в_районе] - Статус ответа: 200
2025-10-30 21:22:43,250 - INFO - [получить_магазины_в_районе] - Загружено 10 магазинов со страницы 3
2025-10-30 21:22:43,751 - DEBUG - [получить_магазины_в_районе] - Запрос страницы 4 для района Ново-Переделкино
2025-10-30 21:22:43,752 - DEBUG - [_new_conn] - Starting new HTTPS connection (1): catalog.api.2gis.com:443
2025-10-30 21:22:44,178 - DEBUG - [_make_request] - https://catalog.api.2gis.com:443 "GET /3.0/items?key=18ee47f5-2184-45df-ac89-779be9385d71&q=%D0%BC%D0%B0%D0%B3%D0%B0%D0%B7%D0%B8%D0%BD&district_id=4504209512726641&type=branch&page=4&page_size=10&fields=items.point%2Citems.name%2Citems.address_name%2Citems.reviews HTTP/1.1" 200 None
2025-10-30 21:22:44,179 - DEBUG - [получить_магазины_в_районе] - Статус ответа: 200
2025-10-30 21:22:44,180 - INFO - [получить_магазины_в_районе] - Загружено 10 магазинов со страницы 4
2025-10-30 21:22:44,681 - DEBUG - [получить_магазины_в_районе] - Запрос страницы 5 для района Ново-Переделкино
2025-10-30 21:22:44,682 - DEBUG - [_new_conn] - Starting new HTTPS connection (1): catalog.api.2gis.com:443
2025-10-30 21:22:45,100 - DEBUG - [_make_request] - https://catalog.api.2gis.com:443 "GET /3.0/items?key=18ee47f5-2184-45df-ac89-779be9385d71&q=%D0%BC%D0%B0%D0%B3%D0%B0%D0%B7%D0%B8%D0%BD&district_id=4504209512726641&type=branch&page=5&page_size=10&fields=items.point%2Citems.name%2Citems.address_name%2Citems.reviews HTTP/1.1" 200 None
2025-10-30 21:22:45,101 - DEBUG - [получить_магазины_в_районе] - Статус ответа: 200
2025-10-30 21:22:45,101 - INFO - [получить_магазины_в_районе] - Загружено 10 магазинов со страницы 5
2025-10-30 21:22:45,102 - INFO - [получить_магазины_в_районе] - Завершение сбора для района Ново-Переделкино. Найдено магазинов: 50
2025-10-30 21:22:45,103 - INFO - [<cell line: 0>] - Район 'Ново-Переделкино' завершен. Магазинов: 50
2025-10-30 21:22:46,104 - INFO - [<cell line: 0>] - [75/132] Обработка района: Обручевский
2025-10-30 21:22:46,105 - INFO - [получить_магазины_в_районе] - Начало сбора магазинов для района: Обручевский (ID: 4504209512726622)
2025-10-30 21:22:46,106 - DEBUG - [получить_магазины_в_районе] - Запрос страницы 1 для района Обручевский
2025-10-30 21:22:46,109 - DEBUG - [_new_conn] - Starting new HTTPS connection (1): catalog.api.2gis.com:443
2025-10-30 21:22:46,525 - DEBUG - [_make_request] - https://catalog.api.2gis.com:443 "GET /3.0/items?key=18ee47f5-2184-45df-ac89-779be9385d71&q=%D0%BC%D0%B0%D0%B3%D0%B0%D0%B7%D0%B8%D0%BD&district_id=4504209512726622&type=branch&page=1&page_size=10&fields=items.point%2Citems.name%2Citems.address_name%2Citems.reviews HTTP/1.1" 200 None
2025-10-30 21:22:46,526 - DEBUG - [получить_магазины_в_районе] - Статус ответа: 200
2025-10-30 21:22:46,526 - INFO - [получить_магазины_в_районе] - Загружено 10 магазинов со страницы 1
2025-10-30 21:22:47,027 - DEBUG - [получить_магазины_в_районе] - Запрос страницы 2 для района Обручевский
2025-10-30 21:22:47,029 - DEBUG - [_new_conn] - Starting new HTTPS connection (1): catalog.api.2gis.com:443
2025-10-30 21:22:47,443 - DEBUG - [_make_request] - https://catalog.api.2gis.com:443 "GET /3.0/items?key=18ee47f5-2184-45df-ac89-779be9385d71&q=%D0%BC%D0%B0%D0%B3%D0%B0%D0%B7%D0%B8%D0%BD&district_id=4504209512726622&type=branch&page=2&page_size=10&fields=items.point%2Citems.name%2Citems.address_name%2Citems.reviews HTTP/1.1" 200 None
2025-10-30 21:22:47,444 - DEBUG - [получить_магазины_в_районе] - Статус ответа: 200
2025-10-30 21:22:47,445 - INFO - [получить_магазины_в_районе] - Загружено 10 магазинов со страницы 2
2025-10-30 21:22:47,946 - DEBUG - [получить_магазины_в_районе] - Запрос страницы 3 для района Обручевский
2025-10-30 21:22:47,948 - DEBUG - [_new_conn] - Starting new HTTPS connection (1): catalog.api.2gis.com:443
2025-10-30 21:22:48,350 - DEBUG - [_make_request] - https://catalog.api.2gis.com:443 "GET /3.0/items?key=18ee47f5-2184-45df-ac89-779be9385d71&q=%D0%BC%D0%B0%D0%B3%D0%B0%D0%B7%D0%B8%D0%BD&district_id=4504209512726622&type=branch&page=3&page_size=10&fields=items.point%2Citems.name%2Citems.address_name%2Citems.reviews HTTP/1.1" 200 None
2025-10-30 21:22:48,351 - DEBUG - [получить_магазины_в_районе] - Статус ответа: 200
2025-10-30 21:22:48,351 - INFO - [получить_магазины_в_районе] - Загружено 10 магазинов со страницы 3
2025-10-30 21:22:48,852 - DEBUG - [получить_магазины_в_районе] - Запрос страницы 4 для района Обручевский
2025-10-30 21:22:48,854 - DEBUG - [_new_conn] - Starting new HTTPS connection (1): catalog.api.2gis.com:443
2025-10-30 21:22:49,259 - DEBUG - [_make_request] - https://catalog.api.2gis.com:443 "GET /3.0/items?key=18ee47f5-2184-45df-ac89-779be9385d71&q=%D0%BC%D0%B0%D0%B3%D0%B0%D0%B7%D0%B8%D0%BD&district_id=4504209512726622&type=branch&page=4&page_size=10&fields=items.point%2Citems.name%2Citems.address_name%2Citems.reviews HTTP/1.1" 200 None
2025-10-30 21:22:49,260 - DEBUG - [получить_магазины_в_районе] - Статус ответа: 200
2025-10-30 21:22:49,260 - INFO - [получить_магазины_в_районе] - Загружено 10 магазинов со страницы 4
2025-10-30 21:22:49,761 - DEBUG - [получить_магазины_в_районе] - Запрос страницы 5 для района Обручевский
2025-10-30 21:22:49,762 - DEBUG - [_new_conn] - Starting new HTTPS connection (1): catalog.api.2gis.com:443
2025-10-30 21:22:50,172 - DEBUG - [_make_request] - https://catalog.api.2gis.com:443 "GET /3.0/items?key=18ee47f5-2184-45df-ac89-779be9385d71&q=%D0%BC%D0%B0%D0%B3%D0%B0%D0%B7%D0%B8%D0%BD&district_id=4504209512726622&type=branch&page=5&page_size=10&fields=items.point%2Citems.name%2Citems.address_name%2Citems.reviews HTTP/1.1" 200 None
2025-10-30 21:22:50,173 - DEBUG - [получить_магазины_в_районе] - Статус ответа: 200
2025-10-30 21:22:50,173 - INFO - [получить_магазины_в_районе] - Загружено 10 магазинов со страницы 5
2025-10-30 21:22:50,174 - INFO - [получить_магазины_в_районе] - Завершение сбора для района Обручевский. Найдено магазинов: 50
2025-10-30 21:22:50,175 - INFO - [<cell line: 0>] - Район 'Обручевский' завершен. Магазинов: 50
2025-10-30 21:22:51,177 - INFO - [<cell line: 0>] - [76/132] Обработка района: Орехово-Борисово Северное
2025-10-30 21:22:51,178 - INFO - [получить_магазины_в_районе] - Начало сбора магазинов для района: Орехово-Борисово Северное (ID: 4504209512726616)
2025-10-30 21:22:51,179 - DEBUG - [получить_магазины_в_районе] - Запрос страницы 1 для района Орехово-Борисово Северное
2025-10-30 21:22:51,181 - DEBUG - [_new_conn] - Starting new HTTPS connection (1): catalog.api.2gis.com:443
2025-10-30 21:22:51,597 - DEBUG - [_make_request] - https://catalog.api.2gis.com:443 "GET /3.0/items?key=18ee47f5-2184-45df-ac89-779be9385d71&q=%D0%BC%D0%B0%D0%B3%D0%B0%D0%B7%D0%B8%D0%BD&district_id=4504209512726616&type=branch&page=1&page_size=10&fields=items.point%2Citems.name%2Citems.address_name%2Citems.reviews HTTP/1.1" 200 None
2025-10-30 21:22:51,598 - DEBUG - [получить_магазины_в_районе] - Статус ответа: 200
2025-10-30 21:22:51,598 - INFO - [получить_магазины_в_районе] - Загружено 10 магазинов со страницы 1
2025-10-30 21:22:52,099 - DEBUG - [получить_магазины_в_районе] - Запрос страницы 2 для района Орехово-Борисово Северное
2025-10-30 21:22:52,101 - DEBUG - [_new_conn] - Starting new HTTPS connection (1): catalog.api.2gis.com:443
2025-10-30 21:22:52,519 - DEBUG - [_make_request] - https://catalog.api.2gis.com:443 "GET /3.0/items?key=18ee47f5-2184-45df-ac89-779be9385d71&q=%D0%BC%D0%B0%D0%B3%D0%B0%D0%B7%D0%B8%D0%BD&district_id=4504209512726616&type=branch&page=2&page_size=10&fields=items.point%2Citems.name%2Citems.address_name%2Citems.reviews HTTP/1.1" 200 None
2025-10-30 21:22:52,520 - DEBUG - [получить_магазины_в_районе] - Статус ответа: 200
2025-10-30 21:22:52,520 - INFO - [получить_магазины_в_районе] - Загружено 10 магазинов со страницы 2
2025-10-30 21:22:53,021 - DEBUG - [получить_магазины_в_районе] - Запрос страницы 3 для района Орехово-Борисово Северное
2025-10-30 21:22:53,023 - DEBUG - [_new_conn] - Starting new HTTPS connection (1): catalog.api.2gis.com:443
2025-10-30 21:22:53,425 - DEBUG - [_make_request] - https://catalog.api.2gis.com:443 "GET /3.0/items?key=18ee47f5-2184-45df-ac89-779be9385d71&q=%D0%BC%D0%B0%D0%B3%D0%B0%D0%B7%D0%B8%D0%BD&district_id=4504209512726616&type=branch&page=3&page_size=10&fields=items.point%2Citems.name%2Citems.address_name%2Citems.reviews HTTP/1.1" 200 None
2025-10-30 21:22:53,426 - DEBUG - [получить_магазины_в_районе] - Статус ответа: 200
2025-10-30 21:22:53,426 - INFO - [получить_магазины_в_районе] - Загружено 10 магазинов со страницы 3
2025-10-30 21:22:53,927 - DEBUG - [получить_магазины_в_районе] - Запрос страницы 4 для района Орехово-Борисово Северное
2025-10-30 21:22:53,929 - DEBUG - [_new_conn] - Starting new HTTPS connection (1): catalog.api.2gis.com:443
2025-10-30 21:22:54,338 - DEBUG - [_make_request] - https://catalog.api.2gis.com:443 "GET /3.0/items?key=18ee47f5-2184-45df-ac89-779be9385d71&q=%D0%BC%D0%B0%D0%B3%D0%B0%D0%B7%D0%B8%D0%BD&district_id=4504209512726616&type=branch&page=4&page_size=10&fields=items.point%2Citems.name%2Citems.address_name%2Citems.reviews HTTP/1.1" 200 None
2025-10-30 21:22:54,339 - DEBUG - [получить_магазины_в_районе] - Статус ответа: 200
2025-10-30 21:22:54,340 - INFO - [получить_магазины_в_районе] - Загружено 10 магазинов со страницы 4
2025-10-30 21:22:54,841 - DEBUG - [получить_магазины_в_районе] - Запрос страницы 5 для района Орехово-Борисово Северное
2025-10-30 21:22:54,842 - DEBUG - [_new_conn] - Starting new HTTPS connection (1): catalog.api.2gis.com:443
2025-10-30 21:22:55,275 - DEBUG - [_make_request] - https://catalog.api.2gis.com:443 "GET /3.0/items?key=18ee47f5-2184-45df-ac89-779be9385d71&q=%D0%BC%D0%B0%D0%B3%D0%B0%D0%B7%D0%B8%D0%BD&district_id=4504209512726616&type=branch&page=5&page_size=10&fields=items.point%2Citems.name%2Citems.address_name%2Citems.reviews HTTP/1.1" 200 None
2025-10-30 21:22:55,276 - DEBUG - [получить_магазины_в_районе] - Статус ответа: 200
2025-10-30 21:22:55,277 - INFO - [получить_магазины_в_районе] - Загружено 10 магазинов со страницы 5
2025-10-30 21:22:55,277 - INFO - [получить_магазины_в_районе] - Завершение сбора для района Орехово-Борисово Северное. Найдено магазинов: 50
2025-10-30 21:22:55,280 - INFO - [<cell line: 0>] - Район 'Орехово-Борисово Северное' завершен. Магазинов: 50
2025-10-30 21:22:56,282 - INFO - [<cell line: 0>] - [77/132] Обработка района: Орехово-Борисово Южное
2025-10-30 21:22:56,283 - INFO - [получить_магазины_в_районе] - Начало сбора магазинов для района: Орехово-Борисово Южное (ID: 4504209512726610)
2025-10-30 21:22:56,283 - DEBUG - [получить_магазины_в_районе] - Запрос страницы 1 для района Орехово-Борисово Южное
2025-10-30 21:22:56,285 - DEBUG - [_new_conn] - Starting new HTTPS connection (1): catalog.api.2gis.com:443
2025-10-30 21:22:56,842 - DEBUG - [_make_request] - https://catalog.api.2gis.com:443 "GET /3.0/items?key=18ee47f5-2184-45df-ac89-779be9385d71&q=%D0%BC%D0%B0%D0%B3%D0%B0%D0%B7%D0%B8%D0%BD&district_id=4504209512726610&type=branch&page=1&page_size=10&fields=items.point%2Citems.name%2Citems.address_name%2Citems.reviews HTTP/1.1" 200 None
2025-10-30 21:22:56,843 - DEBUG - [получить_магазины_в_районе] - Статус ответа: 200
2025-10-30 21:22:56,843 - INFO - [получить_магазины_в_районе] - Загружено 10 магазинов со страницы 1
2025-10-30 21:22:57,344 - DEBUG - [получить_магазины_в_районе] - Запрос страницы 2 для района Орехово-Борисово Южное
2025-10-30 21:22:57,345 - DEBUG - [_new_conn] - Starting new HTTPS connection (1): catalog.api.2gis.com:443
2025-10-30 21:22:57,843 - DEBUG - [_make_request] - https://catalog.api.2gis.com:443 "GET /3.0/items?key=18ee47f5-2184-45df-ac89-779be9385d71&q=%D0%BC%D0%B0%D0%B3%D0%B0%D0%B7%D0%B8%D0%BD&district_id=4504209512726610&type=branch&page=2&page_size=10&fields=items.point%2Citems.name%2Citems.address_name%2Citems.reviews HTTP/1.1" 200 None
2025-10-30 21:22:57,844 - DEBUG - [получить_магазины_в_районе] - Статус ответа: 200
2025-10-30 21:22:57,844 - INFO - [получить_магазины_в_районе] - Загружено 10 магазинов со страницы 2
2025-10-30 21:22:58,345 - DEBUG - [получить_магазины_в_районе] - Запрос страницы 3 для района Орехово-Борисово Южное
2025-10-30 21:22:58,346 - DEBUG - [_new_conn] - Starting new HTTPS connection (1): catalog.api.2gis.com:443
2025-10-30 21:22:58,772 - DEBUG - [_make_request] - https://catalog.api.2gis.com:443 "GET /3.0/items?key=18ee47f5-2184-45df-ac89-779be9385d71&q=%D0%BC%D0%B0%D0%B3%D0%B0%D0%B7%D0%B8%D0%BD&district_id=4504209512726610&type=branch&page=3&page_size=10&fields=items.point%2Citems.name%2Citems.address_name%2Citems.reviews HTTP/1.1" 200 None
2025-10-30 21:22:58,773 - DEBUG - [получить_магазины_в_районе] - Статус ответа: 200
2025-10-30 21:22:58,774 - INFO - [получить_магазины_в_районе] - Загружено 10 магазинов со страницы 3
2025-10-30 21:22:59,275 - DEBUG - [получить_магазины_в_районе] - Запрос страницы 4 для района Орехово-Борисово Южное
2025-10-30 21:22:59,276 - DEBUG - [_new_conn] - Starting new HTTPS connection (1): catalog.api.2gis.com:443
2025-10-30 21:22:59,685 - DEBUG - [_make_request] - https://catalog.api.2gis.com:443 "GET /3.0/items?key=18ee47f5-2184-45df-ac89-779be9385d71&q=%D0%BC%D0%B0%D0%B3%D0%B0%D0%B7%D0%B8%D0%BD&district_id=4504209512726610&type=branch&page=4&page_size=10&fields=items.point%2Citems.name%2Citems.address_name%2Citems.reviews HTTP/1.1" 200 None
2025-10-30 21:22:59,686 - DEBUG - [получить_магазины_в_районе] - Статус ответа: 200
2025-10-30 21:22:59,687 - INFO - [получить_магазины_в_районе] - Загружено 10 магазинов со страницы 4
2025-10-30 21:23:00,188 - DEBUG - [получить_магазины_в_районе] - Запрос страницы 5 для района Орехово-Борисово Южное
2025-10-30 21:23:00,190 - DEBUG - [_new_conn] - Starting new HTTPS connection (1): catalog.api.2gis.com:443
2025-10-30 21:23:00,636 - DEBUG - [_make_request] - https://catalog.api.2gis.com:443 "GET /3.0/items?key=18ee47f5-2184-45df-ac89-779be9385d71&q=%D0%BC%D0%B0%D0%B3%D0%B0%D0%B7%D0%B8%D0%BD&district_id=4504209512726610&type=branch&page=5&page_size=10&fields=items.point%2Citems.name%2Citems.address_name%2Citems.reviews HTTP/1.1" 200 None
2025-10-30 21:23:00,637 - DEBUG - [получить_магазины_в_районе] - Статус ответа: 200
2025-10-30 21:23:00,638 - INFO - [получить_магазины_в_районе] - Загружено 10 магазинов со страницы 5
2025-10-30 21:23:00,639 - INFO - [получить_магазины_в_районе] - Завершение сбора для района Орехово-Борисово Южное. Найдено магазинов: 50
2025-10-30 21:23:00,641 - INFO - [<cell line: 0>] - Район 'Орехово-Борисово Южное' завершен. Магазинов: 50
2025-10-30 21:23:01,642 - INFO - [<cell line: 0>] - [78/132] Обработка района: Останкинский
2025-10-30 21:23:01,643 - INFO - [получить_магазины_в_районе] - Начало сбора магазинов для района: Останкинский (ID: 4504209512726572)
2025-10-30 21:23:01,644 - DEBUG - [получить_магазины_в_районе] - Запрос страницы 1 для района Останкинский
2025-10-30 21:23:01,646 - DEBUG - [_new_conn] - Starting new HTTPS connection (1): catalog.api.2gis.com:443
2025-10-30 21:23:02,087 - DEBUG - [_make_request] - https://catalog.api.2gis.com:443 "GET /3.0/items?key=18ee47f5-2184-45df-ac89-779be9385d71&q=%D0%BC%D0%B0%D0%B3%D0%B0%D0%B7%D0%B8%D0%BD&district_id=4504209512726572&type=branch&page=1&page_size=10&fields=items.point%2Citems.name%2Citems.address_name%2Citems.reviews HTTP/1.1" 200 None
2025-10-30 21:23:02,088 - DEBUG - [получить_магазины_в_районе] - Статус ответа: 200
2025-10-30 21:23:02,088 - INFO - [получить_магазины_в_районе] - Загружено 10 магазинов со страницы 1
2025-10-30 21:23:02,589 - DEBUG - [получить_магазины_в_районе] - Запрос страницы 2 для района Останкинский
2025-10-30 21:23:02,590 - DEBUG - [_new_conn] - Starting new HTTPS connection (1): catalog.api.2gis.com:443
2025-10-30 21:23:03,008 - DEBUG - [_make_request] - https://catalog.api.2gis.com:443 "GET /3.0/items?key=18ee47f5-2184-45df-ac89-779be9385d71&q=%D0%BC%D0%B0%D0%B3%D0%B0%D0%B7%D0%B8%D0%BD&district_id=4504209512726572&type=branch&page=2&page_size=10&fields=items.point%2Citems.name%2Citems.address_name%2Citems.reviews HTTP/1.1" 200 None
2025-10-30 21:23:03,009 - DEBUG - [получить_магазины_в_районе] - Статус ответа: 200
2025-10-30 21:23:03,009 - INFO - [получить_магазины_в_районе] - Загружено 10 магазинов со страницы 2
2025-10-30 21:23:03,510 - DEBUG - [получить_магазины_в_районе] - Запрос страницы 3 для района Останкинский
2025-10-30 21:23:03,511 - DEBUG - [_new_conn] - Starting new HTTPS connection (1): catalog.api.2gis.com:443
2025-10-30 21:23:03,929 - DEBUG - [_make_request] - https://catalog.api.2gis.com:443 "GET /3.0/items?key=18ee47f5-2184-45df-ac89-779be9385d71&q=%D0%BC%D0%B0%D0%B3%D0%B0%D0%B7%D0%B8%D0%BD&district_id=4504209512726572&type=branch&page=3&page_size=10&fields=items.point%2Citems.name%2Citems.address_name%2Citems.reviews HTTP/1.1" 200 None
2025-10-30 21:23:03,930 - DEBUG - [получить_магазины_в_районе] - Статус ответа: 200
2025-10-30 21:23:03,930 - INFO - [получить_магазины_в_районе] - Загружено 10 магазинов со страницы 3
2025-10-30 21:23:04,431 - DEBUG - [получить_магазины_в_районе] - Запрос страницы 4 для района Останкинский
2025-10-30 21:23:04,432 - DEBUG - [_new_conn] - Starting new HTTPS connection (1): catalog.api.2gis.com:443
2025-10-30 21:23:04,853 - DEBUG - [_make_request] - https://catalog.api.2gis.com:443 "GET /3.0/items?key=18ee47f5-2184-45df-ac89-779be9385d71&q=%D0%BC%D0%B0%D0%B3%D0%B0%D0%B7%D0%B8%D0%BD&district_id=4504209512726572&type=branch&page=4&page_size=10&fields=items.point%2Citems.name%2Citems.address_name%2Citems.reviews HTTP/1.1" 200 None
2025-10-30 21:23:04,854 - DEBUG - [получить_магазины_в_районе] - Статус ответа: 200
2025-10-30 21:23:04,854 - INFO - [получить_магазины_в_районе] - Загружено 10 магазинов со страницы 4
2025-10-30 21:23:05,355 - DEBUG - [получить_магазины_в_районе] - Запрос страницы 5 для района Останкинский
2025-10-30 21:23:05,357 - DEBUG - [_new_conn] - Starting new HTTPS connection (1): catalog.api.2gis.com:443
2025-10-30 21:23:05,774 - DEBUG - [_make_request] - https://catalog.api.2gis.com:443 "GET /3.0/items?key=18ee47f5-2184-45df-ac89-779be9385d71&q=%D0%BC%D0%B0%D0%B3%D0%B0%D0%B7%D0%B8%D0%BD&district_id=4504209512726572&type=branch&page=5&page_size=10&fields=items.point%2Citems.name%2Citems.address_name%2Citems.reviews HTTP/1.1" 200 None
2025-10-30 21:23:05,775 - DEBUG - [получить_магазины_в_районе] - Статус ответа: 200
2025-10-30 21:23:05,775 - INFO - [получить_магазины_в_районе] - Загружено 10 магазинов со страницы 5
2025-10-30 21:23:05,776 - INFO - [получить_магазины_в_районе] - Завершение сбора для района Останкинский. Найдено магазинов: 50
2025-10-30 21:23:05,778 - INFO - [<cell line: 0>] - Район 'Останкинский' завершен. Магазинов: 50
2025-10-30 21:23:06,781 - INFO - [<cell line: 0>] - [79/132] Обработка района: Отрадное
2025-10-30 21:23:06,782 - INFO - [получить_магазины_в_районе] - Начало сбора магазинов для района: Отрадное (ID: 4504209512726569)
2025-10-30 21:23:06,782 - DEBUG - [получить_магазины_в_районе] - Запрос страницы 1 для района Отрадное
2025-10-30 21:23:06,784 - DEBUG - [_new_conn] - Starting new HTTPS connection (1): catalog.api.2gis.com:443
2025-10-30 21:23:07,210 - DEBUG - [_make_request] - https://catalog.api.2gis.com:443 "GET /3.0/items?key=18ee47f5-2184-45df-ac89-779be9385d71&q=%D0%BC%D0%B0%D0%B3%D0%B0%D0%B7%D0%B8%D0%BD&district_id=4504209512726569&type=branch&page=1&page_size=10&fields=items.point%2Citems.name%2Citems.address_name%2Citems.reviews HTTP/1.1" 200 None
2025-10-30 21:23:07,210 - DEBUG - [получить_магазины_в_районе] - Статус ответа: 200
2025-10-30 21:23:07,211 - INFO - [получить_магазины_в_районе] - Загружено 10 магазинов со страницы 1
2025-10-30 21:23:07,712 - DEBUG - [получить_магазины_в_районе] - Запрос страницы 2 для района Отрадное
2025-10-30 21:23:07,713 - DEBUG - [_new_conn] - Starting new HTTPS connection (1): catalog.api.2gis.com:443
2025-10-30 21:23:08,128 - DEBUG - [_make_request] - https://catalog.api.2gis.com:443 "GET /3.0/items?key=18ee47f5-2184-45df-ac89-779be9385d71&q=%D0%BC%D0%B0%D0%B3%D0%B0%D0%B7%D0%B8%D0%BD&district_id=4504209512726569&type=branch&page=2&page_size=10&fields=items.point%2Citems.name%2Citems.address_name%2Citems.reviews HTTP/1.1" 200 None
2025-10-30 21:23:08,129 - DEBUG - [получить_магазины_в_районе] - Статус ответа: 200
2025-10-30 21:23:08,129 - INFO - [получить_магазины_в_районе] - Загружено 10 магазинов со страницы 2
2025-10-30 21:23:08,630 - DEBUG - [получить_магазины_в_районе] - Запрос страницы 3 для района Отрадное
2025-10-30 21:23:08,631 - DEBUG - [_new_conn] - Starting new HTTPS connection (1): catalog.api.2gis.com:443
2025-10-30 21:23:09,038 - DEBUG - [_make_request] - https://catalog.api.2gis.com:443 "GET /3.0/items?key=18ee47f5-2184-45df-ac89-779be9385d71&q=%D0%BC%D0%B0%D0%B3%D0%B0%D0%B7%D0%B8%D0%BD&district_id=4504209512726569&type=branch&page=3&page_size=10&fields=items.point%2Citems.name%2Citems.address_name%2Citems.reviews HTTP/1.1" 200 None
2025-10-30 21:23:09,039 - DEBUG - [получить_магазины_в_районе] - Статус ответа: 200
2025-10-30 21:23:09,039 - INFO - [получить_магазины_в_районе] - Загружено 10 магазинов со страницы 3
2025-10-30 21:23:09,540 - DEBUG - [получить_магазины_в_районе] - Запрос страницы 4 для района Отрадное
2025-10-30 21:23:09,542 - DEBUG - [_new_conn] - Starting new HTTPS connection (1): catalog.api.2gis.com:443
2025-10-30 21:23:09,966 - DEBUG - [_make_request] - https://catalog.api.2gis.com:443 "GET /3.0/items?key=18ee47f5-2184-45df-ac89-779be9385d71&q=%D0%BC%D0%B0%D0%B3%D0%B0%D0%B7%D0%B8%D0%BD&district_id=4504209512726569&type=branch&page=4&page_size=10&fields=items.point%2Citems.name%2Citems.address_name%2Citems.reviews HTTP/1.1" 200 None
2025-10-30 21:23:09,967 - DEBUG - [получить_магазины_в_районе] - Статус ответа: 200
2025-10-30 21:23:09,967 - INFO - [получить_магазины_в_районе] - Загружено 10 магазинов со страницы 4
2025-10-30 21:23:10,470 - DEBUG - [получить_магазины_в_районе] - Запрос страницы 5 для района Отрадное
2025-10-30 21:23:10,472 - DEBUG - [_new_conn] - Starting new HTTPS connection (1): catalog.api.2gis.com:443
2025-10-30 21:23:10,884 - DEBUG - [_make_request] - https://catalog.api.2gis.com:443 "GET /3.0/items?key=18ee47f5-2184-45df-ac89-779be9385d71&q=%D0%BC%D0%B0%D0%B3%D0%B0%D0%B7%D0%B8%D0%BD&district_id=4504209512726569&type=branch&page=5&page_size=10&fields=items.point%2Citems.name%2Citems.address_name%2Citems.reviews HTTP/1.1" 200 None
2025-10-30 21:23:10,885 - DEBUG - [получить_магазины_в_районе] - Статус ответа: 200
2025-10-30 21:23:10,886 - INFO - [получить_магазины_в_районе] - Загружено 10 магазинов со страницы 5
2025-10-30 21:23:10,887 - INFO - [получить_магазины_в_районе] - Завершение сбора для района Отрадное. Найдено магазинов: 50
2025-10-30 21:23:10,889 - INFO - [<cell line: 0>] - Район 'Отрадное' завершен. Магазинов: 50
2025-10-30 21:23:11,890 - INFO - [<cell line: 0>] - [80/132] Обработка района: Очаково-Матвеевское
2025-10-30 21:23:11,891 - INFO - [получить_магазины_в_районе] - Начало сбора магазинов для района: Очаково-Матвеевское (ID: 4504209512726632)
2025-10-30 21:23:11,893 - DEBUG - [получить_магазины_в_районе] - Запрос страницы 1 для района Очаково-Матвеевское
2025-10-30 21:23:11,896 - DEBUG - [_new_conn] - Starting new HTTPS connection (1): catalog.api.2gis.com:443
2025-10-30 21:23:12,301 - DEBUG - [_make_request] - https://catalog.api.2gis.com:443 "GET /3.0/items?key=18ee47f5-2184-45df-ac89-779be9385d71&q=%D0%BC%D0%B0%D0%B3%D0%B0%D0%B7%D0%B8%D0%BD&district_id=4504209512726632&type=branch&page=1&page_size=10&fields=items.point%2Citems.name%2Citems.address_name%2Citems.reviews HTTP/1.1" 200 None
2025-10-30 21:23:12,302 - DEBUG - [получить_магазины_в_районе] - Статус ответа: 200
2025-10-30 21:23:12,302 - INFO - [получить_магазины_в_районе] - Загружено 10 магазинов со страницы 1
2025-10-30 21:23:12,803 - DEBUG - [получить_магазины_в_районе] - Запрос страницы 2 для района Очаково-Матвеевское
2025-10-30 21:23:12,805 - DEBUG - [_new_conn] - Starting new HTTPS connection (1): catalog.api.2gis.com:443
2025-10-30 21:23:13,230 - DEBUG - [_make_request] - https://catalog.api.2gis.com:443 "GET /3.0/items?key=18ee47f5-2184-45df-ac89-779be9385d71&q=%D0%BC%D0%B0%D0%B3%D0%B0%D0%B7%D0%B8%D0%BD&district_id=4504209512726632&type=branch&page=2&page_size=10&fields=items.point%2Citems.name%2Citems.address_name%2Citems.reviews HTTP/1.1" 200 None
2025-10-30 21:23:13,231 - DEBUG - [получить_магазины_в_районе] - Статус ответа: 200
2025-10-30 21:23:13,231 - INFO - [получить_магазины_в_районе] - Загружено 10 магазинов со страницы 2
2025-10-30 21:23:13,732 - DEBUG - [получить_магазины_в_районе] - Запрос страницы 3 для района Очаково-Матвеевское
2025-10-30 21:23:13,733 - DEBUG - [_new_conn] - Starting new HTTPS connection (1): catalog.api.2gis.com:443
2025-10-30 21:23:14,149 - DEBUG - [_make_request] - https://catalog.api.2gis.com:443 "GET /3.0/items?key=18ee47f5-2184-45df-ac89-779be9385d71&q=%D0%BC%D0%B0%D0%B3%D0%B0%D0%B7%D0%B8%D0%BD&district_id=4504209512726632&type=branch&page=3&page_size=10&fields=items.point%2Citems.name%2Citems.address_name%2Citems.reviews HTTP/1.1" 200 None
2025-10-30 21:23:14,150 - DEBUG - [получить_магазины_в_районе] - Статус ответа: 200
2025-10-30 21:23:14,150 - INFO - [получить_магазины_в_районе] - Загружено 10 магазинов со страницы 3
2025-10-30 21:23:14,651 - DEBUG - [получить_магазины_в_районе] - Запрос страницы 4 для района Очаково-Матвеевское
2025-10-30 21:23:14,652 - DEBUG - [_new_conn] - Starting new HTTPS connection (1): catalog.api.2gis.com:443
2025-10-30 21:23:15,082 - DEBUG - [_make_request] - https://catalog.api.2gis.com:443 "GET /3.0/items?key=18ee47f5-2184-45df-ac89-779be9385d71&q=%D0%BC%D0%B0%D0%B3%D0%B0%D0%B7%D0%B8%D0%BD&district_id=4504209512726632&type=branch&page=4&page_size=10&fields=items.point%2Citems.name%2Citems.address_name%2Citems.reviews HTTP/1.1" 200 None
2025-10-30 21:23:15,083 - DEBUG - [получить_магазины_в_районе] - Статус ответа: 200
2025-10-30 21:23:15,083 - INFO - [получить_магазины_в_районе] - Загружено 10 магазинов со страницы 4
2025-10-30 21:23:15,584 - DEBUG - [получить_магазины_в_районе] - Запрос страницы 5 для района Очаково-Матвеевское
2025-10-30 21:23:15,585 - DEBUG - [_new_conn] - Starting new HTTPS connection (1): catalog.api.2gis.com:443
2025-10-30 21:23:15,994 - DEBUG - [_make_request] - https://catalog.api.2gis.com:443 "GET /3.0/items?key=18ee47f5-2184-45df-ac89-779be9385d71&q=%D0%BC%D0%B0%D0%B3%D0%B0%D0%B7%D0%B8%D0%BD&district_id=4504209512726632&type=branch&page=5&page_size=10&fields=items.point%2Citems.name%2Citems.address_name%2Citems.reviews HTTP/1.1" 200 None
2025-10-30 21:23:15,995 - DEBUG - [получить_магазины_в_районе] - Статус ответа: 200
2025-10-30 21:23:15,996 - INFO - [получить_магазины_в_районе] - Загружено 10 магазинов со страницы 5
2025-10-30 21:23:15,997 - INFO - [получить_магазины_в_районе] - Завершение сбора для района Очаково-Матвеевское. Найдено магазинов: 50
2025-10-30 21:23:15,998 - INFO - [<cell line: 0>] - Район 'Очаково-Матвеевское' завершен. Магазинов: 50
2025-10-30 21:23:17,000 - INFO - [<cell line: 0>] - [81/132] Обработка района: Перово
2025-10-30 21:23:17,001 - INFO - [получить_магазины_в_районе] - Начало сбора магазинов для района: Перово (ID: 4504209512726581)
2025-10-30 21:23:17,003 - DEBUG - [получить_магазины_в_районе] - Запрос страницы 1 для района Перово
2025-10-30 21:23:17,005 - DEBUG - [_new_conn] - Starting new HTTPS connection (1): catalog.api.2gis.com:443
2025-10-30 21:23:17,413 - DEBUG - [_make_request] - https://catalog.api.2gis.com:443 "GET /3.0/items?key=18ee47f5-2184-45df-ac89-779be9385d71&q=%D0%BC%D0%B0%D0%B3%D0%B0%D0%B7%D0%B8%D0%BD&district_id=4504209512726581&type=branch&page=1&page_size=10&fields=items.point%2Citems.name%2Citems.address_name%2Citems.reviews HTTP/1.1" 200 None
2025-10-30 21:23:17,413 - DEBUG - [получить_магазины_в_районе] - Статус ответа: 200
2025-10-30 21:23:17,414 - INFO - [получить_магазины_в_районе] - Загружено 10 магазинов со страницы 1
2025-10-30 21:23:17,915 - DEBUG - [получить_магазины_в_районе] - Запрос страницы 2 для района Перово
2025-10-30 21:23:17,916 - DEBUG - [_new_conn] - Starting new HTTPS connection (1): catalog.api.2gis.com:443
2025-10-30 21:23:18,355 - DEBUG - [_make_request] - https://catalog.api.2gis.com:443 "GET /3.0/items?key=18ee47f5-2184-45df-ac89-779be9385d71&q=%D0%BC%D0%B0%D0%B3%D0%B0%D0%B7%D0%B8%D0%BD&district_id=4504209512726581&type=branch&page=2&page_size=10&fields=items.point%2Citems.name%2Citems.address_name%2Citems.reviews HTTP/1.1" 200 None
2025-10-30 21:23:18,356 - DEBUG - [получить_магазины_в_районе] - Статус ответа: 200
2025-10-30 21:23:18,356 - INFO - [получить_магазины_в_районе] - Загружено 10 магазинов со страницы 2
2025-10-30 21:23:18,857 - DEBUG - [получить_магазины_в_районе] - Запрос страницы 3 для района Перово
2025-10-30 21:23:18,858 - DEBUG - [_new_conn] - Starting new HTTPS connection (1): catalog.api.2gis.com:443
2025-10-30 21:23:19,272 - DEBUG - [_make_request] - https://catalog.api.2gis.com:443 "GET /3.0/items?key=18ee47f5-2184-45df-ac89-779be9385d71&q=%D0%BC%D0%B0%D0%B3%D0%B0%D0%B7%D0%B8%D0%BD&district_id=4504209512726581&type=branch&page=3&page_size=10&fields=items.point%2Citems.name%2Citems.address_name%2Citems.reviews HTTP/1.1" 200 None
2025-10-30 21:23:19,273 - DEBUG - [получить_магазины_в_районе] - Статус ответа: 200
2025-10-30 21:23:19,273 - INFO - [получить_магазины_в_районе] - Загружено 10 магазинов со страницы 3
2025-10-30 21:23:19,774 - DEBUG - [получить_магазины_в_районе] - Запрос страницы 4 для района Перово
2025-10-30 21:23:19,775 - DEBUG - [_new_conn] - Starting new HTTPS connection (1): catalog.api.2gis.com:443
2025-10-30 21:23:20,197 - DEBUG - [_make_request] - https://catalog.api.2gis.com:443 "GET /3.0/items?key=18ee47f5-2184-45df-ac89-779be9385d71&q=%D0%BC%D0%B0%D0%B3%D0%B0%D0%B7%D0%B8%D0%BD&district_id=4504209512726581&type=branch&page=4&page_size=10&fields=items.point%2Citems.name%2Citems.address_name%2Citems.reviews HTTP/1.1" 200 None
2025-10-30 21:23:20,198 - DEBUG - [получить_магазины_в_районе] - Статус ответа: 200
2025-10-30 21:23:20,199 - INFO - [получить_магазины_в_районе] - Загружено 10 магазинов со страницы 4
2025-10-30 21:23:20,700 - DEBUG - [получить_магазины_в_районе] - Запрос страницы 5 для района Перово
2025-10-30 21:23:20,701 - DEBUG - [_new_conn] - Starting new HTTPS connection (1): catalog.api.2gis.com:443
2025-10-30 21:23:21,111 - DEBUG - [_make_request] - https://catalog.api.2gis.com:443 "GET /3.0/items?key=18ee47f5-2184-45df-ac89-779be9385d71&q=%D0%BC%D0%B0%D0%B3%D0%B0%D0%B7%D0%B8%D0%BD&district_id=4504209512726581&type=branch&page=5&page_size=10&fields=items.point%2Citems.name%2Citems.address_name%2Citems.reviews HTTP/1.1" 200 None
2025-10-30 21:23:21,112 - DEBUG - [получить_магазины_в_районе] - Статус ответа: 200
2025-10-30 21:23:21,112 - INFO - [получить_магазины_в_районе] - Загружено 10 магазинов со страницы 5
2025-10-30 21:23:21,113 - INFO - [получить_магазины_в_районе] - Завершение сбора для района Перово. Найдено магазинов: 50
2025-10-30 21:23:21,114 - INFO - [<cell line: 0>] - Район 'Перово' завершен. Магазинов: 50
2025-10-30 21:23:22,117 - INFO - [<cell line: 0>] - [82/132] Обработка района: Печатники
2025-10-30 21:23:22,117 - INFO - [получить_магазины_в_районе] - Начало сбора магазинов для района: Печатники (ID: 4504209512726593)
2025-10-30 21:23:22,118 - DEBUG - [получить_магазины_в_районе] - Запрос страницы 1 для района Печатники
2025-10-30 21:23:22,120 - DEBUG - [_new_conn] - Starting new HTTPS connection (1): catalog.api.2gis.com:443
2025-10-30 21:23:22,555 - DEBUG - [_make_request] - https://catalog.api.2gis.com:443 "GET /3.0/items?key=18ee47f5-2184-45df-ac89-779be9385d71&q=%D0%BC%D0%B0%D0%B3%D0%B0%D0%B7%D0%B8%D0%BD&district_id=4504209512726593&type=branch&page=1&page_size=10&fields=items.point%2Citems.name%2Citems.address_name%2Citems.reviews HTTP/1.1" 200 None
2025-10-30 21:23:22,555 - DEBUG - [получить_магазины_в_районе] - Статус ответа: 200
2025-10-30 21:23:22,556 - INFO - [получить_магазины_в_районе] - Загружено 10 магазинов со страницы 1
2025-10-30 21:23:23,057 - DEBUG - [получить_магазины_в_районе] - Запрос страницы 2 для района Печатники
2025-10-30 21:23:23,059 - DEBUG - [_new_conn] - Starting new HTTPS connection (1): catalog.api.2gis.com:443
2025-10-30 21:23:23,473 - DEBUG - [_make_request] - https://catalog.api.2gis.com:443 "GET /3.0/items?key=18ee47f5-2184-45df-ac89-779be9385d71&q=%D0%BC%D0%B0%D0%B3%D0%B0%D0%B7%D0%B8%D0%BD&district_id=4504209512726593&type=branch&page=2&page_size=10&fields=items.point%2Citems.name%2Citems.address_name%2Citems.reviews HTTP/1.1" 200 None
2025-10-30 21:23:23,474 - DEBUG - [получить_магазины_в_районе] - Статус ответа: 200
2025-10-30 21:23:23,474 - INFO - [получить_магазины_в_районе] - Загружено 10 магазинов со страницы 2
2025-10-30 21:23:23,975 - DEBUG - [получить_магазины_в_районе] - Запрос страницы 3 для района Печатники
2025-10-30 21:23:23,977 - DEBUG - [_new_conn] - Starting new HTTPS connection (1): catalog.api.2gis.com:443
2025-10-30 21:23:24,377 - DEBUG - [_make_request] - https://catalog.api.2gis.com:443 "GET /3.0/items?key=18ee47f5-2184-45df-ac89-779be9385d71&q=%D0%BC%D0%B0%D0%B3%D0%B0%D0%B7%D0%B8%D0%BD&district_id=4504209512726593&type=branch&page=3&page_size=10&fields=items.point%2Citems.name%2Citems.address_name%2Citems.reviews HTTP/1.1" 200 None
2025-10-30 21:23:24,379 - DEBUG - [получить_магазины_в_районе] - Статус ответа: 200
2025-10-30 21:23:24,379 - INFO - [получить_магазины_в_районе] - Загружено 10 магазинов со страницы 3
2025-10-30 21:23:24,880 - DEBUG - [получить_магазины_в_районе] - Запрос страницы 4 для района Печатники
2025-10-30 21:23:24,881 - DEBUG - [_new_conn] - Starting new HTTPS connection (1): catalog.api.2gis.com:443
2025-10-30 21:23:25,311 - DEBUG - [_make_request] - https://catalog.api.2gis.com:443 "GET /3.0/items?key=18ee47f5-2184-45df-ac89-779be9385d71&q=%D0%BC%D0%B0%D0%B3%D0%B0%D0%B7%D0%B8%D0%BD&district_id=4504209512726593&type=branch&page=4&page_size=10&fields=items.point%2Citems.name%2Citems.address_name%2Citems.reviews HTTP/1.1" 200 None
2025-10-30 21:23:25,312 - DEBUG - [получить_магазины_в_районе] - Статус ответа: 200
2025-10-30 21:23:25,313 - INFO - [получить_магазины_в_районе] - Загружено 10 магазинов со страницы 4
2025-10-30 21:23:25,814 - DEBUG - [получить_магазины_в_районе] - Запрос страницы 5 для района Печатники
2025-10-30 21:23:25,815 - DEBUG - [_new_conn] - Starting new HTTPS connection (1): catalog.api.2gis.com:443
2025-10-30 21:23:26,234 - DEBUG - [_make_request] - https://catalog.api.2gis.com:443 "GET /3.0/items?key=18ee47f5-2184-45df-ac89-779be9385d71&q=%D0%BC%D0%B0%D0%B3%D0%B0%D0%B7%D0%B8%D0%BD&district_id=4504209512726593&type=branch&page=5&page_size=10&fields=items.point%2Citems.name%2Citems.address_name%2Citems.reviews HTTP/1.1" 200 None
2025-10-30 21:23:26,234 - DEBUG - [получить_магазины_в_районе] - Статус ответа: 200
2025-10-30 21:23:26,235 - INFO - [получить_магазины_в_районе] - Загружено 10 магазинов со страницы 5
2025-10-30 21:23:26,235 - INFO - [получить_магазины_в_районе] - Завершение сбора для района Печатники. Найдено магазинов: 50
2025-10-30 21:23:26,237 - INFO - [<cell line: 0>] - Район 'Печатники' завершен. Магазинов: 50
2025-10-30 21:23:27,238 - INFO - [<cell line: 0>] - [83/132] Обработка района: Покровское-Стрешнево
2025-10-30 21:23:27,239 - INFO - [получить_магазины_в_районе] - Начало сбора магазинов для района: Покровское-Стрешнево (ID: 4504209512726650)
2025-10-30 21:23:27,240 - DEBUG - [получить_магазины_в_районе] - Запрос страницы 1 для района Покровское-Стрешнево
2025-10-30 21:23:27,242 - DEBUG - [_new_conn] - Starting new HTTPS connection (1): catalog.api.2gis.com:443
2025-10-30 21:23:27,800 - DEBUG - [_make_request] - https://catalog.api.2gis.com:443 "GET /3.0/items?key=18ee47f5-2184-45df-ac89-779be9385d71&q=%D0%BC%D0%B0%D0%B3%D0%B0%D0%B7%D0%B8%D0%BD&district_id=4504209512726650&type=branch&page=1&page_size=10&fields=items.point%2Citems.name%2Citems.address_name%2Citems.reviews HTTP/1.1" 200 None
2025-10-30 21:23:27,801 - DEBUG - [получить_магазины_в_районе] - Статус ответа: 200
2025-10-30 21:23:27,801 - INFO - [получить_магазины_в_районе] - Загружено 10 магазинов со страницы 1
2025-10-30 21:23:28,302 - DEBUG - [получить_магазины_в_районе] - Запрос страницы 2 для района Покровское-Стрешнево
2025-10-30 21:23:28,303 - DEBUG - [_new_conn] - Starting new HTTPS connection (1): catalog.api.2gis.com:443
2025-10-30 21:23:28,757 - DEBUG - [_make_request] - https://catalog.api.2gis.com:443 "GET /3.0/items?key=18ee47f5-2184-45df-ac89-779be9385d71&q=%D0%BC%D0%B0%D0%B3%D0%B0%D0%B7%D0%B8%D0%BD&district_id=4504209512726650&type=branch&page=2&page_size=10&fields=items.point%2Citems.name%2Citems.address_name%2Citems.reviews HTTP/1.1" 200 None
2025-10-30 21:23:28,758 - DEBUG - [получить_магазины_в_районе] - Статус ответа: 200
2025-10-30 21:23:28,758 - INFO - [получить_магазины_в_районе] - Загружено 10 магазинов со страницы 2
2025-10-30 21:23:29,259 - DEBUG - [получить_магазины_в_районе] - Запрос страницы 3 для района Покровское-Стрешнево
2025-10-30 21:23:29,260 - DEBUG - [_new_conn] - Starting new HTTPS connection (1): catalog.api.2gis.com:443
2025-10-30 21:23:29,686 - DEBUG - [_make_request] - https://catalog.api.2gis.com:443 "GET /3.0/items?key=18ee47f5-2184-45df-ac89-779be9385d71&q=%D0%BC%D0%B0%D0%B3%D0%B0%D0%B7%D0%B8%D0%BD&district_id=4504209512726650&type=branch&page=3&page_size=10&fields=items.point%2Citems.name%2Citems.address_name%2Citems.reviews HTTP/1.1" 200 None
2025-10-30 21:23:29,687 - DEBUG - [получить_магазины_в_районе] - Статус ответа: 200
2025-10-30 21:23:29,687 - INFO - [получить_магазины_в_районе] - Загружено 10 магазинов со страницы 3
2025-10-30 21:23:30,189 - DEBUG - [получить_магазины_в_районе] - Запрос страницы 4 для района Покровское-Стрешнево
2025-10-30 21:23:30,190 - DEBUG - [_new_conn] - Starting new HTTPS connection (1): catalog.api.2gis.com:443
2025-10-30 21:23:30,648 - DEBUG - [_make_request] - https://catalog.api.2gis.com:443 "GET /3.0/items?key=18ee47f5-2184-45df-ac89-779be9385d71&q=%D0%BC%D0%B0%D0%B3%D0%B0%D0%B7%D0%B8%D0%BD&district_id=4504209512726650&type=branch&page=4&page_size=10&fields=items.point%2Citems.name%2Citems.address_name%2Citems.reviews HTTP/1.1" 200 None
2025-10-30 21:23:30,649 - DEBUG - [получить_магазины_в_районе] - Статус ответа: 200
2025-10-30 21:23:30,649 - INFO - [получить_магазины_в_районе] - Загружено 10 магазинов со страницы 4
2025-10-30 21:23:31,150 - DEBUG - [получить_магазины_в_районе] - Запрос страницы 5 для района Покровское-Стрешнево
2025-10-30 21:23:31,151 - DEBUG - [_new_conn] - Starting new HTTPS connection (1): catalog.api.2gis.com:443
2025-10-30 21:23:31,576 - DEBUG - [_make_request] - https://catalog.api.2gis.com:443 "GET /3.0/items?key=18ee47f5-2184-45df-ac89-779be9385d71&q=%D0%BC%D0%B0%D0%B3%D0%B0%D0%B7%D0%B8%D0%BD&district_id=4504209512726650&type=branch&page=5&page_size=10&fields=items.point%2Citems.name%2Citems.address_name%2Citems.reviews HTTP/1.1" 200 None
2025-10-30 21:23:31,577 - DEBUG - [получить_магазины_в_районе] - Статус ответа: 200
2025-10-30 21:23:31,577 - INFO - [получить_магазины_в_районе] - Загружено 10 магазинов со страницы 5
2025-10-30 21:23:31,578 - INFO - [получить_магазины_в_районе] - Завершение сбора для района Покровское-Стрешнево. Найдено магазинов: 50
2025-10-30 21:23:31,580 - INFO - [<cell line: 0>] - Район 'Покровское-Стрешнево' завершен. Магазинов: 50
2025-10-30 21:23:32,582 - INFO - [<cell line: 0>] - [84/132] Обработка района: Преображенское
2025-10-30 21:23:32,583 - INFO - [получить_магазины_в_районе] - Начало сбора магазинов для района: Преображенское (ID: 4504209512726584)
2025-10-30 21:23:32,584 - DEBUG - [получить_магазины_в_районе] - Запрос страницы 1 для района Преображенское
2025-10-30 21:23:32,586 - DEBUG - [_new_conn] - Starting new HTTPS connection (1): catalog.api.2gis.com:443
2025-10-30 21:23:32,983 - DEBUG - [_make_request] - https://catalog.api.2gis.com:443 "GET /3.0/items?key=18ee47f5-2184-45df-ac89-779be9385d71&q=%D0%BC%D0%B0%D0%B3%D0%B0%D0%B7%D0%B8%D0%BD&district_id=4504209512726584&type=branch&page=1&page_size=10&fields=items.point%2Citems.name%2Citems.address_name%2Citems.reviews HTTP/1.1" 200 None
2025-10-30 21:23:32,983 - DEBUG - [получить_магазины_в_районе] - Статус ответа: 200
2025-10-30 21:23:32,984 - INFO - [получить_магазины_в_районе] - Загружено 10 магазинов со страницы 1
2025-10-30 21:23:33,485 - DEBUG - [получить_магазины_в_районе] - Запрос страницы 2 для района Преображенское
2025-10-30 21:23:33,486 - DEBUG - [_new_conn] - Starting new HTTPS connection (1): catalog.api.2gis.com:443
2025-10-30 21:23:33,897 - DEBUG - [_make_request] - https://catalog.api.2gis.com:443 "GET /3.0/items?key=18ee47f5-2184-45df-ac89-779be9385d71&q=%D0%BC%D0%B0%D0%B3%D0%B0%D0%B7%D0%B8%D0%BD&district_id=4504209512726584&type=branch&page=2&page_size=10&fields=items.point%2Citems.name%2Citems.address_name%2Citems.reviews HTTP/1.1" 200 None
2025-10-30 21:23:33,898 - DEBUG - [получить_магазины_в_районе] - Статус ответа: 200
2025-10-30 21:23:33,898 - INFO - [получить_магазины_в_районе] - Загружено 10 магазинов со страницы 2
2025-10-30 21:23:34,399 - DEBUG - [получить_магазины_в_районе] - Запрос страницы 3 для района Преображенское
2025-10-30 21:23:34,401 - DEBUG - [_new_conn] - Starting new HTTPS connection (1): catalog.api.2gis.com:443
2025-10-30 21:23:34,809 - DEBUG - [_make_request] - https://catalog.api.2gis.com:443 "GET /3.0/items?key=18ee47f5-2184-45df-ac89-779be9385d71&q=%D0%BC%D0%B0%D0%B3%D0%B0%D0%B7%D0%B8%D0%BD&district_id=4504209512726584&type=branch&page=3&page_size=10&fields=items.point%2Citems.name%2Citems.address_name%2Citems.reviews HTTP/1.1" 200 None
2025-10-30 21:23:34,811 - DEBUG - [получить_магазины_в_районе] - Статус ответа: 200
2025-10-30 21:23:34,811 - INFO - [получить_магазины_в_районе] - Загружено 10 магазинов со страницы 3
2025-10-30 21:23:35,312 - DEBUG - [получить_магазины_в_районе] - Запрос страницы 4 для района Преображенское
2025-10-30 21:23:35,314 - DEBUG - [_new_conn] - Starting new HTTPS connection (1): catalog.api.2gis.com:443
2025-10-30 21:23:35,758 - DEBUG - [_make_request] - https://catalog.api.2gis.com:443 "GET /3.0/items?key=18ee47f5-2184-45df-ac89-779be9385d71&q=%D0%BC%D0%B0%D0%B3%D0%B0%D0%B7%D0%B8%D0%BD&district_id=4504209512726584&type=branch&page=4&page_size=10&fields=items.point%2Citems.name%2Citems.address_name%2Citems.reviews HTTP/1.1" 200 None
2025-10-30 21:23:35,760 - DEBUG - [получить_магазины_в_районе] - Статус ответа: 200
2025-10-30 21:23:35,760 - INFO - [получить_магазины_в_районе] - Загружено 10 магазинов со страницы 4
2025-10-30 21:23:36,261 - DEBUG - [получить_магазины_в_районе] - Запрос страницы 5 для района Преображенское
2025-10-30 21:23:36,263 - DEBUG - [_new_conn] - Starting new HTTPS connection (1): catalog.api.2gis.com:443
2025-10-30 21:23:36,675 - DEBUG - [_make_request] - https://catalog.api.2gis.com:443 "GET /3.0/items?key=18ee47f5-2184-45df-ac89-779be9385d71&q=%D0%BC%D0%B0%D0%B3%D0%B0%D0%B7%D0%B8%D0%BD&district_id=4504209512726584&type=branch&page=5&page_size=10&fields=items.point%2Citems.name%2Citems.address_name%2Citems.reviews HTTP/1.1" 200 None
2025-10-30 21:23:36,676 - DEBUG - [получить_магазины_в_районе] - Статус ответа: 200
2025-10-30 21:23:36,676 - INFO - [получить_магазины_в_районе] - Загружено 10 магазинов со страницы 5
2025-10-30 21:23:36,677 - INFO - [получить_магазины_в_районе] - Завершение сбора для района Преображенское. Найдено магазинов: 50
2025-10-30 21:23:36,678 - INFO - [<cell line: 0>] - Район 'Преображенское' завершен. Магазинов: 50
2025-10-30 21:23:37,679 - INFO - [<cell line: 0>] - [85/132] Обработка района: Пресненский
2025-10-30 21:23:37,680 - INFO - [получить_магазины_в_районе] - Начало сбора магазинов для района: Пресненский (ID: 4504209512726539)
2025-10-30 21:23:37,681 - DEBUG - [получить_магазины_в_районе] - Запрос страницы 1 для района Пресненский
2025-10-30 21:23:37,683 - DEBUG - [_new_conn] - Starting new HTTPS connection (1): catalog.api.2gis.com:443
2025-10-30 21:23:38,102 - DEBUG - [_make_request] - https://catalog.api.2gis.com:443 "GET /3.0/items?key=18ee47f5-2184-45df-ac89-779be9385d71&q=%D0%BC%D0%B0%D0%B3%D0%B0%D0%B7%D0%B8%D0%BD&district_id=4504209512726539&type=branch&page=1&page_size=10&fields=items.point%2Citems.name%2Citems.address_name%2Citems.reviews HTTP/1.1" 200 None
2025-10-30 21:23:38,103 - DEBUG - [получить_магазины_в_районе] - Статус ответа: 200
2025-10-30 21:23:38,103 - INFO - [получить_магазины_в_районе] - Загружено 10 магазинов со страницы 1
2025-10-30 21:23:38,604 - DEBUG - [получить_магазины_в_районе] - Запрос страницы 2 для района Пресненский
2025-10-30 21:23:38,606 - DEBUG - [_new_conn] - Starting new HTTPS connection (1): catalog.api.2gis.com:443
2025-10-30 21:23:39,043 - DEBUG - [_make_request] - https://catalog.api.2gis.com:443 "GET /3.0/items?key=18ee47f5-2184-45df-ac89-779be9385d71&q=%D0%BC%D0%B0%D0%B3%D0%B0%D0%B7%D0%B8%D0%BD&district_id=4504209512726539&type=branch&page=2&page_size=10&fields=items.point%2Citems.name%2Citems.address_name%2Citems.reviews HTTP/1.1" 200 None
2025-10-30 21:23:39,044 - DEBUG - [получить_магазины_в_районе] - Статус ответа: 200
2025-10-30 21:23:39,044 - INFO - [получить_магазины_в_районе] - Загружено 10 магазинов со страницы 2
2025-10-30 21:23:39,545 - DEBUG - [получить_магазины_в_районе] - Запрос страницы 3 для района Пресненский
2025-10-30 21:23:39,547 - DEBUG - [_new_conn] - Starting new HTTPS connection (1): catalog.api.2gis.com:443
2025-10-30 21:23:39,965 - DEBUG - [_make_request] - https://catalog.api.2gis.com:443 "GET /3.0/items?key=18ee47f5-2184-45df-ac89-779be9385d71&q=%D0%BC%D0%B0%D0%B3%D0%B0%D0%B7%D0%B8%D0%BD&district_id=4504209512726539&type=branch&page=3&page_size=10&fields=items.point%2Citems.name%2Citems.address_name%2Citems.reviews HTTP/1.1" 200 None
2025-10-30 21:23:39,966 - DEBUG - [получить_магазины_в_районе] - Статус ответа: 200
2025-10-30 21:23:39,966 - INFO - [получить_магазины_в_районе] - Загружено 10 магазинов со страницы 3
2025-10-30 21:23:40,467 - DEBUG - [получить_магазины_в_районе] - Запрос страницы 4 для района Пресненский
2025-10-30 21:23:40,468 - DEBUG - [_new_conn] - Starting new HTTPS connection (1): catalog.api.2gis.com:443
2025-10-30 21:23:40,909 - DEBUG - [_make_request] - https://catalog.api.2gis.com:443 "GET /3.0/items?key=18ee47f5-2184-45df-ac89-779be9385d71&q=%D0%BC%D0%B0%D0%B3%D0%B0%D0%B7%D0%B8%D0%BD&district_id=4504209512726539&type=branch&page=4&page_size=10&fields=items.point%2Citems.name%2Citems.address_name%2Citems.reviews HTTP/1.1" 200 None
2025-10-30 21:23:40,911 - DEBUG - [получить_магазины_в_районе] - Статус ответа: 200
2025-10-30 21:23:40,911 - INFO - [получить_магазины_в_районе] - Загружено 10 магазинов со страницы 4
2025-10-30 21:23:41,412 - DEBUG - [получить_магазины_в_районе] - Запрос страницы 5 для района Пресненский
2025-10-30 21:23:41,413 - DEBUG - [_new_conn] - Starting new HTTPS connection (1): catalog.api.2gis.com:443
2025-10-30 21:23:41,834 - DEBUG - [_make_request] - https://catalog.api.2gis.com:443 "GET /3.0/items?key=18ee47f5-2184-45df-ac89-779be9385d71&q=%D0%BC%D0%B0%D0%B3%D0%B0%D0%B7%D0%B8%D0%BD&district_id=4504209512726539&type=branch&page=5&page_size=10&fields=items.point%2Citems.name%2Citems.address_name%2Citems.reviews HTTP/1.1" 200 None
2025-10-30 21:23:41,835 - DEBUG - [получить_магазины_в_районе] - Статус ответа: 200
2025-10-30 21:23:41,835 - INFO - [получить_магазины_в_районе] - Загружено 10 магазинов со страницы 5
2025-10-30 21:23:41,836 - INFO - [получить_магазины_в_районе] - Завершение сбора для района Пресненский. Найдено магазинов: 50
2025-10-30 21:23:41,839 - INFO - [<cell line: 0>] - Район 'Пресненский' завершен. Магазинов: 50
2025-10-30 21:23:42,840 - INFO - [<cell line: 0>] - [86/132] Обработка района: Проспект Вернадского
2025-10-30 21:23:42,841 - INFO - [получить_магазины_в_районе] - Начало сбора магазинов для района: Проспект Вернадского (ID: 4504209512726631)
2025-10-30 21:23:42,842 - DEBUG - [получить_магазины_в_районе] - Запрос страницы 1 для района Проспект Вернадского
2025-10-30 21:23:42,845 - DEBUG - [_new_conn] - Starting new HTTPS connection (1): catalog.api.2gis.com:443
2025-10-30 21:23:43,244 - DEBUG - [_make_request] - https://catalog.api.2gis.com:443 "GET /3.0/items?key=18ee47f5-2184-45df-ac89-779be9385d71&q=%D0%BC%D0%B0%D0%B3%D0%B0%D0%B7%D0%B8%D0%BD&district_id=4504209512726631&type=branch&page=1&page_size=10&fields=items.point%2Citems.name%2Citems.address_name%2Citems.reviews HTTP/1.1" 200 None
2025-10-30 21:23:43,245 - DEBUG - [получить_магазины_в_районе] - Статус ответа: 200
2025-10-30 21:23:43,245 - INFO - [получить_магазины_в_районе] - Загружено 10 магазинов со страницы 1
2025-10-30 21:23:43,746 - DEBUG - [получить_магазины_в_районе] - Запрос страницы 2 для района Проспект Вернадского
2025-10-30 21:23:43,748 - DEBUG - [_new_conn] - Starting new HTTPS connection (1): catalog.api.2gis.com:443
2025-10-30 21:23:44,162 - DEBUG - [_make_request] - https://catalog.api.2gis.com:443 "GET /3.0/items?key=18ee47f5-2184-45df-ac89-779be9385d71&q=%D0%BC%D0%B0%D0%B3%D0%B0%D0%B7%D0%B8%D0%BD&district_id=4504209512726631&type=branch&page=2&page_size=10&fields=items.point%2Citems.name%2Citems.address_name%2Citems.reviews HTTP/1.1" 200 None
2025-10-30 21:23:44,163 - DEBUG - [получить_магазины_в_районе] - Статус ответа: 200
2025-10-30 21:23:44,164 - INFO - [получить_магазины_в_районе] - Загружено 10 магазинов со страницы 2
2025-10-30 21:23:44,665 - DEBUG - [получить_магазины_в_районе] - Запрос страницы 3 для района Проспект Вернадского
2025-10-30 21:23:44,666 - DEBUG - [_new_conn] - Starting new HTTPS connection (1): catalog.api.2gis.com:443
2025-10-30 21:23:45,089 - DEBUG - [_make_request] - https://catalog.api.2gis.com:443 "GET /3.0/items?key=18ee47f5-2184-45df-ac89-779be9385d71&q=%D0%BC%D0%B0%D0%B3%D0%B0%D0%B7%D0%B8%D0%BD&district_id=4504209512726631&type=branch&page=3&page_size=10&fields=items.point%2Citems.name%2Citems.address_name%2Citems.reviews HTTP/1.1" 200 None
2025-10-30 21:23:45,090 - DEBUG - [получить_магазины_в_районе] - Статус ответа: 200
2025-10-30 21:23:45,090 - INFO - [получить_магазины_в_районе] - Загружено 10 магазинов со страницы 3
2025-10-30 21:23:45,591 - DEBUG - [получить_магазины_в_районе] - Запрос страницы 4 для района Проспект Вернадского
2025-10-30 21:23:45,592 - DEBUG - [_new_conn] - Starting new HTTPS connection (1): catalog.api.2gis.com:443
2025-10-30 21:23:45,996 - DEBUG - [_make_request] - https://catalog.api.2gis.com:443 "GET /3.0/items?key=18ee47f5-2184-45df-ac89-779be9385d71&q=%D0%BC%D0%B0%D0%B3%D0%B0%D0%B7%D0%B8%D0%BD&district_id=4504209512726631&type=branch&page=4&page_size=10&fields=items.point%2Citems.name%2Citems.address_name%2Citems.reviews HTTP/1.1" 200 None
2025-10-30 21:23:45,997 - DEBUG - [получить_магазины_в_районе] - Статус ответа: 200
2025-10-30 21:23:45,998 - INFO - [получить_магазины_в_районе] - Загружено 10 магазинов со страницы 4
2025-10-30 21:23:46,499 - DEBUG - [получить_магазины_в_районе] - Запрос страницы 5 для района Проспект Вернадского
2025-10-30 21:23:46,504 - DEBUG - [_new_conn] - Starting new HTTPS connection (1): catalog.api.2gis.com:443
2025-10-30 21:23:46,916 - DEBUG - [_make_request] - https://catalog.api.2gis.com:443 "GET /3.0/items?key=18ee47f5-2184-45df-ac89-779be9385d71&q=%D0%BC%D0%B0%D0%B3%D0%B0%D0%B7%D0%B8%D0%BD&district_id=4504209512726631&type=branch&page=5&page_size=10&fields=items.point%2Citems.name%2Citems.address_name%2Citems.reviews HTTP/1.1" 200 None
2025-10-30 21:23:46,917 - DEBUG - [получить_магазины_в_районе] - Статус ответа: 200
2025-10-30 21:23:46,917 - INFO - [получить_магазины_в_районе] - Загружено 10 магазинов со страницы 5
2025-10-30 21:23:46,918 - INFO - [получить_магазины_в_районе] - Завершение сбора для района Проспект Вернадского. Найдено магазинов: 50
2025-10-30 21:23:46,921 - INFO - [<cell line: 0>] - Район 'Проспект Вернадского' завершен. Магазинов: 50
2025-10-30 21:23:47,923 - INFO - [<cell line: 0>] - [87/132] Обработка района: Раменки
2025-10-30 21:23:47,924 - INFO - [получить_магазины_в_районе] - Начало сбора магазинов для района: Раменки (ID: 4504209512726639)
2025-10-30 21:23:47,925 - DEBUG - [получить_магазины_в_районе] - Запрос страницы 1 для района Раменки
2025-10-30 21:23:47,926 - DEBUG - [_new_conn] - Starting new HTTPS connection (1): catalog.api.2gis.com:443
2025-10-30 21:23:48,348 - DEBUG - [_make_request] - https://catalog.api.2gis.com:443 "GET /3.0/items?key=18ee47f5-2184-45df-ac89-779be9385d71&q=%D0%BC%D0%B0%D0%B3%D0%B0%D0%B7%D0%B8%D0%BD&district_id=4504209512726639&type=branch&page=1&page_size=10&fields=items.point%2Citems.name%2Citems.address_name%2Citems.reviews HTTP/1.1" 200 None
2025-10-30 21:23:48,349 - DEBUG - [получить_магазины_в_районе] - Статус ответа: 200
2025-10-30 21:23:48,349 - INFO - [получить_магазины_в_районе] - Загружено 10 магазинов со страницы 1
2025-10-30 21:23:48,850 - DEBUG - [получить_магазины_в_районе] - Запрос страницы 2 для района Раменки
2025-10-30 21:23:48,851 - DEBUG - [_new_conn] - Starting new HTTPS connection (1): catalog.api.2gis.com:443
2025-10-30 21:23:49,255 - DEBUG - [_make_request] - https://catalog.api.2gis.com:443 "GET /3.0/items?key=18ee47f5-2184-45df-ac89-779be9385d71&q=%D0%BC%D0%B0%D0%B3%D0%B0%D0%B7%D0%B8%D0%BD&district_id=4504209512726639&type=branch&page=2&page_size=10&fields=items.point%2Citems.name%2Citems.address_name%2Citems.reviews HTTP/1.1" 200 None
2025-10-30 21:23:49,256 - DEBUG - [получить_магазины_в_районе] - Статус ответа: 200
2025-10-30 21:23:49,257 - INFO - [получить_магазины_в_районе] - Загружено 10 магазинов со страницы 2
2025-10-30 21:23:49,757 - DEBUG - [получить_магазины_в_районе] - Запрос страницы 3 для района Раменки
2025-10-30 21:23:49,759 - DEBUG - [_new_conn] - Starting new HTTPS connection (1): catalog.api.2gis.com:443
2025-10-30 21:23:50,179 - DEBUG - [_make_request] - https://catalog.api.2gis.com:443 "GET /3.0/items?key=18ee47f5-2184-45df-ac89-779be9385d71&q=%D0%BC%D0%B0%D0%B3%D0%B0%D0%B7%D0%B8%D0%BD&district_id=4504209512726639&type=branch&page=3&page_size=10&fields=items.point%2Citems.name%2Citems.address_name%2Citems.reviews HTTP/1.1" 200 None
2025-10-30 21:23:50,179 - DEBUG - [получить_магазины_в_районе] - Статус ответа: 200
2025-10-30 21:23:50,180 - INFO - [получить_магазины_в_районе] - Загружено 10 магазинов со страницы 3
2025-10-30 21:23:50,681 - DEBUG - [получить_магазины_в_районе] - Запрос страницы 4 для района Раменки
2025-10-30 21:23:50,682 - DEBUG - [_new_conn] - Starting new HTTPS connection (1): catalog.api.2gis.com:443
2025-10-30 21:23:51,098 - DEBUG - [_make_request] - https://catalog.api.2gis.com:443 "GET /3.0/items?key=18ee47f5-2184-45df-ac89-779be9385d71&q=%D0%BC%D0%B0%D0%B3%D0%B0%D0%B7%D0%B8%D0%BD&district_id=4504209512726639&type=branch&page=4&page_size=10&fields=items.point%2Citems.name%2Citems.address_name%2Citems.reviews HTTP/1.1" 200 None
2025-10-30 21:23:51,099 - DEBUG - [получить_магазины_в_районе] - Статус ответа: 200
2025-10-30 21:23:51,099 - INFO - [получить_магазины_в_районе] - Загружено 10 магазинов со страницы 4
2025-10-30 21:23:51,600 - DEBUG - [получить_магазины_в_районе] - Запрос страницы 5 для района Раменки
2025-10-30 21:23:51,601 - DEBUG - [_new_conn] - Starting new HTTPS connection (1): catalog.api.2gis.com:443
2025-10-30 21:23:52,039 - DEBUG - [_make_request] - https://catalog.api.2gis.com:443 "GET /3.0/items?key=18ee47f5-2184-45df-ac89-779be9385d71&q=%D0%BC%D0%B0%D0%B3%D0%B0%D0%B7%D0%B8%D0%BD&district_id=4504209512726639&type=branch&page=5&page_size=10&fields=items.point%2Citems.name%2Citems.address_name%2Citems.reviews HTTP/1.1" 200 None
2025-10-30 21:23:52,040 - DEBUG - [получить_магазины_в_районе] - Статус ответа: 200
2025-10-30 21:23:52,040 - INFO - [получить_магазины_в_районе] - Загружено 10 магазинов со страницы 5
2025-10-30 21:23:52,041 - INFO - [получить_магазины_в_районе] - Завершение сбора для района Раменки. Найдено магазинов: 50
2025-10-30 21:23:52,043 - INFO - [<cell line: 0>] - Район 'Раменки' завершен. Магазинов: 50
2025-10-30 21:23:53,044 - INFO - [<cell line: 0>] - [88/132] Обработка района: Ростокино
2025-10-30 21:23:53,045 - INFO - [получить_магазины_в_районе] - Начало сбора магазинов для района: Ростокино (ID: 4504209512726558)
2025-10-30 21:23:53,047 - DEBUG - [получить_магазины_в_районе] - Запрос страницы 1 для района Ростокино
2025-10-30 21:23:53,048 - DEBUG - [_new_conn] - Starting new HTTPS connection (1): catalog.api.2gis.com:443
2025-10-30 21:23:53,462 - DEBUG - [_make_request] - https://catalog.api.2gis.com:443 "GET /3.0/items?key=18ee47f5-2184-45df-ac89-779be9385d71&q=%D0%BC%D0%B0%D0%B3%D0%B0%D0%B7%D0%B8%D0%BD&district_id=4504209512726558&type=branch&page=1&page_size=10&fields=items.point%2Citems.name%2Citems.address_name%2Citems.reviews HTTP/1.1" 200 None
2025-10-30 21:23:53,462 - DEBUG - [получить_магазины_в_районе] - Статус ответа: 200
2025-10-30 21:23:53,463 - INFO - [получить_магазины_в_районе] - Загружено 10 магазинов со страницы 1
2025-10-30 21:23:53,964 - DEBUG - [получить_магазины_в_районе] - Запрос страницы 2 для района Ростокино
2025-10-30 21:23:53,965 - DEBUG - [_new_conn] - Starting new HTTPS connection (1): catalog.api.2gis.com:443
2025-10-30 21:23:54,361 - DEBUG - [_make_request] - https://catalog.api.2gis.com:443 "GET /3.0/items?key=18ee47f5-2184-45df-ac89-779be9385d71&q=%D0%BC%D0%B0%D0%B3%D0%B0%D0%B7%D0%B8%D0%BD&district_id=4504209512726558&type=branch&page=2&page_size=10&fields=items.point%2Citems.name%2Citems.address_name%2Citems.reviews HTTP/1.1" 200 None
2025-10-30 21:23:54,362 - DEBUG - [получить_магазины_в_районе] - Статус ответа: 200
2025-10-30 21:23:54,363 - INFO - [получить_магазины_в_районе] - Загружено 10 магазинов со страницы 2
2025-10-30 21:23:54,864 - DEBUG - [получить_магазины_в_районе] - Запрос страницы 3 для района Ростокино
2025-10-30 21:23:54,865 - DEBUG - [_new_conn] - Starting new HTTPS connection (1): catalog.api.2gis.com:443
2025-10-30 21:23:55,272 - DEBUG - [_make_request] - https://catalog.api.2gis.com:443 "GET /3.0/items?key=18ee47f5-2184-45df-ac89-779be9385d71&q=%D0%BC%D0%B0%D0%B3%D0%B0%D0%B7%D0%B8%D0%BD&district_id=4504209512726558&type=branch&page=3&page_size=10&fields=items.point%2Citems.name%2Citems.address_name%2Citems.reviews HTTP/1.1" 200 None
2025-10-30 21:23:55,273 - DEBUG - [получить_магазины_в_районе] - Статус ответа: 200
2025-10-30 21:23:55,274 - INFO - [получить_магазины_в_районе] - Загружено 10 магазинов со страницы 3
2025-10-30 21:23:55,775 - DEBUG - [получить_магазины_в_районе] - Запрос страницы 4 для района Ростокино
2025-10-30 21:23:55,776 - DEBUG - [_new_conn] - Starting new HTTPS connection (1): catalog.api.2gis.com:443
2025-10-30 21:23:56,195 - DEBUG - [_make_request] - https://catalog.api.2gis.com:443 "GET /3.0/items?key=18ee47f5-2184-45df-ac89-779be9385d71&q=%D0%BC%D0%B0%D0%B3%D0%B0%D0%B7%D0%B8%D0%BD&district_id=4504209512726558&type=branch&page=4&page_size=10&fields=items.point%2Citems.name%2Citems.address_name%2Citems.reviews HTTP/1.1" 200 None
2025-10-30 21:23:56,196 - DEBUG - [получить_магазины_в_районе] - Статус ответа: 200
2025-10-30 21:23:56,196 - INFO - [получить_магазины_в_районе] - Загружено 10 магазинов со страницы 4
2025-10-30 21:23:56,697 - DEBUG - [получить_магазины_в_районе] - Запрос страницы 5 для района Ростокино
2025-10-30 21:23:56,698 - DEBUG - [_new_conn] - Starting new HTTPS connection (1): catalog.api.2gis.com:443
2025-10-30 21:23:57,117 - DEBUG - [_make_request] - https://catalog.api.2gis.com:443 "GET /3.0/items?key=18ee47f5-2184-45df-ac89-779be9385d71&q=%D0%BC%D0%B0%D0%B3%D0%B0%D0%B7%D0%B8%D0%BD&district_id=4504209512726558&type=branch&page=5&page_size=10&fields=items.point%2Citems.name%2Citems.address_name%2Citems.reviews HTTP/1.1" 200 None
2025-10-30 21:23:57,118 - DEBUG - [получить_магазины_в_районе] - Статус ответа: 200
2025-10-30 21:23:57,118 - INFO - [получить_магазины_в_районе] - Загружено 9 магазинов со страницы 5
2025-10-30 21:23:57,119 - INFO - [получить_магазины_в_районе] - Завершение сбора для района Ростокино. Найдено магазинов: 49
2025-10-30 21:23:57,120 - INFO - [<cell line: 0>] - Район 'Ростокино' завершен. Магазинов: 49
2025-10-30 21:23:58,122 - INFO - [<cell line: 0>] - [89/132] Обработка района: Рязанский
2025-10-30 21:23:58,124 - INFO - [получить_магазины_в_районе] - Начало сбора магазинов для района: Рязанский (ID: 4504209512726595)
2025-10-30 21:23:58,125 - DEBUG - [получить_магазины_в_районе] - Запрос страницы 1 для района Рязанский
2025-10-30 21:23:58,128 - DEBUG - [_new_conn] - Starting new HTTPS connection (1): catalog.api.2gis.com:443
2025-10-30 21:23:58,657 - DEBUG - [_make_request] - https://catalog.api.2gis.com:443 "GET /3.0/items?key=18ee47f5-2184-45df-ac89-779be9385d71&q=%D0%BC%D0%B0%D0%B3%D0%B0%D0%B7%D0%B8%D0%BD&district_id=4504209512726595&type=branch&page=1&page_size=10&fields=items.point%2Citems.name%2Citems.address_name%2Citems.reviews HTTP/1.1" 200 None
2025-10-30 21:23:58,657 - DEBUG - [получить_магазины_в_районе] - Статус ответа: 200
2025-10-30 21:23:58,658 - INFO - [получить_магазины_в_районе] - Загружено 10 магазинов со страницы 1
2025-10-30 21:23:59,162 - DEBUG - [получить_магазины_в_районе] - Запрос страницы 2 для района Рязанский
2025-10-30 21:23:59,164 - DEBUG - [_new_conn] - Starting new HTTPS connection (1): catalog.api.2gis.com:443
2025-10-30 21:23:59,613 - DEBUG - [_make_request] - https://catalog.api.2gis.com:443 "GET /3.0/items?key=18ee47f5-2184-45df-ac89-779be9385d71&q=%D0%BC%D0%B0%D0%B3%D0%B0%D0%B7%D0%B8%D0%BD&district_id=4504209512726595&type=branch&page=2&page_size=10&fields=items.point%2Citems.name%2Citems.address_name%2Citems.reviews HTTP/1.1" 200 None
2025-10-30 21:23:59,614 - DEBUG - [получить_магазины_в_районе] - Статус ответа: 200
2025-10-30 21:23:59,614 - INFO - [получить_магазины_в_районе] - Загружено 10 магазинов со страницы 2
2025-10-30 21:24:00,115 - DEBUG - [получить_магазины_в_районе] - Запрос страницы 3 для района Рязанский
2025-10-30 21:24:00,116 - DEBUG - [_new_conn] - Starting new HTTPS connection (1): catalog.api.2gis.com:443
2025-10-30 21:24:00,537 - DEBUG - [_make_request] - https://catalog.api.2gis.com:443 "GET /3.0/items?key=18ee47f5-2184-45df-ac89-779be9385d71&q=%D0%BC%D0%B0%D0%B3%D0%B0%D0%B7%D0%B8%D0%BD&district_id=4504209512726595&type=branch&page=3&page_size=10&fields=items.point%2Citems.name%2Citems.address_name%2Citems.reviews HTTP/1.1" 200 None
2025-10-30 21:24:00,538 - DEBUG - [получить_магазины_в_районе] - Статус ответа: 200
2025-10-30 21:24:00,538 - INFO - [получить_магазины_в_районе] - Загружено 10 магазинов со страницы 3
2025-10-30 21:24:01,039 - DEBUG - [получить_магазины_в_районе] - Запрос страницы 4 для района Рязанский
2025-10-30 21:24:01,041 - DEBUG - [_new_conn] - Starting new HTTPS connection (1): catalog.api.2gis.com:443
2025-10-30 21:24:01,478 - DEBUG - [_make_request] - https://catalog.api.2gis.com:443 "GET /3.0/items?key=18ee47f5-2184-45df-ac89-779be9385d71&q=%D0%BC%D0%B0%D0%B3%D0%B0%D0%B7%D0%B8%D0%BD&district_id=4504209512726595&type=branch&page=4&page_size=10&fields=items.point%2Citems.name%2Citems.address_name%2Citems.reviews HTTP/1.1" 200 None
2025-10-30 21:24:01,479 - DEBUG - [получить_магазины_в_районе] - Статус ответа: 200
2025-10-30 21:24:01,479 - INFO - [получить_магазины_в_районе] - Загружено 10 магазинов со страницы 4
2025-10-30 21:24:01,980 - DEBUG - [получить_магазины_в_районе] - Запрос страницы 5 для района Рязанский
2025-10-30 21:24:01,981 - DEBUG - [_new_conn] - Starting new HTTPS connection (1): catalog.api.2gis.com:443
2025-10-30 21:24:02,395 - DEBUG - [_make_request] - https://catalog.api.2gis.com:443 "GET /3.0/items?key=18ee47f5-2184-45df-ac89-779be9385d71&q=%D0%BC%D0%B0%D0%B3%D0%B0%D0%B7%D0%B8%D0%BD&district_id=4504209512726595&type=branch&page=5&page_size=10&fields=items.point%2Citems.name%2Citems.address_name%2Citems.reviews HTTP/1.1" 200 None
2025-10-30 21:24:02,396 - DEBUG - [получить_магазины_в_районе] - Статус ответа: 200
2025-10-30 21:24:02,397 - INFO - [получить_магазины_в_районе] - Загружено 10 магазинов со страницы 5
2025-10-30 21:24:02,397 - INFO - [получить_магазины_в_районе] - Завершение сбора для района Рязанский. Найдено магазинов: 50
2025-10-30 21:24:02,399 - INFO - [<cell line: 0>] - Район 'Рязанский' завершен. Магазинов: 50
2025-10-30 21:24:03,401 - INFO - [<cell line: 0>] - [90/132] Обработка района: Савёлки
2025-10-30 21:24:03,402 - INFO - [получить_магазины_в_районе] - Начало сбора магазинов для района: Савёлки (ID: 4504209512726658)
2025-10-30 21:24:03,403 - DEBUG - [получить_магазины_в_районе] - Запрос страницы 1 для района Савёлки
2025-10-30 21:24:03,405 - DEBUG - [_new_conn] - Starting new HTTPS connection (1): catalog.api.2gis.com:443
2025-10-30 21:24:03,824 - DEBUG - [_make_request] - https://catalog.api.2gis.com:443 "GET /3.0/items?key=18ee47f5-2184-45df-ac89-779be9385d71&q=%D0%BC%D0%B0%D0%B3%D0%B0%D0%B7%D0%B8%D0%BD&district_id=4504209512726658&type=branch&page=1&page_size=10&fields=items.point%2Citems.name%2Citems.address_name%2Citems.reviews HTTP/1.1" 200 None
2025-10-30 21:24:03,825 - DEBUG - [получить_магазины_в_районе] - Статус ответа: 200
2025-10-30 21:24:03,825 - INFO - [получить_магазины_в_районе] - Загружено 10 магазинов со страницы 1
2025-10-30 21:24:04,326 - DEBUG - [получить_магазины_в_районе] - Запрос страницы 2 для района Савёлки
2025-10-30 21:24:04,328 - DEBUG - [_new_conn] - Starting new HTTPS connection (1): catalog.api.2gis.com:443
2025-10-30 21:24:04,721 - DEBUG - [_make_request] - https://catalog.api.2gis.com:443 "GET /3.0/items?key=18ee47f5-2184-45df-ac89-779be9385d71&q=%D0%BC%D0%B0%D0%B3%D0%B0%D0%B7%D0%B8%D0%BD&district_id=4504209512726658&type=branch&page=2&page_size=10&fields=items.point%2Citems.name%2Citems.address_name%2Citems.reviews HTTP/1.1" 200 None
2025-10-30 21:24:04,722 - DEBUG - [получить_магазины_в_районе] - Статус ответа: 200
2025-10-30 21:24:04,722 - INFO - [получить_магазины_в_районе] - Загружено 10 магазинов со страницы 2
2025-10-30 21:24:05,223 - DEBUG - [получить_магазины_в_районе] - Запрос страницы 3 для района Савёлки
2025-10-30 21:24:05,224 - DEBUG - [_new_conn] - Starting new HTTPS connection (1): catalog.api.2gis.com:443
2025-10-30 21:24:05,631 - DEBUG - [_make_request] - https://catalog.api.2gis.com:443 "GET /3.0/items?key=18ee47f5-2184-45df-ac89-779be9385d71&q=%D0%BC%D0%B0%D0%B3%D0%B0%D0%B7%D0%B8%D0%BD&district_id=4504209512726658&type=branch&page=3&page_size=10&fields=items.point%2Citems.name%2Citems.address_name%2Citems.reviews HTTP/1.1" 200 None
2025-10-30 21:24:05,632 - DEBUG - [получить_магазины_в_районе] - Статус ответа: 200
2025-10-30 21:24:05,632 - INFO - [получить_магазины_в_районе] - Загружено 10 магазинов со страницы 3
2025-10-30 21:24:06,133 - DEBUG - [получить_магазины_в_районе] - Запрос страницы 4 для района Савёлки
2025-10-30 21:24:06,135 - DEBUG - [_new_conn] - Starting new HTTPS connection (1): catalog.api.2gis.com:443
2025-10-30 21:24:06,535 - DEBUG - [_make_request] - https://catalog.api.2gis.com:443 "GET /3.0/items?key=18ee47f5-2184-45df-ac89-779be9385d71&q=%D0%BC%D0%B0%D0%B3%D0%B0%D0%B7%D0%B8%D0%BD&district_id=4504209512726658&type=branch&page=4&page_size=10&fields=items.point%2Citems.name%2Citems.address_name%2Citems.reviews HTTP/1.1" 200 None
2025-10-30 21:24:06,536 - DEBUG - [получить_магазины_в_районе] - Статус ответа: 200
2025-10-30 21:24:06,537 - INFO - [получить_магазины_в_районе] - Загружено 10 магазинов со страницы 4
2025-10-30 21:24:07,038 - DEBUG - [получить_магазины_в_районе] - Запрос страницы 5 для района Савёлки
2025-10-30 21:24:07,039 - DEBUG - [_new_conn] - Starting new HTTPS connection (1): catalog.api.2gis.com:443
2025-10-30 21:24:07,441 - DEBUG - [_make_request] - https://catalog.api.2gis.com:443 "GET /3.0/items?key=18ee47f5-2184-45df-ac89-779be9385d71&q=%D0%BC%D0%B0%D0%B3%D0%B0%D0%B7%D0%B8%D0%BD&district_id=4504209512726658&type=branch&page=5&page_size=10&fields=items.point%2Citems.name%2Citems.address_name%2Citems.reviews HTTP/1.1" 200 None
2025-10-30 21:24:07,442 - DEBUG - [получить_магазины_в_районе] - Статус ответа: 200
2025-10-30 21:24:07,442 - INFO - [получить_магазины_в_районе] - Загружено 10 магазинов со страницы 5
2025-10-30 21:24:07,443 - INFO - [получить_магазины_в_районе] - Завершение сбора для района Савёлки. Найдено магазинов: 50
2025-10-30 21:24:07,444 - INFO - [<cell line: 0>] - Район 'Савёлки' завершен. Магазинов: 50
2025-10-30 21:24:08,446 - INFO - [<cell line: 0>] - [91/132] Обработка района: Савёловский
2025-10-30 21:24:08,447 - INFO - [получить_магазины_в_районе] - Начало сбора магазинов для района: Савёловский (ID: 4504209512726548)
2025-10-30 21:24:08,448 - DEBUG - [получить_магазины_в_районе] - Запрос страницы 1 для района Савёловский
2025-10-30 21:24:08,450 - DEBUG - [_new_conn] - Starting new HTTPS connection (1): catalog.api.2gis.com:443
2025-10-30 21:24:08,893 - DEBUG - [_make_request] - https://catalog.api.2gis.com:443 "GET /3.0/items?key=18ee47f5-2184-45df-ac89-779be9385d71&q=%D0%BC%D0%B0%D0%B3%D0%B0%D0%B7%D0%B8%D0%BD&district_id=4504209512726548&type=branch&page=1&page_size=10&fields=items.point%2Citems.name%2Citems.address_name%2Citems.reviews HTTP/1.1" 200 None
2025-10-30 21:24:08,894 - DEBUG - [получить_магазины_в_районе] - Статус ответа: 200
2025-10-30 21:24:08,894 - INFO - [получить_магазины_в_районе] - Загружено 10 магазинов со страницы 1
2025-10-30 21:24:09,396 - DEBUG - [получить_магазины_в_районе] - Запрос страницы 2 для района Савёловский
2025-10-30 21:24:09,397 - DEBUG - [_new_conn] - Starting new HTTPS connection (1): catalog.api.2gis.com:443
2025-10-30 21:24:09,818 - DEBUG - [_make_request] - https://catalog.api.2gis.com:443 "GET /3.0/items?key=18ee47f5-2184-45df-ac89-779be9385d71&q=%D0%BC%D0%B0%D0%B3%D0%B0%D0%B7%D0%B8%D0%BD&district_id=4504209512726548&type=branch&page=2&page_size=10&fields=items.point%2Citems.name%2Citems.address_name%2Citems.reviews HTTP/1.1" 200 None
2025-10-30 21:24:09,819 - DEBUG - [получить_магазины_в_районе] - Статус ответа: 200
2025-10-30 21:24:09,820 - INFO - [получить_магазины_в_районе] - Загружено 10 магазинов со страницы 2
2025-10-30 21:24:10,321 - DEBUG - [получить_магазины_в_районе] - Запрос страницы 3 для района Савёловский
2025-10-30 21:24:10,323 - DEBUG - [_new_conn] - Starting new HTTPS connection (1): catalog.api.2gis.com:443
2025-10-30 21:24:10,757 - DEBUG - [_make_request] - https://catalog.api.2gis.com:443 "GET /3.0/items?key=18ee47f5-2184-45df-ac89-779be9385d71&q=%D0%BC%D0%B0%D0%B3%D0%B0%D0%B7%D0%B8%D0%BD&district_id=4504209512726548&type=branch&page=3&page_size=10&fields=items.point%2Citems.name%2Citems.address_name%2Citems.reviews HTTP/1.1" 200 None
2025-10-30 21:24:10,758 - DEBUG - [получить_магазины_в_районе] - Статус ответа: 200
2025-10-30 21:24:10,758 - INFO - [получить_магазины_в_районе] - Загружено 10 магазинов со страницы 3
2025-10-30 21:24:11,259 - DEBUG - [получить_магазины_в_районе] - Запрос страницы 4 для района Савёловский
2025-10-30 21:24:11,261 - DEBUG - [_new_conn] - Starting new HTTPS connection (1): catalog.api.2gis.com:443
2025-10-30 21:24:11,668 - DEBUG - [_make_request] - https://catalog.api.2gis.com:443 "GET /3.0/items?key=18ee47f5-2184-45df-ac89-779be9385d71&q=%D0%BC%D0%B0%D0%B3%D0%B0%D0%B7%D0%B8%D0%BD&district_id=4504209512726548&type=branch&page=4&page_size=10&fields=items.point%2Citems.name%2Citems.address_name%2Citems.reviews HTTP/1.1" 200 None
2025-10-30 21:24:11,669 - DEBUG - [получить_магазины_в_районе] - Статус ответа: 200
2025-10-30 21:24:11,670 - INFO - [получить_магазины_в_районе] - Загружено 10 магазинов со страницы 4
2025-10-30 21:24:12,170 - DEBUG - [получить_магазины_в_районе] - Запрос страницы 5 для района Савёловский
2025-10-30 21:24:12,172 - DEBUG - [_new_conn] - Starting new HTTPS connection (1): catalog.api.2gis.com:443
2025-10-30 21:24:12,566 - DEBUG - [_make_request] - https://catalog.api.2gis.com:443 "GET /3.0/items?key=18ee47f5-2184-45df-ac89-779be9385d71&q=%D0%BC%D0%B0%D0%B3%D0%B0%D0%B7%D0%B8%D0%BD&district_id=4504209512726548&type=branch&page=5&page_size=10&fields=items.point%2Citems.name%2Citems.address_name%2Citems.reviews HTTP/1.1" 200 None
2025-10-30 21:24:12,567 - DEBUG - [получить_магазины_в_районе] - Статус ответа: 200
2025-10-30 21:24:12,568 - INFO - [получить_магазины_в_районе] - Загружено 10 магазинов со страницы 5
2025-10-30 21:24:12,568 - INFO - [получить_магазины_в_районе] - Завершение сбора для района Савёловский. Найдено магазинов: 50
2025-10-30 21:24:12,570 - INFO - [<cell line: 0>] - Район 'Савёловский' завершен. Магазинов: 50
2025-10-30 21:24:13,571 - INFO - [<cell line: 0>] - [92/132] Обработка района: Свиблово
2025-10-30 21:24:13,572 - INFO - [получить_магазины_в_районе] - Начало сбора магазинов для района: Свиблово (ID: 4504209512726563)
2025-10-30 21:24:13,573 - DEBUG - [получить_магазины_в_районе] - Запрос страницы 1 для района Свиблово
2025-10-30 21:24:13,574 - DEBUG - [_new_conn] - Starting new HTTPS connection (1): catalog.api.2gis.com:443
2025-10-30 21:24:13,976 - DEBUG - [_make_request] - https://catalog.api.2gis.com:443 "GET /3.0/items?key=18ee47f5-2184-45df-ac89-779be9385d71&q=%D0%BC%D0%B0%D0%B3%D0%B0%D0%B7%D0%B8%D0%BD&district_id=4504209512726563&type=branch&page=1&page_size=10&fields=items.point%2Citems.name%2Citems.address_name%2Citems.reviews HTTP/1.1" 200 None
2025-10-30 21:24:13,977 - DEBUG - [получить_магазины_в_районе] - Статус ответа: 200
2025-10-30 21:24:13,977 - INFO - [получить_магазины_в_районе] - Загружено 10 магазинов со страницы 1
2025-10-30 21:24:14,478 - DEBUG - [получить_магазины_в_районе] - Запрос страницы 2 для района Свиблово
2025-10-30 21:24:14,479 - DEBUG - [_new_conn] - Starting new HTTPS connection (1): catalog.api.2gis.com:443
2025-10-30 21:24:14,887 - DEBUG - [_make_request] - https://catalog.api.2gis.com:443 "GET /3.0/items?key=18ee47f5-2184-45df-ac89-779be9385d71&q=%D0%BC%D0%B0%D0%B3%D0%B0%D0%B7%D0%B8%D0%BD&district_id=4504209512726563&type=branch&page=2&page_size=10&fields=items.point%2Citems.name%2Citems.address_name%2Citems.reviews HTTP/1.1" 200 None
2025-10-30 21:24:14,888 - DEBUG - [получить_магазины_в_районе] - Статус ответа: 200
2025-10-30 21:24:14,889 - INFO - [получить_магазины_в_районе] - Загружено 10 магазинов со страницы 2
2025-10-30 21:24:15,390 - DEBUG - [получить_магазины_в_районе] - Запрос страницы 3 для района Свиблово
2025-10-30 21:24:15,391 - DEBUG - [_new_conn] - Starting new HTTPS connection (1): catalog.api.2gis.com:443
2025-10-30 21:24:15,830 - DEBUG - [_make_request] - https://catalog.api.2gis.com:443 "GET /3.0/items?key=18ee47f5-2184-45df-ac89-779be9385d71&q=%D0%BC%D0%B0%D0%B3%D0%B0%D0%B7%D0%B8%D0%BD&district_id=4504209512726563&type=branch&page=3&page_size=10&fields=items.point%2Citems.name%2Citems.address_name%2Citems.reviews HTTP/1.1" 200 None
2025-10-30 21:24:15,831 - DEBUG - [получить_магазины_в_районе] - Статус ответа: 200
2025-10-30 21:24:15,831 - INFO - [получить_магазины_в_районе] - Загружено 10 магазинов со страницы 3
2025-10-30 21:24:16,332 - DEBUG - [получить_магазины_в_районе] - Запрос страницы 4 для района Свиблово
2025-10-30 21:24:16,333 - DEBUG - [_new_conn] - Starting new HTTPS connection (1): catalog.api.2gis.com:443
2025-10-30 21:24:16,730 - DEBUG - [_make_request] - https://catalog.api.2gis.com:443 "GET /3.0/items?key=18ee47f5-2184-45df-ac89-779be9385d71&q=%D0%BC%D0%B0%D0%B3%D0%B0%D0%B7%D0%B8%D0%BD&district_id=4504209512726563&type=branch&page=4&page_size=10&fields=items.point%2Citems.name%2Citems.address_name%2Citems.reviews HTTP/1.1" 200 None
2025-10-30 21:24:16,731 - DEBUG - [получить_магазины_в_районе] - Статус ответа: 200
2025-10-30 21:24:16,732 - INFO - [получить_магазины_в_районе] - Загружено 10 магазинов со страницы 4
2025-10-30 21:24:17,233 - DEBUG - [получить_магазины_в_районе] - Запрос страницы 5 для района Свиблово
2025-10-30 21:24:17,234 - DEBUG - [_new_conn] - Starting new HTTPS connection (1): catalog.api.2gis.com:443
2025-10-30 21:24:17,656 - DEBUG - [_make_request] - https://catalog.api.2gis.com:443 "GET /3.0/items?key=18ee47f5-2184-45df-ac89-779be9385d71&q=%D0%BC%D0%B0%D0%B3%D0%B0%D0%B7%D0%B8%D0%BD&district_id=4504209512726563&type=branch&page=5&page_size=10&fields=items.point%2Citems.name%2Citems.address_name%2Citems.reviews HTTP/1.1" 200 None
2025-10-30 21:24:17,657 - DEBUG - [получить_магазины_в_районе] - Статус ответа: 200
2025-10-30 21:24:17,657 - INFO - [получить_магазины_в_районе] - Загружено 10 магазинов со страницы 5
2025-10-30 21:24:17,658 - INFO - [получить_магазины_в_районе] - Завершение сбора для района Свиблово. Найдено магазинов: 50
2025-10-30 21:24:17,661 - INFO - [<cell line: 0>] - Район 'Свиблово' завершен. Магазинов: 50
2025-10-30 21:24:18,662 - INFO - [<cell line: 0>] - [93/132] Обработка района: Северное Бутово
2025-10-30 21:24:18,663 - INFO - [получить_магазины_в_районе] - Начало сбора магазинов для района: Северное Бутово (ID: 4504209512726618)
2025-10-30 21:24:18,664 - DEBUG - [получить_магазины_в_районе] - Запрос страницы 1 для района Северное Бутово
2025-10-30 21:24:18,666 - DEBUG - [_new_conn] - Starting new HTTPS connection (1): catalog.api.2gis.com:443
2025-10-30 21:24:19,077 - DEBUG - [_make_request] - https://catalog.api.2gis.com:443 "GET /3.0/items?key=18ee47f5-2184-45df-ac89-779be9385d71&q=%D0%BC%D0%B0%D0%B3%D0%B0%D0%B7%D0%B8%D0%BD&district_id=4504209512726618&type=branch&page=1&page_size=10&fields=items.point%2Citems.name%2Citems.address_name%2Citems.reviews HTTP/1.1" 200 None
2025-10-30 21:24:19,078 - DEBUG - [получить_магазины_в_районе] - Статус ответа: 200
2025-10-30 21:24:19,078 - INFO - [получить_магазины_в_районе] - Загружено 10 магазинов со страницы 1
2025-10-30 21:24:19,579 - DEBUG - [получить_магазины_в_районе] - Запрос страницы 2 для района Северное Бутово
2025-10-30 21:24:19,581 - DEBUG - [_new_conn] - Starting new HTTPS connection (1): catalog.api.2gis.com:443
2025-10-30 21:24:19,981 - DEBUG - [_make_request] - https://catalog.api.2gis.com:443 "GET /3.0/items?key=18ee47f5-2184-45df-ac89-779be9385d71&q=%D0%BC%D0%B0%D0%B3%D0%B0%D0%B7%D0%B8%D0%BD&district_id=4504209512726618&type=branch&page=2&page_size=10&fields=items.point%2Citems.name%2Citems.address_name%2Citems.reviews HTTP/1.1" 200 None
2025-10-30 21:24:19,982 - DEBUG - [получить_магазины_в_районе] - Статус ответа: 200
2025-10-30 21:24:19,982 - INFO - [получить_магазины_в_районе] - Загружено 10 магазинов со страницы 2
2025-10-30 21:24:20,483 - DEBUG - [получить_магазины_в_районе] - Запрос страницы 3 для района Северное Бутово
2025-10-30 21:24:20,484 - DEBUG - [_new_conn] - Starting new HTTPS connection (1): catalog.api.2gis.com:443
2025-10-30 21:24:20,890 - DEBUG - [_make_request] - https://catalog.api.2gis.com:443 "GET /3.0/items?key=18ee47f5-2184-45df-ac89-779be9385d71&q=%D0%BC%D0%B0%D0%B3%D0%B0%D0%B7%D0%B8%D0%BD&district_id=4504209512726618&type=branch&page=3&page_size=10&fields=items.point%2Citems.name%2Citems.address_name%2Citems.reviews HTTP/1.1" 200 None
2025-10-30 21:24:20,891 - DEBUG - [получить_магазины_в_районе] - Статус ответа: 200
2025-10-30 21:24:20,891 - INFO - [получить_магазины_в_районе] - Загружено 10 магазинов со страницы 3
2025-10-30 21:24:21,392 - DEBUG - [получить_магазины_в_районе] - Запрос страницы 4 для района Северное Бутово
2025-10-30 21:24:21,394 - DEBUG - [_new_conn] - Starting new HTTPS connection (1): catalog.api.2gis.com:443
2025-10-30 21:24:21,826 - DEBUG - [_make_request] - https://catalog.api.2gis.com:443 "GET /3.0/items?key=18ee47f5-2184-45df-ac89-779be9385d71&q=%D0%BC%D0%B0%D0%B3%D0%B0%D0%B7%D0%B8%D0%BD&district_id=4504209512726618&type=branch&page=4&page_size=10&fields=items.point%2Citems.name%2Citems.address_name%2Citems.reviews HTTP/1.1" 200 None
2025-10-30 21:24:21,827 - DEBUG - [получить_магазины_в_районе] - Статус ответа: 200
2025-10-30 21:24:21,828 - INFO - [получить_магазины_в_районе] - Загружено 10 магазинов со страницы 4
2025-10-30 21:24:22,329 - DEBUG - [получить_магазины_в_районе] - Запрос страницы 5 для района Северное Бутово
2025-10-30 21:24:22,330 - DEBUG - [_new_conn] - Starting new HTTPS connection (1): catalog.api.2gis.com:443
2025-10-30 21:24:22,791 - DEBUG - [_make_request] - https://catalog.api.2gis.com:443 "GET /3.0/items?key=18ee47f5-2184-45df-ac89-779be9385d71&q=%D0%BC%D0%B0%D0%B3%D0%B0%D0%B7%D0%B8%D0%BD&district_id=4504209512726618&type=branch&page=5&page_size=10&fields=items.point%2Citems.name%2Citems.address_name%2Citems.reviews HTTP/1.1" 200 None
2025-10-30 21:24:22,793 - DEBUG - [получить_магазины_в_районе] - Статус ответа: 200
2025-10-30 21:24:22,793 - INFO - [получить_магазины_в_районе] - Загружено 10 магазинов со страницы 5
2025-10-30 21:24:22,794 - INFO - [получить_магазины_в_районе] - Завершение сбора для района Северное Бутово. Найдено магазинов: 50
2025-10-30 21:24:22,796 - INFO - [<cell line: 0>] - Район 'Северное Бутово' завершен. Магазинов: 50
2025-10-30 21:24:23,797 - INFO - [<cell line: 0>] - [94/132] Обработка района: Северное Измайлово
2025-10-30 21:24:23,798 - INFO - [получить_магазины_в_районе] - Начало сбора магазинов для района: Северное Измайлово (ID: 4504209512726583)
2025-10-30 21:24:23,799 - DEBUG - [получить_магазины_в_районе] - Запрос страницы 1 для района Северное Измайлово
2025-10-30 21:24:23,801 - DEBUG - [_new_conn] - Starting new HTTPS connection (1): catalog.api.2gis.com:443
2025-10-30 21:24:24,212 - DEBUG - [_make_request] - https://catalog.api.2gis.com:443 "GET /3.0/items?key=18ee47f5-2184-45df-ac89-779be9385d71&q=%D0%BC%D0%B0%D0%B3%D0%B0%D0%B7%D0%B8%D0%BD&district_id=4504209512726583&type=branch&page=1&page_size=10&fields=items.point%2Citems.name%2Citems.address_name%2Citems.reviews HTTP/1.1" 200 None
2025-10-30 21:24:24,213 - DEBUG - [получить_магазины_в_районе] - Статус ответа: 200
2025-10-30 21:24:24,213 - INFO - [получить_магазины_в_районе] - Загружено 10 магазинов со страницы 1
2025-10-30 21:24:24,714 - DEBUG - [получить_магазины_в_районе] - Запрос страницы 2 для района Северное Измайлово
2025-10-30 21:24:24,716 - DEBUG - [_new_conn] - Starting new HTTPS connection (1): catalog.api.2gis.com:443
2025-10-30 21:24:25,167 - DEBUG - [_make_request] - https://catalog.api.2gis.com:443 "GET /3.0/items?key=18ee47f5-2184-45df-ac89-779be9385d71&q=%D0%BC%D0%B0%D0%B3%D0%B0%D0%B7%D0%B8%D0%BD&district_id=4504209512726583&type=branch&page=2&page_size=10&fields=items.point%2Citems.name%2Citems.address_name%2Citems.reviews HTTP/1.1" 200 None
2025-10-30 21:24:25,168 - DEBUG - [получить_магазины_в_районе] - Статус ответа: 200
2025-10-30 21:24:25,168 - INFO - [получить_магазины_в_районе] - Загружено 10 магазинов со страницы 2
2025-10-30 21:24:25,669 - DEBUG - [получить_магазины_в_районе] - Запрос страницы 3 для района Северное Измайлово
2025-10-30 21:24:25,671 - DEBUG - [_new_conn] - Starting new HTTPS connection (1): catalog.api.2gis.com:443
2025-10-30 21:24:26,121 - DEBUG - [_make_request] - https://catalog.api.2gis.com:443 "GET /3.0/items?key=18ee47f5-2184-45df-ac89-779be9385d71&q=%D0%BC%D0%B0%D0%B3%D0%B0%D0%B7%D0%B8%D0%BD&district_id=4504209512726583&type=branch&page=3&page_size=10&fields=items.point%2Citems.name%2Citems.address_name%2Citems.reviews HTTP/1.1" 200 None
2025-10-30 21:24:26,121 - DEBUG - [получить_магазины_в_районе] - Статус ответа: 200
2025-10-30 21:24:26,122 - INFO - [получить_магазины_в_районе] - Загружено 10 магазинов со страницы 3
2025-10-30 21:24:26,623 - DEBUG - [получить_магазины_в_районе] - Запрос страницы 4 для района Северное Измайлово
2025-10-30 21:24:26,624 - DEBUG - [_new_conn] - Starting new HTTPS connection (1): catalog.api.2gis.com:443
2025-10-30 21:24:27,052 - DEBUG - [_make_request] - https://catalog.api.2gis.com:443 "GET /3.0/items?key=18ee47f5-2184-45df-ac89-779be9385d71&q=%D0%BC%D0%B0%D0%B3%D0%B0%D0%B7%D0%B8%D0%BD&district_id=4504209512726583&type=branch&page=4&page_size=10&fields=items.point%2Citems.name%2Citems.address_name%2Citems.reviews HTTP/1.1" 200 None
2025-10-30 21:24:27,053 - DEBUG - [получить_магазины_в_районе] - Статус ответа: 200
2025-10-30 21:24:27,053 - INFO - [получить_магазины_в_районе] - Загружено 10 магазинов со страницы 4
2025-10-30 21:24:27,554 - DEBUG - [получить_магазины_в_районе] - Запрос страницы 5 для района Северное Измайлово
2025-10-30 21:24:27,556 - DEBUG - [_new_conn] - Starting new HTTPS connection (1): catalog.api.2gis.com:443
2025-10-30 21:24:27,958 - DEBUG - [_make_request] - https://catalog.api.2gis.com:443 "GET /3.0/items?key=18ee47f5-2184-45df-ac89-779be9385d71&q=%D0%BC%D0%B0%D0%B3%D0%B0%D0%B7%D0%B8%D0%BD&district_id=4504209512726583&type=branch&page=5&page_size=10&fields=items.point%2Citems.name%2Citems.address_name%2Citems.reviews HTTP/1.1" 200 None
2025-10-30 21:24:27,959 - DEBUG - [получить_магазины_в_районе] - Статус ответа: 200
2025-10-30 21:24:27,959 - INFO - [получить_магазины_в_районе] - Загружено 10 магазинов со страницы 5
2025-10-30 21:24:27,960 - INFO - [получить_магазины_в_районе] - Завершение сбора для района Северное Измайлово. Найдено магазинов: 50
2025-10-30 21:24:27,963 - INFO - [<cell line: 0>] - Район 'Северное Измайлово' завершен. Магазинов: 50
2025-10-30 21:24:28,964 - INFO - [<cell line: 0>] - [95/132] Обработка района: Северное Медведково
2025-10-30 21:24:28,965 - INFO - [получить_магазины_в_районе] - Начало сбора магазинов для района: Северное Медведково (ID: 4504209512726566)
2025-10-30 21:24:28,966 - DEBUG - [получить_магазины_в_районе] - Запрос страницы 1 для района Северное Медведково
2025-10-30 21:24:28,967 - DEBUG - [_new_conn] - Starting new HTTPS connection (1): catalog.api.2gis.com:443
2025-10-30 21:24:29,611 - DEBUG - [_make_request] - https://catalog.api.2gis.com:443 "GET /3.0/items?key=18ee47f5-2184-45df-ac89-779be9385d71&q=%D0%BC%D0%B0%D0%B3%D0%B0%D0%B7%D0%B8%D0%BD&district_id=4504209512726566&type=branch&page=1&page_size=10&fields=items.point%2Citems.name%2Citems.address_name%2Citems.reviews HTTP/1.1" 200 None
2025-10-30 21:24:29,612 - DEBUG - [получить_магазины_в_районе] - Статус ответа: 200
2025-10-30 21:24:29,612 - INFO - [получить_магазины_в_районе] - Загружено 10 магазинов со страницы 1
2025-10-30 21:24:30,113 - DEBUG - [получить_магазины_в_районе] - Запрос страницы 2 для района Северное Медведково
2025-10-30 21:24:30,114 - DEBUG - [_new_conn] - Starting new HTTPS connection (1): catalog.api.2gis.com:443
2025-10-30 21:24:30,629 - DEBUG - [_make_request] - https://catalog.api.2gis.com:443 "GET /3.0/items?key=18ee47f5-2184-45df-ac89-779be9385d71&q=%D0%BC%D0%B0%D0%B3%D0%B0%D0%B7%D0%B8%D0%BD&district_id=4504209512726566&type=branch&page=2&page_size=10&fields=items.point%2Citems.name%2Citems.address_name%2Citems.reviews HTTP/1.1" 200 None
2025-10-30 21:24:30,630 - DEBUG - [получить_магазины_в_районе] - Статус ответа: 200
2025-10-30 21:24:30,630 - INFO - [получить_магазины_в_районе] - Загружено 10 магазинов со страницы 2
2025-10-30 21:24:31,131 - DEBUG - [получить_магазины_в_районе] - Запрос страницы 3 для района Северное Медведково
2025-10-30 21:24:31,132 - DEBUG - [_new_conn] - Starting new HTTPS connection (1): catalog.api.2gis.com:443
2025-10-30 21:24:31,538 - DEBUG - [_make_request] - https://catalog.api.2gis.com:443 "GET /3.0/items?key=18ee47f5-2184-45df-ac89-779be9385d71&q=%D0%BC%D0%B0%D0%B3%D0%B0%D0%B7%D0%B8%D0%BD&district_id=4504209512726566&type=branch&page=3&page_size=10&fields=items.point%2Citems.name%2Citems.address_name%2Citems.reviews HTTP/1.1" 200 None
2025-10-30 21:24:31,539 - DEBUG - [получить_магазины_в_районе] - Статус ответа: 200
2025-10-30 21:24:31,539 - INFO - [получить_магазины_в_районе] - Загружено 10 магазинов со страницы 3
2025-10-30 21:24:32,040 - DEBUG - [получить_магазины_в_районе] - Запрос страницы 4 для района Северное Медведково
2025-10-30 21:24:32,041 - DEBUG - [_new_conn] - Starting new HTTPS connection (1): catalog.api.2gis.com:443
2025-10-30 21:24:32,465 - DEBUG - [_make_request] - https://catalog.api.2gis.com:443 "GET /3.0/items?key=18ee47f5-2184-45df-ac89-779be9385d71&q=%D0%BC%D0%B0%D0%B3%D0%B0%D0%B7%D0%B8%D0%BD&district_id=4504209512726566&type=branch&page=4&page_size=10&fields=items.point%2Citems.name%2Citems.address_name%2Citems.reviews HTTP/1.1" 200 None
2025-10-30 21:24:32,466 - DEBUG - [получить_магазины_в_районе] - Статус ответа: 200
2025-10-30 21:24:32,466 - INFO - [получить_магазины_в_районе] - Загружено 10 магазинов со страницы 4
2025-10-30 21:24:32,968 - DEBUG - [получить_магазины_в_районе] - Запрос страницы 5 для района Северное Медведково
2025-10-30 21:24:32,969 - DEBUG - [_new_conn] - Starting new HTTPS connection (1): catalog.api.2gis.com:443
2025-10-30 21:24:33,412 - DEBUG - [_make_request] - https://catalog.api.2gis.com:443 "GET /3.0/items?key=18ee47f5-2184-45df-ac89-779be9385d71&q=%D0%BC%D0%B0%D0%B3%D0%B0%D0%B7%D0%B8%D0%BD&district_id=4504209512726566&type=branch&page=5&page_size=10&fields=items.point%2Citems.name%2Citems.address_name%2Citems.reviews HTTP/1.1" 200 None
2025-10-30 21:24:33,413 - DEBUG - [получить_магазины_в_районе] - Статус ответа: 200
2025-10-30 21:24:33,413 - INFO - [получить_магазины_в_районе] - Загружено 10 магазинов со страницы 5
2025-10-30 21:24:33,414 - INFO - [получить_магазины_в_районе] - Завершение сбора для района Северное Медведково. Найдено магазинов: 50
2025-10-30 21:24:33,416 - INFO - [<cell line: 0>] - Район 'Северное Медведково' завершен. Магазинов: 50
2025-10-30 21:24:34,418 - INFO - [<cell line: 0>] - [96/132] Обработка района: Северное Тушино
2025-10-30 21:24:34,421 - INFO - [получить_магазины_в_районе] - Начало сбора магазинов для района: Северное Тушино (ID: 4504209512726646)
2025-10-30 21:24:34,421 - DEBUG - [получить_магазины_в_районе] - Запрос страницы 1 для района Северное Тушино
2025-10-30 21:24:34,423 - DEBUG - [_new_conn] - Starting new HTTPS connection (1): catalog.api.2gis.com:443
2025-10-30 21:24:34,834 - DEBUG - [_make_request] - https://catalog.api.2gis.com:443 "GET /3.0/items?key=18ee47f5-2184-45df-ac89-779be9385d71&q=%D0%BC%D0%B0%D0%B3%D0%B0%D0%B7%D0%B8%D0%BD&district_id=4504209512726646&type=branch&page=1&page_size=10&fields=items.point%2Citems.name%2Citems.address_name%2Citems.reviews HTTP/1.1" 200 None
2025-10-30 21:24:34,835 - DEBUG - [получить_магазины_в_районе] - Статус ответа: 200
2025-10-30 21:24:34,835 - INFO - [получить_магазины_в_районе] - Загружено 10 магазинов со страницы 1
2025-10-30 21:24:35,338 - DEBUG - [получить_магазины_в_районе] - Запрос страницы 2 для района Северное Тушино
2025-10-30 21:24:35,339 - DEBUG - [_new_conn] - Starting new HTTPS connection (1): catalog.api.2gis.com:443
2025-10-30 21:24:35,760 - DEBUG - [_make_request] - https://catalog.api.2gis.com:443 "GET /3.0/items?key=18ee47f5-2184-45df-ac89-779be9385d71&q=%D0%BC%D0%B0%D0%B3%D0%B0%D0%B7%D0%B8%D0%BD&district_id=4504209512726646&type=branch&page=2&page_size=10&fields=items.point%2Citems.name%2Citems.address_name%2Citems.reviews HTTP/1.1" 200 None
2025-10-30 21:24:35,761 - DEBUG - [получить_магазины_в_районе] - Статус ответа: 200
2025-10-30 21:24:35,762 - INFO - [получить_магазины_в_районе] - Загружено 10 магазинов со страницы 2
2025-10-30 21:24:36,262 - DEBUG - [получить_магазины_в_районе] - Запрос страницы 3 для района Северное Тушино
2025-10-30 21:24:36,264 - DEBUG - [_new_conn] - Starting new HTTPS connection (1): catalog.api.2gis.com:443
2025-10-30 21:24:36,671 - DEBUG - [_make_request] - https://catalog.api.2gis.com:443 "GET /3.0/items?key=18ee47f5-2184-45df-ac89-779be9385d71&q=%D0%BC%D0%B0%D0%B3%D0%B0%D0%B7%D0%B8%D0%BD&district_id=4504209512726646&type=branch&page=3&page_size=10&fields=items.point%2Citems.name%2Citems.address_name%2Citems.reviews HTTP/1.1" 200 None
2025-10-30 21:24:36,672 - DEBUG - [получить_магазины_в_районе] - Статус ответа: 200
2025-10-30 21:24:36,672 - INFO - [получить_магазины_в_районе] - Загружено 10 магазинов со страницы 3
2025-10-30 21:24:37,173 - DEBUG - [получить_магазины_в_районе] - Запрос страницы 4 для района Северное Тушино
2025-10-30 21:24:37,174 - DEBUG - [_new_conn] - Starting new HTTPS connection (1): catalog.api.2gis.com:443
2025-10-30 21:24:37,566 - DEBUG - [_make_request] - https://catalog.api.2gis.com:443 "GET /3.0/items?key=18ee47f5-2184-45df-ac89-779be9385d71&q=%D0%BC%D0%B0%D0%B3%D0%B0%D0%B7%D0%B8%D0%BD&district_id=4504209512726646&type=branch&page=4&page_size=10&fields=items.point%2Citems.name%2Citems.address_name%2Citems.reviews HTTP/1.1" 200 None
2025-10-30 21:24:37,567 - DEBUG - [получить_магазины_в_районе] - Статус ответа: 200
2025-10-30 21:24:37,568 - INFO - [получить_магазины_в_районе] - Загружено 10 магазинов со страницы 4
2025-10-30 21:24:38,069 - DEBUG - [получить_магазины_в_районе] - Запрос страницы 5 для района Северное Тушино
2025-10-30 21:24:38,070 - DEBUG - [_new_conn] - Starting new HTTPS connection (1): catalog.api.2gis.com:443
2025-10-30 21:24:38,472 - DEBUG - [_make_request] - https://catalog.api.2gis.com:443 "GET /3.0/items?key=18ee47f5-2184-45df-ac89-779be9385d71&q=%D0%BC%D0%B0%D0%B3%D0%B0%D0%B7%D0%B8%D0%BD&district_id=4504209512726646&type=branch&page=5&page_size=10&fields=items.point%2Citems.name%2Citems.address_name%2Citems.reviews HTTP/1.1" 200 None
2025-10-30 21:24:38,473 - DEBUG - [получить_магазины_в_районе] - Статус ответа: 200
2025-10-30 21:24:38,473 - INFO - [получить_магазины_в_районе] - Загружено 10 магазинов со страницы 5
2025-10-30 21:24:38,474 - INFO - [получить_магазины_в_районе] - Завершение сбора для района Северное Тушино. Найдено магазинов: 50
2025-10-30 21:24:38,475 - INFO - [<cell line: 0>] - Район 'Северное Тушино' завершен. Магазинов: 50
2025-10-30 21:24:39,476 - INFO - [<cell line: 0>] - [97/132] Обработка района: Северный
2025-10-30 21:24:39,477 - INFO - [получить_магазины_в_районе] - Начало сбора магазинов для района: Северный (ID: 4504209512726573)
2025-10-30 21:24:39,478 - DEBUG - [получить_магазины_в_районе] - Запрос страницы 1 для района Северный
2025-10-30 21:24:39,481 - DEBUG - [_new_conn] - Starting new HTTPS connection (1): catalog.api.2gis.com:443
2025-10-30 21:24:39,899 - DEBUG - [_make_request] - https://catalog.api.2gis.com:443 "GET /3.0/items?key=18ee47f5-2184-45df-ac89-779be9385d71&q=%D0%BC%D0%B0%D0%B3%D0%B0%D0%B7%D0%B8%D0%BD&district_id=4504209512726573&type=branch&page=1&page_size=10&fields=items.point%2Citems.name%2Citems.address_name%2Citems.reviews HTTP/1.1" 200 None
2025-10-30 21:24:39,900 - DEBUG - [получить_магазины_в_районе] - Статус ответа: 200
2025-10-30 21:24:39,900 - INFO - [получить_магазины_в_районе] - Загружено 10 магазинов со страницы 1
2025-10-30 21:24:40,401 - DEBUG - [получить_магазины_в_районе] - Запрос страницы 2 для района Северный
2025-10-30 21:24:40,402 - DEBUG - [_new_conn] - Starting new HTTPS connection (1): catalog.api.2gis.com:443
2025-10-30 21:24:40,799 - DEBUG - [_make_request] - https://catalog.api.2gis.com:443 "GET /3.0/items?key=18ee47f5-2184-45df-ac89-779be9385d71&q=%D0%BC%D0%B0%D0%B3%D0%B0%D0%B7%D0%B8%D0%BD&district_id=4504209512726573&type=branch&page=2&page_size=10&fields=items.point%2Citems.name%2Citems.address_name%2Citems.reviews HTTP/1.1" 200 None
2025-10-30 21:24:40,800 - DEBUG - [получить_магазины_в_районе] - Статус ответа: 200
2025-10-30 21:24:40,800 - INFO - [получить_магазины_в_районе] - Загружено 10 магазинов со страницы 2
2025-10-30 21:24:41,301 - DEBUG - [получить_магазины_в_районе] - Запрос страницы 3 для района Северный
2025-10-30 21:24:41,302 - DEBUG - [_new_conn] - Starting new HTTPS connection (1): catalog.api.2gis.com:443
2025-10-30 21:24:41,699 - DEBUG - [_make_request] - https://catalog.api.2gis.com:443 "GET /3.0/items?key=18ee47f5-2184-45df-ac89-779be9385d71&q=%D0%BC%D0%B0%D0%B3%D0%B0%D0%B7%D0%B8%D0%BD&district_id=4504209512726573&type=branch&page=3&page_size=10&fields=items.point%2Citems.name%2Citems.address_name%2Citems.reviews HTTP/1.1" 200 None
2025-10-30 21:24:41,700 - DEBUG - [получить_магазины_в_районе] - Статус ответа: 200
2025-10-30 21:24:41,701 - INFO - [получить_магазины_в_районе] - Загружено 10 магазинов со страницы 3
2025-10-30 21:24:42,202 - DEBUG - [получить_магазины_в_районе] - Запрос страницы 4 для района Северный
2025-10-30 21:24:42,203 - DEBUG - [_new_conn] - Starting new HTTPS connection (1): catalog.api.2gis.com:443
2025-10-30 21:24:42,610 - DEBUG - [_make_request] - https://catalog.api.2gis.com:443 "GET /3.0/items?key=18ee47f5-2184-45df-ac89-779be9385d71&q=%D0%BC%D0%B0%D0%B3%D0%B0%D0%B7%D0%B8%D0%BD&district_id=4504209512726573&type=branch&page=4&page_size=10&fields=items.point%2Citems.name%2Citems.address_name%2Citems.reviews HTTP/1.1" 200 None
2025-10-30 21:24:42,611 - DEBUG - [получить_магазины_в_районе] - Статус ответа: 200
2025-10-30 21:24:42,611 - INFO - [получить_магазины_в_районе] - Загружено 10 магазинов со страницы 4
2025-10-30 21:24:43,112 - DEBUG - [получить_магазины_в_районе] - Запрос страницы 5 для района Северный
2025-10-30 21:24:43,113 - DEBUG - [_new_conn] - Starting new HTTPS connection (1): catalog.api.2gis.com:443
2025-10-30 21:24:43,523 - DEBUG - [_make_request] - https://catalog.api.2gis.com:443 "GET /3.0/items?key=18ee47f5-2184-45df-ac89-779be9385d71&q=%D0%BC%D0%B0%D0%B3%D0%B0%D0%B7%D0%B8%D0%BD&district_id=4504209512726573&type=branch&page=5&page_size=10&fields=items.point%2Citems.name%2Citems.address_name%2Citems.reviews HTTP/1.1" 200 None
2025-10-30 21:24:43,524 - DEBUG - [получить_магазины_в_районе] - Статус ответа: 200
2025-10-30 21:24:43,524 - INFO - [получить_магазины_в_районе] - Загружено 10 магазинов со страницы 5
2025-10-30 21:24:43,525 - INFO - [получить_магазины_в_районе] - Завершение сбора для района Северный. Найдено магазинов: 50
2025-10-30 21:24:43,526 - INFO - [<cell line: 0>] - Район 'Северный' завершен. Магазинов: 50
2025-10-30 21:24:44,528 - INFO - [<cell line: 0>] - [98/132] Обработка района: Силино
2025-10-30 21:24:44,529 - INFO - [получить_магазины_в_районе] - Начало сбора магазинов для района: Силино (ID: 4504209512726656)
2025-10-30 21:24:44,530 - DEBUG - [получить_магазины_в_районе] - Запрос страницы 1 для района Силино
2025-10-30 21:24:44,532 - DEBUG - [_new_conn] - Starting new HTTPS connection (1): catalog.api.2gis.com:443
2025-10-30 21:24:44,953 - DEBUG - [_make_request] - https://catalog.api.2gis.com:443 "GET /3.0/items?key=18ee47f5-2184-45df-ac89-779be9385d71&q=%D0%BC%D0%B0%D0%B3%D0%B0%D0%B7%D0%B8%D0%BD&district_id=4504209512726656&type=branch&page=1&page_size=10&fields=items.point%2Citems.name%2Citems.address_name%2Citems.reviews HTTP/1.1" 200 None
2025-10-30 21:24:44,954 - DEBUG - [получить_магазины_в_районе] - Статус ответа: 200
2025-10-30 21:24:44,954 - INFO - [получить_магазины_в_районе] - Загружено 10 магазинов со страницы 1
2025-10-30 21:24:45,455 - DEBUG - [получить_магазины_в_районе] - Запрос страницы 2 для района Силино
2025-10-30 21:24:45,457 - DEBUG - [_new_conn] - Starting new HTTPS connection (1): catalog.api.2gis.com:443
2025-10-30 21:24:45,885 - DEBUG - [_make_request] - https://catalog.api.2gis.com:443 "GET /3.0/items?key=18ee47f5-2184-45df-ac89-779be9385d71&q=%D0%BC%D0%B0%D0%B3%D0%B0%D0%B7%D0%B8%D0%BD&district_id=4504209512726656&type=branch&page=2&page_size=10&fields=items.point%2Citems.name%2Citems.address_name%2Citems.reviews HTTP/1.1" 200 None
2025-10-30 21:24:45,887 - DEBUG - [получить_магазины_в_районе] - Статус ответа: 200
2025-10-30 21:24:45,887 - INFO - [получить_магазины_в_районе] - Загружено 10 магазинов со страницы 2
2025-10-30 21:24:46,388 - DEBUG - [получить_магазины_в_районе] - Запрос страницы 3 для района Силино
2025-10-30 21:24:46,390 - DEBUG - [_new_conn] - Starting new HTTPS connection (1): catalog.api.2gis.com:443
2025-10-30 21:24:46,840 - DEBUG - [_make_request] - https://catalog.api.2gis.com:443 "GET /3.0/items?key=18ee47f5-2184-45df-ac89-779be9385d71&q=%D0%BC%D0%B0%D0%B3%D0%B0%D0%B7%D0%B8%D0%BD&district_id=4504209512726656&type=branch&page=3&page_size=10&fields=items.point%2Citems.name%2Citems.address_name%2Citems.reviews HTTP/1.1" 200 None
2025-10-30 21:24:46,841 - DEBUG - [получить_магазины_в_районе] - Статус ответа: 200
2025-10-30 21:24:46,841 - INFO - [получить_магазины_в_районе] - Загружено 10 магазинов со страницы 3
2025-10-30 21:24:47,342 - DEBUG - [получить_магазины_в_районе] - Запрос страницы 4 для района Силино
2025-10-30 21:24:47,343 - DEBUG - [_new_conn] - Starting new HTTPS connection (1): catalog.api.2gis.com:443
2025-10-30 21:24:47,758 - DEBUG - [_make_request] - https://catalog.api.2gis.com:443 "GET /3.0/items?key=18ee47f5-2184-45df-ac89-779be9385d71&q=%D0%BC%D0%B0%D0%B3%D0%B0%D0%B7%D0%B8%D0%BD&district_id=4504209512726656&type=branch&page=4&page_size=10&fields=items.point%2Citems.name%2Citems.address_name%2Citems.reviews HTTP/1.1" 200 None
2025-10-30 21:24:47,759 - DEBUG - [получить_магазины_в_районе] - Статус ответа: 200
2025-10-30 21:24:47,759 - INFO - [получить_магазины_в_районе] - Загружено 10 магазинов со страницы 4
2025-10-30 21:24:48,260 - DEBUG - [получить_магазины_в_районе] - Запрос страницы 5 для района Силино
2025-10-30 21:24:48,262 - DEBUG - [_new_conn] - Starting new HTTPS connection (1): catalog.api.2gis.com:443
2025-10-30 21:24:48,690 - DEBUG - [_make_request] - https://catalog.api.2gis.com:443 "GET /3.0/items?key=18ee47f5-2184-45df-ac89-779be9385d71&q=%D0%BC%D0%B0%D0%B3%D0%B0%D0%B7%D0%B8%D0%BD&district_id=4504209512726656&type=branch&page=5&page_size=10&fields=items.point%2Citems.name%2Citems.address_name%2Citems.reviews HTTP/1.1" 200 None
2025-10-30 21:24:48,691 - DEBUG - [получить_магазины_в_районе] - Статус ответа: 200
2025-10-30 21:24:48,691 - INFO - [получить_магазины_в_районе] - Загружено 10 магазинов со страницы 5
2025-10-30 21:24:48,692 - INFO - [получить_магазины_в_районе] - Завершение сбора для района Силино. Найдено магазинов: 50
2025-10-30 21:24:48,694 - INFO - [<cell line: 0>] - Район 'Силино' завершен. Магазинов: 50
2025-10-30 21:24:49,695 - INFO - [<cell line: 0>] - [99/132] Обработка района: Сокол
2025-10-30 21:24:49,696 - INFO - [получить_магазины_в_районе] - Начало сбора магазинов для района: Сокол (ID: 4504209512726552)
2025-10-30 21:24:49,697 - DEBUG - [получить_магазины_в_районе] - Запрос страницы 1 для района Сокол
2025-10-30 21:24:49,699 - DEBUG - [_new_conn] - Starting new HTTPS connection (1): catalog.api.2gis.com:443
2025-10-30 21:24:50,133 - DEBUG - [_make_request] - https://catalog.api.2gis.com:443 "GET /3.0/items?key=18ee47f5-2184-45df-ac89-779be9385d71&q=%D0%BC%D0%B0%D0%B3%D0%B0%D0%B7%D0%B8%D0%BD&district_id=4504209512726552&type=branch&page=1&page_size=10&fields=items.point%2Citems.name%2Citems.address_name%2Citems.reviews HTTP/1.1" 200 None
2025-10-30 21:24:50,134 - DEBUG - [получить_магазины_в_районе] - Статус ответа: 200
2025-10-30 21:24:50,134 - INFO - [получить_магазины_в_районе] - Загружено 10 магазинов со страницы 1
2025-10-30 21:24:50,635 - DEBUG - [получить_магазины_в_районе] - Запрос страницы 2 для района Сокол
2025-10-30 21:24:50,636 - DEBUG - [_new_conn] - Starting new HTTPS connection (1): catalog.api.2gis.com:443
2025-10-30 21:24:51,052 - DEBUG - [_make_request] - https://catalog.api.2gis.com:443 "GET /3.0/items?key=18ee47f5-2184-45df-ac89-779be9385d71&q=%D0%BC%D0%B0%D0%B3%D0%B0%D0%B7%D0%B8%D0%BD&district_id=4504209512726552&type=branch&page=2&page_size=10&fields=items.point%2Citems.name%2Citems.address_name%2Citems.reviews HTTP/1.1" 200 None
2025-10-30 21:24:51,053 - DEBUG - [получить_магазины_в_районе] - Статус ответа: 200
2025-10-30 21:24:51,053 - INFO - [получить_магазины_в_районе] - Загружено 10 магазинов со страницы 2
2025-10-30 21:24:51,554 - DEBUG - [получить_магазины_в_районе] - Запрос страницы 3 для района Сокол
2025-10-30 21:24:51,555 - DEBUG - [_new_conn] - Starting new HTTPS connection (1): catalog.api.2gis.com:443
2025-10-30 21:24:51,965 - DEBUG - [_make_request] - https://catalog.api.2gis.com:443 "GET /3.0/items?key=18ee47f5-2184-45df-ac89-779be9385d71&q=%D0%BC%D0%B0%D0%B3%D0%B0%D0%B7%D0%B8%D0%BD&district_id=4504209512726552&type=branch&page=3&page_size=10&fields=items.point%2Citems.name%2Citems.address_name%2Citems.reviews HTTP/1.1" 200 None
2025-10-30 21:24:51,966 - DEBUG - [получить_магазины_в_районе] - Статус ответа: 200
2025-10-30 21:24:51,967 - INFO - [получить_магазины_в_районе] - Загружено 10 магазинов со страницы 3
2025-10-30 21:24:52,467 - DEBUG - [получить_магазины_в_районе] - Запрос страницы 4 для района Сокол
2025-10-30 21:24:52,469 - DEBUG - [_new_conn] - Starting new HTTPS connection (1): catalog.api.2gis.com:443
2025-10-30 21:24:52,888 - DEBUG - [_make_request] - https://catalog.api.2gis.com:443 "GET /3.0/items?key=18ee47f5-2184-45df-ac89-779be9385d71&q=%D0%BC%D0%B0%D0%B3%D0%B0%D0%B7%D0%B8%D0%BD&district_id=4504209512726552&type=branch&page=4&page_size=10&fields=items.point%2Citems.name%2Citems.address_name%2Citems.reviews HTTP/1.1" 200 None
2025-10-30 21:24:52,889 - DEBUG - [получить_магазины_в_районе] - Статус ответа: 200
2025-10-30 21:24:52,890 - INFO - [получить_магазины_в_районе] - Загружено 10 магазинов со страницы 4
2025-10-30 21:24:53,391 - DEBUG - [получить_магазины_в_районе] - Запрос страницы 5 для района Сокол
2025-10-30 21:24:53,392 - DEBUG - [_new_conn] - Starting new HTTPS connection (1): catalog.api.2gis.com:443
2025-10-30 21:24:53,814 - DEBUG - [_make_request] - https://catalog.api.2gis.com:443 "GET /3.0/items?key=18ee47f5-2184-45df-ac89-779be9385d71&q=%D0%BC%D0%B0%D0%B3%D0%B0%D0%B7%D0%B8%D0%BD&district_id=4504209512726552&type=branch&page=5&page_size=10&fields=items.point%2Citems.name%2Citems.address_name%2Citems.reviews HTTP/1.1" 200 None
2025-10-30 21:24:53,815 - DEBUG - [получить_магазины_в_районе] - Статус ответа: 200
2025-10-30 21:24:53,815 - INFO - [получить_магазины_в_районе] - Загружено 10 магазинов со страницы 5
2025-10-30 21:24:53,816 - INFO - [получить_магазины_в_районе] - Завершение сбора для района Сокол. Найдено магазинов: 50
2025-10-30 21:24:53,817 - INFO - [<cell line: 0>] - Район 'Сокол' завершен. Магазинов: 50
2025-10-30 21:24:54,818 - INFO - [<cell line: 0>] - [100/132] Обработка района: Соколиная Гора
2025-10-30 21:24:54,819 - INFO - [получить_магазины_в_районе] - Начало сбора магазинов для района: Соколиная Гора (ID: 4504209512726585)
2025-10-30 21:24:54,821 - DEBUG - [получить_магазины_в_районе] - Запрос страницы 1 для района Соколиная Гора
2025-10-30 21:24:54,823 - DEBUG - [_new_conn] - Starting new HTTPS connection (1): catalog.api.2gis.com:443
2025-10-30 21:24:55,239 - DEBUG - [_make_request] - https://catalog.api.2gis.com:443 "GET /3.0/items?key=18ee47f5-2184-45df-ac89-779be9385d71&q=%D0%BC%D0%B0%D0%B3%D0%B0%D0%B7%D0%B8%D0%BD&district_id=4504209512726585&type=branch&page=1&page_size=10&fields=items.point%2Citems.name%2Citems.address_name%2Citems.reviews HTTP/1.1" 200 None
2025-10-30 21:24:55,240 - DEBUG - [получить_магазины_в_районе] - Статус ответа: 200
2025-10-30 21:24:55,240 - INFO - [получить_магазины_в_районе] - Загружено 10 магазинов со страницы 1
2025-10-30 21:24:55,741 - DEBUG - [получить_магазины_в_районе] - Запрос страницы 2 для района Соколиная Гора
2025-10-30 21:24:55,743 - DEBUG - [_new_conn] - Starting new HTTPS connection (1): catalog.api.2gis.com:443
2025-10-30 21:24:56,171 - DEBUG - [_make_request] - https://catalog.api.2gis.com:443 "GET /3.0/items?key=18ee47f5-2184-45df-ac89-779be9385d71&q=%D0%BC%D0%B0%D0%B3%D0%B0%D0%B7%D0%B8%D0%BD&district_id=4504209512726585&type=branch&page=2&page_size=10&fields=items.point%2Citems.name%2Citems.address_name%2Citems.reviews HTTP/1.1" 200 None
2025-10-30 21:24:56,172 - DEBUG - [получить_магазины_в_районе] - Статус ответа: 200
2025-10-30 21:24:56,172 - INFO - [получить_магазины_в_районе] - Загружено 10 магазинов со страницы 2
2025-10-30 21:24:56,673 - DEBUG - [получить_магазины_в_районе] - Запрос страницы 3 для района Соколиная Гора
2025-10-30 21:24:56,675 - DEBUG - [_new_conn] - Starting new HTTPS connection (1): catalog.api.2gis.com:443
2025-10-30 21:24:57,080 - DEBUG - [_make_request] - https://catalog.api.2gis.com:443 "GET /3.0/items?key=18ee47f5-2184-45df-ac89-779be9385d71&q=%D0%BC%D0%B0%D0%B3%D0%B0%D0%B7%D0%B8%D0%BD&district_id=4504209512726585&type=branch&page=3&page_size=10&fields=items.point%2Citems.name%2Citems.address_name%2Citems.reviews HTTP/1.1" 200 None
2025-10-30 21:24:57,081 - DEBUG - [получить_магазины_в_районе] - Статус ответа: 200
2025-10-30 21:24:57,081 - INFO - [получить_магазины_в_районе] - Загружено 10 магазинов со страницы 3
2025-10-30 21:24:57,583 - DEBUG - [получить_магазины_в_районе] - Запрос страницы 4 для района Соколиная Гора
2025-10-30 21:24:57,585 - DEBUG - [_new_conn] - Starting new HTTPS connection (1): catalog.api.2gis.com:443
2025-10-30 21:24:58,008 - DEBUG - [_make_request] - https://catalog.api.2gis.com:443 "GET /3.0/items?key=18ee47f5-2184-45df-ac89-779be9385d71&q=%D0%BC%D0%B0%D0%B3%D0%B0%D0%B7%D0%B8%D0%BD&district_id=4504209512726585&type=branch&page=4&page_size=10&fields=items.point%2Citems.name%2Citems.address_name%2Citems.reviews HTTP/1.1" 200 None
2025-10-30 21:24:58,009 - DEBUG - [получить_магазины_в_районе] - Статус ответа: 200
2025-10-30 21:24:58,009 - INFO - [получить_магазины_в_районе] - Загружено 10 магазинов со страницы 4
2025-10-30 21:24:58,511 - DEBUG - [получить_магазины_в_районе] - Запрос страницы 5 для района Соколиная Гора
2025-10-30 21:24:58,512 - DEBUG - [_new_conn] - Starting new HTTPS connection (1): catalog.api.2gis.com:443
2025-10-30 21:24:58,932 - DEBUG - [_make_request] - https://catalog.api.2gis.com:443 "GET /3.0/items?key=18ee47f5-2184-45df-ac89-779be9385d71&q=%D0%BC%D0%B0%D0%B3%D0%B0%D0%B7%D0%B8%D0%BD&district_id=4504209512726585&type=branch&page=5&page_size=10&fields=items.point%2Citems.name%2Citems.address_name%2Citems.reviews HTTP/1.1" 200 None
2025-10-30 21:24:58,933 - DEBUG - [получить_магазины_в_районе] - Статус ответа: 200
2025-10-30 21:24:58,933 - INFO - [получить_магазины_в_районе] - Загружено 10 магазинов со страницы 5
2025-10-30 21:24:58,934 - INFO - [получить_магазины_в_районе] - Завершение сбора для района Соколиная Гора. Найдено магазинов: 50
2025-10-30 21:24:58,936 - INFO - [<cell line: 0>] - Район 'Соколиная Гора' завершен. Магазинов: 50
2025-10-30 21:24:59,939 - INFO - [<cell line: 0>] - [101/132] Обработка района: Сокольники
2025-10-30 21:24:59,940 - INFO - [получить_магазины_в_районе] - Начало сбора магазинов для района: Сокольники (ID: 4504209512726582)
2025-10-30 21:24:59,941 - DEBUG - [получить_магазины_в_районе] - Запрос страницы 1 для района Сокольники
2025-10-30 21:24:59,943 - DEBUG - [_new_conn] - Starting new HTTPS connection (1): catalog.api.2gis.com:443
2025-10-30 21:25:00,377 - DEBUG - [_make_request] - https://catalog.api.2gis.com:443 "GET /3.0/items?key=18ee47f5-2184-45df-ac89-779be9385d71&q=%D0%BC%D0%B0%D0%B3%D0%B0%D0%B7%D0%B8%D0%BD&district_id=4504209512726582&type=branch&page=1&page_size=10&fields=items.point%2Citems.name%2Citems.address_name%2Citems.reviews HTTP/1.1" 200 None
2025-10-30 21:25:00,377 - DEBUG - [получить_магазины_в_районе] - Статус ответа: 200
2025-10-30 21:25:00,378 - INFO - [получить_магазины_в_районе] - Загружено 10 магазинов со страницы 1
2025-10-30 21:25:00,878 - DEBUG - [получить_магазины_в_районе] - Запрос страницы 2 для района Сокольники
2025-10-30 21:25:00,880 - DEBUG - [_new_conn] - Starting new HTTPS connection (1): catalog.api.2gis.com:443
2025-10-30 21:25:01,413 - DEBUG - [_make_request] - https://catalog.api.2gis.com:443 "GET /3.0/items?key=18ee47f5-2184-45df-ac89-779be9385d71&q=%D0%BC%D0%B0%D0%B3%D0%B0%D0%B7%D0%B8%D0%BD&district_id=4504209512726582&type=branch&page=2&page_size=10&fields=items.point%2Citems.name%2Citems.address_name%2Citems.reviews HTTP/1.1" 200 None
2025-10-30 21:25:01,414 - DEBUG - [получить_магазины_в_районе] - Статус ответа: 200
2025-10-30 21:25:01,414 - INFO - [получить_магазины_в_районе] - Загружено 10 магазинов со страницы 2
2025-10-30 21:25:01,915 - DEBUG - [получить_магазины_в_районе] - Запрос страницы 3 для района Сокольники
2025-10-30 21:25:01,917 - DEBUG - [_new_conn] - Starting new HTTPS connection (1): catalog.api.2gis.com:443
2025-10-30 21:25:02,351 - DEBUG - [_make_request] - https://catalog.api.2gis.com:443 "GET /3.0/items?key=18ee47f5-2184-45df-ac89-779be9385d71&q=%D0%BC%D0%B0%D0%B3%D0%B0%D0%B7%D0%B8%D0%BD&district_id=4504209512726582&type=branch&page=3&page_size=10&fields=items.point%2Citems.name%2Citems.address_name%2Citems.reviews HTTP/1.1" 200 None
2025-10-30 21:25:02,352 - DEBUG - [получить_магазины_в_районе] - Статус ответа: 200
2025-10-30 21:25:02,352 - INFO - [получить_магазины_в_районе] - Загружено 10 магазинов со страницы 3
2025-10-30 21:25:02,853 - DEBUG - [получить_магазины_в_районе] - Запрос страницы 4 для района Сокольники
2025-10-30 21:25:02,855 - DEBUG - [_new_conn] - Starting new HTTPS connection (1): catalog.api.2gis.com:443
2025-10-30 21:25:03,258 - DEBUG - [_make_request] - https://catalog.api.2gis.com:443 "GET /3.0/items?key=18ee47f5-2184-45df-ac89-779be9385d71&q=%D0%BC%D0%B0%D0%B3%D0%B0%D0%B7%D0%B8%D0%BD&district_id=4504209512726582&type=branch&page=4&page_size=10&fields=items.point%2Citems.name%2Citems.address_name%2Citems.reviews HTTP/1.1" 200 None
2025-10-30 21:25:03,259 - DEBUG - [получить_магазины_в_районе] - Статус ответа: 200
2025-10-30 21:25:03,259 - INFO - [получить_магазины_в_районе] - Загружено 10 магазинов со страницы 4
2025-10-30 21:25:03,760 - DEBUG - [получить_магазины_в_районе] - Запрос страницы 5 для района Сокольники
2025-10-30 21:25:03,762 - DEBUG - [_new_conn] - Starting new HTTPS connection (1): catalog.api.2gis.com:443
2025-10-30 21:25:04,167 - DEBUG - [_make_request] - https://catalog.api.2gis.com:443 "GET /3.0/items?key=18ee47f5-2184-45df-ac89-779be9385d71&q=%D0%BC%D0%B0%D0%B3%D0%B0%D0%B7%D0%B8%D0%BD&district_id=4504209512726582&type=branch&page=5&page_size=10&fields=items.point%2Citems.name%2Citems.address_name%2Citems.reviews HTTP/1.1" 200 None
2025-10-30 21:25:04,168 - DEBUG - [получить_магазины_в_районе] - Статус ответа: 200
2025-10-30 21:25:04,169 - INFO - [получить_магазины_в_районе] - Загружено 10 магазинов со страницы 5
2025-10-30 21:25:04,170 - INFO - [получить_магазины_в_районе] - Завершение сбора для района Сокольники. Найдено магазинов: 50
2025-10-30 21:25:04,172 - INFO - [<cell line: 0>] - Район 'Сокольники' завершен. Магазинов: 50
2025-10-30 21:25:05,173 - INFO - [<cell line: 0>] - [102/132] Обработка района: Солнцево
2025-10-30 21:25:05,174 - INFO - [получить_магазины_в_районе] - Начало сбора магазинов для района: Солнцево (ID: 4504209512726640)
2025-10-30 21:25:05,176 - DEBUG - [получить_магазины_в_районе] - Запрос страницы 1 для района Солнцево
2025-10-30 21:25:05,179 - DEBUG - [_new_conn] - Starting new HTTPS connection (1): catalog.api.2gis.com:443
2025-10-30 21:25:05,610 - DEBUG - [_make_request] - https://catalog.api.2gis.com:443 "GET /3.0/items?key=18ee47f5-2184-45df-ac89-779be9385d71&q=%D0%BC%D0%B0%D0%B3%D0%B0%D0%B7%D0%B8%D0%BD&district_id=4504209512726640&type=branch&page=1&page_size=10&fields=items.point%2Citems.name%2Citems.address_name%2Citems.reviews HTTP/1.1" 200 None
2025-10-30 21:25:05,610 - DEBUG - [получить_магазины_в_районе] - Статус ответа: 200
2025-10-30 21:25:05,611 - INFO - [получить_магазины_в_районе] - Загружено 10 магазинов со страницы 1
2025-10-30 21:25:06,112 - DEBUG - [получить_магазины_в_районе] - Запрос страницы 2 для района Солнцево
2025-10-30 21:25:06,113 - DEBUG - [_new_conn] - Starting new HTTPS connection (1): catalog.api.2gis.com:443
2025-10-30 21:25:06,568 - DEBUG - [_make_request] - https://catalog.api.2gis.com:443 "GET /3.0/items?key=18ee47f5-2184-45df-ac89-779be9385d71&q=%D0%BC%D0%B0%D0%B3%D0%B0%D0%B7%D0%B8%D0%BD&district_id=4504209512726640&type=branch&page=2&page_size=10&fields=items.point%2Citems.name%2Citems.address_name%2Citems.reviews HTTP/1.1" 200 None
2025-10-30 21:25:06,569 - DEBUG - [получить_магазины_в_районе] - Статус ответа: 200
2025-10-30 21:25:06,569 - INFO - [получить_магазины_в_районе] - Загружено 10 магазинов со страницы 2
2025-10-30 21:25:07,070 - DEBUG - [получить_магазины_в_районе] - Запрос страницы 3 для района Солнцево
2025-10-30 21:25:07,071 - DEBUG - [_new_conn] - Starting new HTTPS connection (1): catalog.api.2gis.com:443
2025-10-30 21:25:07,521 - DEBUG - [_make_request] - https://catalog.api.2gis.com:443 "GET /3.0/items?key=18ee47f5-2184-45df-ac89-779be9385d71&q=%D0%BC%D0%B0%D0%B3%D0%B0%D0%B7%D0%B8%D0%BD&district_id=4504209512726640&type=branch&page=3&page_size=10&fields=items.point%2Citems.name%2Citems.address_name%2Citems.reviews HTTP/1.1" 200 None
2025-10-30 21:25:07,522 - DEBUG - [получить_магазины_в_районе] - Статус ответа: 200
2025-10-30 21:25:07,522 - INFO - [получить_магазины_в_районе] - Загружено 10 магазинов со страницы 3
2025-10-30 21:25:08,023 - DEBUG - [получить_магазины_в_районе] - Запрос страницы 4 для района Солнцево
2025-10-30 21:25:08,024 - DEBUG - [_new_conn] - Starting new HTTPS connection (1): catalog.api.2gis.com:443
2025-10-30 21:25:08,478 - DEBUG - [_make_request] - https://catalog.api.2gis.com:443 "GET /3.0/items?key=18ee47f5-2184-45df-ac89-779be9385d71&q=%D0%BC%D0%B0%D0%B3%D0%B0%D0%B7%D0%B8%D0%BD&district_id=4504209512726640&type=branch&page=4&page_size=10&fields=items.point%2Citems.name%2Citems.address_name%2Citems.reviews HTTP/1.1" 200 None
2025-10-30 21:25:08,479 - DEBUG - [получить_магазины_в_районе] - Статус ответа: 200
2025-10-30 21:25:08,479 - INFO - [получить_магазины_в_районе] - Загружено 10 магазинов со страницы 4
2025-10-30 21:25:08,980 - DEBUG - [получить_магазины_в_районе] - Запрос страницы 5 для района Солнцево
2025-10-30 21:25:08,982 - DEBUG - [_new_conn] - Starting new HTTPS connection (1): catalog.api.2gis.com:443
2025-10-30 21:25:09,418 - DEBUG - [_make_request] - https://catalog.api.2gis.com:443 "GET /3.0/items?key=18ee47f5-2184-45df-ac89-779be9385d71&q=%D0%BC%D0%B0%D0%B3%D0%B0%D0%B7%D0%B8%D0%BD&district_id=4504209512726640&type=branch&page=5&page_size=10&fields=items.point%2Citems.name%2Citems.address_name%2Citems.reviews HTTP/1.1" 200 None
2025-10-30 21:25:09,419 - DEBUG - [получить_магазины_в_районе] - Статус ответа: 200
2025-10-30 21:25:09,419 - INFO - [получить_магазины_в_районе] - Загружено 10 магазинов со страницы 5
2025-10-30 21:25:09,420 - INFO - [получить_магазины_в_районе] - Завершение сбора для района Солнцево. Найдено магазинов: 50
2025-10-30 21:25:09,422 - INFO - [<cell line: 0>] - Район 'Солнцево' завершен. Магазинов: 50
2025-10-30 21:25:10,423 - INFO - [<cell line: 0>] - [103/132] Обработка района: Старое Крюково
2025-10-30 21:25:10,424 - INFO - [получить_магазины_в_районе] - Начало сбора магазинов для района: Старое Крюково (ID: 4504209512726655)
2025-10-30 21:25:10,426 - DEBUG - [получить_магазины_в_районе] - Запрос страницы 1 для района Старое Крюково
2025-10-30 21:25:10,428 - DEBUG - [_new_conn] - Starting new HTTPS connection (1): catalog.api.2gis.com:443
2025-10-30 21:25:10,882 - DEBUG - [_make_request] - https://catalog.api.2gis.com:443 "GET /3.0/items?key=18ee47f5-2184-45df-ac89-779be9385d71&q=%D0%BC%D0%B0%D0%B3%D0%B0%D0%B7%D0%B8%D0%BD&district_id=4504209512726655&type=branch&page=1&page_size=10&fields=items.point%2Citems.name%2Citems.address_name%2Citems.reviews HTTP/1.1" 200 None
2025-10-30 21:25:10,883 - DEBUG - [получить_магазины_в_районе] - Статус ответа: 200
2025-10-30 21:25:10,883 - INFO - [получить_магазины_в_районе] - Загружено 10 магазинов со страницы 1
2025-10-30 21:25:11,384 - DEBUG - [получить_магазины_в_районе] - Запрос страницы 2 для района Старое Крюково
2025-10-30 21:25:11,385 - DEBUG - [_new_conn] - Starting new HTTPS connection (1): catalog.api.2gis.com:443
2025-10-30 21:25:11,811 - DEBUG - [_make_request] - https://catalog.api.2gis.com:443 "GET /3.0/items?key=18ee47f5-2184-45df-ac89-779be9385d71&q=%D0%BC%D0%B0%D0%B3%D0%B0%D0%B7%D0%B8%D0%BD&district_id=4504209512726655&type=branch&page=2&page_size=10&fields=items.point%2Citems.name%2Citems.address_name%2Citems.reviews HTTP/1.1" 200 None
2025-10-30 21:25:11,812 - DEBUG - [получить_магазины_в_районе] - Статус ответа: 200
2025-10-30 21:25:11,812 - INFO - [получить_магазины_в_районе] - Загружено 10 магазинов со страницы 2
2025-10-30 21:25:12,313 - DEBUG - [получить_магазины_в_районе] - Запрос страницы 3 для района Старое Крюково
2025-10-30 21:25:12,314 - DEBUG - [_new_conn] - Starting new HTTPS connection (1): catalog.api.2gis.com:443
2025-10-30 21:25:12,708 - DEBUG - [_make_request] - https://catalog.api.2gis.com:443 "GET /3.0/items?key=18ee47f5-2184-45df-ac89-779be9385d71&q=%D0%BC%D0%B0%D0%B3%D0%B0%D0%B7%D0%B8%D0%BD&district_id=4504209512726655&type=branch&page=3&page_size=10&fields=items.point%2Citems.name%2Citems.address_name%2Citems.reviews HTTP/1.1" 200 None
2025-10-30 21:25:12,709 - DEBUG - [получить_магазины_в_районе] - Статус ответа: 200
2025-10-30 21:25:12,710 - INFO - [получить_магазины_в_районе] - Загружено 10 магазинов со страницы 3
2025-10-30 21:25:13,211 - DEBUG - [получить_магазины_в_районе] - Запрос страницы 4 для района Старое Крюково
2025-10-30 21:25:13,212 - DEBUG - [_new_conn] - Starting new HTTPS connection (1): catalog.api.2gis.com:443
2025-10-30 21:25:13,639 - DEBUG - [_make_request] - https://catalog.api.2gis.com:443 "GET /3.0/items?key=18ee47f5-2184-45df-ac89-779be9385d71&q=%D0%BC%D0%B0%D0%B3%D0%B0%D0%B7%D0%B8%D0%BD&district_id=4504209512726655&type=branch&page=4&page_size=10&fields=items.point%2Citems.name%2Citems.address_name%2Citems.reviews HTTP/1.1" 200 None
2025-10-30 21:25:13,640 - DEBUG - [получить_магазины_в_районе] - Статус ответа: 200
2025-10-30 21:25:13,641 - INFO - [получить_магазины_в_районе] - Загружено 10 магазинов со страницы 4
2025-10-30 21:25:14,142 - DEBUG - [получить_магазины_в_районе] - Запрос страницы 5 для района Старое Крюково
2025-10-30 21:25:14,143 - DEBUG - [_new_conn] - Starting new HTTPS connection (1): catalog.api.2gis.com:443
2025-10-30 21:25:14,563 - DEBUG - [_make_request] - https://catalog.api.2gis.com:443 "GET /3.0/items?key=18ee47f5-2184-45df-ac89-779be9385d71&q=%D0%BC%D0%B0%D0%B3%D0%B0%D0%B7%D0%B8%D0%BD&district_id=4504209512726655&type=branch&page=5&page_size=10&fields=items.point%2Citems.name%2Citems.address_name%2Citems.reviews HTTP/1.1" 200 None
2025-10-30 21:25:14,564 - DEBUG - [получить_магазины_в_районе] - Статус ответа: 200
2025-10-30 21:25:14,565 - INFO - [получить_магазины_в_районе] - Загружено 10 магазинов со страницы 5
2025-10-30 21:25:14,565 - INFO - [получить_магазины_в_районе] - Завершение сбора для района Старое Крюково. Найдено магазинов: 50
2025-10-30 21:25:14,566 - INFO - [<cell line: 0>] - Район 'Старое Крюково' завершен. Магазинов: 50
2025-10-30 21:25:15,568 - INFO - [<cell line: 0>] - [104/132] Обработка района: Строгино
2025-10-30 21:25:15,570 - INFO - [получить_магазины_в_районе] - Начало сбора магазинов для района: Строгино (ID: 4504209512726644)
2025-10-30 21:25:15,571 - DEBUG - [получить_магазины_в_районе] - Запрос страницы 1 для района Строгино
2025-10-30 21:25:15,573 - DEBUG - [_new_conn] - Starting new HTTPS connection (1): catalog.api.2gis.com:443
2025-10-30 21:25:15,983 - DEBUG - [_make_request] - https://catalog.api.2gis.com:443 "GET /3.0/items?key=18ee47f5-2184-45df-ac89-779be9385d71&q=%D0%BC%D0%B0%D0%B3%D0%B0%D0%B7%D0%B8%D0%BD&district_id=4504209512726644&type=branch&page=1&page_size=10&fields=items.point%2Citems.name%2Citems.address_name%2Citems.reviews HTTP/1.1" 200 None
2025-10-30 21:25:15,984 - DEBUG - [получить_магазины_в_районе] - Статус ответа: 200
2025-10-30 21:25:15,984 - INFO - [получить_магазины_в_районе] - Загружено 10 магазинов со страницы 1
2025-10-30 21:25:16,485 - DEBUG - [получить_магазины_в_районе] - Запрос страницы 2 для района Строгино
2025-10-30 21:25:16,487 - DEBUG - [_new_conn] - Starting new HTTPS connection (1): catalog.api.2gis.com:443
2025-10-30 21:25:16,899 - DEBUG - [_make_request] - https://catalog.api.2gis.com:443 "GET /3.0/items?key=18ee47f5-2184-45df-ac89-779be9385d71&q=%D0%BC%D0%B0%D0%B3%D0%B0%D0%B7%D0%B8%D0%BD&district_id=4504209512726644&type=branch&page=2&page_size=10&fields=items.point%2Citems.name%2Citems.address_name%2Citems.reviews HTTP/1.1" 200 None
2025-10-30 21:25:16,900 - DEBUG - [получить_магазины_в_районе] - Статус ответа: 200
2025-10-30 21:25:16,900 - INFO - [получить_магазины_в_районе] - Загружено 10 магазинов со страницы 2
2025-10-30 21:25:17,401 - DEBUG - [получить_магазины_в_районе] - Запрос страницы 3 для района Строгино
2025-10-30 21:25:17,402 - DEBUG - [_new_conn] - Starting new HTTPS connection (1): catalog.api.2gis.com:443
2025-10-30 21:25:17,846 - DEBUG - [_make_request] - https://catalog.api.2gis.com:443 "GET /3.0/items?key=18ee47f5-2184-45df-ac89-779be9385d71&q=%D0%BC%D0%B0%D0%B3%D0%B0%D0%B7%D0%B8%D0%BD&district_id=4504209512726644&type=branch&page=3&page_size=10&fields=items.point%2Citems.name%2Citems.address_name%2Citems.reviews HTTP/1.1" 200 None
2025-10-30 21:25:17,847 - DEBUG - [получить_магазины_в_районе] - Статус ответа: 200
2025-10-30 21:25:17,847 - INFO - [получить_магазины_в_районе] - Загружено 10 магазинов со страницы 3
2025-10-30 21:25:18,348 - DEBUG - [получить_магазины_в_районе] - Запрос страницы 4 для района Строгино
2025-10-30 21:25:18,349 - DEBUG - [_new_conn] - Starting new HTTPS connection (1): catalog.api.2gis.com:443
2025-10-30 21:25:18,765 - DEBUG - [_make_request] - https://catalog.api.2gis.com:443 "GET /3.0/items?key=18ee47f5-2184-45df-ac89-779be9385d71&q=%D0%BC%D0%B0%D0%B3%D0%B0%D0%B7%D0%B8%D0%BD&district_id=4504209512726644&type=branch&page=4&page_size=10&fields=items.point%2Citems.name%2Citems.address_name%2Citems.reviews HTTP/1.1" 200 None
2025-10-30 21:25:18,766 - DEBUG - [получить_магазины_в_районе] - Статус ответа: 200
2025-10-30 21:25:18,766 - INFO - [получить_магазины_в_районе] - Загружено 10 магазинов со страницы 4
2025-10-30 21:25:19,267 - DEBUG - [получить_магазины_в_районе] - Запрос страницы 5 для района Строгино
2025-10-30 21:25:19,269 - DEBUG - [_new_conn] - Starting new HTTPS connection (1): catalog.api.2gis.com:443
2025-10-30 21:25:19,680 - DEBUG - [_make_request] - https://catalog.api.2gis.com:443 "GET /3.0/items?key=18ee47f5-2184-45df-ac89-779be9385d71&q=%D0%BC%D0%B0%D0%B3%D0%B0%D0%B7%D0%B8%D0%BD&district_id=4504209512726644&type=branch&page=5&page_size=10&fields=items.point%2Citems.name%2Citems.address_name%2Citems.reviews HTTP/1.1" 200 None
2025-10-30 21:25:19,681 - DEBUG - [получить_магазины_в_районе] - Статус ответа: 200
2025-10-30 21:25:19,682 - INFO - [получить_магазины_в_районе] - Загружено 10 магазинов со страницы 5
2025-10-30 21:25:19,682 - INFO - [получить_магазины_в_районе] - Завершение сбора для района Строгино. Найдено магазинов: 50
2025-10-30 21:25:19,684 - INFO - [<cell line: 0>] - Район 'Строгино' завершен. Магазинов: 50
2025-10-30 21:25:20,685 - INFO - [<cell line: 0>] - [105/132] Обработка района: Таганский
2025-10-30 21:25:20,686 - INFO - [получить_магазины_в_районе] - Начало сбора магазинов для района: Таганский (ID: 4504209512726538)
2025-10-30 21:25:20,687 - DEBUG - [получить_магазины_в_районе] - Запрос страницы 1 для района Таганский
2025-10-30 21:25:20,690 - DEBUG - [_new_conn] - Starting new HTTPS connection (1): catalog.api.2gis.com:443
2025-10-30 21:25:21,106 - DEBUG - [_make_request] - https://catalog.api.2gis.com:443 "GET /3.0/items?key=18ee47f5-2184-45df-ac89-779be9385d71&q=%D0%BC%D0%B0%D0%B3%D0%B0%D0%B7%D0%B8%D0%BD&district_id=4504209512726538&type=branch&page=1&page_size=10&fields=items.point%2Citems.name%2Citems.address_name%2Citems.reviews HTTP/1.1" 200 None
2025-10-30 21:25:21,107 - DEBUG - [получить_магазины_в_районе] - Статус ответа: 200
2025-10-30 21:25:21,107 - INFO - [получить_магазины_в_районе] - Загружено 10 магазинов со страницы 1
2025-10-30 21:25:21,609 - DEBUG - [получить_магазины_в_районе] - Запрос страницы 2 для района Таганский
2025-10-30 21:25:21,610 - DEBUG - [_new_conn] - Starting new HTTPS connection (1): catalog.api.2gis.com:443
2025-10-30 21:25:22,032 - DEBUG - [_make_request] - https://catalog.api.2gis.com:443 "GET /3.0/items?key=18ee47f5-2184-45df-ac89-779be9385d71&q=%D0%BC%D0%B0%D0%B3%D0%B0%D0%B7%D0%B8%D0%BD&district_id=4504209512726538&type=branch&page=2&page_size=10&fields=items.point%2Citems.name%2Citems.address_name%2Citems.reviews HTTP/1.1" 200 None
2025-10-30 21:25:22,033 - DEBUG - [получить_магазины_в_районе] - Статус ответа: 200
2025-10-30 21:25:22,034 - INFO - [получить_магазины_в_районе] - Загружено 10 магазинов со страницы 2
2025-10-30 21:25:22,535 - DEBUG - [получить_магазины_в_районе] - Запрос страницы 3 для района Таганский
2025-10-30 21:25:22,537 - DEBUG - [_new_conn] - Starting new HTTPS connection (1): catalog.api.2gis.com:443
2025-10-30 21:25:22,939 - DEBUG - [_make_request] - https://catalog.api.2gis.com:443 "GET /3.0/items?key=18ee47f5-2184-45df-ac89-779be9385d71&q=%D0%BC%D0%B0%D0%B3%D0%B0%D0%B7%D0%B8%D0%BD&district_id=4504209512726538&type=branch&page=3&page_size=10&fields=items.point%2Citems.name%2Citems.address_name%2Citems.reviews HTTP/1.1" 200 None
2025-10-30 21:25:22,940 - DEBUG - [получить_магазины_в_районе] - Статус ответа: 200
2025-10-30 21:25:22,940 - INFO - [получить_магазины_в_районе] - Загружено 10 магазинов со страницы 3
2025-10-30 21:25:23,441 - DEBUG - [получить_магазины_в_районе] - Запрос страницы 4 для района Таганский
2025-10-30 21:25:23,442 - DEBUG - [_new_conn] - Starting new HTTPS connection (1): catalog.api.2gis.com:443
2025-10-30 21:25:23,867 - DEBUG - [_make_request] - https://catalog.api.2gis.com:443 "GET /3.0/items?key=18ee47f5-2184-45df-ac89-779be9385d71&q=%D0%BC%D0%B0%D0%B3%D0%B0%D0%B7%D0%B8%D0%BD&district_id=4504209512726538&type=branch&page=4&page_size=10&fields=items.point%2Citems.name%2Citems.address_name%2Citems.reviews HTTP/1.1" 200 None
2025-10-30 21:25:23,868 - DEBUG - [получить_магазины_в_районе] - Статус ответа: 200
2025-10-30 21:25:23,868 - INFO - [получить_магазины_в_районе] - Загружено 10 магазинов со страницы 4
2025-10-30 21:25:24,369 - DEBUG - [получить_магазины_в_районе] - Запрос страницы 5 для района Таганский
2025-10-30 21:25:24,370 - DEBUG - [_new_conn] - Starting new HTTPS connection (1): catalog.api.2gis.com:443
2025-10-30 21:25:24,787 - DEBUG - [_make_request] - https://catalog.api.2gis.com:443 "GET /3.0/items?key=18ee47f5-2184-45df-ac89-779be9385d71&q=%D0%BC%D0%B0%D0%B3%D0%B0%D0%B7%D0%B8%D0%BD&district_id=4504209512726538&type=branch&page=5&page_size=10&fields=items.point%2Citems.name%2Citems.address_name%2Citems.reviews HTTP/1.1" 200 None
2025-10-30 21:25:24,788 - DEBUG - [получить_магазины_в_районе] - Статус ответа: 200
2025-10-30 21:25:24,788 - INFO - [получить_магазины_в_районе] - Загружено 10 магазинов со страницы 5
2025-10-30 21:25:24,789 - INFO - [получить_магазины_в_районе] - Завершение сбора для района Таганский. Найдено магазинов: 50
2025-10-30 21:25:24,790 - INFO - [<cell line: 0>] - Район 'Таганский' завершен. Магазинов: 50
2025-10-30 21:25:25,792 - INFO - [<cell line: 0>] - [106/132] Обработка района: Тверской
2025-10-30 21:25:25,793 - INFO - [получить_магазины_в_районе] - Начало сбора магазинов для района: Тверской (ID: 4504209512726536)
2025-10-30 21:25:25,794 - DEBUG - [получить_магазины_в_районе] - Запрос страницы 1 для района Тверской
2025-10-30 21:25:25,795 - DEBUG - [_new_conn] - Starting new HTTPS connection (1): catalog.api.2gis.com:443
2025-10-30 21:25:26,272 - DEBUG - [_make_request] - https://catalog.api.2gis.com:443 "GET /3.0/items?key=18ee47f5-2184-45df-ac89-779be9385d71&q=%D0%BC%D0%B0%D0%B3%D0%B0%D0%B7%D0%B8%D0%BD&district_id=4504209512726536&type=branch&page=1&page_size=10&fields=items.point%2Citems.name%2Citems.address_name%2Citems.reviews HTTP/1.1" 200 None
2025-10-30 21:25:26,273 - DEBUG - [получить_магазины_в_районе] - Статус ответа: 200
2025-10-30 21:25:26,273 - INFO - [получить_магазины_в_районе] - Загружено 10 магазинов со страницы 1
2025-10-30 21:25:26,774 - DEBUG - [получить_магазины_в_районе] - Запрос страницы 2 для района Тверской
2025-10-30 21:25:26,776 - DEBUG - [_new_conn] - Starting new HTTPS connection (1): catalog.api.2gis.com:443
2025-10-30 21:25:27,218 - DEBUG - [_make_request] - https://catalog.api.2gis.com:443 "GET /3.0/items?key=18ee47f5-2184-45df-ac89-779be9385d71&q=%D0%BC%D0%B0%D0%B3%D0%B0%D0%B7%D0%B8%D0%BD&district_id=4504209512726536&type=branch&page=2&page_size=10&fields=items.point%2Citems.name%2Citems.address_name%2Citems.reviews HTTP/1.1" 200 None
2025-10-30 21:25:27,219 - DEBUG - [получить_магазины_в_районе] - Статус ответа: 200
2025-10-30 21:25:27,220 - INFO - [получить_магазины_в_районе] - Загружено 10 магазинов со страницы 2
2025-10-30 21:25:27,721 - DEBUG - [получить_магазины_в_районе] - Запрос страницы 3 для района Тверской
2025-10-30 21:25:27,722 - DEBUG - [_new_conn] - Starting new HTTPS connection (1): catalog.api.2gis.com:443
2025-10-30 21:25:28,176 - DEBUG - [_make_request] - https://catalog.api.2gis.com:443 "GET /3.0/items?key=18ee47f5-2184-45df-ac89-779be9385d71&q=%D0%BC%D0%B0%D0%B3%D0%B0%D0%B7%D0%B8%D0%BD&district_id=4504209512726536&type=branch&page=3&page_size=10&fields=items.point%2Citems.name%2Citems.address_name%2Citems.reviews HTTP/1.1" 200 None
2025-10-30 21:25:28,177 - DEBUG - [получить_магазины_в_районе] - Статус ответа: 200
2025-10-30 21:25:28,177 - INFO - [получить_магазины_в_районе] - Загружено 10 магазинов со страницы 3
2025-10-30 21:25:28,678 - DEBUG - [получить_магазины_в_районе] - Запрос страницы 4 для района Тверской
2025-10-30 21:25:28,679 - DEBUG - [_new_conn] - Starting new HTTPS connection (1): catalog.api.2gis.com:443
2025-10-30 21:25:29,112 - DEBUG - [_make_request] - https://catalog.api.2gis.com:443 "GET /3.0/items?key=18ee47f5-2184-45df-ac89-779be9385d71&q=%D0%BC%D0%B0%D0%B3%D0%B0%D0%B7%D0%B8%D0%BD&district_id=4504209512726536&type=branch&page=4&page_size=10&fields=items.point%2Citems.name%2Citems.address_name%2Citems.reviews HTTP/1.1" 200 None
2025-10-30 21:25:29,113 - DEBUG - [получить_магазины_в_районе] - Статус ответа: 200
2025-10-30 21:25:29,113 - INFO - [получить_магазины_в_районе] - Загружено 10 магазинов со страницы 4
2025-10-30 21:25:29,614 - DEBUG - [получить_магазины_в_районе] - Запрос страницы 5 для района Тверской
2025-10-30 21:25:29,615 - DEBUG - [_new_conn] - Starting new HTTPS connection (1): catalog.api.2gis.com:443
2025-10-30 21:25:30,114 - DEBUG - [_make_request] - https://catalog.api.2gis.com:443 "GET /3.0/items?key=18ee47f5-2184-45df-ac89-779be9385d71&q=%D0%BC%D0%B0%D0%B3%D0%B0%D0%B7%D0%B8%D0%BD&district_id=4504209512726536&type=branch&page=5&page_size=10&fields=items.point%2Citems.name%2Citems.address_name%2Citems.reviews HTTP/1.1" 200 None
2025-10-30 21:25:30,115 - DEBUG - [получить_магазины_в_районе] - Статус ответа: 200
2025-10-30 21:25:30,115 - INFO - [получить_магазины_в_районе] - Загружено 10 магазинов со страницы 5
2025-10-30 21:25:30,116 - INFO - [получить_магазины_в_районе] - Завершение сбора для района Тверской. Найдено магазинов: 50
2025-10-30 21:25:30,118 - INFO - [<cell line: 0>] - Район 'Тверской' завершен. Магазинов: 50
2025-10-30 21:25:31,120 - INFO - [<cell line: 0>] - [107/132] Обработка района: Текстильщики
2025-10-30 21:25:31,121 - INFO - [получить_магазины_в_районе] - Начало сбора магазинов для района: Текстильщики (ID: 4504209512726594)
2025-10-30 21:25:31,122 - DEBUG - [получить_магазины_в_районе] - Запрос страницы 1 для района Текстильщики
2025-10-30 21:25:31,123 - DEBUG - [_new_conn] - Starting new HTTPS connection (1): catalog.api.2gis.com:443
2025-10-30 21:25:31,680 - DEBUG - [_make_request] - https://catalog.api.2gis.com:443 "GET /3.0/items?key=18ee47f5-2184-45df-ac89-779be9385d71&q=%D0%BC%D0%B0%D0%B3%D0%B0%D0%B7%D0%B8%D0%BD&district_id=4504209512726594&type=branch&page=1&page_size=10&fields=items.point%2Citems.name%2Citems.address_name%2Citems.reviews HTTP/1.1" 200 None
2025-10-30 21:25:31,680 - DEBUG - [получить_магазины_в_районе] - Статус ответа: 200
2025-10-30 21:25:31,681 - INFO - [получить_магазины_в_районе] - Загружено 10 магазинов со страницы 1
2025-10-30 21:25:32,182 - DEBUG - [получить_магазины_в_районе] - Запрос страницы 2 для района Текстильщики
2025-10-30 21:25:32,183 - DEBUG - [_new_conn] - Starting new HTTPS connection (1): catalog.api.2gis.com:443
2025-10-30 21:25:32,704 - DEBUG - [_make_request] - https://catalog.api.2gis.com:443 "GET /3.0/items?key=18ee47f5-2184-45df-ac89-779be9385d71&q=%D0%BC%D0%B0%D0%B3%D0%B0%D0%B7%D0%B8%D0%BD&district_id=4504209512726594&type=branch&page=2&page_size=10&fields=items.point%2Citems.name%2Citems.address_name%2Citems.reviews HTTP/1.1" 200 None
2025-10-30 21:25:32,705 - DEBUG - [получить_магазины_в_районе] - Статус ответа: 200
2025-10-30 21:25:32,705 - INFO - [получить_магазины_в_районе] - Загружено 10 магазинов со страницы 2
2025-10-30 21:25:33,206 - DEBUG - [получить_магазины_в_районе] - Запрос страницы 3 для района Текстильщики
2025-10-30 21:25:33,208 - DEBUG - [_new_conn] - Starting new HTTPS connection (1): catalog.api.2gis.com:443
2025-10-30 21:25:33,636 - DEBUG - [_make_request] - https://catalog.api.2gis.com:443 "GET /3.0/items?key=18ee47f5-2184-45df-ac89-779be9385d71&q=%D0%BC%D0%B0%D0%B3%D0%B0%D0%B7%D0%B8%D0%BD&district_id=4504209512726594&type=branch&page=3&page_size=10&fields=items.point%2Citems.name%2Citems.address_name%2Citems.reviews HTTP/1.1" 200 None
2025-10-30 21:25:33,637 - DEBUG - [получить_магазины_в_районе] - Статус ответа: 200
2025-10-30 21:25:33,638 - INFO - [получить_магазины_в_районе] - Загружено 10 магазинов со страницы 3
2025-10-30 21:25:34,139 - DEBUG - [получить_магазины_в_районе] - Запрос страницы 4 для района Текстильщики
2025-10-30 21:25:34,140 - DEBUG - [_new_conn] - Starting new HTTPS connection (1): catalog.api.2gis.com:443
2025-10-30 21:25:34,562 - DEBUG - [_make_request] - https://catalog.api.2gis.com:443 "GET /3.0/items?key=18ee47f5-2184-45df-ac89-779be9385d71&q=%D0%BC%D0%B0%D0%B3%D0%B0%D0%B7%D0%B8%D0%BD&district_id=4504209512726594&type=branch&page=4&page_size=10&fields=items.point%2Citems.name%2Citems.address_name%2Citems.reviews HTTP/1.1" 200 None
2025-10-30 21:25:34,563 - DEBUG - [получить_магазины_в_районе] - Статус ответа: 200
2025-10-30 21:25:34,563 - INFO - [получить_магазины_в_районе] - Загружено 10 магазинов со страницы 4
2025-10-30 21:25:35,064 - DEBUG - [получить_магазины_в_районе] - Запрос страницы 5 для района Текстильщики
2025-10-30 21:25:35,065 - DEBUG - [_new_conn] - Starting new HTTPS connection (1): catalog.api.2gis.com:443
2025-10-30 21:25:35,498 - DEBUG - [_make_request] - https://catalog.api.2gis.com:443 "GET /3.0/items?key=18ee47f5-2184-45df-ac89-779be9385d71&q=%D0%BC%D0%B0%D0%B3%D0%B0%D0%B7%D0%B8%D0%BD&district_id=4504209512726594&type=branch&page=5&page_size=10&fields=items.point%2Citems.name%2Citems.address_name%2Citems.reviews HTTP/1.1" 200 None
2025-10-30 21:25:35,499 - DEBUG - [получить_магазины_в_районе] - Статус ответа: 200
2025-10-30 21:25:35,499 - INFO - [получить_магазины_в_районе] - Загружено 10 магазинов со страницы 5
2025-10-30 21:25:35,500 - INFO - [получить_магазины_в_районе] - Завершение сбора для района Текстильщики. Найдено магазинов: 50
2025-10-30 21:25:35,501 - INFO - [<cell line: 0>] - Район 'Текстильщики' завершен. Магазинов: 50
2025-10-30 21:25:36,503 - INFO - [<cell line: 0>] - [108/132] Обработка района: Тёплый Стан
2025-10-30 21:25:36,503 - INFO - [получить_магазины_в_районе] - Начало сбора магазинов для района: Тёплый Стан (ID: 4504209512726621)
2025-10-30 21:25:36,504 - DEBUG - [получить_магазины_в_районе] - Запрос страницы 1 для района Тёплый Стан
2025-10-30 21:25:36,506 - DEBUG - [_new_conn] - Starting new HTTPS connection (1): catalog.api.2gis.com:443
2025-10-30 21:25:36,930 - DEBUG - [_make_request] - https://catalog.api.2gis.com:443 "GET /3.0/items?key=18ee47f5-2184-45df-ac89-779be9385d71&q=%D0%BC%D0%B0%D0%B3%D0%B0%D0%B7%D0%B8%D0%BD&district_id=4504209512726621&type=branch&page=1&page_size=10&fields=items.point%2Citems.name%2Citems.address_name%2Citems.reviews HTTP/1.1" 200 None
2025-10-30 21:25:36,931 - DEBUG - [получить_магазины_в_районе] - Статус ответа: 200
2025-10-30 21:25:36,931 - INFO - [получить_магазины_в_районе] - Загружено 10 магазинов со страницы 1
2025-10-30 21:25:37,432 - DEBUG - [получить_магазины_в_районе] - Запрос страницы 2 для района Тёплый Стан
2025-10-30 21:25:37,433 - DEBUG - [_new_conn] - Starting new HTTPS connection (1): catalog.api.2gis.com:443
2025-10-30 21:25:37,890 - DEBUG - [_make_request] - https://catalog.api.2gis.com:443 "GET /3.0/items?key=18ee47f5-2184-45df-ac89-779be9385d71&q=%D0%BC%D0%B0%D0%B3%D0%B0%D0%B7%D0%B8%D0%BD&district_id=4504209512726621&type=branch&page=2&page_size=10&fields=items.point%2Citems.name%2Citems.address_name%2Citems.reviews HTTP/1.1" 200 None
2025-10-30 21:25:37,891 - DEBUG - [получить_магазины_в_районе] - Статус ответа: 200
2025-10-30 21:25:37,892 - INFO - [получить_магазины_в_районе] - Загружено 10 магазинов со страницы 2
2025-10-30 21:25:38,393 - DEBUG - [получить_магазины_в_районе] - Запрос страницы 3 для района Тёплый Стан
2025-10-30 21:25:38,394 - DEBUG - [_new_conn] - Starting new HTTPS connection (1): catalog.api.2gis.com:443
2025-10-30 21:25:38,818 - DEBUG - [_make_request] - https://catalog.api.2gis.com:443 "GET /3.0/items?key=18ee47f5-2184-45df-ac89-779be9385d71&q=%D0%BC%D0%B0%D0%B3%D0%B0%D0%B7%D0%B8%D0%BD&district_id=4504209512726621&type=branch&page=3&page_size=10&fields=items.point%2Citems.name%2Citems.address_name%2Citems.reviews HTTP/1.1" 200 None
2025-10-30 21:25:38,819 - DEBUG - [получить_магазины_в_районе] - Статус ответа: 200
2025-10-30 21:25:38,819 - INFO - [получить_магазины_в_районе] - Загружено 10 магазинов со страницы 3
2025-10-30 21:25:39,320 - DEBUG - [получить_магазины_в_районе] - Запрос страницы 4 для района Тёплый Стан
2025-10-30 21:25:39,322 - DEBUG - [_new_conn] - Starting new HTTPS connection (1): catalog.api.2gis.com:443
2025-10-30 21:25:39,761 - DEBUG - [_make_request] - https://catalog.api.2gis.com:443 "GET /3.0/items?key=18ee47f5-2184-45df-ac89-779be9385d71&q=%D0%BC%D0%B0%D0%B3%D0%B0%D0%B7%D0%B8%D0%BD&district_id=4504209512726621&type=branch&page=4&page_size=10&fields=items.point%2Citems.name%2Citems.address_name%2Citems.reviews HTTP/1.1" 200 None
2025-10-30 21:25:39,762 - DEBUG - [получить_магазины_в_районе] - Статус ответа: 200
2025-10-30 21:25:39,762 - INFO - [получить_магазины_в_районе] - Загружено 10 магазинов со страницы 4
2025-10-30 21:25:40,263 - DEBUG - [получить_магазины_в_районе] - Запрос страницы 5 для района Тёплый Стан
2025-10-30 21:25:40,264 - DEBUG - [_new_conn] - Starting new HTTPS connection (1): catalog.api.2gis.com:443
2025-10-30 21:25:40,731 - DEBUG - [_make_request] - https://catalog.api.2gis.com:443 "GET /3.0/items?key=18ee47f5-2184-45df-ac89-779be9385d71&q=%D0%BC%D0%B0%D0%B3%D0%B0%D0%B7%D0%B8%D0%BD&district_id=4504209512726621&type=branch&page=5&page_size=10&fields=items.point%2Citems.name%2Citems.address_name%2Citems.reviews HTTP/1.1" 200 None
2025-10-30 21:25:40,732 - DEBUG - [получить_магазины_в_районе] - Статус ответа: 200
2025-10-30 21:25:40,732 - INFO - [получить_магазины_в_районе] - Загружено 10 магазинов со страницы 5
2025-10-30 21:25:40,733 - INFO - [получить_магазины_в_районе] - Завершение сбора для района Тёплый Стан. Найдено магазинов: 50
2025-10-30 21:25:40,734 - INFO - [<cell line: 0>] - Район 'Тёплый Стан' завершен. Магазинов: 50
2025-10-30 21:25:41,735 - INFO - [<cell line: 0>] - [109/132] Обработка района: Тимирязевский
2025-10-30 21:25:41,736 - INFO - [получить_магазины_в_районе] - Начало сбора магазинов для района: Тимирязевский (ID: 4504209512726547)
2025-10-30 21:25:41,737 - DEBUG - [получить_магазины_в_районе] - Запрос страницы 1 для района Тимирязевский
2025-10-30 21:25:41,739 - DEBUG - [_new_conn] - Starting new HTTPS connection (1): catalog.api.2gis.com:443
2025-10-30 21:25:42,184 - DEBUG - [_make_request] - https://catalog.api.2gis.com:443 "GET /3.0/items?key=18ee47f5-2184-45df-ac89-779be9385d71&q=%D0%BC%D0%B0%D0%B3%D0%B0%D0%B7%D0%B8%D0%BD&district_id=4504209512726547&type=branch&page=1&page_size=10&fields=items.point%2Citems.name%2Citems.address_name%2Citems.reviews HTTP/1.1" 200 None
2025-10-30 21:25:42,185 - DEBUG - [получить_магазины_в_районе] - Статус ответа: 200
2025-10-30 21:25:42,185 - INFO - [получить_магазины_в_районе] - Загружено 10 магазинов со страницы 1
2025-10-30 21:25:42,686 - DEBUG - [получить_магазины_в_районе] - Запрос страницы 2 для района Тимирязевский
2025-10-30 21:25:42,687 - DEBUG - [_new_conn] - Starting new HTTPS connection (1): catalog.api.2gis.com:443
2025-10-30 21:25:43,104 - DEBUG - [_make_request] - https://catalog.api.2gis.com:443 "GET /3.0/items?key=18ee47f5-2184-45df-ac89-779be9385d71&q=%D0%BC%D0%B0%D0%B3%D0%B0%D0%B7%D0%B8%D0%BD&district_id=4504209512726547&type=branch&page=2&page_size=10&fields=items.point%2Citems.name%2Citems.address_name%2Citems.reviews HTTP/1.1" 200 None
2025-10-30 21:25:43,105 - DEBUG - [получить_магазины_в_районе] - Статус ответа: 200
2025-10-30 21:25:43,106 - INFO - [получить_магазины_в_районе] - Загружено 10 магазинов со страницы 2
2025-10-30 21:25:43,607 - DEBUG - [получить_магазины_в_районе] - Запрос страницы 3 для района Тимирязевский
2025-10-30 21:25:43,608 - DEBUG - [_new_conn] - Starting new HTTPS connection (1): catalog.api.2gis.com:443
2025-10-30 21:25:44,038 - DEBUG - [_make_request] - https://catalog.api.2gis.com:443 "GET /3.0/items?key=18ee47f5-2184-45df-ac89-779be9385d71&q=%D0%BC%D0%B0%D0%B3%D0%B0%D0%B7%D0%B8%D0%BD&district_id=4504209512726547&type=branch&page=3&page_size=10&fields=items.point%2Citems.name%2Citems.address_name%2Citems.reviews HTTP/1.1" 200 None
2025-10-30 21:25:44,039 - DEBUG - [получить_магазины_в_районе] - Статус ответа: 200
2025-10-30 21:25:44,039 - INFO - [получить_магазины_в_районе] - Загружено 10 магазинов со страницы 3
2025-10-30 21:25:44,540 - DEBUG - [получить_магазины_в_районе] - Запрос страницы 4 для района Тимирязевский
2025-10-30 21:25:44,541 - DEBUG - [_new_conn] - Starting new HTTPS connection (1): catalog.api.2gis.com:443
2025-10-30 21:25:44,953 - DEBUG - [_make_request] - https://catalog.api.2gis.com:443 "GET /3.0/items?key=18ee47f5-2184-45df-ac89-779be9385d71&q=%D0%BC%D0%B0%D0%B3%D0%B0%D0%B7%D0%B8%D0%BD&district_id=4504209512726547&type=branch&page=4&page_size=10&fields=items.point%2Citems.name%2Citems.address_name%2Citems.reviews HTTP/1.1" 200 None
2025-10-30 21:25:44,955 - DEBUG - [получить_магазины_в_районе] - Статус ответа: 200
2025-10-30 21:25:44,955 - INFO - [получить_магазины_в_районе] - Загружено 10 магазинов со страницы 4
2025-10-30 21:25:45,456 - DEBUG - [получить_магазины_в_районе] - Запрос страницы 5 для района Тимирязевский
2025-10-30 21:25:45,458 - DEBUG - [_new_conn] - Starting new HTTPS connection (1): catalog.api.2gis.com:443
2025-10-30 21:25:45,880 - DEBUG - [_make_request] - https://catalog.api.2gis.com:443 "GET /3.0/items?key=18ee47f5-2184-45df-ac89-779be9385d71&q=%D0%BC%D0%B0%D0%B3%D0%B0%D0%B7%D0%B8%D0%BD&district_id=4504209512726547&type=branch&page=5&page_size=10&fields=items.point%2Citems.name%2Citems.address_name%2Citems.reviews HTTP/1.1" 200 None
2025-10-30 21:25:45,881 - DEBUG - [получить_магазины_в_районе] - Статус ответа: 200
2025-10-30 21:25:45,881 - INFO - [получить_магазины_в_районе] - Загружено 10 магазинов со страницы 5
2025-10-30 21:25:45,883 - INFO - [получить_магазины_в_районе] - Завершение сбора для района Тимирязевский. Найдено магазинов: 50
2025-10-30 21:25:45,884 - INFO - [<cell line: 0>] - Район 'Тимирязевский' завершен. Магазинов: 50
2025-10-30 21:25:46,886 - INFO - [<cell line: 0>] - [110/132] Обработка района: Троицк
2025-10-30 21:25:46,887 - INFO - [получить_магазины_в_районе] - Начало сбора магазинов для района: Троицк (ID: 4504209520933741)
2025-10-30 21:25:46,888 - DEBUG - [получить_магазины_в_районе] - Запрос страницы 1 для района Троицк
2025-10-30 21:25:46,891 - DEBUG - [_new_conn] - Starting new HTTPS connection (1): catalog.api.2gis.com:443
2025-10-30 21:25:47,325 - DEBUG - [_make_request] - https://catalog.api.2gis.com:443 "GET /3.0/items?key=18ee47f5-2184-45df-ac89-779be9385d71&q=%D0%BC%D0%B0%D0%B3%D0%B0%D0%B7%D0%B8%D0%BD&district_id=4504209520933741&type=branch&page=1&page_size=10&fields=items.point%2Citems.name%2Citems.address_name%2Citems.reviews HTTP/1.1" 200 None
2025-10-30 21:25:47,325 - DEBUG - [получить_магазины_в_районе] - Статус ответа: 200
2025-10-30 21:25:47,326 - INFO - [получить_магазины_в_районе] - Загружено 10 магазинов со страницы 1
2025-10-30 21:25:47,827 - DEBUG - [получить_магазины_в_районе] - Запрос страницы 2 для района Троицк
2025-10-30 21:25:47,828 - DEBUG - [_new_conn] - Starting new HTTPS connection (1): catalog.api.2gis.com:443
2025-10-30 21:25:48,244 - DEBUG - [_make_request] - https://catalog.api.2gis.com:443 "GET /3.0/items?key=18ee47f5-2184-45df-ac89-779be9385d71&q=%D0%BC%D0%B0%D0%B3%D0%B0%D0%B7%D0%B8%D0%BD&district_id=4504209520933741&type=branch&page=2&page_size=10&fields=items.point%2Citems.name%2Citems.address_name%2Citems.reviews HTTP/1.1" 200 None
2025-10-30 21:25:48,245 - DEBUG - [получить_магазины_в_районе] - Статус ответа: 200
2025-10-30 21:25:48,245 - INFO - [получить_магазины_в_районе] - Загружено 10 магазинов со страницы 2
2025-10-30 21:25:48,746 - DEBUG - [получить_магазины_в_районе] - Запрос страницы 3 для района Троицк
2025-10-30 21:25:48,747 - DEBUG - [_new_conn] - Starting new HTTPS connection (1): catalog.api.2gis.com:443
2025-10-30 21:25:49,158 - DEBUG - [_make_request] - https://catalog.api.2gis.com:443 "GET /3.0/items?key=18ee47f5-2184-45df-ac89-779be9385d71&q=%D0%BC%D0%B0%D0%B3%D0%B0%D0%B7%D0%B8%D0%BD&district_id=4504209520933741&type=branch&page=3&page_size=10&fields=items.point%2Citems.name%2Citems.address_name%2Citems.reviews HTTP/1.1" 200 None
2025-10-30 21:25:49,159 - DEBUG - [получить_магазины_в_районе] - Статус ответа: 200
2025-10-30 21:25:49,159 - INFO - [получить_магазины_в_районе] - Загружено 10 магазинов со страницы 3
2025-10-30 21:25:49,660 - DEBUG - [получить_магазины_в_районе] - Запрос страницы 4 для района Троицк
2025-10-30 21:25:49,661 - DEBUG - [_new_conn] - Starting new HTTPS connection (1): catalog.api.2gis.com:443
2025-10-30 21:25:50,059 - DEBUG - [_make_request] - https://catalog.api.2gis.com:443 "GET /3.0/items?key=18ee47f5-2184-45df-ac89-779be9385d71&q=%D0%BC%D0%B0%D0%B3%D0%B0%D0%B7%D0%B8%D0%BD&district_id=4504209520933741&type=branch&page=4&page_size=10&fields=items.point%2Citems.name%2Citems.address_name%2Citems.reviews HTTP/1.1" 200 None
2025-10-30 21:25:50,060 - DEBUG - [получить_магазины_в_районе] - Статус ответа: 200
2025-10-30 21:25:50,060 - INFO - [получить_магазины_в_районе] - Загружено 10 магазинов со страницы 4
2025-10-30 21:25:50,561 - DEBUG - [получить_магазины_в_районе] - Запрос страницы 5 для района Троицк
2025-10-30 21:25:50,563 - DEBUG - [_new_conn] - Starting new HTTPS connection (1): catalog.api.2gis.com:443
2025-10-30 21:25:50,985 - DEBUG - [_make_request] - https://catalog.api.2gis.com:443 "GET /3.0/items?key=18ee47f5-2184-45df-ac89-779be9385d71&q=%D0%BC%D0%B0%D0%B3%D0%B0%D0%B7%D0%B8%D0%BD&district_id=4504209520933741&type=branch&page=5&page_size=10&fields=items.point%2Citems.name%2Citems.address_name%2Citems.reviews HTTP/1.1" 200 None
2025-10-30 21:25:50,986 - DEBUG - [получить_магазины_в_районе] - Статус ответа: 200
2025-10-30 21:25:50,986 - INFO - [получить_магазины_в_районе] - Загружено 10 магазинов со страницы 5
2025-10-30 21:25:50,987 - INFO - [получить_магазины_в_районе] - Завершение сбора для района Троицк. Найдено магазинов: 50
2025-10-30 21:25:50,988 - INFO - [<cell line: 0>] - Район 'Троицк' завершен. Магазинов: 50
2025-10-30 21:25:51,991 - INFO - [<cell line: 0>] - [111/132] Обработка района: Тропарёво-Никулино
2025-10-30 21:25:51,991 - INFO - [получить_магазины_в_районе] - Начало сбора магазинов для района: Тропарёво-Никулино (ID: 4504209512726630)
2025-10-30 21:25:51,993 - DEBUG - [получить_магазины_в_районе] - Запрос страницы 1 для района Тропарёво-Никулино
2025-10-30 21:25:51,994 - DEBUG - [_new_conn] - Starting new HTTPS connection (1): catalog.api.2gis.com:443
2025-10-30 21:25:52,394 - DEBUG - [_make_request] - https://catalog.api.2gis.com:443 "GET /3.0/items?key=18ee47f5-2184-45df-ac89-779be9385d71&q=%D0%BC%D0%B0%D0%B3%D0%B0%D0%B7%D0%B8%D0%BD&district_id=4504209512726630&type=branch&page=1&page_size=10&fields=items.point%2Citems.name%2Citems.address_name%2Citems.reviews HTTP/1.1" 200 None
2025-10-30 21:25:52,395 - DEBUG - [получить_магазины_в_районе] - Статус ответа: 200
2025-10-30 21:25:52,396 - INFO - [получить_магазины_в_районе] - Загружено 10 магазинов со страницы 1
2025-10-30 21:25:52,897 - DEBUG - [получить_магазины_в_районе] - Запрос страницы 2 для района Тропарёво-Никулино
2025-10-30 21:25:52,898 - DEBUG - [_new_conn] - Starting new HTTPS connection (1): catalog.api.2gis.com:443
2025-10-30 21:25:53,330 - DEBUG - [_make_request] - https://catalog.api.2gis.com:443 "GET /3.0/items?key=18ee47f5-2184-45df-ac89-779be9385d71&q=%D0%BC%D0%B0%D0%B3%D0%B0%D0%B7%D0%B8%D0%BD&district_id=4504209512726630&type=branch&page=2&page_size=10&fields=items.point%2Citems.name%2Citems.address_name%2Citems.reviews HTTP/1.1" 200 None
2025-10-30 21:25:53,331 - DEBUG - [получить_магазины_в_районе] - Статус ответа: 200
2025-10-30 21:25:53,331 - INFO - [получить_магазины_в_районе] - Загружено 10 магазинов со страницы 2
2025-10-30 21:25:53,832 - DEBUG - [получить_магазины_в_районе] - Запрос страницы 3 для района Тропарёво-Никулино
2025-10-30 21:25:53,834 - DEBUG - [_new_conn] - Starting new HTTPS connection (1): catalog.api.2gis.com:443
2025-10-30 21:25:54,240 - DEBUG - [_make_request] - https://catalog.api.2gis.com:443 "GET /3.0/items?key=18ee47f5-2184-45df-ac89-779be9385d71&q=%D0%BC%D0%B0%D0%B3%D0%B0%D0%B7%D0%B8%D0%BD&district_id=4504209512726630&type=branch&page=3&page_size=10&fields=items.point%2Citems.name%2Citems.address_name%2Citems.reviews HTTP/1.1" 200 None
2025-10-30 21:25:54,241 - DEBUG - [получить_магазины_в_районе] - Статус ответа: 200
2025-10-30 21:25:54,241 - INFO - [получить_магазины_в_районе] - Загружено 10 магазинов со страницы 3
2025-10-30 21:25:54,742 - DEBUG - [получить_магазины_в_районе] - Запрос страницы 4 для района Тропарёво-Никулино
2025-10-30 21:25:54,743 - DEBUG - [_new_conn] - Starting new HTTPS connection (1): catalog.api.2gis.com:443
2025-10-30 21:25:55,148 - DEBUG - [_make_request] - https://catalog.api.2gis.com:443 "GET /3.0/items?key=18ee47f5-2184-45df-ac89-779be9385d71&q=%D0%BC%D0%B0%D0%B3%D0%B0%D0%B7%D0%B8%D0%BD&district_id=4504209512726630&type=branch&page=4&page_size=10&fields=items.point%2Citems.name%2Citems.address_name%2Citems.reviews HTTP/1.1" 200 None
2025-10-30 21:25:55,149 - DEBUG - [получить_магазины_в_районе] - Статус ответа: 200
2025-10-30 21:25:55,149 - INFO - [получить_магазины_в_районе] - Загружено 10 магазинов со страницы 4
2025-10-30 21:25:55,650 - DEBUG - [получить_магазины_в_районе] - Запрос страницы 5 для района Тропарёво-Никулино
2025-10-30 21:25:55,652 - DEBUG - [_new_conn] - Starting new HTTPS connection (1): catalog.api.2gis.com:443
2025-10-30 21:25:56,053 - DEBUG - [_make_request] - https://catalog.api.2gis.com:443 "GET /3.0/items?key=18ee47f5-2184-45df-ac89-779be9385d71&q=%D0%BC%D0%B0%D0%B3%D0%B0%D0%B7%D0%B8%D0%BD&district_id=4504209512726630&type=branch&page=5&page_size=10&fields=items.point%2Citems.name%2Citems.address_name%2Citems.reviews HTTP/1.1" 200 None
2025-10-30 21:25:56,055 - DEBUG - [получить_магазины_в_районе] - Статус ответа: 200
2025-10-30 21:25:56,055 - INFO - [получить_магазины_в_районе] - Загружено 10 магазинов со страницы 5
2025-10-30 21:25:56,056 - INFO - [получить_магазины_в_районе] - Завершение сбора для района Тропарёво-Никулино. Найдено магазинов: 50
2025-10-30 21:25:56,057 - INFO - [<cell line: 0>] - Район 'Тропарёво-Никулино' завершен. Магазинов: 50
2025-10-30 21:25:57,060 - INFO - [<cell line: 0>] - [112/132] Обработка района: Филёвский Парк
2025-10-30 21:25:57,062 - INFO - [получить_магазины_в_районе] - Начало сбора магазинов для района: Филёвский Парк (ID: 4504209512726636)
2025-10-30 21:25:57,063 - DEBUG - [получить_магазины_в_районе] - Запрос страницы 1 для района Филёвский Парк
2025-10-30 21:25:57,065 - DEBUG - [_new_conn] - Starting new HTTPS connection (1): catalog.api.2gis.com:443
2025-10-30 21:25:57,517 - DEBUG - [_make_request] - https://catalog.api.2gis.com:443 "GET /3.0/items?key=18ee47f5-2184-45df-ac89-779be9385d71&q=%D0%BC%D0%B0%D0%B3%D0%B0%D0%B7%D0%B8%D0%BD&district_id=4504209512726636&type=branch&page=1&page_size=10&fields=items.point%2Citems.name%2Citems.address_name%2Citems.reviews HTTP/1.1" 200 None
2025-10-30 21:25:57,518 - DEBUG - [получить_магазины_в_районе] - Статус ответа: 200
2025-10-30 21:25:57,519 - INFO - [получить_магазины_в_районе] - Загружено 10 магазинов со страницы 1
2025-10-30 21:25:58,020 - DEBUG - [получить_магазины_в_районе] - Запрос страницы 2 для района Филёвский Парк
2025-10-30 21:25:58,021 - DEBUG - [_new_conn] - Starting new HTTPS connection (1): catalog.api.2gis.com:443
2025-10-30 21:25:58,428 - DEBUG - [_make_request] - https://catalog.api.2gis.com:443 "GET /3.0/items?key=18ee47f5-2184-45df-ac89-779be9385d71&q=%D0%BC%D0%B0%D0%B3%D0%B0%D0%B7%D0%B8%D0%BD&district_id=4504209512726636&type=branch&page=2&page_size=10&fields=items.point%2Citems.name%2Citems.address_name%2Citems.reviews HTTP/1.1" 200 None
2025-10-30 21:25:58,429 - DEBUG - [получить_магазины_в_районе] - Статус ответа: 200
2025-10-30 21:25:58,429 - INFO - [получить_магазины_в_районе] - Загружено 10 магазинов со страницы 2
2025-10-30 21:25:58,930 - DEBUG - [получить_магазины_в_районе] - Запрос страницы 3 для района Филёвский Парк
2025-10-30 21:25:58,931 - DEBUG - [_new_conn] - Starting new HTTPS connection (1): catalog.api.2gis.com:443
2025-10-30 21:25:59,365 - DEBUG - [_make_request] - https://catalog.api.2gis.com:443 "GET /3.0/items?key=18ee47f5-2184-45df-ac89-779be9385d71&q=%D0%BC%D0%B0%D0%B3%D0%B0%D0%B7%D0%B8%D0%BD&district_id=4504209512726636&type=branch&page=3&page_size=10&fields=items.point%2Citems.name%2Citems.address_name%2Citems.reviews HTTP/1.1" 200 None
2025-10-30 21:25:59,366 - DEBUG - [получить_магазины_в_районе] - Статус ответа: 200
2025-10-30 21:25:59,366 - INFO - [получить_магазины_в_районе] - Загружено 10 магазинов со страницы 3
2025-10-30 21:25:59,867 - DEBUG - [получить_магазины_в_районе] - Запрос страницы 4 для района Филёвский Парк
2025-10-30 21:25:59,869 - DEBUG - [_new_conn] - Starting new HTTPS connection (1): catalog.api.2gis.com:443
2025-10-30 21:26:00,272 - DEBUG - [_make_request] - https://catalog.api.2gis.com:443 "GET /3.0/items?key=18ee47f5-2184-45df-ac89-779be9385d71&q=%D0%BC%D0%B0%D0%B3%D0%B0%D0%B7%D0%B8%D0%BD&district_id=4504209512726636&type=branch&page=4&page_size=10&fields=items.point%2Citems.name%2Citems.address_name%2Citems.reviews HTTP/1.1" 200 None
2025-10-30 21:26:00,273 - DEBUG - [получить_магазины_в_районе] - Статус ответа: 200
2025-10-30 21:26:00,273 - INFO - [получить_магазины_в_районе] - Загружено 10 магазинов со страницы 4
2025-10-30 21:26:00,774 - DEBUG - [получить_магазины_в_районе] - Запрос страницы 5 для района Филёвский Парк
2025-10-30 21:26:00,775 - DEBUG - [_new_conn] - Starting new HTTPS connection (1): catalog.api.2gis.com:443
2025-10-30 21:26:01,210 - DEBUG - [_make_request] - https://catalog.api.2gis.com:443 "GET /3.0/items?key=18ee47f5-2184-45df-ac89-779be9385d71&q=%D0%BC%D0%B0%D0%B3%D0%B0%D0%B7%D0%B8%D0%BD&district_id=4504209512726636&type=branch&page=5&page_size=10&fields=items.point%2Citems.name%2Citems.address_name%2Citems.reviews HTTP/1.1" 200 None
2025-10-30 21:26:01,211 - DEBUG - [получить_магазины_в_районе] - Статус ответа: 200
2025-10-30 21:26:01,211 - INFO - [получить_магазины_в_районе] - Загружено 10 магазинов со страницы 5
2025-10-30 21:26:01,212 - INFO - [получить_магазины_в_районе] - Завершение сбора для района Филёвский Парк. Найдено магазинов: 50
2025-10-30 21:26:01,214 - INFO - [<cell line: 0>] - Район 'Филёвский Парк' завершен. Магазинов: 50
2025-10-30 21:26:02,216 - INFO - [<cell line: 0>] - [113/132] Обработка района: Фили-Давыдково
2025-10-30 21:26:02,217 - INFO - [получить_магазины_в_районе] - Начало сбора магазинов для района: Фили-Давыдково (ID: 4504209512726638)
2025-10-30 21:26:02,218 - DEBUG - [получить_магазины_в_районе] - Запрос страницы 1 для района Фили-Давыдково
2025-10-30 21:26:02,220 - DEBUG - [_new_conn] - Starting new HTTPS connection (1): catalog.api.2gis.com:443
2025-10-30 21:26:02,824 - DEBUG - [_make_request] - https://catalog.api.2gis.com:443 "GET /3.0/items?key=18ee47f5-2184-45df-ac89-779be9385d71&q=%D0%BC%D0%B0%D0%B3%D0%B0%D0%B7%D0%B8%D0%BD&district_id=4504209512726638&type=branch&page=1&page_size=10&fields=items.point%2Citems.name%2Citems.address_name%2Citems.reviews HTTP/1.1" 200 None
2025-10-30 21:26:02,824 - DEBUG - [получить_магазины_в_районе] - Статус ответа: 200
2025-10-30 21:26:02,825 - INFO - [получить_магазины_в_районе] - Загружено 10 магазинов со страницы 1
2025-10-30 21:26:03,326 - DEBUG - [получить_магазины_в_районе] - Запрос страницы 2 для района Фили-Давыдково
2025-10-30 21:26:03,327 - DEBUG - [_new_conn] - Starting new HTTPS connection (1): catalog.api.2gis.com:443
2025-10-30 21:26:03,749 - DEBUG - [_make_request] - https://catalog.api.2gis.com:443 "GET /3.0/items?key=18ee47f5-2184-45df-ac89-779be9385d71&q=%D0%BC%D0%B0%D0%B3%D0%B0%D0%B7%D0%B8%D0%BD&district_id=4504209512726638&type=branch&page=2&page_size=10&fields=items.point%2Citems.name%2Citems.address_name%2Citems.reviews HTTP/1.1" 200 None
2025-10-30 21:26:03,750 - DEBUG - [получить_магазины_в_районе] - Статус ответа: 200
2025-10-30 21:26:03,750 - INFO - [получить_магазины_в_районе] - Загружено 10 магазинов со страницы 2
2025-10-30 21:26:04,251 - DEBUG - [получить_магазины_в_районе] - Запрос страницы 3 для района Фили-Давыдково
2025-10-30 21:26:04,252 - DEBUG - [_new_conn] - Starting new HTTPS connection (1): catalog.api.2gis.com:443
2025-10-30 21:26:04,660 - DEBUG - [_make_request] - https://catalog.api.2gis.com:443 "GET /3.0/items?key=18ee47f5-2184-45df-ac89-779be9385d71&q=%D0%BC%D0%B0%D0%B3%D0%B0%D0%B7%D0%B8%D0%BD&district_id=4504209512726638&type=branch&page=3&page_size=10&fields=items.point%2Citems.name%2Citems.address_name%2Citems.reviews HTTP/1.1" 200 None
2025-10-30 21:26:04,661 - DEBUG - [получить_магазины_в_районе] - Статус ответа: 200
2025-10-30 21:26:04,662 - INFO - [получить_магазины_в_районе] - Загружено 10 магазинов со страницы 3
2025-10-30 21:26:05,163 - DEBUG - [получить_магазины_в_районе] - Запрос страницы 4 для района Фили-Давыдково
2025-10-30 21:26:05,164 - DEBUG - [_new_conn] - Starting new HTTPS connection (1): catalog.api.2gis.com:443
2025-10-30 21:26:05,573 - DEBUG - [_make_request] - https://catalog.api.2gis.com:443 "GET /3.0/items?key=18ee47f5-2184-45df-ac89-779be9385d71&q=%D0%BC%D0%B0%D0%B3%D0%B0%D0%B7%D0%B8%D0%BD&district_id=4504209512726638&type=branch&page=4&page_size=10&fields=items.point%2Citems.name%2Citems.address_name%2Citems.reviews HTTP/1.1" 200 None
2025-10-30 21:26:05,574 - DEBUG - [получить_магазины_в_районе] - Статус ответа: 200
2025-10-30 21:26:05,574 - INFO - [получить_магазины_в_районе] - Загружено 10 магазинов со страницы 4
2025-10-30 21:26:06,075 - DEBUG - [получить_магазины_в_районе] - Запрос страницы 5 для района Фили-Давыдково
2025-10-30 21:26:06,077 - DEBUG - [_new_conn] - Starting new HTTPS connection (1): catalog.api.2gis.com:443
2025-10-30 21:26:06,473 - DEBUG - [_make_request] - https://catalog.api.2gis.com:443 "GET /3.0/items?key=18ee47f5-2184-45df-ac89-779be9385d71&q=%D0%BC%D0%B0%D0%B3%D0%B0%D0%B7%D0%B8%D0%BD&district_id=4504209512726638&type=branch&page=5&page_size=10&fields=items.point%2Citems.name%2Citems.address_name%2Citems.reviews HTTP/1.1" 200 None
2025-10-30 21:26:06,474 - DEBUG - [получить_магазины_в_районе] - Статус ответа: 200
2025-10-30 21:26:06,474 - INFO - [получить_магазины_в_районе] - Загружено 10 магазинов со страницы 5
2025-10-30 21:26:06,475 - INFO - [получить_магазины_в_районе] - Завершение сбора для района Фили-Давыдково. Найдено магазинов: 50
2025-10-30 21:26:06,477 - INFO - [<cell line: 0>] - Район 'Фили-Давыдково' завершен. Магазинов: 50
2025-10-30 21:26:07,478 - INFO - [<cell line: 0>] - [114/132] Обработка района: Филимонковский
2025-10-30 21:26:07,479 - INFO - [получить_магазины_в_районе] - Начало сбора магазинов для района: Филимонковский (ID: 4504209520929329)
2025-10-30 21:26:07,480 - DEBUG - [получить_магазины_в_районе] - Запрос страницы 1 для района Филимонковский
2025-10-30 21:26:07,483 - DEBUG - [_new_conn] - Starting new HTTPS connection (1): catalog.api.2gis.com:443
2025-10-30 21:26:07,910 - DEBUG - [_make_request] - https://catalog.api.2gis.com:443 "GET /3.0/items?key=18ee47f5-2184-45df-ac89-779be9385d71&q=%D0%BC%D0%B0%D0%B3%D0%B0%D0%B7%D0%B8%D0%BD&district_id=4504209520929329&type=branch&page=1&page_size=10&fields=items.point%2Citems.name%2Citems.address_name%2Citems.reviews HTTP/1.1" 200 None
2025-10-30 21:26:07,911 - DEBUG - [получить_магазины_в_районе] - Статус ответа: 200
2025-10-30 21:26:07,911 - INFO - [получить_магазины_в_районе] - Загружено 10 магазинов со страницы 1
2025-10-30 21:26:08,412 - DEBUG - [получить_магазины_в_районе] - Запрос страницы 2 для района Филимонковский
2025-10-30 21:26:08,414 - DEBUG - [_new_conn] - Starting new HTTPS connection (1): catalog.api.2gis.com:443
2025-10-30 21:26:08,863 - DEBUG - [_make_request] - https://catalog.api.2gis.com:443 "GET /3.0/items?key=18ee47f5-2184-45df-ac89-779be9385d71&q=%D0%BC%D0%B0%D0%B3%D0%B0%D0%B7%D0%B8%D0%BD&district_id=4504209520929329&type=branch&page=2&page_size=10&fields=items.point%2Citems.name%2Citems.address_name%2Citems.reviews HTTP/1.1" 200 None
2025-10-30 21:26:08,864 - DEBUG - [получить_магазины_в_районе] - Статус ответа: 200
2025-10-30 21:26:08,864 - INFO - [получить_магазины_в_районе] - Загружено 10 магазинов со страницы 2
2025-10-30 21:26:09,366 - DEBUG - [получить_магазины_в_районе] - Запрос страницы 3 для района Филимонковский
2025-10-30 21:26:09,368 - DEBUG - [_new_conn] - Starting new HTTPS connection (1): catalog.api.2gis.com:443
2025-10-30 21:26:09,812 - DEBUG - [_make_request] - https://catalog.api.2gis.com:443 "GET /3.0/items?key=18ee47f5-2184-45df-ac89-779be9385d71&q=%D0%BC%D0%B0%D0%B3%D0%B0%D0%B7%D0%B8%D0%BD&district_id=4504209520929329&type=branch&page=3&page_size=10&fields=items.point%2Citems.name%2Citems.address_name%2Citems.reviews HTTP/1.1" 200 None
2025-10-30 21:26:09,813 - DEBUG - [получить_магазины_в_районе] - Статус ответа: 200
2025-10-30 21:26:09,813 - INFO - [получить_магазины_в_районе] - Загружено 10 магазинов со страницы 3
2025-10-30 21:26:10,314 - DEBUG - [получить_магазины_в_районе] - Запрос страницы 4 для района Филимонковский
2025-10-30 21:26:10,315 - DEBUG - [_new_conn] - Starting new HTTPS connection (1): catalog.api.2gis.com:443
2025-10-30 21:26:10,738 - DEBUG - [_make_request] - https://catalog.api.2gis.com:443 "GET /3.0/items?key=18ee47f5-2184-45df-ac89-779be9385d71&q=%D0%BC%D0%B0%D0%B3%D0%B0%D0%B7%D0%B8%D0%BD&district_id=4504209520929329&type=branch&page=4&page_size=10&fields=items.point%2Citems.name%2Citems.address_name%2Citems.reviews HTTP/1.1" 200 None
2025-10-30 21:26:10,739 - DEBUG - [получить_магазины_в_районе] - Статус ответа: 200
2025-10-30 21:26:10,740 - INFO - [получить_магазины_в_районе] - Загружено 10 магазинов со страницы 4
2025-10-30 21:26:11,241 - DEBUG - [получить_магазины_в_районе] - Запрос страницы 5 для района Филимонковский
2025-10-30 21:26:11,242 - DEBUG - [_new_conn] - Starting new HTTPS connection (1): catalog.api.2gis.com:443
2025-10-30 21:26:11,638 - DEBUG - [_make_request] - https://catalog.api.2gis.com:443 "GET /3.0/items?key=18ee47f5-2184-45df-ac89-779be9385d71&q=%D0%BC%D0%B0%D0%B3%D0%B0%D0%B7%D0%B8%D0%BD&district_id=4504209520929329&type=branch&page=5&page_size=10&fields=items.point%2Citems.name%2Citems.address_name%2Citems.reviews HTTP/1.1" 200 None
2025-10-30 21:26:11,639 - DEBUG - [получить_магазины_в_районе] - Статус ответа: 200
2025-10-30 21:26:11,639 - INFO - [получить_магазины_в_районе] - Загружено 10 магазинов со страницы 5
2025-10-30 21:26:11,640 - INFO - [получить_магазины_в_районе] - Завершение сбора для района Филимонковский. Найдено магазинов: 50
2025-10-30 21:26:11,641 - INFO - [<cell line: 0>] - Район 'Филимонковский' завершен. Магазинов: 50
2025-10-30 21:26:12,642 - INFO - [<cell line: 0>] - [115/132] Обработка района: Хамовники
2025-10-30 21:26:12,643 - INFO - [получить_магазины_в_районе] - Начало сбора магазинов для района: Хамовники (ID: 4504209512726533)
2025-10-30 21:26:12,645 - DEBUG - [получить_магазины_в_районе] - Запрос страницы 1 для района Хамовники
2025-10-30 21:26:12,647 - DEBUG - [_new_conn] - Starting new HTTPS connection (1): catalog.api.2gis.com:443
2025-10-30 21:26:13,069 - DEBUG - [_make_request] - https://catalog.api.2gis.com:443 "GET /3.0/items?key=18ee47f5-2184-45df-ac89-779be9385d71&q=%D0%BC%D0%B0%D0%B3%D0%B0%D0%B7%D0%B8%D0%BD&district_id=4504209512726533&type=branch&page=1&page_size=10&fields=items.point%2Citems.name%2Citems.address_name%2Citems.reviews HTTP/1.1" 200 None
2025-10-30 21:26:13,070 - DEBUG - [получить_магазины_в_районе] - Статус ответа: 200
2025-10-30 21:26:13,070 - INFO - [получить_магазины_в_районе] - Загружено 10 магазинов со страницы 1
2025-10-30 21:26:13,571 - DEBUG - [получить_магазины_в_районе] - Запрос страницы 2 для района Хамовники
2025-10-30 21:26:13,572 - DEBUG - [_new_conn] - Starting new HTTPS connection (1): catalog.api.2gis.com:443
2025-10-30 21:26:14,001 - DEBUG - [_make_request] - https://catalog.api.2gis.com:443 "GET /3.0/items?key=18ee47f5-2184-45df-ac89-779be9385d71&q=%D0%BC%D0%B0%D0%B3%D0%B0%D0%B7%D0%B8%D0%BD&district_id=4504209512726533&type=branch&page=2&page_size=10&fields=items.point%2Citems.name%2Citems.address_name%2Citems.reviews HTTP/1.1" 200 None
2025-10-30 21:26:14,002 - DEBUG - [получить_магазины_в_районе] - Статус ответа: 200
2025-10-30 21:26:14,002 - INFO - [получить_магазины_в_районе] - Загружено 10 магазинов со страницы 2
2025-10-30 21:26:14,503 - DEBUG - [получить_магазины_в_районе] - Запрос страницы 3 для района Хамовники
2025-10-30 21:26:14,505 - DEBUG - [_new_conn] - Starting new HTTPS connection (1): catalog.api.2gis.com:443
2025-10-30 21:26:14,909 - DEBUG - [_make_request] - https://catalog.api.2gis.com:443 "GET /3.0/items?key=18ee47f5-2184-45df-ac89-779be9385d71&q=%D0%BC%D0%B0%D0%B3%D0%B0%D0%B7%D0%B8%D0%BD&district_id=4504209512726533&type=branch&page=3&page_size=10&fields=items.point%2Citems.name%2Citems.address_name%2Citems.reviews HTTP/1.1" 200 None
2025-10-30 21:26:14,910 - DEBUG - [получить_магазины_в_районе] - Статус ответа: 200
2025-10-30 21:26:14,910 - INFO - [получить_магазины_в_районе] - Загружено 10 магазинов со страницы 3
2025-10-30 21:26:15,411 - DEBUG - [получить_магазины_в_районе] - Запрос страницы 4 для района Хамовники
2025-10-30 21:26:15,412 - DEBUG - [_new_conn] - Starting new HTTPS connection (1): catalog.api.2gis.com:443
2025-10-30 21:26:15,828 - DEBUG - [_make_request] - https://catalog.api.2gis.com:443 "GET /3.0/items?key=18ee47f5-2184-45df-ac89-779be9385d71&q=%D0%BC%D0%B0%D0%B3%D0%B0%D0%B7%D0%B8%D0%BD&district_id=4504209512726533&type=branch&page=4&page_size=10&fields=items.point%2Citems.name%2Citems.address_name%2Citems.reviews HTTP/1.1" 200 None
2025-10-30 21:26:15,829 - DEBUG - [получить_магазины_в_районе] - Статус ответа: 200
2025-10-30 21:26:15,829 - INFO - [получить_магазины_в_районе] - Загружено 10 магазинов со страницы 4
2025-10-30 21:26:16,330 - DEBUG - [получить_магазины_в_районе] - Запрос страницы 5 для района Хамовники
2025-10-30 21:26:16,332 - DEBUG - [_new_conn] - Starting new HTTPS connection (1): catalog.api.2gis.com:443
2025-10-30 21:26:16,762 - DEBUG - [_make_request] - https://catalog.api.2gis.com:443 "GET /3.0/items?key=18ee47f5-2184-45df-ac89-779be9385d71&q=%D0%BC%D0%B0%D0%B3%D0%B0%D0%B7%D0%B8%D0%BD&district_id=4504209512726533&type=branch&page=5&page_size=10&fields=items.point%2Citems.name%2Citems.address_name%2Citems.reviews HTTP/1.1" 200 None
2025-10-30 21:26:16,763 - DEBUG - [получить_магазины_в_районе] - Статус ответа: 200
2025-10-30 21:26:16,763 - INFO - [получить_магазины_в_районе] - Загружено 10 магазинов со страницы 5
2025-10-30 21:26:16,764 - INFO - [получить_магазины_в_районе] - Завершение сбора для района Хамовники. Найдено магазинов: 50
2025-10-30 21:26:16,765 - INFO - [<cell line: 0>] - Район 'Хамовники' завершен. Магазинов: 50
2025-10-30 21:26:17,766 - INFO - [<cell line: 0>] - [116/132] Обработка района: Ховрино
2025-10-30 21:26:17,767 - INFO - [получить_магазины_в_районе] - Начало сбора магазинов для района: Ховрино (ID: 4504209512726555)
2025-10-30 21:26:17,769 - DEBUG - [получить_магазины_в_районе] - Запрос страницы 1 для района Ховрино
2025-10-30 21:26:17,770 - DEBUG - [_new_conn] - Starting new HTTPS connection (1): catalog.api.2gis.com:443
2025-10-30 21:26:18,186 - DEBUG - [_make_request] - https://catalog.api.2gis.com:443 "GET /3.0/items?key=18ee47f5-2184-45df-ac89-779be9385d71&q=%D0%BC%D0%B0%D0%B3%D0%B0%D0%B7%D0%B8%D0%BD&district_id=4504209512726555&type=branch&page=1&page_size=10&fields=items.point%2Citems.name%2Citems.address_name%2Citems.reviews HTTP/1.1" 200 None
2025-10-30 21:26:18,187 - DEBUG - [получить_магазины_в_районе] - Статус ответа: 200
2025-10-30 21:26:18,187 - INFO - [получить_магазины_в_районе] - Загружено 10 магазинов со страницы 1
2025-10-30 21:26:18,688 - DEBUG - [получить_магазины_в_районе] - Запрос страницы 2 для района Ховрино
2025-10-30 21:26:18,690 - DEBUG - [_new_conn] - Starting new HTTPS connection (1): catalog.api.2gis.com:443
2025-10-30 21:26:19,089 - DEBUG - [_make_request] - https://catalog.api.2gis.com:443 "GET /3.0/items?key=18ee47f5-2184-45df-ac89-779be9385d71&q=%D0%BC%D0%B0%D0%B3%D0%B0%D0%B7%D0%B8%D0%BD&district_id=4504209512726555&type=branch&page=2&page_size=10&fields=items.point%2Citems.name%2Citems.address_name%2Citems.reviews HTTP/1.1" 200 None
2025-10-30 21:26:19,090 - DEBUG - [получить_магазины_в_районе] - Статус ответа: 200
2025-10-30 21:26:19,090 - INFO - [получить_магазины_в_районе] - Загружено 10 магазинов со страницы 2
2025-10-30 21:26:19,592 - DEBUG - [получить_магазины_в_районе] - Запрос страницы 3 для района Ховрино
2025-10-30 21:26:19,594 - DEBUG - [_new_conn] - Starting new HTTPS connection (1): catalog.api.2gis.com:443
2025-10-30 21:26:20,034 - DEBUG - [_make_request] - https://catalog.api.2gis.com:443 "GET /3.0/items?key=18ee47f5-2184-45df-ac89-779be9385d71&q=%D0%BC%D0%B0%D0%B3%D0%B0%D0%B7%D0%B8%D0%BD&district_id=4504209512726555&type=branch&page=3&page_size=10&fields=items.point%2Citems.name%2Citems.address_name%2Citems.reviews HTTP/1.1" 200 None
2025-10-30 21:26:20,035 - DEBUG - [получить_магазины_в_районе] - Статус ответа: 200
2025-10-30 21:26:20,035 - INFO - [получить_магазины_в_районе] - Загружено 10 магазинов со страницы 3
2025-10-30 21:26:20,537 - DEBUG - [получить_магазины_в_районе] - Запрос страницы 4 для района Ховрино
2025-10-30 21:26:20,538 - DEBUG - [_new_conn] - Starting new HTTPS connection (1): catalog.api.2gis.com:443
2025-10-30 21:26:20,948 - DEBUG - [_make_request] - https://catalog.api.2gis.com:443 "GET /3.0/items?key=18ee47f5-2184-45df-ac89-779be9385d71&q=%D0%BC%D0%B0%D0%B3%D0%B0%D0%B7%D0%B8%D0%BD&district_id=4504209512726555&type=branch&page=4&page_size=10&fields=items.point%2Citems.name%2Citems.address_name%2Citems.reviews HTTP/1.1" 200 None
2025-10-30 21:26:20,949 - DEBUG - [получить_магазины_в_районе] - Статус ответа: 200
2025-10-30 21:26:20,949 - INFO - [получить_магазины_в_районе] - Загружено 10 магазинов со страницы 4
2025-10-30 21:26:21,451 - DEBUG - [получить_магазины_в_районе] - Запрос страницы 5 для района Ховрино
2025-10-30 21:26:21,452 - DEBUG - [_new_conn] - Starting new HTTPS connection (1): catalog.api.2gis.com:443
2025-10-30 21:26:21,858 - DEBUG - [_make_request] - https://catalog.api.2gis.com:443 "GET /3.0/items?key=18ee47f5-2184-45df-ac89-779be9385d71&q=%D0%BC%D0%B0%D0%B3%D0%B0%D0%B7%D0%B8%D0%BD&district_id=4504209512726555&type=branch&page=5&page_size=10&fields=items.point%2Citems.name%2Citems.address_name%2Citems.reviews HTTP/1.1" 200 None
2025-10-30 21:26:21,859 - DEBUG - [получить_магазины_в_районе] - Статус ответа: 200
2025-10-30 21:26:21,859 - INFO - [получить_магазины_в_районе] - Загружено 10 магазинов со страницы 5
2025-10-30 21:26:21,860 - INFO - [получить_магазины_в_районе] - Завершение сбора для района Ховрино. Найдено магазинов: 50
2025-10-30 21:26:21,863 - INFO - [<cell line: 0>] - Район 'Ховрино' завершен. Магазинов: 50
2025-10-30 21:26:22,865 - INFO - [<cell line: 0>] - [117/132] Обработка района: Хорошёво-Мнёвники
2025-10-30 21:26:22,866 - INFO - [получить_магазины_в_районе] - Начало сбора магазинов для района: Хорошёво-Мнёвники (ID: 4504209512726647)
2025-10-30 21:26:22,867 - DEBUG - [получить_магазины_в_районе] - Запрос страницы 1 для района Хорошёво-Мнёвники
2025-10-30 21:26:22,869 - DEBUG - [_new_conn] - Starting new HTTPS connection (1): catalog.api.2gis.com:443
2025-10-30 21:26:23,298 - DEBUG - [_make_request] - https://catalog.api.2gis.com:443 "GET /3.0/items?key=18ee47f5-2184-45df-ac89-779be9385d71&q=%D0%BC%D0%B0%D0%B3%D0%B0%D0%B7%D0%B8%D0%BD&district_id=4504209512726647&type=branch&page=1&page_size=10&fields=items.point%2Citems.name%2Citems.address_name%2Citems.reviews HTTP/1.1" 200 None
2025-10-30 21:26:23,298 - DEBUG - [получить_магазины_в_районе] - Статус ответа: 200
2025-10-30 21:26:23,299 - INFO - [получить_магазины_в_районе] - Загружено 10 магазинов со страницы 1
2025-10-30 21:26:23,800 - DEBUG - [получить_магазины_в_районе] - Запрос страницы 2 для района Хорошёво-Мнёвники
2025-10-30 21:26:23,801 - DEBUG - [_new_conn] - Starting new HTTPS connection (1): catalog.api.2gis.com:443
2025-10-30 21:26:24,225 - DEBUG - [_make_request] - https://catalog.api.2gis.com:443 "GET /3.0/items?key=18ee47f5-2184-45df-ac89-779be9385d71&q=%D0%BC%D0%B0%D0%B3%D0%B0%D0%B7%D0%B8%D0%BD&district_id=4504209512726647&type=branch&page=2&page_size=10&fields=items.point%2Citems.name%2Citems.address_name%2Citems.reviews HTTP/1.1" 200 None
2025-10-30 21:26:24,226 - DEBUG - [получить_магазины_в_районе] - Статус ответа: 200
2025-10-30 21:26:24,226 - INFO - [получить_магазины_в_районе] - Загружено 10 магазинов со страницы 2
2025-10-30 21:26:24,727 - DEBUG - [получить_магазины_в_районе] - Запрос страницы 3 для района Хорошёво-Мнёвники
2025-10-30 21:26:24,729 - DEBUG - [_new_conn] - Starting new HTTPS connection (1): catalog.api.2gis.com:443
2025-10-30 21:26:25,174 - DEBUG - [_make_request] - https://catalog.api.2gis.com:443 "GET /3.0/items?key=18ee47f5-2184-45df-ac89-779be9385d71&q=%D0%BC%D0%B0%D0%B3%D0%B0%D0%B7%D0%B8%D0%BD&district_id=4504209512726647&type=branch&page=3&page_size=10&fields=items.point%2Citems.name%2Citems.address_name%2Citems.reviews HTTP/1.1" 200 None
2025-10-30 21:26:25,175 - DEBUG - [получить_магазины_в_районе] - Статус ответа: 200
2025-10-30 21:26:25,175 - INFO - [получить_магазины_в_районе] - Загружено 10 магазинов со страницы 3
2025-10-30 21:26:25,676 - DEBUG - [получить_магазины_в_районе] - Запрос страницы 4 для района Хорошёво-Мнёвники
2025-10-30 21:26:25,678 - DEBUG - [_new_conn] - Starting new HTTPS connection (1): catalog.api.2gis.com:443
2025-10-30 21:26:26,123 - DEBUG - [_make_request] - https://catalog.api.2gis.com:443 "GET /3.0/items?key=18ee47f5-2184-45df-ac89-779be9385d71&q=%D0%BC%D0%B0%D0%B3%D0%B0%D0%B7%D0%B8%D0%BD&district_id=4504209512726647&type=branch&page=4&page_size=10&fields=items.point%2Citems.name%2Citems.address_name%2Citems.reviews HTTP/1.1" 200 None
2025-10-30 21:26:26,124 - DEBUG - [получить_магазины_в_районе] - Статус ответа: 200
2025-10-30 21:26:26,124 - INFO - [получить_магазины_в_районе] - Загружено 10 магазинов со страницы 4
2025-10-30 21:26:26,625 - DEBUG - [получить_магазины_в_районе] - Запрос страницы 5 для района Хорошёво-Мнёвники
2025-10-30 21:26:26,626 - DEBUG - [_new_conn] - Starting new HTTPS connection (1): catalog.api.2gis.com:443
2025-10-30 21:26:27,063 - DEBUG - [_make_request] - https://catalog.api.2gis.com:443 "GET /3.0/items?key=18ee47f5-2184-45df-ac89-779be9385d71&q=%D0%BC%D0%B0%D0%B3%D0%B0%D0%B7%D0%B8%D0%BD&district_id=4504209512726647&type=branch&page=5&page_size=10&fields=items.point%2Citems.name%2Citems.address_name%2Citems.reviews HTTP/1.1" 200 None
2025-10-30 21:26:27,064 - DEBUG - [получить_магазины_в_районе] - Статус ответа: 200
2025-10-30 21:26:27,064 - INFO - [получить_магазины_в_районе] - Загружено 10 магазинов со страницы 5
2025-10-30 21:26:27,065 - INFO - [получить_магазины_в_районе] - Завершение сбора для района Хорошёво-Мнёвники. Найдено магазинов: 50
2025-10-30 21:26:27,067 - INFO - [<cell line: 0>] - Район 'Хорошёво-Мнёвники' завершен. Магазинов: 50
2025-10-30 21:26:28,068 - INFO - [<cell line: 0>] - [118/132] Обработка района: Хорошёвский
2025-10-30 21:26:28,069 - INFO - [получить_магазины_в_районе] - Начало сбора магазинов для района: Хорошёвский (ID: 4504209512726553)
2025-10-30 21:26:28,070 - DEBUG - [получить_магазины_в_районе] - Запрос страницы 1 для района Хорошёвский
2025-10-30 21:26:28,072 - DEBUG - [_new_conn] - Starting new HTTPS connection (1): catalog.api.2gis.com:443
2025-10-30 21:26:28,500 - DEBUG - [_make_request] - https://catalog.api.2gis.com:443 "GET /3.0/items?key=18ee47f5-2184-45df-ac89-779be9385d71&q=%D0%BC%D0%B0%D0%B3%D0%B0%D0%B7%D0%B8%D0%BD&district_id=4504209512726553&type=branch&page=1&page_size=10&fields=items.point%2Citems.name%2Citems.address_name%2Citems.reviews HTTP/1.1" 200 None
2025-10-30 21:26:28,501 - DEBUG - [получить_магазины_в_районе] - Статус ответа: 200
2025-10-30 21:26:28,501 - INFO - [получить_магазины_в_районе] - Загружено 10 магазинов со страницы 1
2025-10-30 21:26:29,002 - DEBUG - [получить_магазины_в_районе] - Запрос страницы 2 для района Хорошёвский
2025-10-30 21:26:29,003 - DEBUG - [_new_conn] - Starting new HTTPS connection (1): catalog.api.2gis.com:443
2025-10-30 21:26:29,439 - DEBUG - [_make_request] - https://catalog.api.2gis.com:443 "GET /3.0/items?key=18ee47f5-2184-45df-ac89-779be9385d71&q=%D0%BC%D0%B0%D0%B3%D0%B0%D0%B7%D0%B8%D0%BD&district_id=4504209512726553&type=branch&page=2&page_size=10&fields=items.point%2Citems.name%2Citems.address_name%2Citems.reviews HTTP/1.1" 200 None
2025-10-30 21:26:29,440 - DEBUG - [получить_магазины_в_районе] - Статус ответа: 200
2025-10-30 21:26:29,440 - INFO - [получить_магазины_в_районе] - Загружено 10 магазинов со страницы 2
2025-10-30 21:26:29,941 - DEBUG - [получить_магазины_в_районе] - Запрос страницы 3 для района Хорошёвский
2025-10-30 21:26:29,943 - DEBUG - [_new_conn] - Starting new HTTPS connection (1): catalog.api.2gis.com:443
2025-10-30 21:26:30,355 - DEBUG - [_make_request] - https://catalog.api.2gis.com:443 "GET /3.0/items?key=18ee47f5-2184-45df-ac89-779be9385d71&q=%D0%BC%D0%B0%D0%B3%D0%B0%D0%B7%D0%B8%D0%BD&district_id=4504209512726553&type=branch&page=3&page_size=10&fields=items.point%2Citems.name%2Citems.address_name%2Citems.reviews HTTP/1.1" 200 None
2025-10-30 21:26:30,356 - DEBUG - [получить_магазины_в_районе] - Статус ответа: 200
2025-10-30 21:26:30,357 - INFO - [получить_магазины_в_районе] - Загружено 10 магазинов со страницы 3
2025-10-30 21:26:30,858 - DEBUG - [получить_магазины_в_районе] - Запрос страницы 4 для района Хорошёвский
2025-10-30 21:26:30,859 - DEBUG - [_new_conn] - Starting new HTTPS connection (1): catalog.api.2gis.com:443
2025-10-30 21:26:31,273 - DEBUG - [_make_request] - https://catalog.api.2gis.com:443 "GET /3.0/items?key=18ee47f5-2184-45df-ac89-779be9385d71&q=%D0%BC%D0%B0%D0%B3%D0%B0%D0%B7%D0%B8%D0%BD&district_id=4504209512726553&type=branch&page=4&page_size=10&fields=items.point%2Citems.name%2Citems.address_name%2Citems.reviews HTTP/1.1" 200 None
2025-10-30 21:26:31,274 - DEBUG - [получить_магазины_в_районе] - Статус ответа: 200
2025-10-30 21:26:31,275 - INFO - [получить_магазины_в_районе] - Загружено 10 магазинов со страницы 4
2025-10-30 21:26:31,776 - DEBUG - [получить_магазины_в_районе] - Запрос страницы 5 для района Хорошёвский
2025-10-30 21:26:31,777 - DEBUG - [_new_conn] - Starting new HTTPS connection (1): catalog.api.2gis.com:443
2025-10-30 21:26:32,203 - DEBUG - [_make_request] - https://catalog.api.2gis.com:443 "GET /3.0/items?key=18ee47f5-2184-45df-ac89-779be9385d71&q=%D0%BC%D0%B0%D0%B3%D0%B0%D0%B7%D0%B8%D0%BD&district_id=4504209512726553&type=branch&page=5&page_size=10&fields=items.point%2Citems.name%2Citems.address_name%2Citems.reviews HTTP/1.1" 200 None
2025-10-30 21:26:32,204 - DEBUG - [получить_магазины_в_районе] - Статус ответа: 200
2025-10-30 21:26:32,204 - INFO - [получить_магазины_в_районе] - Загружено 10 магазинов со страницы 5
2025-10-30 21:26:32,205 - INFO - [получить_магазины_в_районе] - Завершение сбора для района Хорошёвский. Найдено магазинов: 50
2025-10-30 21:26:32,207 - INFO - [<cell line: 0>] - Район 'Хорошёвский' завершен. Магазинов: 50
2025-10-30 21:26:33,209 - INFO - [<cell line: 0>] - [119/132] Обработка района: Царицыно
2025-10-30 21:26:33,210 - INFO - [получить_магазины_в_районе] - Начало сбора магазинов для района: Царицыно (ID: 4504209512726608)
2025-10-30 21:26:33,211 - DEBUG - [получить_магазины_в_районе] - Запрос страницы 1 для района Царицыно
2025-10-30 21:26:33,212 - DEBUG - [_new_conn] - Starting new HTTPS connection (1): catalog.api.2gis.com:443
2025-10-30 21:26:33,747 - DEBUG - [_make_request] - https://catalog.api.2gis.com:443 "GET /3.0/items?key=18ee47f5-2184-45df-ac89-779be9385d71&q=%D0%BC%D0%B0%D0%B3%D0%B0%D0%B7%D0%B8%D0%BD&district_id=4504209512726608&type=branch&page=1&page_size=10&fields=items.point%2Citems.name%2Citems.address_name%2Citems.reviews HTTP/1.1" 200 None
2025-10-30 21:26:33,748 - DEBUG - [получить_магазины_в_районе] - Статус ответа: 200
2025-10-30 21:26:33,748 - INFO - [получить_магазины_в_районе] - Загружено 10 магазинов со страницы 1
2025-10-30 21:26:34,249 - DEBUG - [получить_магазины_в_районе] - Запрос страницы 2 для района Царицыно
2025-10-30 21:26:34,251 - DEBUG - [_new_conn] - Starting new HTTPS connection (1): catalog.api.2gis.com:443
2025-10-30 21:26:34,661 - DEBUG - [_make_request] - https://catalog.api.2gis.com:443 "GET /3.0/items?key=18ee47f5-2184-45df-ac89-779be9385d71&q=%D0%BC%D0%B0%D0%B3%D0%B0%D0%B7%D0%B8%D0%BD&district_id=4504209512726608&type=branch&page=2&page_size=10&fields=items.point%2Citems.name%2Citems.address_name%2Citems.reviews HTTP/1.1" 200 None
2025-10-30 21:26:34,662 - DEBUG - [получить_магазины_в_районе] - Статус ответа: 200
2025-10-30 21:26:34,662 - INFO - [получить_магазины_в_районе] - Загружено 10 магазинов со страницы 2
2025-10-30 21:26:35,163 - DEBUG - [получить_магазины_в_районе] - Запрос страницы 3 для района Царицыно
2025-10-30 21:26:35,165 - DEBUG - [_new_conn] - Starting new HTTPS connection (1): catalog.api.2gis.com:443
2025-10-30 21:26:35,588 - DEBUG - [_make_request] - https://catalog.api.2gis.com:443 "GET /3.0/items?key=18ee47f5-2184-45df-ac89-779be9385d71&q=%D0%BC%D0%B0%D0%B3%D0%B0%D0%B7%D0%B8%D0%BD&district_id=4504209512726608&type=branch&page=3&page_size=10&fields=items.point%2Citems.name%2Citems.address_name%2Citems.reviews HTTP/1.1" 200 None
2025-10-30 21:26:35,589 - DEBUG - [получить_магазины_в_районе] - Статус ответа: 200
2025-10-30 21:26:35,589 - INFO - [получить_магазины_в_районе] - Загружено 10 магазинов со страницы 3
2025-10-30 21:26:36,090 - DEBUG - [получить_магазины_в_районе] - Запрос страницы 4 для района Царицыно
2025-10-30 21:26:36,091 - DEBUG - [_new_conn] - Starting new HTTPS connection (1): catalog.api.2gis.com:443
2025-10-30 21:26:36,491 - DEBUG - [_make_request] - https://catalog.api.2gis.com:443 "GET /3.0/items?key=18ee47f5-2184-45df-ac89-779be9385d71&q=%D0%BC%D0%B0%D0%B3%D0%B0%D0%B7%D0%B8%D0%BD&district_id=4504209512726608&type=branch&page=4&page_size=10&fields=items.point%2Citems.name%2Citems.address_name%2Citems.reviews HTTP/1.1" 200 None
2025-10-30 21:26:36,492 - DEBUG - [получить_магазины_в_районе] - Статус ответа: 200
2025-10-30 21:26:36,492 - INFO - [получить_магазины_в_районе] - Загружено 10 магазинов со страницы 4
2025-10-30 21:26:36,994 - DEBUG - [получить_магазины_в_районе] - Запрос страницы 5 для района Царицыно
2025-10-30 21:26:36,995 - DEBUG - [_new_conn] - Starting new HTTPS connection (1): catalog.api.2gis.com:443
2025-10-30 21:26:37,400 - DEBUG - [_make_request] - https://catalog.api.2gis.com:443 "GET /3.0/items?key=18ee47f5-2184-45df-ac89-779be9385d71&q=%D0%BC%D0%B0%D0%B3%D0%B0%D0%B7%D0%B8%D0%BD&district_id=4504209512726608&type=branch&page=5&page_size=10&fields=items.point%2Citems.name%2Citems.address_name%2Citems.reviews HTTP/1.1" 200 None
2025-10-30 21:26:37,401 - DEBUG - [получить_магазины_в_районе] - Статус ответа: 200
2025-10-30 21:26:37,401 - INFO - [получить_магазины_в_районе] - Загружено 10 магазинов со страницы 5
2025-10-30 21:26:37,402 - INFO - [получить_магазины_в_районе] - Завершение сбора для района Царицыно. Найдено магазинов: 50
2025-10-30 21:26:37,403 - INFO - [<cell line: 0>] - Район 'Царицыно' завершен. Магазинов: 50
2025-10-30 21:26:38,404 - INFO - [<cell line: 0>] - [120/132] Обработка района: Черёмушки
2025-10-30 21:26:38,405 - INFO - [получить_магазины_в_районе] - Начало сбора магазинов для района: Черёмушки (ID: 4504209512726627)
2025-10-30 21:26:38,406 - DEBUG - [получить_магазины_в_районе] - Запрос страницы 1 для района Черёмушки
2025-10-30 21:26:38,408 - DEBUG - [_new_conn] - Starting new HTTPS connection (1): catalog.api.2gis.com:443
2025-10-30 21:26:38,831 - DEBUG - [_make_request] - https://catalog.api.2gis.com:443 "GET /3.0/items?key=18ee47f5-2184-45df-ac89-779be9385d71&q=%D0%BC%D0%B0%D0%B3%D0%B0%D0%B7%D0%B8%D0%BD&district_id=4504209512726627&type=branch&page=1&page_size=10&fields=items.point%2Citems.name%2Citems.address_name%2Citems.reviews HTTP/1.1" 200 None
2025-10-30 21:26:38,831 - DEBUG - [получить_магазины_в_районе] - Статус ответа: 200
2025-10-30 21:26:38,832 - INFO - [получить_магазины_в_районе] - Загружено 10 магазинов со страницы 1
2025-10-30 21:26:39,333 - DEBUG - [получить_магазины_в_районе] - Запрос страницы 2 для района Черёмушки
2025-10-30 21:26:39,334 - DEBUG - [_new_conn] - Starting new HTTPS connection (1): catalog.api.2gis.com:443
2025-10-30 21:26:39,733 - DEBUG - [_make_request] - https://catalog.api.2gis.com:443 "GET /3.0/items?key=18ee47f5-2184-45df-ac89-779be9385d71&q=%D0%BC%D0%B0%D0%B3%D0%B0%D0%B7%D0%B8%D0%BD&district_id=4504209512726627&type=branch&page=2&page_size=10&fields=items.point%2Citems.name%2Citems.address_name%2Citems.reviews HTTP/1.1" 200 None
2025-10-30 21:26:39,734 - DEBUG - [получить_магазины_в_районе] - Статус ответа: 200
2025-10-30 21:26:39,734 - INFO - [получить_магазины_в_районе] - Загружено 10 магазинов со страницы 2
2025-10-30 21:26:40,235 - DEBUG - [получить_магазины_в_районе] - Запрос страницы 3 для района Черёмушки
2025-10-30 21:26:40,236 - DEBUG - [_new_conn] - Starting new HTTPS connection (1): catalog.api.2gis.com:443
2025-10-30 21:26:40,657 - DEBUG - [_make_request] - https://catalog.api.2gis.com:443 "GET /3.0/items?key=18ee47f5-2184-45df-ac89-779be9385d71&q=%D0%BC%D0%B0%D0%B3%D0%B0%D0%B7%D0%B8%D0%BD&district_id=4504209512726627&type=branch&page=3&page_size=10&fields=items.point%2Citems.name%2Citems.address_name%2Citems.reviews HTTP/1.1" 200 None
2025-10-30 21:26:40,658 - DEBUG - [получить_магазины_в_районе] - Статус ответа: 200
2025-10-30 21:26:40,659 - INFO - [получить_магазины_в_районе] - Загружено 10 магазинов со страницы 3
2025-10-30 21:26:41,160 - DEBUG - [получить_магазины_в_районе] - Запрос страницы 4 для района Черёмушки
2025-10-30 21:26:41,161 - DEBUG - [_new_conn] - Starting new HTTPS connection (1): catalog.api.2gis.com:443
2025-10-30 21:26:41,608 - DEBUG - [_make_request] - https://catalog.api.2gis.com:443 "GET /3.0/items?key=18ee47f5-2184-45df-ac89-779be9385d71&q=%D0%BC%D0%B0%D0%B3%D0%B0%D0%B7%D0%B8%D0%BD&district_id=4504209512726627&type=branch&page=4&page_size=10&fields=items.point%2Citems.name%2Citems.address_name%2Citems.reviews HTTP/1.1" 200 None
2025-10-30 21:26:41,609 - DEBUG - [получить_магазины_в_районе] - Статус ответа: 200
2025-10-30 21:26:41,609 - INFO - [получить_магазины_в_районе] - Загружено 10 магазинов со страницы 4
2025-10-30 21:26:42,110 - DEBUG - [получить_магазины_в_районе] - Запрос страницы 5 для района Черёмушки
2025-10-30 21:26:42,111 - DEBUG - [_new_conn] - Starting new HTTPS connection (1): catalog.api.2gis.com:443
2025-10-30 21:26:42,539 - DEBUG - [_make_request] - https://catalog.api.2gis.com:443 "GET /3.0/items?key=18ee47f5-2184-45df-ac89-779be9385d71&q=%D0%BC%D0%B0%D0%B3%D0%B0%D0%B7%D0%B8%D0%BD&district_id=4504209512726627&type=branch&page=5&page_size=10&fields=items.point%2Citems.name%2Citems.address_name%2Citems.reviews HTTP/1.1" 200 None
2025-10-30 21:26:42,540 - DEBUG - [получить_магазины_в_районе] - Статус ответа: 200
2025-10-30 21:26:42,540 - INFO - [получить_магазины_в_районе] - Загружено 10 магазинов со страницы 5
2025-10-30 21:26:42,541 - INFO - [получить_магазины_в_районе] - Завершение сбора для района Черёмушки. Найдено магазинов: 50
2025-10-30 21:26:42,542 - INFO - [<cell line: 0>] - Район 'Черёмушки' завершен. Магазинов: 50
2025-10-30 21:26:43,543 - INFO - [<cell line: 0>] - [121/132] Обработка района: Чертаново Северное
2025-10-30 21:26:43,544 - INFO - [получить_магазины_в_районе] - Начало сбора магазинов для района: Чертаново Северное (ID: 4504209512726615)
2025-10-30 21:26:43,545 - DEBUG - [получить_магазины_в_районе] - Запрос страницы 1 для района Чертаново Северное
2025-10-30 21:26:43,547 - DEBUG - [_new_conn] - Starting new HTTPS connection (1): catalog.api.2gis.com:443
2025-10-30 21:26:43,949 - DEBUG - [_make_request] - https://catalog.api.2gis.com:443 "GET /3.0/items?key=18ee47f5-2184-45df-ac89-779be9385d71&q=%D0%BC%D0%B0%D0%B3%D0%B0%D0%B7%D0%B8%D0%BD&district_id=4504209512726615&type=branch&page=1&page_size=10&fields=items.point%2Citems.name%2Citems.address_name%2Citems.reviews HTTP/1.1" 200 None
2025-10-30 21:26:43,950 - DEBUG - [получить_магазины_в_районе] - Статус ответа: 200
2025-10-30 21:26:43,951 - INFO - [получить_магазины_в_районе] - Загружено 10 магазинов со страницы 1
2025-10-30 21:26:44,452 - DEBUG - [получить_магазины_в_районе] - Запрос страницы 2 для района Чертаново Северное
2025-10-30 21:26:44,453 - DEBUG - [_new_conn] - Starting new HTTPS connection (1): catalog.api.2gis.com:443
2025-10-30 21:26:44,893 - DEBUG - [_make_request] - https://catalog.api.2gis.com:443 "GET /3.0/items?key=18ee47f5-2184-45df-ac89-779be9385d71&q=%D0%BC%D0%B0%D0%B3%D0%B0%D0%B7%D0%B8%D0%BD&district_id=4504209512726615&type=branch&page=2&page_size=10&fields=items.point%2Citems.name%2Citems.address_name%2Citems.reviews HTTP/1.1" 200 None
2025-10-30 21:26:44,895 - DEBUG - [получить_магазины_в_районе] - Статус ответа: 200
2025-10-30 21:26:44,895 - INFO - [получить_магазины_в_районе] - Загружено 10 магазинов со страницы 2
2025-10-30 21:26:45,396 - DEBUG - [получить_магазины_в_районе] - Запрос страницы 3 для района Чертаново Северное
2025-10-30 21:26:45,397 - DEBUG - [_new_conn] - Starting new HTTPS connection (1): catalog.api.2gis.com:443
2025-10-30 21:26:45,807 - DEBUG - [_make_request] - https://catalog.api.2gis.com:443 "GET /3.0/items?key=18ee47f5-2184-45df-ac89-779be9385d71&q=%D0%BC%D0%B0%D0%B3%D0%B0%D0%B7%D0%B8%D0%BD&district_id=4504209512726615&type=branch&page=3&page_size=10&fields=items.point%2Citems.name%2Citems.address_name%2Citems.reviews HTTP/1.1" 200 None
2025-10-30 21:26:45,808 - DEBUG - [получить_магазины_в_районе] - Статус ответа: 200
2025-10-30 21:26:45,808 - INFO - [получить_магазины_в_районе] - Загружено 10 магазинов со страницы 3
2025-10-30 21:26:46,309 - DEBUG - [получить_магазины_в_районе] - Запрос страницы 4 для района Чертаново Северное
2025-10-30 21:26:46,311 - DEBUG - [_new_conn] - Starting new HTTPS connection (1): catalog.api.2gis.com:443
2025-10-30 21:26:46,714 - DEBUG - [_make_request] - https://catalog.api.2gis.com:443 "GET /3.0/items?key=18ee47f5-2184-45df-ac89-779be9385d71&q=%D0%BC%D0%B0%D0%B3%D0%B0%D0%B7%D0%B8%D0%BD&district_id=4504209512726615&type=branch&page=4&page_size=10&fields=items.point%2Citems.name%2Citems.address_name%2Citems.reviews HTTP/1.1" 200 None
2025-10-30 21:26:46,715 - DEBUG - [получить_магазины_в_районе] - Статус ответа: 200
2025-10-30 21:26:46,716 - INFO - [получить_магазины_в_районе] - Загружено 10 магазинов со страницы 4
2025-10-30 21:26:47,217 - DEBUG - [получить_магазины_в_районе] - Запрос страницы 5 для района Чертаново Северное
2025-10-30 21:26:47,218 - DEBUG - [_new_conn] - Starting new HTTPS connection (1): catalog.api.2gis.com:443
2025-10-30 21:26:47,627 - DEBUG - [_make_request] - https://catalog.api.2gis.com:443 "GET /3.0/items?key=18ee47f5-2184-45df-ac89-779be9385d71&q=%D0%BC%D0%B0%D0%B3%D0%B0%D0%B7%D0%B8%D0%BD&district_id=4504209512726615&type=branch&page=5&page_size=10&fields=items.point%2Citems.name%2Citems.address_name%2Citems.reviews HTTP/1.1" 200 None
2025-10-30 21:26:47,628 - DEBUG - [получить_магазины_в_районе] - Статус ответа: 200
2025-10-30 21:26:47,629 - INFO - [получить_магазины_в_районе] - Загружено 10 магазинов со страницы 5
2025-10-30 21:26:47,629 - INFO - [получить_магазины_в_районе] - Завершение сбора для района Чертаново Северное. Найдено магазинов: 50
2025-10-30 21:26:47,630 - INFO - [<cell line: 0>] - Район 'Чертаново Северное' завершен. Магазинов: 50
2025-10-30 21:26:48,633 - INFO - [<cell line: 0>] - [122/132] Обработка района: Чертаново Центральное
2025-10-30 21:26:48,634 - INFO - [получить_магазины_в_районе] - Начало сбора магазинов для района: Чертаново Центральное (ID: 4504209512726614)
2025-10-30 21:26:48,635 - DEBUG - [получить_магазины_в_районе] - Запрос страницы 1 для района Чертаново Центральное
2025-10-30 21:26:48,637 - DEBUG - [_new_conn] - Starting new HTTPS connection (1): catalog.api.2gis.com:443
2025-10-30 21:26:49,036 - DEBUG - [_make_request] - https://catalog.api.2gis.com:443 "GET /3.0/items?key=18ee47f5-2184-45df-ac89-779be9385d71&q=%D0%BC%D0%B0%D0%B3%D0%B0%D0%B7%D0%B8%D0%BD&district_id=4504209512726614&type=branch&page=1&page_size=10&fields=items.point%2Citems.name%2Citems.address_name%2Citems.reviews HTTP/1.1" 200 None
2025-10-30 21:26:49,036 - DEBUG - [получить_магазины_в_районе] - Статус ответа: 200
2025-10-30 21:26:49,037 - INFO - [получить_магазины_в_районе] - Загружено 10 магазинов со страницы 1
2025-10-30 21:26:49,538 - DEBUG - [получить_магазины_в_районе] - Запрос страницы 2 для района Чертаново Центральное
2025-10-30 21:26:49,539 - DEBUG - [_new_conn] - Starting new HTTPS connection (1): catalog.api.2gis.com:443
2025-10-30 21:26:49,959 - DEBUG - [_make_request] - https://catalog.api.2gis.com:443 "GET /3.0/items?key=18ee47f5-2184-45df-ac89-779be9385d71&q=%D0%BC%D0%B0%D0%B3%D0%B0%D0%B7%D0%B8%D0%BD&district_id=4504209512726614&type=branch&page=2&page_size=10&fields=items.point%2Citems.name%2Citems.address_name%2Citems.reviews HTTP/1.1" 200 None
2025-10-30 21:26:49,960 - DEBUG - [получить_магазины_в_районе] - Статус ответа: 200
2025-10-30 21:26:49,960 - INFO - [получить_магазины_в_районе] - Загружено 10 магазинов со страницы 2
2025-10-30 21:26:50,461 - DEBUG - [получить_магазины_в_районе] - Запрос страницы 3 для района Чертаново Центральное
2025-10-30 21:26:50,463 - DEBUG - [_new_conn] - Starting new HTTPS connection (1): catalog.api.2gis.com:443
2025-10-30 21:26:50,900 - DEBUG - [_make_request] - https://catalog.api.2gis.com:443 "GET /3.0/items?key=18ee47f5-2184-45df-ac89-779be9385d71&q=%D0%BC%D0%B0%D0%B3%D0%B0%D0%B7%D0%B8%D0%BD&district_id=4504209512726614&type=branch&page=3&page_size=10&fields=items.point%2Citems.name%2Citems.address_name%2Citems.reviews HTTP/1.1" 200 None
2025-10-30 21:26:50,901 - DEBUG - [получить_магазины_в_районе] - Статус ответа: 200
2025-10-30 21:26:50,902 - INFO - [получить_магазины_в_районе] - Загружено 10 магазинов со страницы 3
2025-10-30 21:26:51,403 - DEBUG - [получить_магазины_в_районе] - Запрос страницы 4 для района Чертаново Центральное
2025-10-30 21:26:51,404 - DEBUG - [_new_conn] - Starting new HTTPS connection (1): catalog.api.2gis.com:443
2025-10-30 21:26:51,866 - DEBUG - [_make_request] - https://catalog.api.2gis.com:443 "GET /3.0/items?key=18ee47f5-2184-45df-ac89-779be9385d71&q=%D0%BC%D0%B0%D0%B3%D0%B0%D0%B7%D0%B8%D0%BD&district_id=4504209512726614&type=branch&page=4&page_size=10&fields=items.point%2Citems.name%2Citems.address_name%2Citems.reviews HTTP/1.1" 200 None
2025-10-30 21:26:51,867 - DEBUG - [получить_магазины_в_районе] - Статус ответа: 200
2025-10-30 21:26:51,867 - INFO - [получить_магазины_в_районе] - Загружено 10 магазинов со страницы 4
2025-10-30 21:26:52,368 - DEBUG - [получить_магазины_в_районе] - Запрос страницы 5 для района Чертаново Центральное
2025-10-30 21:26:52,369 - DEBUG - [_new_conn] - Starting new HTTPS connection (1): catalog.api.2gis.com:443
2025-10-30 21:26:52,785 - DEBUG - [_make_request] - https://catalog.api.2gis.com:443 "GET /3.0/items?key=18ee47f5-2184-45df-ac89-779be9385d71&q=%D0%BC%D0%B0%D0%B3%D0%B0%D0%B7%D0%B8%D0%BD&district_id=4504209512726614&type=branch&page=5&page_size=10&fields=items.point%2Citems.name%2Citems.address_name%2Citems.reviews HTTP/1.1" 200 None
2025-10-30 21:26:52,786 - DEBUG - [получить_магазины_в_районе] - Статус ответа: 200
2025-10-30 21:26:52,786 - INFO - [получить_магазины_в_районе] - Загружено 10 магазинов со страницы 5
2025-10-30 21:26:52,787 - INFO - [получить_магазины_в_районе] - Завершение сбора для района Чертаново Центральное. Найдено магазинов: 50
2025-10-30 21:26:52,788 - INFO - [<cell line: 0>] - Район 'Чертаново Центральное' завершен. Магазинов: 50
2025-10-30 21:26:53,790 - INFO - [<cell line: 0>] - [123/132] Обработка района: Чертаново Южное
2025-10-30 21:26:53,791 - INFO - [получить_магазины_в_районе] - Начало сбора магазинов для района: Чертаново Южное (ID: 4504209512726659)
2025-10-30 21:26:53,793 - DEBUG - [получить_магазины_в_районе] - Запрос страницы 1 для района Чертаново Южное
2025-10-30 21:26:53,795 - DEBUG - [_new_conn] - Starting new HTTPS connection (1): catalog.api.2gis.com:443
2025-10-30 21:26:54,205 - DEBUG - [_make_request] - https://catalog.api.2gis.com:443 "GET /3.0/items?key=18ee47f5-2184-45df-ac89-779be9385d71&q=%D0%BC%D0%B0%D0%B3%D0%B0%D0%B7%D0%B8%D0%BD&district_id=4504209512726659&type=branch&page=1&page_size=10&fields=items.point%2Citems.name%2Citems.address_name%2Citems.reviews HTTP/1.1" 200 None
2025-10-30 21:26:54,206 - DEBUG - [получить_магазины_в_районе] - Статус ответа: 200
2025-10-30 21:26:54,206 - INFO - [получить_магазины_в_районе] - Загружено 10 магазинов со страницы 1
2025-10-30 21:26:54,707 - DEBUG - [получить_магазины_в_районе] - Запрос страницы 2 для района Чертаново Южное
2025-10-30 21:26:54,708 - DEBUG - [_new_conn] - Starting new HTTPS connection (1): catalog.api.2gis.com:443
2025-10-30 21:26:55,127 - DEBUG - [_make_request] - https://catalog.api.2gis.com:443 "GET /3.0/items?key=18ee47f5-2184-45df-ac89-779be9385d71&q=%D0%BC%D0%B0%D0%B3%D0%B0%D0%B7%D0%B8%D0%BD&district_id=4504209512726659&type=branch&page=2&page_size=10&fields=items.point%2Citems.name%2Citems.address_name%2Citems.reviews HTTP/1.1" 200 None
2025-10-30 21:26:55,128 - DEBUG - [получить_магазины_в_районе] - Статус ответа: 200
2025-10-30 21:26:55,129 - INFO - [получить_магазины_в_районе] - Загружено 10 магазинов со страницы 2
2025-10-30 21:26:55,630 - DEBUG - [получить_магазины_в_районе] - Запрос страницы 3 для района Чертаново Южное
2025-10-30 21:26:55,632 - DEBUG - [_new_conn] - Starting new HTTPS connection (1): catalog.api.2gis.com:443
2025-10-30 21:26:56,082 - DEBUG - [_make_request] - https://catalog.api.2gis.com:443 "GET /3.0/items?key=18ee47f5-2184-45df-ac89-779be9385d71&q=%D0%BC%D0%B0%D0%B3%D0%B0%D0%B7%D0%B8%D0%BD&district_id=4504209512726659&type=branch&page=3&page_size=10&fields=items.point%2Citems.name%2Citems.address_name%2Citems.reviews HTTP/1.1" 200 None
2025-10-30 21:26:56,083 - DEBUG - [получить_магазины_в_районе] - Статус ответа: 200
2025-10-30 21:26:56,083 - INFO - [получить_магазины_в_районе] - Загружено 10 магазинов со страницы 3
2025-10-30 21:26:56,584 - DEBUG - [получить_магазины_в_районе] - Запрос страницы 4 для района Чертаново Южное
2025-10-30 21:26:56,586 - DEBUG - [_new_conn] - Starting new HTTPS connection (1): catalog.api.2gis.com:443
2025-10-30 21:26:57,017 - DEBUG - [_make_request] - https://catalog.api.2gis.com:443 "GET /3.0/items?key=18ee47f5-2184-45df-ac89-779be9385d71&q=%D0%BC%D0%B0%D0%B3%D0%B0%D0%B7%D0%B8%D0%BD&district_id=4504209512726659&type=branch&page=4&page_size=10&fields=items.point%2Citems.name%2Citems.address_name%2Citems.reviews HTTP/1.1" 200 None
2025-10-30 21:26:57,020 - DEBUG - [получить_магазины_в_районе] - Статус ответа: 200
2025-10-30 21:26:57,020 - INFO - [получить_магазины_в_районе] - Загружено 10 магазинов со страницы 4
2025-10-30 21:26:57,521 - DEBUG - [получить_магазины_в_районе] - Запрос страницы 5 для района Чертаново Южное
2025-10-30 21:26:57,523 - DEBUG - [_new_conn] - Starting new HTTPS connection (1): catalog.api.2gis.com:443
2025-10-30 21:26:57,950 - DEBUG - [_make_request] - https://catalog.api.2gis.com:443 "GET /3.0/items?key=18ee47f5-2184-45df-ac89-779be9385d71&q=%D0%BC%D0%B0%D0%B3%D0%B0%D0%B7%D0%B8%D0%BD&district_id=4504209512726659&type=branch&page=5&page_size=10&fields=items.point%2Citems.name%2Citems.address_name%2Citems.reviews HTTP/1.1" 200 None
2025-10-30 21:26:57,951 - DEBUG - [получить_магазины_в_районе] - Статус ответа: 200
2025-10-30 21:26:57,951 - INFO - [получить_магазины_в_районе] - Загружено 10 магазинов со страницы 5
2025-10-30 21:26:57,952 - INFO - [получить_магазины_в_районе] - Завершение сбора для района Чертаново Южное. Найдено магазинов: 50
2025-10-30 21:26:57,955 - INFO - [<cell line: 0>] - Район 'Чертаново Южное' завершен. Магазинов: 50
2025-10-30 21:26:58,956 - INFO - [<cell line: 0>] - [124/132] Обработка района: Щербинка
2025-10-30 21:26:58,957 - INFO - [получить_магазины_в_районе] - Начало сбора магазинов для района: Щербинка (ID: 4504209520928047)
2025-10-30 21:26:58,958 - DEBUG - [получить_магазины_в_районе] - Запрос страницы 1 для района Щербинка
2025-10-30 21:26:58,960 - DEBUG - [_new_conn] - Starting new HTTPS connection (1): catalog.api.2gis.com:443
2025-10-30 21:26:59,378 - DEBUG - [_make_request] - https://catalog.api.2gis.com:443 "GET /3.0/items?key=18ee47f5-2184-45df-ac89-779be9385d71&q=%D0%BC%D0%B0%D0%B3%D0%B0%D0%B7%D0%B8%D0%BD&district_id=4504209520928047&type=branch&page=1&page_size=10&fields=items.point%2Citems.name%2Citems.address_name%2Citems.reviews HTTP/1.1" 200 None
2025-10-30 21:26:59,378 - DEBUG - [получить_магазины_в_районе] - Статус ответа: 200
2025-10-30 21:26:59,379 - INFO - [получить_магазины_в_районе] - Загружено 10 магазинов со страницы 1
2025-10-30 21:26:59,880 - DEBUG - [получить_магазины_в_районе] - Запрос страницы 2 для района Щербинка
2025-10-30 21:26:59,881 - DEBUG - [_new_conn] - Starting new HTTPS connection (1): catalog.api.2gis.com:443
2025-10-30 21:27:00,310 - DEBUG - [_make_request] - https://catalog.api.2gis.com:443 "GET /3.0/items?key=18ee47f5-2184-45df-ac89-779be9385d71&q=%D0%BC%D0%B0%D0%B3%D0%B0%D0%B7%D0%B8%D0%BD&district_id=4504209520928047&type=branch&page=2&page_size=10&fields=items.point%2Citems.name%2Citems.address_name%2Citems.reviews HTTP/1.1" 200 None
2025-10-30 21:27:00,311 - DEBUG - [получить_магазины_в_районе] - Статус ответа: 200
2025-10-30 21:27:00,312 - INFO - [получить_магазины_в_районе] - Загружено 10 магазинов со страницы 2
2025-10-30 21:27:00,812 - DEBUG - [получить_магазины_в_районе] - Запрос страницы 3 для района Щербинка
2025-10-30 21:27:00,814 - DEBUG - [_new_conn] - Starting new HTTPS connection (1): catalog.api.2gis.com:443
2025-10-30 21:27:01,261 - DEBUG - [_make_request] - https://catalog.api.2gis.com:443 "GET /3.0/items?key=18ee47f5-2184-45df-ac89-779be9385d71&q=%D0%BC%D0%B0%D0%B3%D0%B0%D0%B7%D0%B8%D0%BD&district_id=4504209520928047&type=branch&page=3&page_size=10&fields=items.point%2Citems.name%2Citems.address_name%2Citems.reviews HTTP/1.1" 200 None
2025-10-30 21:27:01,262 - DEBUG - [получить_магазины_в_районе] - Статус ответа: 200
2025-10-30 21:27:01,262 - INFO - [получить_магазины_в_районе] - Загружено 10 магазинов со страницы 3
2025-10-30 21:27:01,763 - DEBUG - [получить_магазины_в_районе] - Запрос страницы 4 для района Щербинка
2025-10-30 21:27:01,764 - DEBUG - [_new_conn] - Starting new HTTPS connection (1): catalog.api.2gis.com:443
2025-10-30 21:27:02,189 - DEBUG - [_make_request] - https://catalog.api.2gis.com:443 "GET /3.0/items?key=18ee47f5-2184-45df-ac89-779be9385d71&q=%D0%BC%D0%B0%D0%B3%D0%B0%D0%B7%D0%B8%D0%BD&district_id=4504209520928047&type=branch&page=4&page_size=10&fields=items.point%2Citems.name%2Citems.address_name%2Citems.reviews HTTP/1.1" 200 None
2025-10-30 21:27:02,190 - DEBUG - [получить_магазины_в_районе] - Статус ответа: 200
2025-10-30 21:27:02,190 - INFO - [получить_магазины_в_районе] - Загружено 10 магазинов со страницы 4
2025-10-30 21:27:02,691 - DEBUG - [получить_магазины_в_районе] - Запрос страницы 5 для района Щербинка
2025-10-30 21:27:02,693 - DEBUG - [_new_conn] - Starting new HTTPS connection (1): catalog.api.2gis.com:443
2025-10-30 21:27:03,139 - DEBUG - [_make_request] - https://catalog.api.2gis.com:443 "GET /3.0/items?key=18ee47f5-2184-45df-ac89-779be9385d71&q=%D0%BC%D0%B0%D0%B3%D0%B0%D0%B7%D0%B8%D0%BD&district_id=4504209520928047&type=branch&page=5&page_size=10&fields=items.point%2Citems.name%2Citems.address_name%2Citems.reviews HTTP/1.1" 200 None
2025-10-30 21:27:03,140 - DEBUG - [получить_магазины_в_районе] - Статус ответа: 200
2025-10-30 21:27:03,140 - INFO - [получить_магазины_в_районе] - Загружено 10 магазинов со страницы 5
2025-10-30 21:27:03,141 - INFO - [получить_магазины_в_районе] - Завершение сбора для района Щербинка. Найдено магазинов: 50
2025-10-30 21:27:03,142 - INFO - [<cell line: 0>] - Район 'Щербинка' завершен. Магазинов: 50
2025-10-30 21:27:04,144 - INFO - [<cell line: 0>] - [125/132] Обработка района: Щукино
2025-10-30 21:27:04,145 - INFO - [получить_магазины_в_районе] - Начало сбора магазинов для района: Щукино (ID: 4504209512726648)
2025-10-30 21:27:04,146 - DEBUG - [получить_магазины_в_районе] - Запрос страницы 1 для района Щукино
2025-10-30 21:27:04,148 - DEBUG - [_new_conn] - Starting new HTTPS connection (1): catalog.api.2gis.com:443
2025-10-30 21:27:04,674 - DEBUG - [_make_request] - https://catalog.api.2gis.com:443 "GET /3.0/items?key=18ee47f5-2184-45df-ac89-779be9385d71&q=%D0%BC%D0%B0%D0%B3%D0%B0%D0%B7%D0%B8%D0%BD&district_id=4504209512726648&type=branch&page=1&page_size=10&fields=items.point%2Citems.name%2Citems.address_name%2Citems.reviews HTTP/1.1" 200 None
2025-10-30 21:27:04,675 - DEBUG - [получить_магазины_в_районе] - Статус ответа: 200
2025-10-30 21:27:04,675 - INFO - [получить_магазины_в_районе] - Загружено 10 магазинов со страницы 1
2025-10-30 21:27:05,176 - DEBUG - [получить_магазины_в_районе] - Запрос страницы 2 для района Щукино
2025-10-30 21:27:05,178 - DEBUG - [_new_conn] - Starting new HTTPS connection (1): catalog.api.2gis.com:443
2025-10-30 21:27:05,581 - DEBUG - [_make_request] - https://catalog.api.2gis.com:443 "GET /3.0/items?key=18ee47f5-2184-45df-ac89-779be9385d71&q=%D0%BC%D0%B0%D0%B3%D0%B0%D0%B7%D0%B8%D0%BD&district_id=4504209512726648&type=branch&page=2&page_size=10&fields=items.point%2Citems.name%2Citems.address_name%2Citems.reviews HTTP/1.1" 200 None
2025-10-30 21:27:05,582 - DEBUG - [получить_магазины_в_районе] - Статус ответа: 200
2025-10-30 21:27:05,583 - INFO - [получить_магазины_в_районе] - Загружено 10 магазинов со страницы 2
2025-10-30 21:27:06,084 - DEBUG - [получить_магазины_в_районе] - Запрос страницы 3 для района Щукино
2025-10-30 21:27:06,085 - DEBUG - [_new_conn] - Starting new HTTPS connection (1): catalog.api.2gis.com:443
2025-10-30 21:27:06,548 - DEBUG - [_make_request] - https://catalog.api.2gis.com:443 "GET /3.0/items?key=18ee47f5-2184-45df-ac89-779be9385d71&q=%D0%BC%D0%B0%D0%B3%D0%B0%D0%B7%D0%B8%D0%BD&district_id=4504209512726648&type=branch&page=3&page_size=10&fields=items.point%2Citems.name%2Citems.address_name%2Citems.reviews HTTP/1.1" 200 None
2025-10-30 21:27:06,549 - DEBUG - [получить_магазины_в_районе] - Статус ответа: 200
2025-10-30 21:27:06,549 - INFO - [получить_магазины_в_районе] - Загружено 10 магазинов со страницы 3
2025-10-30 21:27:07,050 - DEBUG - [получить_магазины_в_районе] - Запрос страницы 4 для района Щукино
2025-10-30 21:27:07,052 - DEBUG - [_new_conn] - Starting new HTTPS connection (1): catalog.api.2gis.com:443
2025-10-30 21:27:07,490 - DEBUG - [_make_request] - https://catalog.api.2gis.com:443 "GET /3.0/items?key=18ee47f5-2184-45df-ac89-779be9385d71&q=%D0%BC%D0%B0%D0%B3%D0%B0%D0%B7%D0%B8%D0%BD&district_id=4504209512726648&type=branch&page=4&page_size=10&fields=items.point%2Citems.name%2Citems.address_name%2Citems.reviews HTTP/1.1" 200 None
2025-10-30 21:27:07,491 - DEBUG - [получить_магазины_в_районе] - Статус ответа: 200
2025-10-30 21:27:07,491 - INFO - [получить_магазины_в_районе] - Загружено 10 магазинов со страницы 4
2025-10-30 21:27:07,992 - DEBUG - [получить_магазины_в_районе] - Запрос страницы 5 для района Щукино
2025-10-30 21:27:07,994 - DEBUG - [_new_conn] - Starting new HTTPS connection (1): catalog.api.2gis.com:443
2025-10-30 21:27:08,419 - DEBUG - [_make_request] - https://catalog.api.2gis.com:443 "GET /3.0/items?key=18ee47f5-2184-45df-ac89-779be9385d71&q=%D0%BC%D0%B0%D0%B3%D0%B0%D0%B7%D0%B8%D0%BD&district_id=4504209512726648&type=branch&page=5&page_size=10&fields=items.point%2Citems.name%2Citems.address_name%2Citems.reviews HTTP/1.1" 200 None
2025-10-30 21:27:08,420 - DEBUG - [получить_магазины_в_районе] - Статус ответа: 200
2025-10-30 21:27:08,421 - INFO - [получить_магазины_в_районе] - Загружено 10 магазинов со страницы 5
2025-10-30 21:27:08,422 - INFO - [получить_магазины_в_районе] - Завершение сбора для района Щукино. Найдено магазинов: 50
2025-10-30 21:27:08,423 - INFO - [<cell line: 0>] - Район 'Щукино' завершен. Магазинов: 50
2025-10-30 21:27:09,426 - INFO - [<cell line: 0>] - [126/132] Обработка района: Южное Бутово
2025-10-30 21:27:09,427 - INFO - [получить_магазины_в_районе] - Начало сбора магазинов для района: Южное Бутово (ID: 4504209512726619)
2025-10-30 21:27:09,428 - DEBUG - [получить_магазины_в_районе] - Запрос страницы 1 для района Южное Бутово
2025-10-30 21:27:09,429 - DEBUG - [_new_conn] - Starting new HTTPS connection (1): catalog.api.2gis.com:443
2025-10-30 21:27:09,852 - DEBUG - [_make_request] - https://catalog.api.2gis.com:443 "GET /3.0/items?key=18ee47f5-2184-45df-ac89-779be9385d71&q=%D0%BC%D0%B0%D0%B3%D0%B0%D0%B7%D0%B8%D0%BD&district_id=4504209512726619&type=branch&page=1&page_size=10&fields=items.point%2Citems.name%2Citems.address_name%2Citems.reviews HTTP/1.1" 200 None
2025-10-30 21:27:09,853 - DEBUG - [получить_магазины_в_районе] - Статус ответа: 200
2025-10-30 21:27:09,853 - INFO - [получить_магазины_в_районе] - Загружено 10 магазинов со страницы 1
2025-10-30 21:27:10,354 - DEBUG - [получить_магазины_в_районе] - Запрос страницы 2 для района Южное Бутово
2025-10-30 21:27:10,356 - DEBUG - [_new_conn] - Starting new HTTPS connection (1): catalog.api.2gis.com:443
2025-10-30 21:27:10,778 - DEBUG - [_make_request] - https://catalog.api.2gis.com:443 "GET /3.0/items?key=18ee47f5-2184-45df-ac89-779be9385d71&q=%D0%BC%D0%B0%D0%B3%D0%B0%D0%B7%D0%B8%D0%BD&district_id=4504209512726619&type=branch&page=2&page_size=10&fields=items.point%2Citems.name%2Citems.address_name%2Citems.reviews HTTP/1.1" 200 None
2025-10-30 21:27:10,779 - DEBUG - [получить_магазины_в_районе] - Статус ответа: 200
2025-10-30 21:27:10,779 - INFO - [получить_магазины_в_районе] - Загружено 10 магазинов со страницы 2
2025-10-30 21:27:11,280 - DEBUG - [получить_магазины_в_районе] - Запрос страницы 3 для района Южное Бутово
2025-10-30 21:27:11,281 - DEBUG - [_new_conn] - Starting new HTTPS connection (1): catalog.api.2gis.com:443
2025-10-30 21:27:11,714 - DEBUG - [_make_request] - https://catalog.api.2gis.com:443 "GET /3.0/items?key=18ee47f5-2184-45df-ac89-779be9385d71&q=%D0%BC%D0%B0%D0%B3%D0%B0%D0%B7%D0%B8%D0%BD&district_id=4504209512726619&type=branch&page=3&page_size=10&fields=items.point%2Citems.name%2Citems.address_name%2Citems.reviews HTTP/1.1" 200 None
2025-10-30 21:27:11,715 - DEBUG - [получить_магазины_в_районе] - Статус ответа: 200
2025-10-30 21:27:11,715 - INFO - [получить_магазины_в_районе] - Загружено 10 магазинов со страницы 3
2025-10-30 21:27:12,216 - DEBUG - [получить_магазины_в_районе] - Запрос страницы 4 для района Южное Бутово
2025-10-30 21:27:12,217 - DEBUG - [_new_conn] - Starting new HTTPS connection (1): catalog.api.2gis.com:443
2025-10-30 21:27:12,647 - DEBUG - [_make_request] - https://catalog.api.2gis.com:443 "GET /3.0/items?key=18ee47f5-2184-45df-ac89-779be9385d71&q=%D0%BC%D0%B0%D0%B3%D0%B0%D0%B7%D0%B8%D0%BD&district_id=4504209512726619&type=branch&page=4&page_size=10&fields=items.point%2Citems.name%2Citems.address_name%2Citems.reviews HTTP/1.1" 200 None
2025-10-30 21:27:12,648 - DEBUG - [получить_магазины_в_районе] - Статус ответа: 200
2025-10-30 21:27:12,649 - INFO - [получить_магазины_в_районе] - Загружено 10 магазинов со страницы 4
2025-10-30 21:27:13,149 - DEBUG - [получить_магазины_в_районе] - Запрос страницы 5 для района Южное Бутово
2025-10-30 21:27:13,151 - DEBUG - [_new_conn] - Starting new HTTPS connection (1): catalog.api.2gis.com:443
2025-10-30 21:27:13,564 - DEBUG - [_make_request] - https://catalog.api.2gis.com:443 "GET /3.0/items?key=18ee47f5-2184-45df-ac89-779be9385d71&q=%D0%BC%D0%B0%D0%B3%D0%B0%D0%B7%D0%B8%D0%BD&district_id=4504209512726619&type=branch&page=5&page_size=10&fields=items.point%2Citems.name%2Citems.address_name%2Citems.reviews HTTP/1.1" 200 None
2025-10-30 21:27:13,565 - DEBUG - [получить_магазины_в_районе] - Статус ответа: 200
2025-10-30 21:27:13,566 - INFO - [получить_магазины_в_районе] - Загружено 10 магазинов со страницы 5
2025-10-30 21:27:13,566 - INFO - [получить_магазины_в_районе] - Завершение сбора для района Южное Бутово. Найдено магазинов: 50
2025-10-30 21:27:13,568 - INFO - [<cell line: 0>] - Район 'Южное Бутово' завершен. Магазинов: 50
2025-10-30 21:27:14,569 - INFO - [<cell line: 0>] - [127/132] Обработка района: Южное Медведково
2025-10-30 21:27:14,570 - INFO - [получить_магазины_в_районе] - Начало сбора магазинов для района: Южное Медведково (ID: 4504209512726561)
2025-10-30 21:27:14,571 - DEBUG - [получить_магазины_в_районе] - Запрос страницы 1 для района Южное Медведково
2025-10-30 21:27:14,574 - DEBUG - [_new_conn] - Starting new HTTPS connection (1): catalog.api.2gis.com:443
2025-10-30 21:27:14,997 - DEBUG - [_make_request] - https://catalog.api.2gis.com:443 "GET /3.0/items?key=18ee47f5-2184-45df-ac89-779be9385d71&q=%D0%BC%D0%B0%D0%B3%D0%B0%D0%B7%D0%B8%D0%BD&district_id=4504209512726561&type=branch&page=1&page_size=10&fields=items.point%2Citems.name%2Citems.address_name%2Citems.reviews HTTP/1.1" 200 None
2025-10-30 21:27:14,997 - DEBUG - [получить_магазины_в_районе] - Статус ответа: 200
2025-10-30 21:27:14,998 - INFO - [получить_магазины_в_районе] - Загружено 10 магазинов со страницы 1
2025-10-30 21:27:15,499 - DEBUG - [получить_магазины_в_районе] - Запрос страницы 2 для района Южное Медведково
2025-10-30 21:27:15,500 - DEBUG - [_new_conn] - Starting new HTTPS connection (1): catalog.api.2gis.com:443
2025-10-30 21:27:15,914 - DEBUG - [_make_request] - https://catalog.api.2gis.com:443 "GET /3.0/items?key=18ee47f5-2184-45df-ac89-779be9385d71&q=%D0%BC%D0%B0%D0%B3%D0%B0%D0%B7%D0%B8%D0%BD&district_id=4504209512726561&type=branch&page=2&page_size=10&fields=items.point%2Citems.name%2Citems.address_name%2Citems.reviews HTTP/1.1" 200 None
2025-10-30 21:27:15,915 - DEBUG - [получить_магазины_в_районе] - Статус ответа: 200
2025-10-30 21:27:15,916 - INFO - [получить_магазины_в_районе] - Загружено 10 магазинов со страницы 2
2025-10-30 21:27:16,417 - DEBUG - [получить_магазины_в_районе] - Запрос страницы 3 для района Южное Медведково
2025-10-30 21:27:16,418 - DEBUG - [_new_conn] - Starting new HTTPS connection (1): catalog.api.2gis.com:443
2025-10-30 21:27:16,853 - DEBUG - [_make_request] - https://catalog.api.2gis.com:443 "GET /3.0/items?key=18ee47f5-2184-45df-ac89-779be9385d71&q=%D0%BC%D0%B0%D0%B3%D0%B0%D0%B7%D0%B8%D0%BD&district_id=4504209512726561&type=branch&page=3&page_size=10&fields=items.point%2Citems.name%2Citems.address_name%2Citems.reviews HTTP/1.1" 200 None
2025-10-30 21:27:16,854 - DEBUG - [получить_магазины_в_районе] - Статус ответа: 200
2025-10-30 21:27:16,855 - INFO - [получить_магазины_в_районе] - Загружено 10 магазинов со страницы 3
2025-10-30 21:27:17,356 - DEBUG - [получить_магазины_в_районе] - Запрос страницы 4 для района Южное Медведково
2025-10-30 21:27:17,357 - DEBUG - [_new_conn] - Starting new HTTPS connection (1): catalog.api.2gis.com:443
2025-10-30 21:27:17,787 - DEBUG - [_make_request] - https://catalog.api.2gis.com:443 "GET /3.0/items?key=18ee47f5-2184-45df-ac89-779be9385d71&q=%D0%BC%D0%B0%D0%B3%D0%B0%D0%B7%D0%B8%D0%BD&district_id=4504209512726561&type=branch&page=4&page_size=10&fields=items.point%2Citems.name%2Citems.address_name%2Citems.reviews HTTP/1.1" 200 None
2025-10-30 21:27:17,788 - DEBUG - [получить_магазины_в_районе] - Статус ответа: 200
2025-10-30 21:27:17,789 - INFO - [получить_магазины_в_районе] - Загружено 10 магазинов со страницы 4
2025-10-30 21:27:18,290 - DEBUG - [получить_магазины_в_районе] - Запрос страницы 5 для района Южное Медведково
2025-10-30 21:27:18,291 - DEBUG - [_new_conn] - Starting new HTTPS connection (1): catalog.api.2gis.com:443
2025-10-30 21:27:18,706 - DEBUG - [_make_request] - https://catalog.api.2gis.com:443 "GET /3.0/items?key=18ee47f5-2184-45df-ac89-779be9385d71&q=%D0%BC%D0%B0%D0%B3%D0%B0%D0%B7%D0%B8%D0%BD&district_id=4504209512726561&type=branch&page=5&page_size=10&fields=items.point%2Citems.name%2Citems.address_name%2Citems.reviews HTTP/1.1" 200 None
2025-10-30 21:27:18,707 - DEBUG - [получить_магазины_в_районе] - Статус ответа: 200
2025-10-30 21:27:18,708 - INFO - [получить_магазины_в_районе] - Загружено 10 магазинов со страницы 5
2025-10-30 21:27:18,709 - INFO - [получить_магазины_в_районе] - Завершение сбора для района Южное Медведково. Найдено магазинов: 50
2025-10-30 21:27:18,711 - INFO - [<cell line: 0>] - Район 'Южное Медведково' завершен. Магазинов: 50
2025-10-30 21:27:19,713 - INFO - [<cell line: 0>] - [128/132] Обработка района: Южное Тушино
2025-10-30 21:27:19,714 - INFO - [получить_магазины_в_районе] - Начало сбора магазинов для района: Южное Тушино (ID: 4504209512726649)
2025-10-30 21:27:19,715 - DEBUG - [получить_магазины_в_районе] - Запрос страницы 1 для района Южное Тушино
2025-10-30 21:27:19,716 - DEBUG - [_new_conn] - Starting new HTTPS connection (1): catalog.api.2gis.com:443
2025-10-30 21:27:20,121 - DEBUG - [_make_request] - https://catalog.api.2gis.com:443 "GET /3.0/items?key=18ee47f5-2184-45df-ac89-779be9385d71&q=%D0%BC%D0%B0%D0%B3%D0%B0%D0%B7%D0%B8%D0%BD&district_id=4504209512726649&type=branch&page=1&page_size=10&fields=items.point%2Citems.name%2Citems.address_name%2Citems.reviews HTTP/1.1" 200 None
2025-10-30 21:27:20,122 - DEBUG - [получить_магазины_в_районе] - Статус ответа: 200
2025-10-30 21:27:20,122 - INFO - [получить_магазины_в_районе] - Загружено 10 магазинов со страницы 1
2025-10-30 21:27:20,623 - DEBUG - [получить_магазины_в_районе] - Запрос страницы 2 для района Южное Тушино
2025-10-30 21:27:20,624 - DEBUG - [_new_conn] - Starting new HTTPS connection (1): catalog.api.2gis.com:443
2025-10-30 21:27:21,081 - DEBUG - [_make_request] - https://catalog.api.2gis.com:443 "GET /3.0/items?key=18ee47f5-2184-45df-ac89-779be9385d71&q=%D0%BC%D0%B0%D0%B3%D0%B0%D0%B7%D0%B8%D0%BD&district_id=4504209512726649&type=branch&page=2&page_size=10&fields=items.point%2Citems.name%2Citems.address_name%2Citems.reviews HTTP/1.1" 200 None
2025-10-30 21:27:21,082 - DEBUG - [получить_магазины_в_районе] - Статус ответа: 200
2025-10-30 21:27:21,082 - INFO - [получить_магазины_в_районе] - Загружено 10 магазинов со страницы 2
2025-10-30 21:27:21,583 - DEBUG - [получить_магазины_в_районе] - Запрос страницы 3 для района Южное Тушино
2025-10-30 21:27:21,585 - DEBUG - [_new_conn] - Starting new HTTPS connection (1): catalog.api.2gis.com:443
2025-10-30 21:27:21,988 - DEBUG - [_make_request] - https://catalog.api.2gis.com:443 "GET /3.0/items?key=18ee47f5-2184-45df-ac89-779be9385d71&q=%D0%BC%D0%B0%D0%B3%D0%B0%D0%B7%D0%B8%D0%BD&district_id=4504209512726649&type=branch&page=3&page_size=10&fields=items.point%2Citems.name%2Citems.address_name%2Citems.reviews HTTP/1.1" 200 None
2025-10-30 21:27:21,989 - DEBUG - [получить_магазины_в_районе] - Статус ответа: 200
2025-10-30 21:27:21,989 - INFO - [получить_магазины_в_районе] - Загружено 10 магазинов со страницы 3
2025-10-30 21:27:22,490 - DEBUG - [получить_магазины_в_районе] - Запрос страницы 4 для района Южное Тушино
2025-10-30 21:27:22,491 - DEBUG - [_new_conn] - Starting new HTTPS connection (1): catalog.api.2gis.com:443
2025-10-30 21:27:22,905 - DEBUG - [_make_request] - https://catalog.api.2gis.com:443 "GET /3.0/items?key=18ee47f5-2184-45df-ac89-779be9385d71&q=%D0%BC%D0%B0%D0%B3%D0%B0%D0%B7%D0%B8%D0%BD&district_id=4504209512726649&type=branch&page=4&page_size=10&fields=items.point%2Citems.name%2Citems.address_name%2Citems.reviews HTTP/1.1" 200 None
2025-10-30 21:27:22,906 - DEBUG - [получить_магазины_в_районе] - Статус ответа: 200
2025-10-30 21:27:22,906 - INFO - [получить_магазины_в_районе] - Загружено 10 магазинов со страницы 4
2025-10-30 21:27:23,407 - DEBUG - [получить_магазины_в_районе] - Запрос страницы 5 для района Южное Тушино
2025-10-30 21:27:23,408 - DEBUG - [_new_conn] - Starting new HTTPS connection (1): catalog.api.2gis.com:443
2025-10-30 21:27:23,847 - DEBUG - [_make_request] - https://catalog.api.2gis.com:443 "GET /3.0/items?key=18ee47f5-2184-45df-ac89-779be9385d71&q=%D0%BC%D0%B0%D0%B3%D0%B0%D0%B7%D0%B8%D0%BD&district_id=4504209512726649&type=branch&page=5&page_size=10&fields=items.point%2Citems.name%2Citems.address_name%2Citems.reviews HTTP/1.1" 200 None
2025-10-30 21:27:23,848 - DEBUG - [получить_магазины_в_районе] - Статус ответа: 200
2025-10-30 21:27:23,848 - INFO - [получить_магазины_в_районе] - Загружено 10 магазинов со страницы 5
2025-10-30 21:27:23,849 - INFO - [получить_магазины_в_районе] - Завершение сбора для района Южное Тушино. Найдено магазинов: 50
2025-10-30 21:27:23,851 - INFO - [<cell line: 0>] - Район 'Южное Тушино' завершен. Магазинов: 50
2025-10-30 21:27:24,852 - INFO - [<cell line: 0>] - [129/132] Обработка района: Южнопортовый
2025-10-30 21:27:24,853 - INFO - [получить_магазины_в_районе] - Начало сбора магазинов для района: Южнопортовый (ID: 70030076266239145)
2025-10-30 21:27:24,854 - DEBUG - [получить_магазины_в_районе] - Запрос страницы 1 для района Южнопортовый
2025-10-30 21:27:24,856 - DEBUG - [_new_conn] - Starting new HTTPS connection (1): catalog.api.2gis.com:443
2025-10-30 21:27:25,264 - DEBUG - [_make_request] - https://catalog.api.2gis.com:443 "GET /3.0/items?key=18ee47f5-2184-45df-ac89-779be9385d71&q=%D0%BC%D0%B0%D0%B3%D0%B0%D0%B7%D0%B8%D0%BD&district_id=70030076266239145&type=branch&page=1&page_size=10&fields=items.point%2Citems.name%2Citems.address_name%2Citems.reviews HTTP/1.1" 200 None
2025-10-30 21:27:25,265 - DEBUG - [получить_магазины_в_районе] - Статус ответа: 200
2025-10-30 21:27:25,265 - INFO - [получить_магазины_в_районе] - Загружено 10 магазинов со страницы 1
2025-10-30 21:27:25,766 - DEBUG - [получить_магазины_в_районе] - Запрос страницы 2 для района Южнопортовый
2025-10-30 21:27:25,767 - DEBUG - [_new_conn] - Starting new HTTPS connection (1): catalog.api.2gis.com:443
2025-10-30 21:27:26,172 - DEBUG - [_make_request] - https://catalog.api.2gis.com:443 "GET /3.0/items?key=18ee47f5-2184-45df-ac89-779be9385d71&q=%D0%BC%D0%B0%D0%B3%D0%B0%D0%B7%D0%B8%D0%BD&district_id=70030076266239145&type=branch&page=2&page_size=10&fields=items.point%2Citems.name%2Citems.address_name%2Citems.reviews HTTP/1.1" 200 None
2025-10-30 21:27:26,173 - DEBUG - [получить_магазины_в_районе] - Статус ответа: 200
2025-10-30 21:27:26,174 - INFO - [получить_магазины_в_районе] - Загружено 10 магазинов со страницы 2
2025-10-30 21:27:26,675 - DEBUG - [получить_магазины_в_районе] - Запрос страницы 3 для района Южнопортовый
2025-10-30 21:27:26,676 - DEBUG - [_new_conn] - Starting new HTTPS connection (1): catalog.api.2gis.com:443
2025-10-30 21:27:27,094 - DEBUG - [_make_request] - https://catalog.api.2gis.com:443 "GET /3.0/items?key=18ee47f5-2184-45df-ac89-779be9385d71&q=%D0%BC%D0%B0%D0%B3%D0%B0%D0%B7%D0%B8%D0%BD&district_id=70030076266239145&type=branch&page=3&page_size=10&fields=items.point%2Citems.name%2Citems.address_name%2Citems.reviews HTTP/1.1" 200 None
2025-10-30 21:27:27,095 - DEBUG - [получить_магазины_в_районе] - Статус ответа: 200
2025-10-30 21:27:27,095 - INFO - [получить_магазины_в_районе] - Загружено 10 магазинов со страницы 3
2025-10-30 21:27:27,596 - DEBUG - [получить_магазины_в_районе] - Запрос страницы 4 для района Южнопортовый
2025-10-30 21:27:27,597 - DEBUG - [_new_conn] - Starting new HTTPS connection (1): catalog.api.2gis.com:443
2025-10-30 21:27:28,027 - DEBUG - [_make_request] - https://catalog.api.2gis.com:443 "GET /3.0/items?key=18ee47f5-2184-45df-ac89-779be9385d71&q=%D0%BC%D0%B0%D0%B3%D0%B0%D0%B7%D0%B8%D0%BD&district_id=70030076266239145&type=branch&page=4&page_size=10&fields=items.point%2Citems.name%2Citems.address_name%2Citems.reviews HTTP/1.1" 200 None
2025-10-30 21:27:28,028 - DEBUG - [получить_магазины_в_районе] - Статус ответа: 200
2025-10-30 21:27:28,028 - INFO - [получить_магазины_в_районе] - Загружено 10 магазинов со страницы 4
2025-10-30 21:27:28,529 - DEBUG - [получить_магазины_в_районе] - Запрос страницы 5 для района Южнопортовый
2025-10-30 21:27:28,531 - DEBUG - [_new_conn] - Starting new HTTPS connection (1): catalog.api.2gis.com:443
2025-10-30 21:27:28,972 - DEBUG - [_make_request] - https://catalog.api.2gis.com:443 "GET /3.0/items?key=18ee47f5-2184-45df-ac89-779be9385d71&q=%D0%BC%D0%B0%D0%B3%D0%B0%D0%B7%D0%B8%D0%BD&district_id=70030076266239145&type=branch&page=5&page_size=10&fields=items.point%2Citems.name%2Citems.address_name%2Citems.reviews HTTP/1.1" 200 None
2025-10-30 21:27:28,973 - DEBUG - [получить_магазины_в_районе] - Статус ответа: 200
2025-10-30 21:27:28,973 - INFO - [получить_магазины_в_районе] - Загружено 10 магазинов со страницы 5
2025-10-30 21:27:28,974 - INFO - [получить_магазины_в_районе] - Завершение сбора для района Южнопортовый. Найдено магазинов: 50
2025-10-30 21:27:28,975 - INFO - [<cell line: 0>] - Район 'Южнопортовый' завершен. Магазинов: 50
2025-10-30 21:27:29,977 - INFO - [<cell line: 0>] - [130/132] Обработка района: Якиманка
2025-10-30 21:27:29,978 - INFO - [получить_магазины_в_районе] - Начало сбора магазинов для района: Якиманка (ID: 4504209512726534)
2025-10-30 21:27:29,979 - DEBUG - [получить_магазины_в_районе] - Запрос страницы 1 для района Якиманка
2025-10-30 21:27:29,980 - DEBUG - [_new_conn] - Starting new HTTPS connection (1): catalog.api.2gis.com:443
2025-10-30 21:27:30,385 - DEBUG - [_make_request] - https://catalog.api.2gis.com:443 "GET /3.0/items?key=18ee47f5-2184-45df-ac89-779be9385d71&q=%D0%BC%D0%B0%D0%B3%D0%B0%D0%B7%D0%B8%D0%BD&district_id=4504209512726534&type=branch&page=1&page_size=10&fields=items.point%2Citems.name%2Citems.address_name%2Citems.reviews HTTP/1.1" 200 None
2025-10-30 21:27:30,385 - DEBUG - [получить_магазины_в_районе] - Статус ответа: 200
2025-10-30 21:27:30,386 - INFO - [получить_магазины_в_районе] - Загружено 10 магазинов со страницы 1
2025-10-30 21:27:30,887 - DEBUG - [получить_магазины_в_районе] - Запрос страницы 2 для района Якиманка
2025-10-30 21:27:30,888 - DEBUG - [_new_conn] - Starting new HTTPS connection (1): catalog.api.2gis.com:443
2025-10-30 21:27:31,456 - DEBUG - [_make_request] - https://catalog.api.2gis.com:443 "GET /3.0/items?key=18ee47f5-2184-45df-ac89-779be9385d71&q=%D0%BC%D0%B0%D0%B3%D0%B0%D0%B7%D0%B8%D0%BD&district_id=4504209512726534&type=branch&page=2&page_size=10&fields=items.point%2Citems.name%2Citems.address_name%2Citems.reviews HTTP/1.1" 200 None
2025-10-30 21:27:31,457 - DEBUG - [получить_магазины_в_районе] - Статус ответа: 200
2025-10-30 21:27:31,457 - INFO - [получить_магазины_в_районе] - Загружено 10 магазинов со страницы 2
2025-10-30 21:27:31,958 - DEBUG - [получить_магазины_в_районе] - Запрос страницы 3 для района Якиманка
2025-10-30 21:27:31,960 - DEBUG - [_new_conn] - Starting new HTTPS connection (1): catalog.api.2gis.com:443
2025-10-30 21:27:32,372 - DEBUG - [_make_request] - https://catalog.api.2gis.com:443 "GET /3.0/items?key=18ee47f5-2184-45df-ac89-779be9385d71&q=%D0%BC%D0%B0%D0%B3%D0%B0%D0%B7%D0%B8%D0%BD&district_id=4504209512726534&type=branch&page=3&page_size=10&fields=items.point%2Citems.name%2Citems.address_name%2Citems.reviews HTTP/1.1" 200 None
2025-10-30 21:27:32,373 - DEBUG - [получить_магазины_в_районе] - Статус ответа: 200
2025-10-30 21:27:32,374 - INFO - [получить_магазины_в_районе] - Загружено 10 магазинов со страницы 3
2025-10-30 21:27:32,874 - DEBUG - [получить_магазины_в_районе] - Запрос страницы 4 для района Якиманка
2025-10-30 21:27:32,876 - DEBUG - [_new_conn] - Starting new HTTPS connection (1): catalog.api.2gis.com:443
2025-10-30 21:27:33,277 - DEBUG - [_make_request] - https://catalog.api.2gis.com:443 "GET /3.0/items?key=18ee47f5-2184-45df-ac89-779be9385d71&q=%D0%BC%D0%B0%D0%B3%D0%B0%D0%B7%D0%B8%D0%BD&district_id=4504209512726534&type=branch&page=4&page_size=10&fields=items.point%2Citems.name%2Citems.address_name%2Citems.reviews HTTP/1.1" 200 None
2025-10-30 21:27:33,278 - DEBUG - [получить_магазины_в_районе] - Статус ответа: 200
2025-10-30 21:27:33,279 - INFO - [получить_магазины_в_районе] - Загружено 10 магазинов со страницы 4
2025-10-30 21:27:33,779 - DEBUG - [получить_магазины_в_районе] - Запрос страницы 5 для района Якиманка
2025-10-30 21:27:33,781 - DEBUG - [_new_conn] - Starting new HTTPS connection (1): catalog.api.2gis.com:443
2025-10-30 21:27:34,169 - DEBUG - [_make_request] - https://catalog.api.2gis.com:443 "GET /3.0/items?key=18ee47f5-2184-45df-ac89-779be9385d71&q=%D0%BC%D0%B0%D0%B3%D0%B0%D0%B7%D0%B8%D0%BD&district_id=4504209512726534&type=branch&page=5&page_size=10&fields=items.point%2Citems.name%2Citems.address_name%2Citems.reviews HTTP/1.1" 200 None
2025-10-30 21:27:34,170 - DEBUG - [получить_магазины_в_районе] - Статус ответа: 200
2025-10-30 21:27:34,170 - INFO - [получить_магазины_в_районе] - Загружено 7 магазинов со страницы 5
2025-10-30 21:27:34,171 - INFO - [получить_магазины_в_районе] - Завершение сбора для района Якиманка. Найдено магазинов: 47
2025-10-30 21:27:34,174 - INFO - [<cell line: 0>] - Район 'Якиманка' завершен. Магазинов: 47
2025-10-30 21:27:35,175 - INFO - [<cell line: 0>] - [131/132] Обработка района: Ярославский
2025-10-30 21:27:35,176 - INFO - [получить_магазины_в_районе] - Начало сбора магазинов для района: Ярославский (ID: 4504209512726562)
2025-10-30 21:27:35,178 - DEBUG - [получить_магазины_в_районе] - Запрос страницы 1 для района Ярославский
2025-10-30 21:27:35,179 - DEBUG - [_new_conn] - Starting new HTTPS connection (1): catalog.api.2gis.com:443
2025-10-30 21:27:35,709 - DEBUG - [_make_request] - https://catalog.api.2gis.com:443 "GET /3.0/items?key=18ee47f5-2184-45df-ac89-779be9385d71&q=%D0%BC%D0%B0%D0%B3%D0%B0%D0%B7%D0%B8%D0%BD&district_id=4504209512726562&type=branch&page=1&page_size=10&fields=items.point%2Citems.name%2Citems.address_name%2Citems.reviews HTTP/1.1" 200 None
2025-10-30 21:27:35,709 - DEBUG - [получить_магазины_в_районе] - Статус ответа: 200
2025-10-30 21:27:35,710 - INFO - [получить_магазины_в_районе] - Загружено 10 магазинов со страницы 1
2025-10-30 21:27:36,211 - DEBUG - [получить_магазины_в_районе] - Запрос страницы 2 для района Ярославский
2025-10-30 21:27:36,212 - DEBUG - [_new_conn] - Starting new HTTPS connection (1): catalog.api.2gis.com:443
2025-10-30 21:27:36,633 - DEBUG - [_make_request] - https://catalog.api.2gis.com:443 "GET /3.0/items?key=18ee47f5-2184-45df-ac89-779be9385d71&q=%D0%BC%D0%B0%D0%B3%D0%B0%D0%B7%D0%B8%D0%BD&district_id=4504209512726562&type=branch&page=2&page_size=10&fields=items.point%2Citems.name%2Citems.address_name%2Citems.reviews HTTP/1.1" 200 None
2025-10-30 21:27:36,634 - DEBUG - [получить_магазины_в_районе] - Статус ответа: 200
2025-10-30 21:27:36,634 - INFO - [получить_магазины_в_районе] - Загружено 10 магазинов со страницы 2
2025-10-30 21:27:37,135 - DEBUG - [получить_магазины_в_районе] - Запрос страницы 3 для района Ярославский
2025-10-30 21:27:37,136 - DEBUG - [_new_conn] - Starting new HTTPS connection (1): catalog.api.2gis.com:443
2025-10-30 21:27:37,531 - DEBUG - [_make_request] - https://catalog.api.2gis.com:443 "GET /3.0/items?key=18ee47f5-2184-45df-ac89-779be9385d71&q=%D0%BC%D0%B0%D0%B3%D0%B0%D0%B7%D0%B8%D0%BD&district_id=4504209512726562&type=branch&page=3&page_size=10&fields=items.point%2Citems.name%2Citems.address_name%2Citems.reviews HTTP/1.1" 200 None
2025-10-30 21:27:37,532 - DEBUG - [получить_магазины_в_районе] - Статус ответа: 200
2025-10-30 21:27:37,533 - INFO - [получить_магазины_в_районе] - Загружено 10 магазинов со страницы 3
2025-10-30 21:27:38,034 - DEBUG - [получить_магазины_в_районе] - Запрос страницы 4 для района Ярославский
2025-10-30 21:27:38,035 - DEBUG - [_new_conn] - Starting new HTTPS connection (1): catalog.api.2gis.com:443
2025-10-30 21:27:38,447 - DEBUG - [_make_request] - https://catalog.api.2gis.com:443 "GET /3.0/items?key=18ee47f5-2184-45df-ac89-779be9385d71&q=%D0%BC%D0%B0%D0%B3%D0%B0%D0%B7%D0%B8%D0%BD&district_id=4504209512726562&type=branch&page=4&page_size=10&fields=items.point%2Citems.name%2Citems.address_name%2Citems.reviews HTTP/1.1" 200 None
2025-10-30 21:27:38,448 - DEBUG - [получить_магазины_в_районе] - Статус ответа: 200
2025-10-30 21:27:38,448 - INFO - [получить_магазины_в_районе] - Загружено 10 магазинов со страницы 4
2025-10-30 21:27:38,949 - DEBUG - [получить_магазины_в_районе] - Запрос страницы 5 для района Ярославский
2025-10-30 21:27:38,951 - DEBUG - [_new_conn] - Starting new HTTPS connection (1): catalog.api.2gis.com:443
2025-10-30 21:27:39,387 - DEBUG - [_make_request] - https://catalog.api.2gis.com:443 "GET /3.0/items?key=18ee47f5-2184-45df-ac89-779be9385d71&q=%D0%BC%D0%B0%D0%B3%D0%B0%D0%B7%D0%B8%D0%BD&district_id=4504209512726562&type=branch&page=5&page_size=10&fields=items.point%2Citems.name%2Citems.address_name%2Citems.reviews HTTP/1.1" 200 None
2025-10-30 21:27:39,388 - DEBUG - [получить_магазины_в_районе] - Статус ответа: 200
2025-10-30 21:27:39,388 - INFO - [получить_магазины_в_районе] - Загружено 10 магазинов со страницы 5
2025-10-30 21:27:39,389 - INFO - [получить_магазины_в_районе] - Завершение сбора для района Ярославский. Найдено магазинов: 50
2025-10-30 21:27:39,390 - INFO - [<cell line: 0>] - Район 'Ярославский' завершен. Магазинов: 50
2025-10-30 21:27:40,392 - INFO - [<cell line: 0>] - [132/132] Обработка района: Ясенево
2025-10-30 21:27:40,393 - INFO - [получить_магазины_в_районе] - Начало сбора магазинов для района: Ясенево (ID: 4504209512726620)
2025-10-30 21:27:40,394 - DEBUG - [получить_магазины_в_районе] - Запрос страницы 1 для района Ясенево
2025-10-30 21:27:40,395 - DEBUG - [_new_conn] - Starting new HTTPS connection (1): catalog.api.2gis.com:443
2025-10-30 21:27:40,844 - DEBUG - [_make_request] - https://catalog.api.2gis.com:443 "GET /3.0/items?key=18ee47f5-2184-45df-ac89-779be9385d71&q=%D0%BC%D0%B0%D0%B3%D0%B0%D0%B7%D0%B8%D0%BD&district_id=4504209512726620&type=branch&page=1&page_size=10&fields=items.point%2Citems.name%2Citems.address_name%2Citems.reviews HTTP/1.1" 200 None
2025-10-30 21:27:40,845 - DEBUG - [получить_магазины_в_районе] - Статус ответа: 200
2025-10-30 21:27:40,845 - INFO - [получить_магазины_в_районе] - Загружено 10 магазинов со страницы 1
2025-10-30 21:27:41,346 - DEBUG - [получить_магазины_в_районе] - Запрос страницы 2 для района Ясенево
2025-10-30 21:27:41,347 - DEBUG - [_new_conn] - Starting new HTTPS connection (1): catalog.api.2gis.com:443
2025-10-30 21:27:41,770 - DEBUG - [_make_request] - https://catalog.api.2gis.com:443 "GET /3.0/items?key=18ee47f5-2184-45df-ac89-779be9385d71&q=%D0%BC%D0%B0%D0%B3%D0%B0%D0%B7%D0%B8%D0%BD&district_id=4504209512726620&type=branch&page=2&page_size=10&fields=items.point%2Citems.name%2Citems.address_name%2Citems.reviews HTTP/1.1" 200 None
2025-10-30 21:27:41,771 - DEBUG - [получить_магазины_в_районе] - Статус ответа: 200
2025-10-30 21:27:41,772 - INFO - [получить_магазины_в_районе] - Загружено 10 магазинов со страницы 2
2025-10-30 21:27:42,272 - DEBUG - [получить_магазины_в_районе] - Запрос страницы 3 для района Ясенево
2025-10-30 21:27:42,274 - DEBUG - [_new_conn] - Starting new HTTPS connection (1): catalog.api.2gis.com:443
2025-10-30 21:27:42,674 - DEBUG - [_make_request] - https://catalog.api.2gis.com:443 "GET /3.0/items?key=18ee47f5-2184-45df-ac89-779be9385d71&q=%D0%BC%D0%B0%D0%B3%D0%B0%D0%B7%D0%B8%D0%BD&district_id=4504209512726620&type=branch&page=3&page_size=10&fields=items.point%2Citems.name%2Citems.address_name%2Citems.reviews HTTP/1.1" 200 None
2025-10-30 21:27:42,675 - DEBUG - [получить_магазины_в_районе] - Статус ответа: 200
2025-10-30 21:27:42,675 - INFO - [получить_магазины_в_районе] - Загружено 10 магазинов со страницы 3
2025-10-30 21:27:43,176 - DEBUG - [получить_магазины_в_районе] - Запрос страницы 4 для района Ясенево
2025-10-30 21:27:43,178 - DEBUG - [_new_conn] - Starting new HTTPS connection (1): catalog.api.2gis.com:443
2025-10-30 21:27:43,584 - DEBUG - [_make_request] - https://catalog.api.2gis.com:443 "GET /3.0/items?key=18ee47f5-2184-45df-ac89-779be9385d71&q=%D0%BC%D0%B0%D0%B3%D0%B0%D0%B7%D0%B8%D0%BD&district_id=4504209512726620&type=branch&page=4&page_size=10&fields=items.point%2Citems.name%2Citems.address_name%2Citems.reviews HTTP/1.1" 200 None
2025-10-30 21:27:43,585 - DEBUG - [получить_магазины_в_районе] - Статус ответа: 200
2025-10-30 21:27:43,586 - INFO - [получить_магазины_в_районе] - Загружено 10 магазинов со страницы 4
2025-10-30 21:27:44,087 - DEBUG - [получить_магазины_в_районе] - Запрос страницы 5 для района Ясенево
2025-10-30 21:27:44,089 - DEBUG - [_new_conn] - Starting new HTTPS connection (1): catalog.api.2gis.com:443
2025-10-30 21:27:44,533 - DEBUG - [_make_request] - https://catalog.api.2gis.com:443 "GET /3.0/items?key=18ee47f5-2184-45df-ac89-779be9385d71&q=%D0%BC%D0%B0%D0%B3%D0%B0%D0%B7%D0%B8%D0%BD&district_id=4504209512726620&type=branch&page=5&page_size=10&fields=items.point%2Citems.name%2Citems.address_name%2Citems.reviews HTTP/1.1" 200 None
2025-10-30 21:27:44,534 - DEBUG - [получить_магазины_в_районе] - Статус ответа: 200
2025-10-30 21:27:44,535 - INFO - [получить_магазины_в_районе] - Загружено 10 магазинов со страницы 5
2025-10-30 21:27:44,535 - INFO - [получить_магазины_в_районе] - Завершение сбора для района Ясенево. Найдено магазинов: 50
2025-10-30 21:27:44,538 - INFO - [<cell line: 0>] - Район 'Ясенево' завершен. Магазинов: 50
2025-10-30 21:27:44,539 - INFO - [<cell line: 0>] - ============================================================
2025-10-30 21:27:44,540 - INFO - [<cell line: 0>] - СБОР ДАННЫХ ЗАВЕРШЕН
2025-10-30 21:27:44,541 - INFO - [<cell line: 0>] - Время выполнения: 680.88 секунд
2025-10-30 21:27:44,542 - INFO - [<cell line: 0>] - Всего собрано магазинов: 6452
2025-10-30 21:27:44,543 - INFO - [<cell line: 0>] - ============================================================
2025-10-30 21:27:44,544 - INFO - [создать_датасет_магазинов] - Создание датасета из 6452 магазинов
2025-10-30 21:27:44,559 - INFO - [создать_датасет_магазинов] - Датасет магазинов создан. Количество строк: 6452
2025-10-30 21:27:44,633 - INFO - [<cell line: 0>] - Данные сохранены в магазины_москвы_по_районам.csv
2025-10-30 21:27:44,634 - INFO - [<cell line: 0>] - СТАТИСТИКА: Всего магазинов: 6452
2025-10-30 21:27:44,638 - INFO - [<cell line: 0>] - СТАТИСТИКА: Охвачено районов: 132
