2025-10-30 22:08:08,921 - INFO - [<cell line: 0>] - ============================================================
2025-10-30 22:08:08,922 - INFO - [<cell line: 0>] - ЗАПУСК СБОРА ДАННЫХ ПО ТОРГОВЫМ ЦЕНТРАМ МОСКВЫ
2025-10-30 22:08:08,923 - INFO - [<cell line: 0>] - Конфигурация логирования: уровень=INFO, файл=True, консоль=True
2025-10-30 22:08:08,925 - INFO - [<cell line: 0>] - Количество районов для обработки: 132
2025-10-30 22:08:08,926 - INFO - [<cell line: 0>] - ============================================================
2025-10-30 22:08:08,927 - INFO - [<cell line: 0>] - [1/132] Обработка района: Академический
2025-10-30 22:08:08,928 - INFO - [получить_торговые_центры_в_районе] - Начало сбора торговых центров для района: Академический (ID: 4504209512726625)
2025-10-30 22:08:09,463 - INFO - [получить_торговые_центры_в_районе] - Загружено 2 торговых центров со страницы 1
2025-10-30 22:08:10,371 - WARNING - [получить_торговые_центры_в_районе] - На странице 2 нет данных в ожидаемом формате
2025-10-30 22:08:11,275 - WARNING - [получить_торговые_центры_в_районе] - На странице 3 нет данных в ожидаемом формате
2025-10-30 22:08:12,196 - WARNING - [получить_торговые_центры_в_районе] - На странице 4 нет данных в ожидаемом формате
2025-10-30 22:08:13,107 - WARNING - [получить_торговые_центры_в_районе] - На странице 5 нет данных в ожидаемом формате
2025-10-30 22:08:13,108 - INFO - [получить_торговые_центры_в_районе] - Завершение сбора для района Академический. Найдено торговых центров: 2
2025-10-30 22:08:13,109 - INFO - [<cell line: 0>] - Район 'Академический' завершен. Торговых центров: 2
2025-10-30 22:08:14,110 - INFO - [<cell line: 0>] - [2/132] Обработка района: Алексеевский
2025-10-30 22:08:14,111 - INFO - [получить_торговые_центры_в_районе] - Начало сбора торговых центров для района: Алексеевский (ID: 4504209512726568)
2025-10-30 22:08:14,521 - INFO - [получить_торговые_центры_в_районе] - Загружено 3 торговых центров со страницы 1
2025-10-30 22:08:15,447 - WARNING - [получить_торговые_центры_в_районе] - На странице 2 нет данных в ожидаемом формате
2025-10-30 22:08:16,356 - WARNING - [получить_торговые_центры_в_районе] - На странице 3 нет данных в ожидаемом формате
2025-10-30 22:08:17,275 - WARNING - [получить_торговые_центры_в_районе] - На странице 4 нет данных в ожидаемом формате
2025-10-30 22:08:18,183 - WARNING - [получить_торговые_центры_в_районе] - На странице 5 нет данных в ожидаемом формате
2025-10-30 22:08:18,184 - INFO - [получить_торговые_центры_в_районе] - Завершение сбора для района Алексеевский. Найдено торговых центров: 3
2025-10-30 22:08:18,185 - INFO - [<cell line: 0>] - Район 'Алексеевский' завершен. Торговых центров: 3
2025-10-30 22:08:19,188 - INFO - [<cell line: 0>] - [3/132] Обработка района: Алтуфьевский
2025-10-30 22:08:19,189 - INFO - [получить_торговые_центры_в_районе] - Начало сбора торговых центров для района: Алтуфьевский (ID: 4504209512726557)
2025-10-30 22:08:19,618 - INFO - [получить_торговые_центры_в_районе] - Загружено 2 торговых центров со страницы 1
2025-10-30 22:08:20,526 - WARNING - [получить_торговые_центры_в_районе] - На странице 2 нет данных в ожидаемом формате
2025-10-30 22:08:21,445 - WARNING - [получить_торговые_центры_в_районе] - На странице 3 нет данных в ожидаемом формате
2025-10-30 22:08:22,341 - WARNING - [получить_торговые_центры_в_районе] - На странице 4 нет данных в ожидаемом формате
2025-10-30 22:08:23,257 - WARNING - [получить_торговые_центры_в_районе] - На странице 5 нет данных в ожидаемом формате
2025-10-30 22:08:23,258 - INFO - [получить_торговые_центры_в_районе] - Завершение сбора для района Алтуфьевский. Найдено торговых центров: 2
2025-10-30 22:08:23,259 - INFO - [<cell line: 0>] - Район 'Алтуфьевский' завершен. Торговых центров: 2
2025-10-30 22:08:24,260 - INFO - [<cell line: 0>] - [4/132] Обработка района: Арбат
2025-10-30 22:08:24,261 - INFO - [получить_торговые_центры_в_районе] - Начало сбора торговых центров для района: Арбат (ID: 4504209512726530)
2025-10-30 22:08:24,718 - INFO - [получить_торговые_центры_в_районе] - Загружено 8 торговых центров со страницы 1
2025-10-30 22:08:25,661 - WARNING - [получить_торговые_центры_в_районе] - На странице 2 нет данных в ожидаемом формате
2025-10-30 22:08:26,562 - WARNING - [получить_торговые_центры_в_районе] - На странице 3 нет данных в ожидаемом формате
2025-10-30 22:08:27,456 - WARNING - [получить_торговые_центры_в_районе] - На странице 4 нет данных в ожидаемом формате
2025-10-30 22:08:28,349 - WARNING - [получить_торговые_центры_в_районе] - На странице 5 нет данных в ожидаемом формате
2025-10-30 22:08:28,350 - INFO - [получить_торговые_центры_в_районе] - Завершение сбора для района Арбат. Найдено торговых центров: 8
2025-10-30 22:08:28,351 - INFO - [<cell line: 0>] - Район 'Арбат' завершен. Торговых центров: 8
2025-10-30 22:08:29,354 - INFO - [<cell line: 0>] - [5/132] Обработка района: Аэропорт
2025-10-30 22:08:29,355 - INFO - [получить_торговые_центры_в_районе] - Начало сбора торговых центров для района: Аэропорт (ID: 4504209512726541)
2025-10-30 22:08:29,773 - INFO - [получить_торговые_центры_в_районе] - Загружено 7 торговых центров со страницы 1
2025-10-30 22:08:30,696 - WARNING - [получить_торговые_центры_в_районе] - На странице 2 нет данных в ожидаемом формате
2025-10-30 22:08:31,613 - WARNING - [получить_торговые_центры_в_районе] - На странице 3 нет данных в ожидаемом формате
2025-10-30 22:08:32,513 - WARNING - [получить_торговые_центры_в_районе] - На странице 4 нет данных в ожидаемом формате
2025-10-30 22:08:33,434 - WARNING - [получить_торговые_центры_в_районе] - На странице 5 нет данных в ожидаемом формате
2025-10-30 22:08:33,435 - INFO - [получить_торговые_центры_в_районе] - Завершение сбора для района Аэропорт. Найдено торговых центров: 7
2025-10-30 22:08:33,436 - INFO - [<cell line: 0>] - Район 'Аэропорт' завершен. Торговых центров: 7
2025-10-30 22:08:34,438 - INFO - [<cell line: 0>] - [6/132] Обработка района: Бабушкинский
2025-10-30 22:08:34,439 - INFO - [получить_торговые_центры_в_районе] - Начало сбора торговых центров для района: Бабушкинский (ID: 4504209512726564)
2025-10-30 22:08:34,896 - INFO - [получить_торговые_центры_в_районе] - Загружено 6 торговых центров со страницы 1
2025-10-30 22:08:35,813 - WARNING - [получить_торговые_центры_в_районе] - На странице 2 нет данных в ожидаемом формате
2025-10-30 22:08:36,725 - WARNING - [получить_торговые_центры_в_районе] - На странице 3 нет данных в ожидаемом формате
2025-10-30 22:08:37,616 - WARNING - [получить_торговые_центры_в_районе] - На странице 4 нет данных в ожидаемом формате
2025-10-30 22:08:38,511 - WARNING - [получить_торговые_центры_в_районе] - На странице 5 нет данных в ожидаемом формате
2025-10-30 22:08:38,512 - INFO - [получить_торговые_центры_в_районе] - Завершение сбора для района Бабушкинский. Найдено торговых центров: 6
2025-10-30 22:08:38,513 - INFO - [<cell line: 0>] - Район 'Бабушкинский' завершен. Торговых центров: 6
2025-10-30 22:08:39,515 - INFO - [<cell line: 0>] - [7/132] Обработка района: Басманный
2025-10-30 22:08:39,516 - INFO - [получить_торговые_центры_в_районе] - Начало сбора торговых центров для района: Басманный (ID: 4504209512726531)
2025-10-30 22:08:40,059 - INFO - [получить_торговые_центры_в_районе] - Загружено 6 торговых центров со страницы 1
2025-10-30 22:08:40,978 - WARNING - [получить_торговые_центры_в_районе] - На странице 2 нет данных в ожидаемом формате
2025-10-30 22:08:41,876 - WARNING - [получить_торговые_центры_в_районе] - На странице 3 нет данных в ожидаемом формате
2025-10-30 22:08:42,786 - WARNING - [получить_торговые_центры_в_районе] - На странице 4 нет данных в ожидаемом формате
2025-10-30 22:08:43,714 - WARNING - [получить_торговые_центры_в_районе] - На странице 5 нет данных в ожидаемом формате
2025-10-30 22:08:43,715 - INFO - [получить_торговые_центры_в_районе] - Завершение сбора для района Басманный. Найдено торговых центров: 6
2025-10-30 22:08:43,717 - INFO - [<cell line: 0>] - Район 'Басманный' завершен. Торговых центров: 6
2025-10-30 22:08:44,718 - INFO - [<cell line: 0>] - [8/132] Обработка района: Беговой
2025-10-30 22:08:44,719 - INFO - [получить_торговые_центры_в_районе] - Начало сбора торговых центров для района: Беговой (ID: 4504209512726542)
2025-10-30 22:08:45,134 - INFO - [получить_торговые_центры_в_районе] - Загружено 1 торговых центров со страницы 1
2025-10-30 22:08:46,072 - WARNING - [получить_торговые_центры_в_районе] - На странице 2 нет данных в ожидаемом формате
2025-10-30 22:08:47,003 - WARNING - [получить_торговые_центры_в_районе] - На странице 3 нет данных в ожидаемом формате
2025-10-30 22:08:47,916 - WARNING - [получить_торговые_центры_в_районе] - На странице 4 нет данных в ожидаемом формате
2025-10-30 22:08:48,810 - WARNING - [получить_торговые_центры_в_районе] - На странице 5 нет данных в ожидаемом формате
2025-10-30 22:08:48,810 - INFO - [получить_торговые_центры_в_районе] - Завершение сбора для района Беговой. Найдено торговых центров: 1
2025-10-30 22:08:48,811 - INFO - [<cell line: 0>] - Район 'Беговой' завершен. Торговых центров: 1
2025-10-30 22:08:49,813 - INFO - [<cell line: 0>] - [9/132] Обработка района: Бекасово
2025-10-30 22:08:49,813 - INFO - [получить_торговые_центры_в_районе] - Начало сбора торговых центров для района: Бекасово (ID: 4504209520932718)
2025-10-30 22:08:50,206 - WARNING - [получить_торговые_центры_в_районе] - На странице 1 нет данных в ожидаемом формате
2025-10-30 22:08:51,102 - WARNING - [получить_торговые_центры_в_районе] - На странице 2 нет данных в ожидаемом формате
2025-10-30 22:08:52,035 - WARNING - [получить_торговые_центры_в_районе] - На странице 3 нет данных в ожидаемом формате
2025-10-30 22:08:52,937 - WARNING - [получить_торговые_центры_в_районе] - На странице 4 нет данных в ожидаемом формате
2025-10-30 22:08:53,837 - WARNING - [получить_торговые_центры_в_районе] - На странице 5 нет данных в ожидаемом формате
2025-10-30 22:08:53,838 - INFO - [получить_торговые_центры_в_районе] - Завершение сбора для района Бекасово. Найдено торговых центров: 0
2025-10-30 22:08:53,839 - INFO - [<cell line: 0>] - Район 'Бекасово' завершен. Торговых центров: 0
2025-10-30 22:08:54,841 - INFO - [<cell line: 0>] - [10/132] Обработка района: Бескудниковский
2025-10-30 22:08:54,843 - INFO - [получить_торговые_центры_в_районе] - Начало сбора торговых центров для района: Бескудниковский (ID: 4504209512726543)
2025-10-30 22:08:55,264 - INFO - [получить_торговые_центры_в_районе] - Загружено 3 торговых центров со страницы 1
2025-10-30 22:08:56,181 - WARNING - [получить_торговые_центры_в_районе] - На странице 2 нет данных в ожидаемом формате
2025-10-30 22:08:57,141 - WARNING - [получить_торговые_центры_в_районе] - На странице 3 нет данных в ожидаемом формате
2025-10-30 22:08:58,043 - WARNING - [получить_торговые_центры_в_районе] - На странице 4 нет данных в ожидаемом формате
2025-10-30 22:08:58,968 - WARNING - [получить_торговые_центры_в_районе] - На странице 5 нет данных в ожидаемом формате
2025-10-30 22:08:58,969 - INFO - [получить_торговые_центры_в_районе] - Завершение сбора для района Бескудниковский. Найдено торговых центров: 3
2025-10-30 22:08:58,971 - INFO - [<cell line: 0>] - Район 'Бескудниковский' завершен. Торговых центров: 3
2025-10-30 22:08:59,972 - INFO - [<cell line: 0>] - [11/132] Обработка района: Бибирево
2025-10-30 22:08:59,973 - INFO - [получить_торговые_центры_в_районе] - Начало сбора торговых центров для района: Бибирево (ID: 4504209512726565)
2025-10-30 22:09:00,400 - INFO - [получить_торговые_центры_в_районе] - Загружено 10 торговых центров со страницы 1
2025-10-30 22:09:01,316 - INFO - [получить_торговые_центры_в_районе] - Загружено 5 торговых центров со страницы 2
2025-10-30 22:09:02,233 - WARNING - [получить_торговые_центры_в_районе] - На странице 3 нет данных в ожидаемом формате
2025-10-30 22:09:03,148 - WARNING - [получить_торговые_центры_в_районе] - На странице 4 нет данных в ожидаемом формате
2025-10-30 22:09:04,066 - WARNING - [получить_торговые_центры_в_районе] - На странице 5 нет данных в ожидаемом формате
2025-10-30 22:09:04,067 - INFO - [получить_торговые_центры_в_районе] - Завершение сбора для района Бибирево. Найдено торговых центров: 15
2025-10-30 22:09:04,069 - INFO - [<cell line: 0>] - Район 'Бибирево' завершен. Торговых центров: 15
2025-10-30 22:09:05,072 - INFO - [<cell line: 0>] - [12/132] Обработка района: Бирюлёво Восточное
2025-10-30 22:09:05,073 - INFO - [получить_торговые_центры_в_районе] - Начало сбора торговых центров для района: Бирюлёво Восточное (ID: 4504209512726611)
2025-10-30 22:09:05,502 - INFO - [получить_торговые_центры_в_районе] - Загружено 8 торговых центров со страницы 1
2025-10-30 22:09:06,407 - WARNING - [получить_торговые_центры_в_районе] - На странице 2 нет данных в ожидаемом формате
2025-10-30 22:09:07,316 - WARNING - [получить_торговые_центры_в_районе] - На странице 3 нет данных в ожидаемом формате
2025-10-30 22:09:08,210 - WARNING - [получить_торговые_центры_в_районе] - На странице 4 нет данных в ожидаемом формате
2025-10-30 22:09:09,111 - WARNING - [получить_торговые_центры_в_районе] - На странице 5 нет данных в ожидаемом формате
2025-10-30 22:09:09,111 - INFO - [получить_торговые_центры_в_районе] - Завершение сбора для района Бирюлёво Восточное. Найдено торговых центров: 8
2025-10-30 22:09:09,113 - INFO - [<cell line: 0>] - Район 'Бирюлёво Восточное' завершен. Торговых центров: 8
2025-10-30 22:09:10,114 - INFO - [<cell line: 0>] - [13/132] Обработка района: Бирюлёво Западное
2025-10-30 22:09:10,115 - INFO - [получить_торговые_центры_в_районе] - Начало сбора торговых центров для района: Бирюлёво Западное (ID: 4504209512726612)
2025-10-30 22:09:10,651 - INFO - [получить_торговые_центры_в_районе] - Загружено 5 торговых центров со страницы 1
2025-10-30 22:09:11,566 - WARNING - [получить_торговые_центры_в_районе] - На странице 2 нет данных в ожидаемом формате
2025-10-30 22:09:12,484 - WARNING - [получить_торговые_центры_в_районе] - На странице 3 нет данных в ожидаемом формате
2025-10-30 22:09:13,393 - WARNING - [получить_торговые_центры_в_районе] - На странице 4 нет данных в ожидаемом формате
2025-10-30 22:09:14,318 - WARNING - [получить_торговые_центры_в_районе] - На странице 5 нет данных в ожидаемом формате
2025-10-30 22:09:14,319 - INFO - [получить_торговые_центры_в_районе] - Завершение сбора для района Бирюлёво Западное. Найдено торговых центров: 5
2025-10-30 22:09:14,321 - INFO - [<cell line: 0>] - Район 'Бирюлёво Западное' завершен. Торговых центров: 5
2025-10-30 22:09:15,323 - INFO - [<cell line: 0>] - [14/132] Обработка района: Богородское
2025-10-30 22:09:15,324 - INFO - [получить_торговые_центры_в_районе] - Начало сбора торговых центров для района: Богородское (ID: 4504209512726574)
2025-10-30 22:09:15,738 - INFO - [получить_торговые_центры_в_районе] - Загружено 7 торговых центров со страницы 1
2025-10-30 22:09:16,639 - WARNING - [получить_торговые_центры_в_районе] - На странице 2 нет данных в ожидаемом формате
2025-10-30 22:09:17,538 - WARNING - [получить_торговые_центры_в_районе] - На странице 3 нет данных в ожидаемом формате
2025-10-30 22:09:18,436 - WARNING - [получить_торговые_центры_в_районе] - На странице 4 нет данных в ожидаемом формате
2025-10-30 22:09:19,355 - WARNING - [получить_торговые_центры_в_районе] - На странице 5 нет данных в ожидаемом формате
2025-10-30 22:09:19,356 - INFO - [получить_торговые_центры_в_районе] - Завершение сбора для района Богородское. Найдено торговых центров: 7
2025-10-30 22:09:19,357 - INFO - [<cell line: 0>] - Район 'Богородское' завершен. Торговых центров: 7
2025-10-30 22:09:20,358 - INFO - [<cell line: 0>] - [15/132] Обработка района: Братеево
2025-10-30 22:09:20,359 - INFO - [получить_торговые_центры_в_районе] - Начало сбора торговых центров для района: Братеево (ID: 4504209512726609)
2025-10-30 22:09:20,768 - INFO - [получить_торговые_центры_в_районе] - Загружено 7 торговых центров со страницы 1
2025-10-30 22:09:21,661 - WARNING - [получить_торговые_центры_в_районе] - На странице 2 нет данных в ожидаемом формате
2025-10-30 22:09:22,580 - WARNING - [получить_торговые_центры_в_районе] - На странице 3 нет данных в ожидаемом формате
2025-10-30 22:09:23,491 - WARNING - [получить_торговые_центры_в_районе] - На странице 4 нет данных в ожидаемом формате
2025-10-30 22:09:24,392 - WARNING - [получить_торговые_центры_в_районе] - На странице 5 нет данных в ожидаемом формате
2025-10-30 22:09:24,393 - INFO - [получить_торговые_центры_в_районе] - Завершение сбора для района Братеево. Найдено торговых центров: 7
2025-10-30 22:09:24,395 - INFO - [<cell line: 0>] - Район 'Братеево' завершен. Торговых центров: 7
2025-10-30 22:09:25,397 - INFO - [<cell line: 0>] - [16/132] Обработка района: Бутырский
2025-10-30 22:09:25,398 - INFO - [получить_торговые_центры_в_районе] - Начало сбора торговых центров для района: Бутырский (ID: 4504209512726567)
2025-10-30 22:09:25,828 - INFO - [получить_торговые_центры_в_районе] - Загружено 10 торговых центров со страницы 1
2025-10-30 22:09:26,744 - WARNING - [получить_торговые_центры_в_районе] - На странице 2 нет данных в ожидаемом формате
2025-10-30 22:09:27,669 - WARNING - [получить_торговые_центры_в_районе] - На странице 3 нет данных в ожидаемом формате
2025-10-30 22:09:28,570 - WARNING - [получить_торговые_центры_в_районе] - На странице 4 нет данных в ожидаемом формате
2025-10-30 22:09:29,471 - WARNING - [получить_торговые_центры_в_районе] - На странице 5 нет данных в ожидаемом формате
2025-10-30 22:09:29,472 - INFO - [получить_торговые_центры_в_районе] - Завершение сбора для района Бутырский. Найдено торговых центров: 10
2025-10-30 22:09:29,473 - INFO - [<cell line: 0>] - Район 'Бутырский' завершен. Торговых центров: 10
2025-10-30 22:09:30,475 - INFO - [<cell line: 0>] - [17/132] Обработка района: Вешняки
2025-10-30 22:09:30,476 - INFO - [получить_торговые_центры_в_районе] - Начало сбора торговых центров для района: Вешняки (ID: 4504209512726578)
2025-10-30 22:09:30,892 - INFO - [получить_торговые_центры_в_районе] - Загружено 6 торговых центров со страницы 1
2025-10-30 22:09:31,788 - WARNING - [получить_торговые_центры_в_районе] - На странице 2 нет данных в ожидаемом формате
2025-10-30 22:09:32,701 - WARNING - [получить_торговые_центры_в_районе] - На странице 3 нет данных в ожидаемом формате
2025-10-30 22:09:33,643 - WARNING - [получить_торговые_центры_в_районе] - На странице 4 нет данных в ожидаемом формате
2025-10-30 22:09:34,569 - WARNING - [получить_торговые_центры_в_районе] - На странице 5 нет данных в ожидаемом формате
2025-10-30 22:09:34,569 - INFO - [получить_торговые_центры_в_районе] - Завершение сбора для района Вешняки. Найдено торговых центров: 6
2025-10-30 22:09:34,571 - INFO - [<cell line: 0>] - Район 'Вешняки' завершен. Торговых центров: 6
2025-10-30 22:09:35,572 - INFO - [<cell line: 0>] - [18/132] Обработка района: Внуково
2025-10-30 22:09:35,573 - INFO - [получить_торговые_центры_в_районе] - Начало сбора торговых центров для района: Внуково (ID: 4504209512726642)
2025-10-30 22:09:36,011 - INFO - [получить_торговые_центры_в_районе] - Загружено 10 торговых центров со страницы 1
2025-10-30 22:09:36,931 - INFO - [получить_торговые_центры_в_районе] - Загружено 1 торговых центров со страницы 2
2025-10-30 22:09:37,836 - WARNING - [получить_торговые_центры_в_районе] - На странице 3 нет данных в ожидаемом формате
2025-10-30 22:09:38,753 - WARNING - [получить_торговые_центры_в_районе] - На странице 4 нет данных в ожидаемом формате
2025-10-30 22:09:39,657 - WARNING - [получить_торговые_центры_в_районе] - На странице 5 нет данных в ожидаемом формате
2025-10-30 22:09:39,658 - INFO - [получить_торговые_центры_в_районе] - Завершение сбора для района Внуково. Найдено торговых центров: 11
2025-10-30 22:09:39,659 - INFO - [<cell line: 0>] - Район 'Внуково' завершен. Торговых центров: 11
2025-10-30 22:09:40,660 - INFO - [<cell line: 0>] - [19/132] Обработка района: Войковский
2025-10-30 22:09:40,661 - INFO - [получить_торговые_центры_в_районе] - Начало сбора торговых центров для района: Войковский (ID: 4504209512726551)
2025-10-30 22:09:41,184 - INFO - [получить_торговые_центры_в_районе] - Загружено 3 торговых центров со страницы 1
2025-10-30 22:09:42,082 - WARNING - [получить_торговые_центры_в_районе] - На странице 2 нет данных в ожидаемом формате
2025-10-30 22:09:42,983 - WARNING - [получить_торговые_центры_в_районе] - На странице 3 нет данных в ожидаемом формате
2025-10-30 22:09:43,880 - WARNING - [получить_торговые_центры_в_районе] - На странице 4 нет данных в ожидаемом формате
2025-10-30 22:09:44,782 - WARNING - [получить_торговые_центры_в_районе] - На странице 5 нет данных в ожидаемом формате
2025-10-30 22:09:44,783 - INFO - [получить_торговые_центры_в_районе] - Завершение сбора для района Войковский. Найдено торговых центров: 3
2025-10-30 22:09:44,785 - INFO - [<cell line: 0>] - Район 'Войковский' завершен. Торговых центров: 3
2025-10-30 22:09:45,787 - INFO - [<cell line: 0>] - [20/132] Обработка района: Вороново
2025-10-30 22:09:45,788 - INFO - [получить_торговые_центры_в_районе] - Начало сбора торговых центров для района: Вороново (ID: 4504209520931533)
2025-10-30 22:09:46,205 - INFO - [получить_торговые_центры_в_районе] - Загружено 3 торговых центров со страницы 1
2025-10-30 22:09:47,116 - WARNING - [получить_торговые_центры_в_районе] - На странице 2 нет данных в ожидаемом формате
2025-10-30 22:09:48,026 - WARNING - [получить_торговые_центры_в_районе] - На странице 3 нет данных в ожидаемом формате
2025-10-30 22:09:48,932 - WARNING - [получить_торговые_центры_в_районе] - На странице 4 нет данных в ожидаемом формате
2025-10-30 22:09:49,833 - WARNING - [получить_торговые_центры_в_районе] - На странице 5 нет данных в ожидаемом формате
2025-10-30 22:09:49,834 - INFO - [получить_торговые_центры_в_районе] - Завершение сбора для района Вороново. Найдено торговых центров: 3
2025-10-30 22:09:49,836 - INFO - [<cell line: 0>] - Район 'Вороново' завершен. Торговых центров: 3
2025-10-30 22:09:50,838 - INFO - [<cell line: 0>] - [21/132] Обработка района: Восточное Дегунино
2025-10-30 22:09:50,839 - INFO - [получить_торговые_центры_в_районе] - Начало сбора торговых центров для района: Восточное Дегунино (ID: 4504209512726544)
2025-10-30 22:09:51,247 - INFO - [получить_торговые_центры_в_районе] - Загружено 9 торговых центров со страницы 1
2025-10-30 22:09:52,163 - WARNING - [получить_торговые_центры_в_районе] - На странице 2 нет данных в ожидаемом формате
2025-10-30 22:09:53,076 - WARNING - [получить_торговые_центры_в_районе] - На странице 3 нет данных в ожидаемом формате
2025-10-30 22:09:53,980 - WARNING - [получить_торговые_центры_в_районе] - На странице 4 нет данных в ожидаемом формате
2025-10-30 22:09:54,883 - WARNING - [получить_торговые_центры_в_районе] - На странице 5 нет данных в ожидаемом формате
2025-10-30 22:09:54,883 - INFO - [получить_торговые_центры_в_районе] - Завершение сбора для района Восточное Дегунино. Найдено торговых центров: 9
2025-10-30 22:09:54,885 - INFO - [<cell line: 0>] - Район 'Восточное Дегунино' завершен. Торговых центров: 9
2025-10-30 22:09:55,886 - INFO - [<cell line: 0>] - [22/132] Обработка района: Восточное Измайлово
2025-10-30 22:09:55,887 - INFO - [получить_торговые_центры_в_районе] - Начало сбора торговых центров для района: Восточное Измайлово (ID: 4504209512726575)
2025-10-30 22:09:56,297 - WARNING - [получить_торговые_центры_в_районе] - На странице 1 нет данных в ожидаемом формате
2025-10-30 22:09:57,198 - WARNING - [получить_торговые_центры_в_районе] - На странице 2 нет данных в ожидаемом формате
2025-10-30 22:09:58,092 - WARNING - [получить_торговые_центры_в_районе] - На странице 3 нет данных в ожидаемом формате
2025-10-30 22:09:58,999 - WARNING - [получить_торговые_центры_в_районе] - На странице 4 нет данных в ожидаемом формате
2025-10-30 22:09:59,915 - WARNING - [получить_торговые_центры_в_районе] - На странице 5 нет данных в ожидаемом формате
2025-10-30 22:09:59,916 - INFO - [получить_торговые_центры_в_районе] - Завершение сбора для района Восточное Измайлово. Найдено торговых центров: 0
2025-10-30 22:09:59,917 - INFO - [<cell line: 0>] - Район 'Восточное Измайлово' завершен. Торговых центров: 0
2025-10-30 22:10:00,919 - INFO - [<cell line: 0>] - [23/132] Обработка района: Восточный
2025-10-30 22:10:00,920 - INFO - [получить_торговые_центры_в_районе] - Начало сбора торговых центров для района: Восточный (ID: 4504209512726586)
2025-10-30 22:10:01,320 - WARNING - [получить_торговые_центры_в_районе] - На странице 1 нет данных в ожидаемом формате
2025-10-30 22:10:02,210 - WARNING - [получить_торговые_центры_в_районе] - На странице 2 нет данных в ожидаемом формате
2025-10-30 22:10:03,120 - WARNING - [получить_торговые_центры_в_районе] - На странице 3 нет данных в ожидаемом формате
2025-10-30 22:10:04,023 - WARNING - [получить_торговые_центры_в_районе] - На странице 4 нет данных в ожидаемом формате
2025-10-30 22:10:04,939 - WARNING - [получить_торговые_центры_в_районе] - На странице 5 нет данных в ожидаемом формате
2025-10-30 22:10:04,940 - INFO - [получить_торговые_центры_в_районе] - Завершение сбора для района Восточный. Найдено торговых центров: 0
2025-10-30 22:10:04,941 - INFO - [<cell line: 0>] - Район 'Восточный' завершен. Торговых центров: 0
2025-10-30 22:10:05,943 - INFO - [<cell line: 0>] - [24/132] Обработка района: Выхино-Жулебино
2025-10-30 22:10:05,944 - INFO - [получить_торговые_центры_в_районе] - Начало сбора торговых центров для района: Выхино-Жулебино (ID: 4504209512726600)
2025-10-30 22:10:06,381 - INFO - [получить_торговые_центры_в_районе] - Загружено 10 торговых центров со страницы 1
2025-10-30 22:10:07,286 - INFO - [получить_торговые_центры_в_районе] - Загружено 7 торговых центров со страницы 2
2025-10-30 22:10:08,178 - WARNING - [получить_торговые_центры_в_районе] - На странице 3 нет данных в ожидаемом формате
2025-10-30 22:10:09,090 - WARNING - [получить_торговые_центры_в_районе] - На странице 4 нет данных в ожидаемом формате
2025-10-30 22:10:09,999 - WARNING - [получить_торговые_центры_в_районе] - На странице 5 нет данных в ожидаемом формате
2025-10-30 22:10:09,999 - INFO - [получить_торговые_центры_в_районе] - Завершение сбора для района Выхино-Жулебино. Найдено торговых центров: 17
2025-10-30 22:10:10,001 - INFO - [<cell line: 0>] - Район 'Выхино-Жулебино' завершен. Торговых центров: 17
2025-10-30 22:10:11,002 - INFO - [<cell line: 0>] - [25/132] Обработка района: Гагаринский
2025-10-30 22:10:11,003 - INFO - [получить_торговые_центры_в_районе] - Начало сбора торговых центров для района: Гагаринский (ID: 4504209512726624)
2025-10-30 22:10:11,511 - INFO - [получить_торговые_центры_в_районе] - Загружено 2 торговых центров со страницы 1
2025-10-30 22:10:12,406 - WARNING - [получить_торговые_центры_в_районе] - На странице 2 нет данных в ожидаемом формате
2025-10-30 22:10:13,353 - WARNING - [получить_торговые_центры_в_районе] - На странице 3 нет данных в ожидаемом формате
2025-10-30 22:10:14,263 - WARNING - [получить_торговые_центры_в_районе] - На странице 4 нет данных в ожидаемом формате
2025-10-30 22:10:15,165 - WARNING - [получить_торговые_центры_в_районе] - На странице 5 нет данных в ожидаемом формате
2025-10-30 22:10:15,166 - INFO - [получить_торговые_центры_в_районе] - Завершение сбора для района Гагаринский. Найдено торговых центров: 2
2025-10-30 22:10:15,169 - INFO - [<cell line: 0>] - Район 'Гагаринский' завершен. Торговых центров: 2
2025-10-30 22:10:16,171 - INFO - [<cell line: 0>] - [26/132] Обработка района: Головинский
2025-10-30 22:10:16,172 - INFO - [получить_торговые_центры_в_районе] - Начало сбора торговых центров для района: Головинский (ID: 4504209512726549)
2025-10-30 22:10:16,582 - INFO - [получить_торговые_центры_в_районе] - Загружено 7 торговых центров со страницы 1
2025-10-30 22:10:17,488 - WARNING - [получить_торговые_центры_в_районе] - На странице 2 нет данных в ожидаемом формате
2025-10-30 22:10:18,408 - WARNING - [получить_торговые_центры_в_районе] - На странице 3 нет данных в ожидаемом формате
2025-10-30 22:10:19,310 - WARNING - [получить_торговые_центры_в_районе] - На странице 4 нет данных в ожидаемом формате
2025-10-30 22:10:20,233 - WARNING - [получить_торговые_центры_в_районе] - На странице 5 нет данных в ожидаемом формате
2025-10-30 22:10:20,233 - INFO - [получить_торговые_центры_в_районе] - Завершение сбора для района Головинский. Найдено торговых центров: 7
2025-10-30 22:10:20,235 - INFO - [<cell line: 0>] - Район 'Головинский' завершен. Торговых центров: 7
2025-10-30 22:10:21,236 - INFO - [<cell line: 0>] - [27/132] Обработка района: Гольяново
2025-10-30 22:10:21,237 - INFO - [получить_торговые_центры_в_районе] - Начало сбора торговых центров для района: Гольяново (ID: 4504209512726589)
2025-10-30 22:10:21,644 - INFO - [получить_торговые_центры_в_районе] - Загружено 7 торговых центров со страницы 1
2025-10-30 22:10:22,550 - WARNING - [получить_торговые_центры_в_районе] - На странице 2 нет данных в ожидаемом формате
2025-10-30 22:10:23,451 - WARNING - [получить_торговые_центры_в_районе] - На странице 3 нет данных в ожидаемом формате
2025-10-30 22:10:24,345 - WARNING - [получить_торговые_центры_в_районе] - На странице 4 нет данных в ожидаемом формате
2025-10-30 22:10:25,241 - WARNING - [получить_торговые_центры_в_районе] - На странице 5 нет данных в ожидаемом формате
2025-10-30 22:10:25,242 - INFO - [получить_торговые_центры_в_районе] - Завершение сбора для района Гольяново. Найдено торговых центров: 7
2025-10-30 22:10:25,243 - INFO - [<cell line: 0>] - Район 'Гольяново' завершен. Торговых центров: 7
2025-10-30 22:10:26,244 - INFO - [<cell line: 0>] - [28/132] Обработка района: Даниловский
2025-10-30 22:10:26,245 - INFO - [получить_торговые_центры_в_районе] - Начало сбора торговых центров для района: Даниловский (ID: 4504209512726602)
2025-10-30 22:10:26,659 - INFO - [получить_торговые_центры_в_районе] - Загружено 10 торговых центров со страницы 1
2025-10-30 22:10:27,569 - INFO - [получить_торговые_центры_в_районе] - Загружено 4 торговых центров со страницы 2
2025-10-30 22:10:28,480 - WARNING - [получить_торговые_центры_в_районе] - На странице 3 нет данных в ожидаемом формате
2025-10-30 22:10:29,415 - WARNING - [получить_торговые_центры_в_районе] - На странице 4 нет данных в ожидаемом формате
2025-10-30 22:10:30,327 - WARNING - [получить_торговые_центры_в_районе] - На странице 5 нет данных в ожидаемом формате
2025-10-30 22:10:30,327 - INFO - [получить_торговые_центры_в_районе] - Завершение сбора для района Даниловский. Найдено торговых центров: 14
2025-10-30 22:10:30,329 - INFO - [<cell line: 0>] - Район 'Даниловский' завершен. Торговых центров: 14
2025-10-30 22:10:31,330 - INFO - [<cell line: 0>] - [29/132] Обработка района: Дмитровский
2025-10-30 22:10:31,331 - INFO - [получить_торговые_центры_в_районе] - Начало сбора торговых центров для района: Дмитровский (ID: 4504209512726545)
2025-10-30 22:10:31,736 - INFO - [получить_торговые_центры_в_районе] - Загружено 4 торговых центров со страницы 1
2025-10-30 22:10:32,634 - WARNING - [получить_торговые_центры_в_районе] - На странице 2 нет данных в ожидаемом формате
2025-10-30 22:10:33,540 - WARNING - [получить_торговые_центры_в_районе] - На странице 3 нет данных в ожидаемом формате
2025-10-30 22:10:34,445 - WARNING - [получить_торговые_центры_в_районе] - На странице 4 нет данных в ожидаемом формате
2025-10-30 22:10:35,362 - WARNING - [получить_торговые_центры_в_районе] - На странице 5 нет данных в ожидаемом формате
2025-10-30 22:10:35,363 - INFO - [получить_торговые_центры_в_районе] - Завершение сбора для района Дмитровский. Найдено торговых центров: 4
2025-10-30 22:10:35,365 - INFO - [<cell line: 0>] - Район 'Дмитровский' завершен. Торговых центров: 4
2025-10-30 22:10:36,366 - INFO - [<cell line: 0>] - [30/132] Обработка района: Донской
2025-10-30 22:10:36,367 - INFO - [получить_торговые_центры_в_районе] - Начало сбора торговых центров для района: Донской (ID: 4504209512726605)
2025-10-30 22:10:36,781 - INFO - [получить_торговые_центры_в_районе] - Загружено 3 торговых центров со страницы 1
2025-10-30 22:10:37,691 - WARNING - [получить_торговые_центры_в_районе] - На странице 2 нет данных в ожидаемом формате
2025-10-30 22:10:38,604 - WARNING - [получить_торговые_центры_в_районе] - На странице 3 нет данных в ожидаемом формате
2025-10-30 22:10:39,497 - WARNING - [получить_торговые_центры_в_районе] - На странице 4 нет данных в ожидаемом формате
2025-10-30 22:10:40,414 - WARNING - [получить_торговые_центры_в_районе] - На странице 5 нет данных в ожидаемом формате
2025-10-30 22:10:40,415 - INFO - [получить_торговые_центры_в_районе] - Завершение сбора для района Донской. Найдено торговых центров: 3
2025-10-30 22:10:40,417 - INFO - [<cell line: 0>] - Район 'Донской' завершен. Торговых центров: 3
2025-10-30 22:10:41,419 - INFO - [<cell line: 0>] - [31/132] Обработка района: Дорогомилово
2025-10-30 22:10:41,421 - INFO - [получить_торговые_центры_в_районе] - Начало сбора торговых центров для района: Дорогомилово (ID: 4504209512726637)
2025-10-30 22:10:42,024 - INFO - [получить_торговые_центры_в_районе] - Загружено 3 торговых центров со страницы 1
2025-10-30 22:10:43,157 - WARNING - [получить_торговые_центры_в_районе] - На странице 2 нет данных в ожидаемом формате
2025-10-30 22:10:44,053 - WARNING - [получить_торговые_центры_в_районе] - На странице 3 нет данных в ожидаемом формате
2025-10-30 22:10:44,957 - WARNING - [получить_торговые_центры_в_районе] - На странице 4 нет данных в ожидаемом формате
2025-10-30 22:10:45,897 - WARNING - [получить_торговые_центры_в_районе] - На странице 5 нет данных в ожидаемом формате
2025-10-30 22:10:45,898 - INFO - [получить_торговые_центры_в_районе] - Завершение сбора для района Дорогомилово. Найдено торговых центров: 3
2025-10-30 22:10:45,899 - INFO - [<cell line: 0>] - Район 'Дорогомилово' завершен. Торговых центров: 3
2025-10-30 22:10:46,900 - INFO - [<cell line: 0>] - [32/132] Обработка района: Замоскворечье
2025-10-30 22:10:46,901 - INFO - [получить_торговые_центры_в_районе] - Начало сбора торговых центров для района: Замоскворечье (ID: 4504209512726532)
2025-10-30 22:10:47,322 - INFO - [получить_торговые_центры_в_районе] - Загружено 7 торговых центров со страницы 1
2025-10-30 22:10:48,233 - WARNING - [получить_торговые_центры_в_районе] - На странице 2 нет данных в ожидаемом формате
2025-10-30 22:10:49,135 - WARNING - [получить_торговые_центры_в_районе] - На странице 3 нет данных в ожидаемом формате
2025-10-30 22:10:50,053 - WARNING - [получить_торговые_центры_в_районе] - На странице 4 нет данных в ожидаемом формате
2025-10-30 22:10:50,986 - WARNING - [получить_торговые_центры_в_районе] - На странице 5 нет данных в ожидаемом формате
2025-10-30 22:10:50,987 - INFO - [получить_торговые_центры_в_районе] - Завершение сбора для района Замоскворечье. Найдено торговых центров: 7
2025-10-30 22:10:50,988 - INFO - [<cell line: 0>] - Район 'Замоскворечье' завершен. Торговых центров: 7
2025-10-30 22:10:51,989 - INFO - [<cell line: 0>] - [33/132] Обработка района: Западное Дегунино
2025-10-30 22:10:51,990 - INFO - [получить_торговые_центры_в_районе] - Начало сбора торговых центров для района: Западное Дегунино (ID: 4504209512726546)
2025-10-30 22:10:52,398 - INFO - [получить_торговые_центры_в_районе] - Загружено 4 торговых центров со страницы 1
2025-10-30 22:10:53,294 - WARNING - [получить_торговые_центры_в_районе] - На странице 2 нет данных в ожидаемом формате
2025-10-30 22:10:54,219 - WARNING - [получить_торговые_центры_в_районе] - На странице 3 нет данных в ожидаемом формате
2025-10-30 22:10:55,123 - WARNING - [получить_торговые_центры_в_районе] - На странице 4 нет данных в ожидаемом формате
2025-10-30 22:10:56,035 - WARNING - [получить_торговые_центры_в_районе] - На странице 5 нет данных в ожидаемом формате
2025-10-30 22:10:56,036 - INFO - [получить_торговые_центры_в_районе] - Завершение сбора для района Западное Дегунино. Найдено торговых центров: 4
2025-10-30 22:10:56,037 - INFO - [<cell line: 0>] - Район 'Западное Дегунино' завершен. Торговых центров: 4
2025-10-30 22:10:57,038 - INFO - [<cell line: 0>] - [34/132] Обработка района: Зюзино
2025-10-30 22:10:57,039 - INFO - [получить_торговые_центры_в_районе] - Начало сбора торговых центров для района: Зюзино (ID: 4504209512726628)
2025-10-30 22:10:57,450 - INFO - [получить_торговые_центры_в_районе] - Загружено 6 торговых центров со страницы 1
2025-10-30 22:10:58,365 - WARNING - [получить_торговые_центры_в_районе] - На странице 2 нет данных в ожидаемом формате
2025-10-30 22:10:59,282 - WARNING - [получить_торговые_центры_в_районе] - На странице 3 нет данных в ожидаемом формате
2025-10-30 22:11:00,196 - WARNING - [получить_торговые_центры_в_районе] - На странице 4 нет данных в ожидаемом формате
2025-10-30 22:11:01,092 - WARNING - [получить_торговые_центры_в_районе] - На странице 5 нет данных в ожидаемом формате
2025-10-30 22:11:01,093 - INFO - [получить_торговые_центры_в_районе] - Завершение сбора для района Зюзино. Найдено торговых центров: 6
2025-10-30 22:11:01,094 - INFO - [<cell line: 0>] - Район 'Зюзино' завершен. Торговых центров: 6
2025-10-30 22:11:02,095 - INFO - [<cell line: 0>] - [35/132] Обработка района: Зябликово
2025-10-30 22:11:02,096 - INFO - [получить_торговые_центры_в_районе] - Начало сбора торговых центров для района: Зябликово (ID: 4504209512726617)
2025-10-30 22:11:02,501 - INFO - [получить_торговые_центры_в_районе] - Загружено 3 торговых центров со страницы 1
2025-10-30 22:11:03,415 - WARNING - [получить_торговые_центры_в_районе] - На странице 2 нет данных в ожидаемом формате
2025-10-30 22:11:04,309 - WARNING - [получить_торговые_центры_в_районе] - На странице 3 нет данных в ожидаемом формате
2025-10-30 22:11:05,215 - WARNING - [получить_торговые_центры_в_районе] - На странице 4 нет данных в ожидаемом формате
2025-10-30 22:11:06,110 - WARNING - [получить_торговые_центры_в_районе] - На странице 5 нет данных в ожидаемом формате
2025-10-30 22:11:06,111 - INFO - [получить_торговые_центры_в_районе] - Завершение сбора для района Зябликово. Найдено торговых центров: 3
2025-10-30 22:11:06,112 - INFO - [<cell line: 0>] - Район 'Зябликово' завершен. Торговых центров: 3
2025-10-30 22:11:07,113 - INFO - [<cell line: 0>] - [36/132] Обработка района: Ивановское
2025-10-30 22:11:07,114 - INFO - [получить_торговые_центры_в_районе] - Начало сбора торговых центров для района: Ивановское (ID: 4504209512726579)
2025-10-30 22:11:07,531 - INFO - [получить_торговые_центры_в_районе] - Загружено 7 торговых центров со страницы 1
2025-10-30 22:11:08,431 - WARNING - [получить_торговые_центры_в_районе] - На странице 2 нет данных в ожидаемом формате
2025-10-30 22:11:09,327 - WARNING - [получить_торговые_центры_в_районе] - На странице 3 нет данных в ожидаемом формате
2025-10-30 22:11:10,258 - WARNING - [получить_торговые_центры_в_районе] - На странице 4 нет данных в ожидаемом формате
2025-10-30 22:11:11,167 - WARNING - [получить_торговые_центры_в_районе] - На странице 5 нет данных в ожидаемом формате
2025-10-30 22:11:11,168 - INFO - [получить_торговые_центры_в_районе] - Завершение сбора для района Ивановское. Найдено торговых центров: 7
2025-10-30 22:11:11,169 - INFO - [<cell line: 0>] - Район 'Ивановское' завершен. Торговых центров: 7
2025-10-30 22:11:12,170 - INFO - [<cell line: 0>] - [37/132] Обработка района: Измайлово
2025-10-30 22:11:12,171 - INFO - [получить_торговые_центры_в_районе] - Начало сбора торговых центров для района: Измайлово (ID: 4504209512726587)
2025-10-30 22:11:12,680 - INFO - [получить_торговые_центры_в_районе] - Загружено 8 торговых центров со страницы 1
2025-10-30 22:11:13,715 - WARNING - [получить_торговые_центры_в_районе] - На странице 2 нет данных в ожидаемом формате
2025-10-30 22:11:14,618 - WARNING - [получить_торговые_центры_в_районе] - На странице 3 нет данных в ожидаемом формате
2025-10-30 22:11:15,522 - WARNING - [получить_торговые_центры_в_районе] - На странице 4 нет данных в ожидаемом формате
2025-10-30 22:11:16,425 - WARNING - [получить_торговые_центры_в_районе] - На странице 5 нет данных в ожидаемом формате
2025-10-30 22:11:16,426 - INFO - [получить_торговые_центры_в_районе] - Завершение сбора для района Измайлово. Найдено торговых центров: 8
2025-10-30 22:11:16,427 - INFO - [<cell line: 0>] - Район 'Измайлово' завершен. Торговых центров: 8
2025-10-30 22:11:17,430 - INFO - [<cell line: 0>] - [38/132] Обработка района: Капотня
2025-10-30 22:11:17,432 - INFO - [получить_торговые_центры_в_районе] - Начало сбора торговых центров для района: Капотня (ID: 4504209512726597)
2025-10-30 22:11:17,847 - INFO - [получить_торговые_центры_в_районе] - Загружено 2 торговых центров со страницы 1
2025-10-30 22:11:18,770 - WARNING - [получить_торговые_центры_в_районе] - На странице 2 нет данных в ожидаемом формате
2025-10-30 22:11:19,668 - WARNING - [получить_торговые_центры_в_районе] - На странице 3 нет данных в ожидаемом формате
2025-10-30 22:11:20,575 - WARNING - [получить_торговые_центры_в_районе] - На странице 4 нет данных в ожидаемом формате
2025-10-30 22:11:21,480 - WARNING - [получить_торговые_центры_в_районе] - На странице 5 нет данных в ожидаемом формате
2025-10-30 22:11:21,481 - INFO - [получить_торговые_центры_в_районе] - Завершение сбора для района Капотня. Найдено торговых центров: 2
2025-10-30 22:11:21,482 - INFO - [<cell line: 0>] - Район 'Капотня' завершен. Торговых центров: 2
2025-10-30 22:11:22,483 - INFO - [<cell line: 0>] - [39/132] Обработка района: Коммунарка
2025-10-30 22:11:22,484 - INFO - [получить_торговые_центры_в_районе] - Начало сбора торговых центров для района: Коммунарка (ID: 4504209520926899)
2025-10-30 22:11:22,921 - INFO - [получить_торговые_центры_в_районе] - Загружено 10 торговых центров со страницы 1
2025-10-30 22:11:23,844 - INFO - [получить_торговые_центры_в_районе] - Загружено 8 торговых центров со страницы 2
2025-10-30 22:11:24,761 - WARNING - [получить_торговые_центры_в_районе] - На странице 3 нет данных в ожидаемом формате
2025-10-30 22:11:25,679 - WARNING - [получить_торговые_центры_в_районе] - На странице 4 нет данных в ожидаемом формате
2025-10-30 22:11:26,599 - WARNING - [получить_торговые_центры_в_районе] - На странице 5 нет данных в ожидаемом формате
2025-10-30 22:11:26,600 - INFO - [получить_торговые_центры_в_районе] - Завершение сбора для района Коммунарка. Найдено торговых центров: 18
2025-10-30 22:11:26,601 - INFO - [<cell line: 0>] - Район 'Коммунарка' завершен. Торговых центров: 18
2025-10-30 22:11:27,603 - INFO - [<cell line: 0>] - [40/132] Обработка района: Коньково
2025-10-30 22:11:27,604 - INFO - [получить_торговые_центры_в_районе] - Начало сбора торговых центров для района: Коньково (ID: 4504209512726629)
2025-10-30 22:11:28,022 - INFO - [получить_торговые_центры_в_районе] - Загружено 10 торговых центров со страницы 1
2025-10-30 22:11:28,931 - INFO - [получить_торговые_центры_в_районе] - Загружено 2 торговых центров со страницы 2
2025-10-30 22:11:29,828 - WARNING - [получить_торговые_центры_в_районе] - На странице 3 нет данных в ожидаемом формате
2025-10-30 22:11:30,745 - WARNING - [получить_торговые_центры_в_районе] - На странице 4 нет данных в ожидаемом формате
2025-10-30 22:11:31,634 - WARNING - [получить_торговые_центры_в_районе] - На странице 5 нет данных в ожидаемом формате
2025-10-30 22:11:31,635 - INFO - [получить_торговые_центры_в_районе] - Завершение сбора для района Коньково. Найдено торговых центров: 12
2025-10-30 22:11:31,637 - INFO - [<cell line: 0>] - Район 'Коньково' завершен. Торговых центров: 12
2025-10-30 22:11:32,638 - INFO - [<cell line: 0>] - [41/132] Обработка района: Коптево
2025-10-30 22:11:32,639 - INFO - [получить_торговые_центры_в_районе] - Начало сбора торговых центров для района: Коптево (ID: 4504209512726550)
2025-10-30 22:11:33,042 - INFO - [получить_торговые_центры_в_районе] - Загружено 3 торговых центров со страницы 1
2025-10-30 22:11:33,954 - WARNING - [получить_торговые_центры_в_районе] - На странице 2 нет данных в ожидаемом формате
2025-10-30 22:11:34,850 - WARNING - [получить_торговые_центры_в_районе] - На странице 3 нет данных в ожидаемом формате
2025-10-30 22:11:35,742 - WARNING - [получить_торговые_центры_в_районе] - На странице 4 нет данных в ожидаемом формате
2025-10-30 22:11:36,660 - WARNING - [получить_торговые_центры_в_районе] - На странице 5 нет данных в ожидаемом формате
2025-10-30 22:11:36,661 - INFO - [получить_торговые_центры_в_районе] - Завершение сбора для района Коптево. Найдено торговых центров: 3
2025-10-30 22:11:36,664 - INFO - [<cell line: 0>] - Район 'Коптево' завершен. Торговых центров: 3
2025-10-30 22:11:37,665 - INFO - [<cell line: 0>] - [42/132] Обработка района: Косино-Ухтомский
2025-10-30 22:11:37,666 - INFO - [получить_торговые_центры_в_районе] - Начало сбора торговых центров для района: Косино-Ухтомский (ID: 4504209512726577)
2025-10-30 22:11:38,091 - INFO - [получить_торговые_центры_в_районе] - Загружено 8 торговых центров со страницы 1
2025-10-30 22:11:39,000 - WARNING - [получить_торговые_центры_в_районе] - На странице 2 нет данных в ожидаемом формате
2025-10-30 22:11:39,900 - WARNING - [получить_торговые_центры_в_районе] - На странице 3 нет данных в ожидаемом формате
2025-10-30 22:11:40,801 - WARNING - [получить_торговые_центры_в_районе] - На странице 4 нет данных в ожидаемом формате
2025-10-30 22:11:41,712 - WARNING - [получить_торговые_центры_в_районе] - На странице 5 нет данных в ожидаемом формате
2025-10-30 22:11:41,713 - INFO - [получить_торговые_центры_в_районе] - Завершение сбора для района Косино-Ухтомский. Найдено торговых центров: 8
2025-10-30 22:11:41,714 - INFO - [<cell line: 0>] - Район 'Косино-Ухтомский' завершен. Торговых центров: 8
2025-10-30 22:11:42,716 - INFO - [<cell line: 0>] - [43/132] Обработка района: Котловка
2025-10-30 22:11:42,717 - INFO - [получить_торговые_центры_в_районе] - Начало сбора торговых центров для района: Котловка (ID: 4504209512726613)
2025-10-30 22:11:43,222 - INFO - [получить_торговые_центры_в_районе] - Загружено 9 торговых центров со страницы 1
2025-10-30 22:11:44,210 - WARNING - [получить_торговые_центры_в_районе] - На странице 2 нет данных в ожидаемом формате
2025-10-30 22:11:45,142 - WARNING - [получить_торговые_центры_в_районе] - На странице 3 нет данных в ожидаемом формате
2025-10-30 22:11:46,055 - WARNING - [получить_торговые_центры_в_районе] - На странице 4 нет данных в ожидаемом формате
2025-10-30 22:11:46,983 - WARNING - [получить_торговые_центры_в_районе] - На странице 5 нет данных в ожидаемом формате
2025-10-30 22:11:46,984 - INFO - [получить_торговые_центры_в_районе] - Завершение сбора для района Котловка. Найдено торговых центров: 9
2025-10-30 22:11:46,985 - INFO - [<cell line: 0>] - Район 'Котловка' завершен. Торговых центров: 9
2025-10-30 22:11:47,987 - INFO - [<cell line: 0>] - [44/132] Обработка района: Краснопахорский
2025-10-30 22:11:47,988 - INFO - [получить_торговые_центры_в_районе] - Начало сбора торговых центров для района: Краснопахорский (ID: 4504209520933720)
2025-10-30 22:11:48,409 - INFO - [получить_торговые_центры_в_районе] - Загружено 8 торговых центров со страницы 1
2025-10-30 22:11:49,305 - WARNING - [получить_торговые_центры_в_районе] - На странице 2 нет данных в ожидаемом формате
2025-10-30 22:11:50,201 - WARNING - [получить_торговые_центры_в_районе] - На странице 3 нет данных в ожидаемом формате
2025-10-30 22:11:51,108 - WARNING - [получить_торговые_центры_в_районе] - На странице 4 нет данных в ожидаемом формате
2025-10-30 22:11:52,017 - WARNING - [получить_торговые_центры_в_районе] - На странице 5 нет данных в ожидаемом формате
2025-10-30 22:11:52,018 - INFO - [получить_торговые_центры_в_районе] - Завершение сбора для района Краснопахорский. Найдено торговых центров: 8
2025-10-30 22:11:52,019 - INFO - [<cell line: 0>] - Район 'Краснопахорский' завершен. Торговых центров: 8
2025-10-30 22:11:53,021 - INFO - [<cell line: 0>] - [45/132] Обработка района: Красносельский
2025-10-30 22:11:53,023 - INFO - [получить_торговые_центры_в_районе] - Начало сбора торговых центров для района: Красносельский (ID: 4504209512726540)
2025-10-30 22:11:53,440 - INFO - [получить_торговые_центры_в_районе] - Загружено 7 торговых центров со страницы 1
2025-10-30 22:11:54,366 - WARNING - [получить_торговые_центры_в_районе] - На странице 2 нет данных в ожидаемом формате
2025-10-30 22:11:55,259 - WARNING - [получить_торговые_центры_в_районе] - На странице 3 нет данных в ожидаемом формате
2025-10-30 22:11:56,186 - WARNING - [получить_торговые_центры_в_районе] - На странице 4 нет данных в ожидаемом формате
2025-10-30 22:11:57,105 - WARNING - [получить_торговые_центры_в_районе] - На странице 5 нет данных в ожидаемом формате
2025-10-30 22:11:57,106 - INFO - [получить_торговые_центры_в_районе] - Завершение сбора для района Красносельский. Найдено торговых центров: 7
2025-10-30 22:11:57,108 - INFO - [<cell line: 0>] - Район 'Красносельский' завершен. Торговых центров: 7
2025-10-30 22:11:58,109 - INFO - [<cell line: 0>] - [46/132] Обработка района: Крылатское
2025-10-30 22:11:58,110 - INFO - [получить_торговые_центры_в_районе] - Начало сбора торговых центров для района: Крылатское (ID: 4504209512726635)
2025-10-30 22:11:58,516 - INFO - [получить_торговые_центры_в_районе] - Загружено 10 торговых центров со страницы 1
2025-10-30 22:11:59,439 - INFO - [получить_торговые_центры_в_районе] - Загружено 1 торговых центров со страницы 2
2025-10-30 22:12:00,346 - WARNING - [получить_торговые_центры_в_районе] - На странице 3 нет данных в ожидаемом формате
2025-10-30 22:12:01,257 - WARNING - [получить_торговые_центры_в_районе] - На странице 4 нет данных в ожидаемом формате
2025-10-30 22:12:02,168 - WARNING - [получить_торговые_центры_в_районе] - На странице 5 нет данных в ожидаемом формате
2025-10-30 22:12:02,168 - INFO - [получить_торговые_центры_в_районе] - Завершение сбора для района Крылатское. Найдено торговых центров: 11
2025-10-30 22:12:02,171 - INFO - [<cell line: 0>] - Район 'Крылатское' завершен. Торговых центров: 11
2025-10-30 22:12:03,173 - INFO - [<cell line: 0>] - [47/132] Обработка района: Крюково
2025-10-30 22:12:03,174 - INFO - [получить_торговые_центры_в_районе] - Начало сбора торговых центров для района: Крюково (ID: 4504209512726652)
2025-10-30 22:12:03,588 - INFO - [получить_торговые_центры_в_районе] - Загружено 10 торговых центров со страницы 1
2025-10-30 22:12:04,502 - INFO - [получить_торговые_центры_в_районе] - Загружено 4 торговых центров со страницы 2
2025-10-30 22:12:05,400 - WARNING - [получить_торговые_центры_в_районе] - На странице 3 нет данных в ожидаемом формате
2025-10-30 22:12:06,307 - WARNING - [получить_торговые_центры_в_районе] - На странице 4 нет данных в ожидаемом формате
2025-10-30 22:12:07,224 - WARNING - [получить_торговые_центры_в_районе] - На странице 5 нет данных в ожидаемом формате
2025-10-30 22:12:07,225 - INFO - [получить_торговые_центры_в_районе] - Завершение сбора для района Крюково. Найдено торговых центров: 14
2025-10-30 22:12:07,227 - INFO - [<cell line: 0>] - Район 'Крюково' завершен. Торговых центров: 14
2025-10-30 22:12:08,229 - INFO - [<cell line: 0>] - [48/132] Обработка района: Кузьминки
2025-10-30 22:12:08,230 - INFO - [получить_торговые_центры_в_районе] - Начало сбора торговых центров для района: Кузьминки (ID: 4504209512726598)
2025-10-30 22:12:08,652 - INFO - [получить_торговые_центры_в_районе] - Загружено 9 торговых центров со страницы 1
2025-10-30 22:12:09,574 - WARNING - [получить_торговые_центры_в_районе] - На странице 2 нет данных в ожидаемом формате
2025-10-30 22:12:10,480 - WARNING - [получить_торговые_центры_в_районе] - На странице 3 нет данных в ожидаемом формате
2025-10-30 22:12:11,385 - WARNING - [получить_торговые_центры_в_районе] - На странице 4 нет данных в ожидаемом формате
2025-10-30 22:12:12,304 - WARNING - [получить_торговые_центры_в_районе] - На странице 5 нет данных в ожидаемом формате
2025-10-30 22:12:12,305 - INFO - [получить_торговые_центры_в_районе] - Завершение сбора для района Кузьминки. Найдено торговых центров: 9
2025-10-30 22:12:12,307 - INFO - [<cell line: 0>] - Район 'Кузьминки' завершен. Торговых центров: 9
2025-10-30 22:12:13,308 - INFO - [<cell line: 0>] - [49/132] Обработка района: Кунцево
2025-10-30 22:12:13,309 - INFO - [получить_торговые_центры_в_районе] - Начало сбора торговых центров для района: Кунцево (ID: 4504209512726634)
2025-10-30 22:12:13,947 - INFO - [получить_торговые_центры_в_районе] - Загружено 6 торговых центров со страницы 1
2025-10-30 22:12:14,950 - WARNING - [получить_торговые_центры_в_районе] - На странице 2 нет данных в ожидаемом формате
2025-10-30 22:12:15,851 - WARNING - [получить_торговые_центры_в_районе] - На странице 3 нет данных в ожидаемом формате
2025-10-30 22:12:16,762 - WARNING - [получить_торговые_центры_в_районе] - На странице 4 нет данных в ожидаемом формате
2025-10-30 22:12:17,680 - WARNING - [получить_торговые_центры_в_районе] - На странице 5 нет данных в ожидаемом формате
2025-10-30 22:12:17,681 - INFO - [получить_торговые_центры_в_районе] - Завершение сбора для района Кунцево. Найдено торговых центров: 6
2025-10-30 22:12:17,683 - INFO - [<cell line: 0>] - Район 'Кунцево' завершен. Торговых центров: 6
2025-10-30 22:12:18,684 - INFO - [<cell line: 0>] - [50/132] Обработка района: Куркино
2025-10-30 22:12:18,685 - INFO - [получить_торговые_центры_в_районе] - Начало сбора торговых центров для района: Куркино (ID: 4504209512726651)
2025-10-30 22:12:19,109 - INFO - [получить_торговые_центры_в_районе] - Загружено 5 торговых центров со страницы 1
2025-10-30 22:12:20,026 - WARNING - [получить_торговые_центры_в_районе] - На странице 2 нет данных в ожидаемом формате
2025-10-30 22:12:20,936 - WARNING - [получить_торговые_центры_в_районе] - На странице 3 нет данных в ожидаемом формате
2025-10-30 22:12:21,838 - WARNING - [получить_торговые_центры_в_районе] - На странице 4 нет данных в ожидаемом формате
2025-10-30 22:12:22,742 - WARNING - [получить_торговые_центры_в_районе] - На странице 5 нет данных в ожидаемом формате
2025-10-30 22:12:22,742 - INFO - [получить_торговые_центры_в_районе] - Завершение сбора для района Куркино. Найдено торговых центров: 5
2025-10-30 22:12:22,744 - INFO - [<cell line: 0>] - Район 'Куркино' завершен. Торговых центров: 5
2025-10-30 22:12:23,745 - INFO - [<cell line: 0>] - [51/132] Обработка района: Левобережный
2025-10-30 22:12:23,746 - INFO - [получить_торговые_центры_в_районе] - Начало сбора торговых центров для района: Левобережный (ID: 4504209512726554)
2025-10-30 22:12:24,158 - INFO - [получить_торговые_центры_в_районе] - Загружено 10 торговых центров со страницы 1
2025-10-30 22:12:25,056 - INFO - [получить_торговые_центры_в_районе] - Загружено 1 торговых центров со страницы 2
2025-10-30 22:12:25,966 - WARNING - [получить_торговые_центры_в_районе] - На странице 3 нет данных в ожидаемом формате
2025-10-30 22:12:26,863 - WARNING - [получить_торговые_центры_в_районе] - На странице 4 нет данных в ожидаемом формате
2025-10-30 22:12:27,760 - WARNING - [получить_торговые_центры_в_районе] - На странице 5 нет данных в ожидаемом формате
2025-10-30 22:12:27,761 - INFO - [получить_торговые_центры_в_районе] - Завершение сбора для района Левобережный. Найдено торговых центров: 11
2025-10-30 22:12:27,763 - INFO - [<cell line: 0>] - Район 'Левобережный' завершен. Торговых центров: 11
2025-10-30 22:12:28,764 - INFO - [<cell line: 0>] - [52/132] Обработка района: Лефортово
2025-10-30 22:12:28,765 - INFO - [получить_торговые_центры_в_районе] - Начало сбора торговых центров для района: Лефортово (ID: 4504209512726590)
2025-10-30 22:12:29,179 - INFO - [получить_торговые_центры_в_районе] - Загружено 6 торговых центров со страницы 1
2025-10-30 22:12:30,097 - WARNING - [получить_торговые_центры_в_районе] - На странице 2 нет данных в ожидаемом формате
2025-10-30 22:12:31,008 - WARNING - [получить_торговые_центры_в_районе] - На странице 3 нет данных в ожидаемом формате
2025-10-30 22:12:31,913 - WARNING - [получить_торговые_центры_в_районе] - На странице 4 нет данных в ожидаемом формате
2025-10-30 22:12:32,832 - WARNING - [получить_торговые_центры_в_районе] - На странице 5 нет данных в ожидаемом формате
2025-10-30 22:12:32,833 - INFO - [получить_торговые_центры_в_районе] - Завершение сбора для района Лефортово. Найдено торговых центров: 6
2025-10-30 22:12:32,835 - INFO - [<cell line: 0>] - Район 'Лефортово' завершен. Торговых центров: 6
2025-10-30 22:12:33,836 - INFO - [<cell line: 0>] - [53/132] Обработка района: Лианозово
2025-10-30 22:12:33,837 - INFO - [получить_торговые_центры_в_районе] - Начало сбора торговых центров для района: Лианозово (ID: 4504209512726559)
2025-10-30 22:12:34,243 - INFO - [получить_торговые_центры_в_районе] - Загружено 5 торговых центров со страницы 1
2025-10-30 22:12:35,157 - WARNING - [получить_торговые_центры_в_районе] - На странице 2 нет данных в ожидаемом формате
2025-10-30 22:12:36,060 - WARNING - [получить_торговые_центры_в_районе] - На странице 3 нет данных в ожидаемом формате
2025-10-30 22:12:36,956 - WARNING - [получить_торговые_центры_в_районе] - На странице 4 нет данных в ожидаемом формате
2025-10-30 22:12:37,863 - WARNING - [получить_торговые_центры_в_районе] - На странице 5 нет данных в ожидаемом формате
2025-10-30 22:12:37,864 - INFO - [получить_торговые_центры_в_районе] - Завершение сбора для района Лианозово. Найдено торговых центров: 5
2025-10-30 22:12:37,866 - INFO - [<cell line: 0>] - Район 'Лианозово' завершен. Торговых центров: 5
2025-10-30 22:12:38,868 - INFO - [<cell line: 0>] - [54/132] Обработка района: Ломоносовский
2025-10-30 22:12:38,870 - INFO - [получить_торговые_центры_в_районе] - Начало сбора торговых центров для района: Ломоносовский (ID: 4504209512726623)
2025-10-30 22:12:39,299 - INFO - [получить_торговые_центры_в_районе] - Загружено 5 торговых центров со страницы 1
2025-10-30 22:12:40,208 - WARNING - [получить_торговые_центры_в_районе] - На странице 2 нет данных в ожидаемом формате
2025-10-30 22:12:41,119 - WARNING - [получить_торговые_центры_в_районе] - На странице 3 нет данных в ожидаемом формате
2025-10-30 22:12:42,023 - WARNING - [получить_торговые_центры_в_районе] - На странице 4 нет данных в ожидаемом формате
2025-10-30 22:12:42,933 - WARNING - [получить_торговые_центры_в_районе] - На странице 5 нет данных в ожидаемом формате
2025-10-30 22:12:42,934 - INFO - [получить_торговые_центры_в_районе] - Завершение сбора для района Ломоносовский. Найдено торговых центров: 5
2025-10-30 22:12:42,935 - INFO - [<cell line: 0>] - Район 'Ломоносовский' завершен. Торговых центров: 5
2025-10-30 22:12:43,936 - INFO - [<cell line: 0>] - [55/132] Обработка района: Лосиноостровский
2025-10-30 22:12:43,937 - INFO - [получить_торговые_центры_в_районе] - Начало сбора торговых центров для района: Лосиноостровский (ID: 4504209512726560)
2025-10-30 22:12:44,469 - INFO - [получить_торговые_центры_в_районе] - Загружено 7 торговых центров со страницы 1
2025-10-30 22:12:45,487 - WARNING - [получить_торговые_центры_в_районе] - На странице 2 нет данных в ожидаемом формате
2025-10-30 22:12:46,378 - WARNING - [получить_торговые_центры_в_районе] - На странице 3 нет данных в ожидаемом формате
2025-10-30 22:12:47,286 - WARNING - [получить_торговые_центры_в_районе] - На странице 4 нет данных в ожидаемом формате
2025-10-30 22:12:48,189 - WARNING - [получить_торговые_центры_в_районе] - На странице 5 нет данных в ожидаемом формате
2025-10-30 22:12:48,190 - INFO - [получить_торговые_центры_в_районе] - Завершение сбора для района Лосиноостровский. Найдено торговых центров: 7
2025-10-30 22:12:48,191 - INFO - [<cell line: 0>] - Район 'Лосиноостровский' завершен. Торговых центров: 7
2025-10-30 22:12:49,192 - INFO - [<cell line: 0>] - [56/132] Обработка района: Люблино
2025-10-30 22:12:49,194 - INFO - [получить_торговые_центры_в_районе] - Начало сбора торговых центров для района: Люблино (ID: 70030077079195278)
2025-10-30 22:12:49,610 - INFO - [получить_торговые_центры_в_районе] - Загружено 7 торговых центров со страницы 1
2025-10-30 22:12:50,513 - WARNING - [получить_торговые_центры_в_районе] - На странице 2 нет данных в ожидаемом формате
2025-10-30 22:12:51,414 - WARNING - [получить_торговые_центры_в_районе] - На странице 3 нет данных в ожидаемом формате
2025-10-30 22:12:52,334 - WARNING - [получить_торговые_центры_в_районе] - На странице 4 нет данных в ожидаемом формате
2025-10-30 22:12:53,232 - WARNING - [получить_торговые_центры_в_районе] - На странице 5 нет данных в ожидаемом формате
2025-10-30 22:12:53,234 - INFO - [получить_торговые_центры_в_районе] - Завершение сбора для района Люблино. Найдено торговых центров: 7
2025-10-30 22:12:53,235 - INFO - [<cell line: 0>] - Район 'Люблино' завершен. Торговых центров: 7
2025-10-30 22:12:54,238 - INFO - [<cell line: 0>] - [57/132] Обработка района: Марфино
2025-10-30 22:12:54,239 - INFO - [получить_торговые_центры_в_районе] - Начало сбора торговых центров для района: Марфино (ID: 4504209512726570)
2025-10-30 22:12:54,658 - INFO - [получить_торговые_центры_в_районе] - Загружено 1 торговых центров со страницы 1
2025-10-30 22:12:55,583 - WARNING - [получить_торговые_центры_в_районе] - На странице 2 нет данных в ожидаемом формате
2025-10-30 22:12:56,503 - WARNING - [получить_торговые_центры_в_районе] - На странице 3 нет данных в ожидаемом формате
2025-10-30 22:12:57,399 - WARNING - [получить_торговые_центры_в_районе] - На странице 4 нет данных в ожидаемом формате
2025-10-30 22:12:58,312 - WARNING - [получить_торговые_центры_в_районе] - На странице 5 нет данных в ожидаемом формате
2025-10-30 22:12:58,313 - INFO - [получить_торговые_центры_в_районе] - Завершение сбора для района Марфино. Найдено торговых центров: 1
2025-10-30 22:12:58,314 - INFO - [<cell line: 0>] - Район 'Марфино' завершен. Торговых центров: 1
2025-10-30 22:12:59,315 - INFO - [<cell line: 0>] - [58/132] Обработка района: Марьина Роща
2025-10-30 22:12:59,316 - INFO - [получить_торговые_центры_в_районе] - Начало сбора торговых центров для района: Марьина Роща (ID: 4504209512726571)
2025-10-30 22:12:59,737 - INFO - [получить_торговые_центры_в_районе] - Загружено 8 торговых центров со страницы 1
2025-10-30 22:13:00,636 - WARNING - [получить_торговые_центры_в_районе] - На странице 2 нет данных в ожидаемом формате
2025-10-30 22:13:01,538 - WARNING - [получить_торговые_центры_в_районе] - На странице 3 нет данных в ожидаемом формате
2025-10-30 22:13:02,459 - WARNING - [получить_торговые_центры_в_районе] - На странице 4 нет данных в ожидаемом формате
2025-10-30 22:13:03,396 - WARNING - [получить_торговые_центры_в_районе] - На странице 5 нет данных в ожидаемом формате
2025-10-30 22:13:03,397 - INFO - [получить_торговые_центры_в_районе] - Завершение сбора для района Марьина Роща. Найдено торговых центров: 8
2025-10-30 22:13:03,399 - INFO - [<cell line: 0>] - Район 'Марьина Роща' завершен. Торговых центров: 8
2025-10-30 22:13:04,401 - INFO - [<cell line: 0>] - [59/132] Обработка района: Марьино
2025-10-30 22:13:04,402 - INFO - [получить_торговые_центры_в_районе] - Начало сбора торговых центров для района: Марьино (ID: 4504209512726596)
2025-10-30 22:13:04,823 - INFO - [получить_торговые_центры_в_районе] - Загружено 10 торговых центров со страницы 1
2025-10-30 22:13:05,758 - INFO - [получить_торговые_центры_в_районе] - Загружено 8 торговых центров со страницы 2
2025-10-30 22:13:06,694 - WARNING - [получить_торговые_центры_в_районе] - На странице 3 нет данных в ожидаемом формате
2025-10-30 22:13:07,593 - WARNING - [получить_торговые_центры_в_районе] - На странице 4 нет данных в ожидаемом формате
2025-10-30 22:13:08,515 - WARNING - [получить_торговые_центры_в_районе] - На странице 5 нет данных в ожидаемом формате
2025-10-30 22:13:08,516 - INFO - [получить_торговые_центры_в_районе] - Завершение сбора для района Марьино. Найдено торговых центров: 18
2025-10-30 22:13:08,517 - INFO - [<cell line: 0>] - Район 'Марьино' завершен. Торговых центров: 18
2025-10-30 22:13:09,518 - INFO - [<cell line: 0>] - [60/132] Обработка района: Матушкино
2025-10-30 22:13:09,519 - INFO - [получить_торговые_центры_в_районе] - Начало сбора торговых центров для района: Матушкино (ID: 4504209512726657)
2025-10-30 22:13:09,936 - INFO - [получить_торговые_центры_в_районе] - Загружено 5 торговых центров со страницы 1
2025-10-30 22:13:10,859 - WARNING - [получить_торговые_центры_в_районе] - На странице 2 нет данных в ожидаемом формате
2025-10-30 22:13:11,758 - WARNING - [получить_торговые_центры_в_районе] - На странице 3 нет данных в ожидаемом формате
2025-10-30 22:13:12,682 - WARNING - [получить_торговые_центры_в_районе] - На странице 4 нет данных в ожидаемом формате
2025-10-30 22:13:13,585 - WARNING - [получить_торговые_центры_в_районе] - На странице 5 нет данных в ожидаемом формате
2025-10-30 22:13:13,586 - INFO - [получить_торговые_центры_в_районе] - Завершение сбора для района Матушкино. Найдено торговых центров: 5
2025-10-30 22:13:13,587 - INFO - [<cell line: 0>] - Район 'Матушкино' завершен. Торговых центров: 5
2025-10-30 22:13:14,589 - INFO - [<cell line: 0>] - [61/132] Обработка района: Метрогородок
2025-10-30 22:13:14,590 - INFO - [получить_торговые_центры_в_районе] - Начало сбора торговых центров для района: Метрогородок (ID: 4504209512726588)
2025-10-30 22:13:15,105 - WARNING - [получить_торговые_центры_в_районе] - На странице 1 нет данных в ожидаемом формате
2025-10-30 22:13:16,004 - WARNING - [получить_торговые_центры_в_районе] - На странице 2 нет данных в ожидаемом формате
2025-10-30 22:13:16,926 - WARNING - [получить_торговые_центры_в_районе] - На странице 3 нет данных в ожидаемом формате
2025-10-30 22:13:17,951 - WARNING - [получить_торговые_центры_в_районе] - На странице 4 нет данных в ожидаемом формате
2025-10-30 22:13:18,860 - WARNING - [получить_торговые_центры_в_районе] - На странице 5 нет данных в ожидаемом формате
2025-10-30 22:13:18,861 - INFO - [получить_торговые_центры_в_районе] - Завершение сбора для района Метрогородок. Найдено торговых центров: 0
2025-10-30 22:13:18,862 - INFO - [<cell line: 0>] - Район 'Метрогородок' завершен. Торговых центров: 0
2025-10-30 22:13:19,863 - INFO - [<cell line: 0>] - [62/132] Обработка района: Мещанский
2025-10-30 22:13:19,865 - INFO - [получить_торговые_центры_в_районе] - Начало сбора торговых центров для района: Мещанский (ID: 4504209512726535)
2025-10-30 22:13:20,267 - INFO - [получить_торговые_центры_в_районе] - Загружено 10 торговых центров со страницы 1
2025-10-30 22:13:21,179 - WARNING - [получить_торговые_центры_в_районе] - На странице 2 нет данных в ожидаемом формате
2025-10-30 22:13:22,087 - WARNING - [получить_торговые_центры_в_районе] - На странице 3 нет данных в ожидаемом формате
2025-10-30 22:13:22,993 - WARNING - [получить_торговые_центры_в_районе] - На странице 4 нет данных в ожидаемом формате
2025-10-30 22:13:23,907 - WARNING - [получить_торговые_центры_в_районе] - На странице 5 нет данных в ожидаемом формате
2025-10-30 22:13:23,907 - INFO - [получить_торговые_центры_в_районе] - Завершение сбора для района Мещанский. Найдено торговых центров: 10
2025-10-30 22:13:23,910 - INFO - [<cell line: 0>] - Район 'Мещанский' завершен. Торговых центров: 10
2025-10-30 22:13:24,911 - INFO - [<cell line: 0>] - [63/132] Обработка района: Митино
2025-10-30 22:13:24,912 - INFO - [получить_торговые_центры_в_районе] - Начало сбора торговых центров для района: Митино (ID: 4504209512726645)
2025-10-30 22:13:25,338 - INFO - [получить_торговые_центры_в_районе] - Загружено 10 торговых центров со страницы 1
2025-10-30 22:13:26,270 - INFO - [получить_торговые_центры_в_районе] - Загружено 10 торговых центров со страницы 2
2025-10-30 22:13:27,170 - INFO - [получить_торговые_центры_в_районе] - Загружено 1 торговых центров со страницы 3
2025-10-30 22:13:28,073 - WARNING - [получить_торговые_центры_в_районе] - На странице 4 нет данных в ожидаемом формате
2025-10-30 22:13:28,970 - WARNING - [получить_торговые_центры_в_районе] - На странице 5 нет данных в ожидаемом формате
2025-10-30 22:13:28,971 - INFO - [получить_торговые_центры_в_районе] - Завершение сбора для района Митино. Найдено торговых центров: 21
2025-10-30 22:13:28,973 - INFO - [<cell line: 0>] - Район 'Митино' завершен. Торговых центров: 21
2025-10-30 22:13:29,974 - INFO - [<cell line: 0>] - [64/132] Обработка района: Можайский
2025-10-30 22:13:29,975 - INFO - [получить_торговые_центры_в_районе] - Начало сбора торговых центров для района: Можайский (ID: 4504209512726633)
2025-10-30 22:13:30,382 - INFO - [получить_торговые_центры_в_районе] - Загружено 8 торговых центров со страницы 1
2025-10-30 22:13:31,298 - WARNING - [получить_торговые_центры_в_районе] - На странице 2 нет данных в ожидаемом формате
2025-10-30 22:13:32,197 - WARNING - [получить_торговые_центры_в_районе] - На странице 3 нет данных в ожидаемом формате
2025-10-30 22:13:33,106 - WARNING - [получить_торговые_центры_в_районе] - На странице 4 нет данных в ожидаемом формате
2025-10-30 22:13:34,006 - WARNING - [получить_торговые_центры_в_районе] - На странице 5 нет данных в ожидаемом формате
2025-10-30 22:13:34,006 - INFO - [получить_торговые_центры_в_районе] - Завершение сбора для района Можайский. Найдено торговых центров: 8
2025-10-30 22:13:34,008 - INFO - [<cell line: 0>] - Район 'Можайский' завершен. Торговых центров: 8
2025-10-30 22:13:35,009 - INFO - [<cell line: 0>] - [65/132] Обработка района: Молжаниновский
2025-10-30 22:13:35,010 - INFO - [получить_торговые_центры_в_районе] - Начало сбора торговых центров для района: Молжаниновский (ID: 4504209512726654)
2025-10-30 22:13:35,414 - WARNING - [получить_торговые_центры_в_районе] - На странице 1 нет данных в ожидаемом формате
2025-10-30 22:13:36,313 - WARNING - [получить_торговые_центры_в_районе] - На странице 2 нет данных в ожидаемом формате
2025-10-30 22:13:37,216 - WARNING - [получить_торговые_центры_в_районе] - На странице 3 нет данных в ожидаемом формате
2025-10-30 22:13:38,120 - WARNING - [получить_торговые_центры_в_районе] - На странице 4 нет данных в ожидаемом формате
2025-10-30 22:13:39,031 - WARNING - [получить_торговые_центры_в_районе] - На странице 5 нет данных в ожидаемом формате
2025-10-30 22:13:39,033 - INFO - [получить_торговые_центры_в_районе] - Завершение сбора для района Молжаниновский. Найдено торговых центров: 0
2025-10-30 22:13:39,034 - INFO - [<cell line: 0>] - Район 'Молжаниновский' завершен. Торговых центров: 0
2025-10-30 22:13:40,036 - INFO - [<cell line: 0>] - [66/132] Обработка района: Москворечье-Сабурово
2025-10-30 22:13:40,038 - INFO - [получить_торговые_центры_в_районе] - Начало сбора торговых центров для района: Москворечье-Сабурово (ID: 4504209512726607)
2025-10-30 22:13:40,442 - INFO - [получить_торговые_центры_в_районе] - Загружено 3 торговых центров со страницы 1
2025-10-30 22:13:41,354 - WARNING - [получить_торговые_центры_в_районе] - На странице 2 нет данных в ожидаемом формате
2025-10-30 22:13:42,266 - WARNING - [получить_торговые_центры_в_районе] - На странице 3 нет данных в ожидаемом формате
2025-10-30 22:13:43,168 - WARNING - [получить_торговые_центры_в_районе] - На странице 4 нет данных в ожидаемом формате
2025-10-30 22:13:44,066 - WARNING - [получить_торговые_центры_в_районе] - На странице 5 нет данных в ожидаемом формате
2025-10-30 22:13:44,067 - INFO - [получить_торговые_центры_в_районе] - Завершение сбора для района Москворечье-Сабурово. Найдено торговых центров: 3
2025-10-30 22:13:44,068 - INFO - [<cell line: 0>] - Район 'Москворечье-Сабурово' завершен. Торговых центров: 3
2025-10-30 22:13:45,069 - INFO - [<cell line: 0>] - [67/132] Обработка района: Нагатино-Садовники
2025-10-30 22:13:45,070 - INFO - [получить_торговые_центры_в_районе] - Начало сбора торговых центров для района: Нагатино-Садовники (ID: 4504209512726604)
2025-10-30 22:13:45,709 - INFO - [получить_торговые_центры_в_районе] - Загружено 6 торговых центров со страницы 1
2025-10-30 22:13:46,656 - WARNING - [получить_торговые_центры_в_районе] - На странице 2 нет данных в ожидаемом формате
2025-10-30 22:13:47,674 - WARNING - [получить_торговые_центры_в_районе] - На странице 3 нет данных в ожидаемом формате
2025-10-30 22:13:48,579 - WARNING - [получить_торговые_центры_в_районе] - На странице 4 нет данных в ожидаемом формате
2025-10-30 22:13:49,487 - WARNING - [получить_торговые_центры_в_районе] - На странице 5 нет данных в ожидаемом формате
2025-10-30 22:13:49,488 - INFO - [получить_торговые_центры_в_районе] - Завершение сбора для района Нагатино-Садовники. Найдено торговых центров: 6
2025-10-30 22:13:49,490 - INFO - [<cell line: 0>] - Район 'Нагатино-Садовники' завершен. Торговых центров: 6
2025-10-30 22:13:50,492 - INFO - [<cell line: 0>] - [68/132] Обработка района: Нагатинский Затон
2025-10-30 22:13:50,493 - INFO - [получить_торговые_центры_в_районе] - Начало сбора торговых центров для района: Нагатинский Затон (ID: 4504209512726603)
2025-10-30 22:13:50,903 - INFO - [получить_торговые_центры_в_районе] - Загружено 7 торговых центров со страницы 1
2025-10-30 22:13:51,816 - WARNING - [получить_торговые_центры_в_районе] - На странице 2 нет данных в ожидаемом формате
2025-10-30 22:13:52,725 - WARNING - [получить_торговые_центры_в_районе] - На странице 3 нет данных в ожидаемом формате
2025-10-30 22:13:53,635 - WARNING - [получить_торговые_центры_в_районе] - На странице 4 нет данных в ожидаемом формате
2025-10-30 22:13:54,547 - WARNING - [получить_торговые_центры_в_районе] - На странице 5 нет данных в ожидаемом формате
2025-10-30 22:13:54,547 - INFO - [получить_торговые_центры_в_районе] - Завершение сбора для района Нагатинский Затон. Найдено торговых центров: 7
2025-10-30 22:13:54,549 - INFO - [<cell line: 0>] - Район 'Нагатинский Затон' завершен. Торговых центров: 7
2025-10-30 22:13:55,551 - INFO - [<cell line: 0>] - [69/132] Обработка района: Нагорный
2025-10-30 22:13:55,552 - INFO - [получить_торговые_центры_в_районе] - Начало сбора торговых центров для района: Нагорный (ID: 4504209512726606)
2025-10-30 22:13:55,968 - INFO - [получить_торговые_центры_в_районе] - Загружено 6 торговых центров со страницы 1
2025-10-30 22:13:56,915 - WARNING - [получить_торговые_центры_в_районе] - На странице 2 нет данных в ожидаемом формате
2025-10-30 22:13:57,821 - WARNING - [получить_торговые_центры_в_районе] - На странице 3 нет данных в ожидаемом формате
2025-10-30 22:13:58,724 - WARNING - [получить_торговые_центры_в_районе] - На странице 4 нет данных в ожидаемом формате
2025-10-30 22:13:59,685 - WARNING - [получить_торговые_центры_в_районе] - На странице 5 нет данных в ожидаемом формате
2025-10-30 22:13:59,686 - INFO - [получить_торговые_центры_в_районе] - Завершение сбора для района Нагорный. Найдено торговых центров: 6
2025-10-30 22:13:59,687 - INFO - [<cell line: 0>] - Район 'Нагорный' завершен. Торговых центров: 6
2025-10-30 22:14:00,688 - INFO - [<cell line: 0>] - [70/132] Обработка района: Некрасовка
2025-10-30 22:14:00,689 - INFO - [получить_торговые_центры_в_районе] - Начало сбора торговых центров для района: Некрасовка (ID: 4504209512726599)
2025-10-30 22:14:01,103 - INFO - [получить_торговые_центры_в_районе] - Загружено 3 торговых центров со страницы 1
2025-10-30 22:14:02,030 - WARNING - [получить_торговые_центры_в_районе] - На странице 2 нет данных в ожидаемом формате
2025-10-30 22:14:02,959 - WARNING - [получить_торговые_центры_в_районе] - На странице 3 нет данных в ожидаемом формате
2025-10-30 22:14:03,870 - WARNING - [получить_торговые_центры_в_районе] - На странице 4 нет данных в ожидаемом формате
2025-10-30 22:14:04,777 - WARNING - [получить_торговые_центры_в_районе] - На странице 5 нет данных в ожидаемом формате
2025-10-30 22:14:04,778 - INFO - [получить_торговые_центры_в_районе] - Завершение сбора для района Некрасовка. Найдено торговых центров: 3
2025-10-30 22:14:04,779 - INFO - [<cell line: 0>] - Район 'Некрасовка' завершен. Торговых центров: 3
2025-10-30 22:14:05,782 - INFO - [<cell line: 0>] - [71/132] Обработка района: Нижегородский
2025-10-30 22:14:05,783 - INFO - [получить_торговые_центры_в_районе] - Начало сбора торговых центров для района: Нижегородский (ID: 4504209512726591)
2025-10-30 22:14:06,210 - INFO - [получить_торговые_центры_в_районе] - Загружено 4 торговых центров со страницы 1
2025-10-30 22:14:07,112 - WARNING - [получить_торговые_центры_в_районе] - На странице 2 нет данных в ожидаемом формате
2025-10-30 22:14:08,032 - WARNING - [получить_торговые_центры_в_районе] - На странице 3 нет данных в ожидаемом формате
2025-10-30 22:14:08,934 - WARNING - [получить_торговые_центры_в_районе] - На странице 4 нет данных в ожидаемом формате
2025-10-30 22:14:09,866 - WARNING - [получить_торговые_центры_в_районе] - На странице 5 нет данных в ожидаемом формате
2025-10-30 22:14:09,867 - INFO - [получить_торговые_центры_в_районе] - Завершение сбора для района Нижегородский. Найдено торговых центров: 4
2025-10-30 22:14:09,868 - INFO - [<cell line: 0>] - Район 'Нижегородский' завершен. Торговых центров: 4
2025-10-30 22:14:10,869 - INFO - [<cell line: 0>] - [72/132] Обработка района: Новогиреево
2025-10-30 22:14:10,870 - INFO - [получить_торговые_центры_в_районе] - Начало сбора торговых центров для района: Новогиреево (ID: 4504209512726580)
2025-10-30 22:14:11,287 - INFO - [получить_торговые_центры_в_районе] - Загружено 10 торговых центров со страницы 1
2025-10-30 22:14:12,217 - INFO - [получить_торговые_центры_в_районе] - Загружено 1 торговых центров со страницы 2
2025-10-30 22:14:13,130 - WARNING - [получить_торговые_центры_в_районе] - На странице 3 нет данных в ожидаемом формате
2025-10-30 22:14:14,023 - WARNING - [получить_торговые_центры_в_районе] - На странице 4 нет данных в ожидаемом формате
2025-10-30 22:14:14,932 - WARNING - [получить_торговые_центры_в_районе] - На странице 5 нет данных в ожидаемом формате
2025-10-30 22:14:14,933 - INFO - [получить_торговые_центры_в_районе] - Завершение сбора для района Новогиреево. Найдено торговых центров: 11
2025-10-30 22:14:14,934 - INFO - [<cell line: 0>] - Район 'Новогиреево' завершен. Торговых центров: 11
2025-10-30 22:14:15,935 - INFO - [<cell line: 0>] - [73/132] Обработка района: Новокосино
2025-10-30 22:14:15,936 - INFO - [получить_торговые_центры_в_районе] - Начало сбора торговых центров для района: Новокосино (ID: 4504209512726576)
2025-10-30 22:14:16,477 - INFO - [получить_торговые_центры_в_районе] - Загружено 9 торговых центров со страницы 1
2025-10-30 22:14:17,378 - WARNING - [получить_торговые_центры_в_районе] - На странице 2 нет данных в ожидаемом формате
2025-10-30 22:14:18,369 - WARNING - [получить_торговые_центры_в_районе] - На странице 3 нет данных в ожидаемом формате
2025-10-30 22:14:19,273 - WARNING - [получить_торговые_центры_в_районе] - На странице 4 нет данных в ожидаемом формате
2025-10-30 22:14:20,174 - WARNING - [получить_торговые_центры_в_районе] - На странице 5 нет данных в ожидаемом формате
2025-10-30 22:14:20,175 - INFO - [получить_торговые_центры_в_районе] - Завершение сбора для района Новокосино. Найдено торговых центров: 9
2025-10-30 22:14:20,176 - INFO - [<cell line: 0>] - Район 'Новокосино' завершен. Торговых центров: 9
2025-10-30 22:14:21,178 - INFO - [<cell line: 0>] - [74/132] Обработка района: Ново-Переделкино
2025-10-30 22:14:21,179 - INFO - [получить_торговые_центры_в_районе] - Начало сбора торговых центров для района: Ново-Переделкино (ID: 4504209512726641)
2025-10-30 22:14:21,600 - INFO - [получить_торговые_центры_в_районе] - Загружено 8 торговых центров со страницы 1
2025-10-30 22:14:22,517 - WARNING - [получить_торговые_центры_в_районе] - На странице 2 нет данных в ожидаемом формате
2025-10-30 22:14:23,440 - WARNING - [получить_торговые_центры_в_районе] - На странице 3 нет данных в ожидаемом формате
2025-10-30 22:14:24,349 - WARNING - [получить_торговые_центры_в_районе] - На странице 4 нет данных в ожидаемом формате
2025-10-30 22:14:25,245 - WARNING - [получить_торговые_центры_в_районе] - На странице 5 нет данных в ожидаемом формате
2025-10-30 22:14:25,246 - INFO - [получить_торговые_центры_в_районе] - Завершение сбора для района Ново-Переделкино. Найдено торговых центров: 8
2025-10-30 22:14:25,248 - INFO - [<cell line: 0>] - Район 'Ново-Переделкино' завершен. Торговых центров: 8
2025-10-30 22:14:26,249 - INFO - [<cell line: 0>] - [75/132] Обработка района: Обручевский
2025-10-30 22:14:26,251 - INFO - [получить_торговые_центры_в_районе] - Начало сбора торговых центров для района: Обручевский (ID: 4504209512726622)
2025-10-30 22:14:26,669 - INFO - [получить_торговые_центры_в_районе] - Загружено 4 торговых центров со страницы 1
2025-10-30 22:14:27,571 - WARNING - [получить_торговые_центры_в_районе] - На странице 2 нет данных в ожидаемом формате
2025-10-30 22:14:28,472 - WARNING - [получить_торговые_центры_в_районе] - На странице 3 нет данных в ожидаемом формате
2025-10-30 22:14:29,372 - WARNING - [получить_торговые_центры_в_районе] - На странице 4 нет данных в ожидаемом формате
2025-10-30 22:14:30,287 - WARNING - [получить_торговые_центры_в_районе] - На странице 5 нет данных в ожидаемом формате
2025-10-30 22:14:30,288 - INFO - [получить_торговые_центры_в_районе] - Завершение сбора для района Обручевский. Найдено торговых центров: 4
2025-10-30 22:14:30,289 - INFO - [<cell line: 0>] - Район 'Обручевский' завершен. Торговых центров: 4
2025-10-30 22:14:31,290 - INFO - [<cell line: 0>] - [76/132] Обработка района: Орехово-Борисово Северное
2025-10-30 22:14:31,291 - INFO - [получить_торговые_центры_в_районе] - Начало сбора торговых центров для района: Орехово-Борисово Северное (ID: 4504209512726616)
2025-10-30 22:14:31,719 - INFO - [получить_торговые_центры_в_районе] - Загружено 9 торговых центров со страницы 1
2025-10-30 22:14:32,628 - WARNING - [получить_торговые_центры_в_районе] - На странице 2 нет данных в ожидаемом формате
2025-10-30 22:14:33,529 - WARNING - [получить_торговые_центры_в_районе] - На странице 3 нет данных в ожидаемом формате
2025-10-30 22:14:34,433 - WARNING - [получить_торговые_центры_в_районе] - На странице 4 нет данных в ожидаемом формате
2025-10-30 22:14:35,346 - WARNING - [получить_торговые_центры_в_районе] - На странице 5 нет данных в ожидаемом формате
2025-10-30 22:14:35,347 - INFO - [получить_торговые_центры_в_районе] - Завершение сбора для района Орехово-Борисово Северное. Найдено торговых центров: 9
2025-10-30 22:14:35,350 - INFO - [<cell line: 0>] - Район 'Орехово-Борисово Северное' завершен. Торговых центров: 9
2025-10-30 22:14:36,352 - INFO - [<cell line: 0>] - [77/132] Обработка района: Орехово-Борисово Южное
2025-10-30 22:14:36,353 - INFO - [получить_торговые_центры_в_районе] - Начало сбора торговых центров для района: Орехово-Борисово Южное (ID: 4504209512726610)
2025-10-30 22:14:36,755 - INFO - [получить_торговые_центры_в_районе] - Загружено 7 торговых центров со страницы 1
2025-10-30 22:14:37,648 - WARNING - [получить_торговые_центры_в_районе] - На странице 2 нет данных в ожидаемом формате
2025-10-30 22:14:38,577 - WARNING - [получить_торговые_центры_в_районе] - На странице 3 нет данных в ожидаемом формате
2025-10-30 22:14:39,501 - WARNING - [получить_торговые_центры_в_районе] - На странице 4 нет данных в ожидаемом формате
2025-10-30 22:14:40,403 - WARNING - [получить_торговые_центры_в_районе] - На странице 5 нет данных в ожидаемом формате
2025-10-30 22:14:40,404 - INFO - [получить_торговые_центры_в_районе] - Завершение сбора для района Орехово-Борисово Южное. Найдено торговых центров: 7
2025-10-30 22:14:40,405 - INFO - [<cell line: 0>] - Район 'Орехово-Борисово Южное' завершен. Торговых центров: 7
2025-10-30 22:14:41,406 - INFO - [<cell line: 0>] - [78/132] Обработка района: Останкинский
2025-10-30 22:14:41,407 - INFO - [получить_торговые_центры_в_районе] - Начало сбора торговых центров для района: Останкинский (ID: 4504209512726572)
2025-10-30 22:14:41,810 - INFO - [получить_торговые_центры_в_районе] - Загружено 4 торговых центров со страницы 1
2025-10-30 22:14:42,727 - WARNING - [получить_торговые_центры_в_районе] - На странице 2 нет данных в ожидаемом формате
2025-10-30 22:14:43,661 - WARNING - [получить_торговые_центры_в_районе] - На странице 3 нет данных в ожидаемом формате
2025-10-30 22:14:44,567 - WARNING - [получить_торговые_центры_в_районе] - На странице 4 нет данных в ожидаемом формате
2025-10-30 22:14:45,483 - WARNING - [получить_торговые_центры_в_районе] - На странице 5 нет данных в ожидаемом формате
2025-10-30 22:14:45,484 - INFO - [получить_торговые_центры_в_районе] - Завершение сбора для района Останкинский. Найдено торговых центров: 4
2025-10-30 22:14:45,485 - INFO - [<cell line: 0>] - Район 'Останкинский' завершен. Торговых центров: 4
2025-10-30 22:14:46,486 - INFO - [<cell line: 0>] - [79/132] Обработка района: Отрадное
2025-10-30 22:14:46,487 - INFO - [получить_торговые_центры_в_районе] - Начало сбора торговых центров для района: Отрадное (ID: 4504209512726569)
2025-10-30 22:14:47,153 - INFO - [получить_торговые_центры_в_районе] - Загружено 10 торговых центров со страницы 1
2025-10-30 22:14:48,183 - INFO - [получить_торговые_центры_в_районе] - Загружено 1 торговых центров со страницы 2
2025-10-30 22:14:49,080 - WARNING - [получить_торговые_центры_в_районе] - На странице 3 нет данных в ожидаемом формате
2025-10-30 22:14:49,985 - WARNING - [получить_торговые_центры_в_районе] - На странице 4 нет данных в ожидаемом формате
2025-10-30 22:14:50,905 - WARNING - [получить_торговые_центры_в_районе] - На странице 5 нет данных в ожидаемом формате
2025-10-30 22:14:50,907 - INFO - [получить_торговые_центры_в_районе] - Завершение сбора для района Отрадное. Найдено торговых центров: 11
2025-10-30 22:14:50,908 - INFO - [<cell line: 0>] - Район 'Отрадное' завершен. Торговых центров: 11
2025-10-30 22:14:51,909 - INFO - [<cell line: 0>] - [80/132] Обработка района: Очаково-Матвеевское
2025-10-30 22:14:51,912 - INFO - [получить_торговые_центры_в_районе] - Начало сбора торговых центров для района: Очаково-Матвеевское (ID: 4504209512726632)
2025-10-30 22:14:52,322 - INFO - [получить_торговые_центры_в_районе] - Загружено 10 торговых центров со страницы 1
2025-10-30 22:14:53,235 - INFO - [получить_торговые_центры_в_районе] - Загружено 1 торговых центров со страницы 2
2025-10-30 22:14:54,154 - WARNING - [получить_торговые_центры_в_районе] - На странице 3 нет данных в ожидаемом формате
2025-10-30 22:14:55,066 - WARNING - [получить_торговые_центры_в_районе] - На странице 4 нет данных в ожидаемом формате
2025-10-30 22:14:55,974 - WARNING - [получить_торговые_центры_в_районе] - На странице 5 нет данных в ожидаемом формате
2025-10-30 22:14:55,975 - INFO - [получить_торговые_центры_в_районе] - Завершение сбора для района Очаково-Матвеевское. Найдено торговых центров: 11
2025-10-30 22:14:55,976 - INFO - [<cell line: 0>] - Район 'Очаково-Матвеевское' завершен. Торговых центров: 11
2025-10-30 22:14:56,978 - INFO - [<cell line: 0>] - [81/132] Обработка района: Перово
2025-10-30 22:14:56,979 - INFO - [получить_торговые_центры_в_районе] - Начало сбора торговых центров для района: Перово (ID: 4504209512726581)
2025-10-30 22:14:57,388 - INFO - [получить_торговые_центры_в_районе] - Загружено 5 торговых центров со страницы 1
2025-10-30 22:14:58,284 - WARNING - [получить_торговые_центры_в_районе] - На странице 2 нет данных в ожидаемом формате
2025-10-30 22:14:59,199 - WARNING - [получить_торговые_центры_в_районе] - На странице 3 нет данных в ожидаемом формате
2025-10-30 22:15:00,102 - WARNING - [получить_торговые_центры_в_районе] - На странице 4 нет данных в ожидаемом формате
2025-10-30 22:15:01,014 - WARNING - [получить_торговые_центры_в_районе] - На странице 5 нет данных в ожидаемом формате
2025-10-30 22:15:01,015 - INFO - [получить_торговые_центры_в_районе] - Завершение сбора для района Перово. Найдено торговых центров: 5
2025-10-30 22:15:01,016 - INFO - [<cell line: 0>] - Район 'Перово' завершен. Торговых центров: 5
2025-10-30 22:15:02,018 - INFO - [<cell line: 0>] - [82/132] Обработка района: Печатники
2025-10-30 22:15:02,019 - INFO - [получить_торговые_центры_в_районе] - Начало сбора торговых центров для района: Печатники (ID: 4504209512726593)
2025-10-30 22:15:02,435 - INFO - [получить_торговые_центры_в_районе] - Загружено 6 торговых центров со страницы 1
2025-10-30 22:15:03,360 - WARNING - [получить_торговые_центры_в_районе] - На странице 2 нет данных в ожидаемом формате
2025-10-30 22:15:04,268 - WARNING - [получить_торговые_центры_в_районе] - На странице 3 нет данных в ожидаемом формате
2025-10-30 22:15:05,171 - WARNING - [получить_торговые_центры_в_районе] - На странице 4 нет данных в ожидаемом формате
2025-10-30 22:15:06,078 - WARNING - [получить_торговые_центры_в_районе] - На странице 5 нет данных в ожидаемом формате
2025-10-30 22:15:06,079 - INFO - [получить_торговые_центры_в_районе] - Завершение сбора для района Печатники. Найдено торговых центров: 6
2025-10-30 22:15:06,080 - INFO - [<cell line: 0>] - Район 'Печатники' завершен. Торговых центров: 6
2025-10-30 22:15:07,082 - INFO - [<cell line: 0>] - [83/132] Обработка района: Покровское-Стрешнево
2025-10-30 22:15:07,083 - INFO - [получить_торговые_центры_в_районе] - Начало сбора торговых центров для района: Покровское-Стрешнево (ID: 4504209512726650)
2025-10-30 22:15:07,491 - INFO - [получить_торговые_центры_в_районе] - Загружено 7 торговых центров со страницы 1
2025-10-30 22:15:08,400 - WARNING - [получить_торговые_центры_в_районе] - На странице 2 нет данных в ожидаемом формате
2025-10-30 22:15:09,336 - WARNING - [получить_торговые_центры_в_районе] - На странице 3 нет данных в ожидаемом формате
2025-10-30 22:15:10,228 - WARNING - [получить_торговые_центры_в_районе] - На странице 4 нет данных в ожидаемом формате
2025-10-30 22:15:11,156 - WARNING - [получить_торговые_центры_в_районе] - На странице 5 нет данных в ожидаемом формате
2025-10-30 22:15:11,157 - INFO - [получить_торговые_центры_в_районе] - Завершение сбора для района Покровское-Стрешнево. Найдено торговых центров: 7
2025-10-30 22:15:11,159 - INFO - [<cell line: 0>] - Район 'Покровское-Стрешнево' завершен. Торговых центров: 7
2025-10-30 22:15:12,161 - INFO - [<cell line: 0>] - [84/132] Обработка района: Преображенское
2025-10-30 22:15:12,162 - INFO - [получить_торговые_центры_в_районе] - Начало сбора торговых центров для района: Преображенское (ID: 4504209512726584)
2025-10-30 22:15:12,600 - INFO - [получить_торговые_центры_в_районе] - Загружено 3 торговых центров со страницы 1
2025-10-30 22:15:13,505 - WARNING - [получить_торговые_центры_в_районе] - На странице 2 нет данных в ожидаемом формате
2025-10-30 22:15:14,407 - WARNING - [получить_торговые_центры_в_районе] - На странице 3 нет данных в ожидаемом формате
2025-10-30 22:15:15,317 - WARNING - [получить_торговые_центры_в_районе] - На странице 4 нет данных в ожидаемом формате
2025-10-30 22:15:16,243 - WARNING - [получить_торговые_центры_в_районе] - На странице 5 нет данных в ожидаемом формате
2025-10-30 22:15:16,244 - INFO - [получить_торговые_центры_в_районе] - Завершение сбора для района Преображенское. Найдено торговых центров: 3
2025-10-30 22:15:16,246 - INFO - [<cell line: 0>] - Район 'Преображенское' завершен. Торговых центров: 3
2025-10-30 22:15:17,248 - INFO - [<cell line: 0>] - [85/132] Обработка района: Пресненский
2025-10-30 22:15:17,249 - INFO - [получить_торговые_центры_в_районе] - Начало сбора торговых центров для района: Пресненский (ID: 4504209512726539)
2025-10-30 22:15:17,806 - INFO - [получить_торговые_центры_в_районе] - Загружено 10 торговых центров со страницы 1
2025-10-30 22:15:18,705 - INFO - [получить_торговые_центры_в_районе] - Загружено 3 торговых центров со страницы 2
2025-10-30 22:15:19,639 - WARNING - [получить_торговые_центры_в_районе] - На странице 3 нет данных в ожидаемом формате
2025-10-30 22:15:20,562 - WARNING - [получить_торговые_центры_в_районе] - На странице 4 нет данных в ожидаемом формате
2025-10-30 22:15:21,479 - WARNING - [получить_торговые_центры_в_районе] - На странице 5 нет данных в ожидаемом формате
2025-10-30 22:15:21,480 - INFO - [получить_торговые_центры_в_районе] - Завершение сбора для района Пресненский. Найдено торговых центров: 13
2025-10-30 22:15:21,481 - INFO - [<cell line: 0>] - Район 'Пресненский' завершен. Торговых центров: 13
2025-10-30 22:15:22,483 - INFO - [<cell line: 0>] - [86/132] Обработка района: Проспект Вернадского
2025-10-30 22:15:22,484 - INFO - [получить_торговые_центры_в_районе] - Начало сбора торговых центров для района: Проспект Вернадского (ID: 4504209512726631)
2025-10-30 22:15:22,904 - INFO - [получить_торговые_центры_в_районе] - Загружено 4 торговых центров со страницы 1
2025-10-30 22:15:23,801 - WARNING - [получить_торговые_центры_в_районе] - На странице 2 нет данных в ожидаемом формате
2025-10-30 22:15:24,707 - WARNING - [получить_торговые_центры_в_районе] - На странице 3 нет данных в ожидаемом формате
2025-10-30 22:15:25,616 - WARNING - [получить_торговые_центры_в_районе] - На странице 4 нет данных в ожидаемом формате
2025-10-30 22:15:26,517 - WARNING - [получить_торговые_центры_в_районе] - На странице 5 нет данных в ожидаемом формате
2025-10-30 22:15:26,518 - INFO - [получить_торговые_центры_в_районе] - Завершение сбора для района Проспект Вернадского. Найдено торговых центров: 4
2025-10-30 22:15:26,520 - INFO - [<cell line: 0>] - Район 'Проспект Вернадского' завершен. Торговых центров: 4
2025-10-30 22:15:27,522 - INFO - [<cell line: 0>] - [87/132] Обработка района: Раменки
2025-10-30 22:15:27,523 - INFO - [получить_торговые_центры_в_районе] - Начало сбора торговых центров для района: Раменки (ID: 4504209512726639)
2025-10-30 22:15:27,966 - INFO - [получить_торговые_центры_в_районе] - Загружено 8 торговых центров со страницы 1
2025-10-30 22:15:28,863 - WARNING - [получить_торговые_центры_в_районе] - На странице 2 нет данных в ожидаемом формате
2025-10-30 22:15:29,769 - WARNING - [получить_торговые_центры_в_районе] - На странице 3 нет данных в ожидаемом формате
2025-10-30 22:15:30,681 - WARNING - [получить_торговые_центры_в_районе] - На странице 4 нет данных в ожидаемом формате
2025-10-30 22:15:31,603 - WARNING - [получить_торговые_центры_в_районе] - На странице 5 нет данных в ожидаемом формате
2025-10-30 22:15:31,604 - INFO - [получить_торговые_центры_в_районе] - Завершение сбора для района Раменки. Найдено торговых центров: 8
2025-10-30 22:15:31,606 - INFO - [<cell line: 0>] - Район 'Раменки' завершен. Торговых центров: 8
2025-10-30 22:15:32,607 - INFO - [<cell line: 0>] - [88/132] Обработка района: Ростокино
2025-10-30 22:15:32,608 - INFO - [получить_торговые_центры_в_районе] - Начало сбора торговых центров для района: Ростокино (ID: 4504209512726558)
2025-10-30 22:15:33,017 - INFO - [получить_торговые_центры_в_районе] - Загружено 1 торговых центров со страницы 1
2025-10-30 22:15:33,912 - WARNING - [получить_торговые_центры_в_районе] - На странице 2 нет данных в ожидаемом формате
2025-10-30 22:15:34,828 - WARNING - [получить_торговые_центры_в_районе] - На странице 3 нет данных в ожидаемом формате
2025-10-30 22:15:35,731 - WARNING - [получить_торговые_центры_в_районе] - На странице 4 нет данных в ожидаемом формате
2025-10-30 22:15:36,626 - WARNING - [получить_торговые_центры_в_районе] - На странице 5 нет данных в ожидаемом формате
2025-10-30 22:15:36,627 - INFO - [получить_торговые_центры_в_районе] - Завершение сбора для района Ростокино. Найдено торговых центров: 1
2025-10-30 22:15:36,628 - INFO - [<cell line: 0>] - Район 'Ростокино' завершен. Торговых центров: 1
2025-10-30 22:15:37,629 - INFO - [<cell line: 0>] - [89/132] Обработка района: Рязанский
2025-10-30 22:15:37,630 - INFO - [получить_торговые_центры_в_районе] - Начало сбора торговых центров для района: Рязанский (ID: 4504209512726595)
2025-10-30 22:15:38,046 - INFO - [получить_торговые_центры_в_районе] - Загружено 6 торговых центров со страницы 1
2025-10-30 22:15:38,956 - WARNING - [получить_торговые_центры_в_районе] - На странице 2 нет данных в ожидаемом формате
2025-10-30 22:15:39,860 - WARNING - [получить_торговые_центры_в_районе] - На странице 3 нет данных в ожидаемом формате
2025-10-30 22:15:40,769 - WARNING - [получить_торговые_центры_в_районе] - На странице 4 нет данных в ожидаемом формате
2025-10-30 22:15:41,689 - WARNING - [получить_торговые_центры_в_районе] - На странице 5 нет данных в ожидаемом формате
2025-10-30 22:15:41,690 - INFO - [получить_торговые_центры_в_районе] - Завершение сбора для района Рязанский. Найдено торговых центров: 6
2025-10-30 22:15:41,691 - INFO - [<cell line: 0>] - Район 'Рязанский' завершен. Торговых центров: 6
2025-10-30 22:15:42,692 - INFO - [<cell line: 0>] - [90/132] Обработка района: Савёлки
2025-10-30 22:15:42,693 - INFO - [получить_торговые_центры_в_районе] - Начало сбора торговых центров для района: Савёлки (ID: 4504209512726658)
2025-10-30 22:15:43,095 - INFO - [получить_торговые_центры_в_районе] - Загружено 2 торговых центров со страницы 1
2025-10-30 22:15:43,993 - WARNING - [получить_торговые_центры_в_районе] - На странице 2 нет данных в ожидаемом формате
2025-10-30 22:15:44,907 - WARNING - [получить_торговые_центры_в_районе] - На странице 3 нет данных в ожидаемом формате
2025-10-30 22:15:45,804 - WARNING - [получить_торговые_центры_в_районе] - На странице 4 нет данных в ожидаемом формате
2025-10-30 22:15:46,714 - WARNING - [получить_торговые_центры_в_районе] - На странице 5 нет данных в ожидаемом формате
2025-10-30 22:15:46,714 - INFO - [получить_торговые_центры_в_районе] - Завершение сбора для района Савёлки. Найдено торговых центров: 2
2025-10-30 22:15:46,716 - INFO - [<cell line: 0>] - Район 'Савёлки' завершен. Торговых центров: 2
2025-10-30 22:15:47,717 - INFO - [<cell line: 0>] - [91/132] Обработка района: Савёловский
2025-10-30 22:15:47,718 - INFO - [получить_торговые_центры_в_районе] - Начало сбора торговых центров для района: Савёловский (ID: 4504209512726548)
2025-10-30 22:15:48,242 - INFO - [получить_торговые_центры_в_районе] - Загружено 2 торговых центров со страницы 1
2025-10-30 22:15:49,149 - WARNING - [получить_торговые_центры_в_районе] - На странице 2 нет данных в ожидаемом формате
2025-10-30 22:15:50,310 - WARNING - [получить_торговые_центры_в_районе] - На странице 3 нет данных в ожидаемом формате
2025-10-30 22:15:51,336 - WARNING - [получить_торговые_центры_в_районе] - На странице 4 нет данных в ожидаемом формате
2025-10-30 22:15:52,243 - WARNING - [получить_торговые_центры_в_районе] - На странице 5 нет данных в ожидаемом формате
2025-10-30 22:15:52,244 - INFO - [получить_торговые_центры_в_районе] - Завершение сбора для района Савёловский. Найдено торговых центров: 2
2025-10-30 22:15:52,246 - INFO - [<cell line: 0>] - Район 'Савёловский' завершен. Торговых центров: 2
2025-10-30 22:15:53,247 - INFO - [<cell line: 0>] - [92/132] Обработка района: Свиблово
2025-10-30 22:15:53,248 - INFO - [получить_торговые_центры_в_районе] - Начало сбора торговых центров для района: Свиблово (ID: 4504209512726563)
2025-10-30 22:15:53,659 - INFO - [получить_торговые_центры_в_районе] - Загружено 4 торговых центров со страницы 1
2025-10-30 22:15:54,553 - WARNING - [получить_торговые_центры_в_районе] - На странице 2 нет данных в ожидаемом формате
2025-10-30 22:15:55,462 - WARNING - [получить_торговые_центры_в_районе] - На странице 3 нет данных в ожидаемом формате
2025-10-30 22:15:56,360 - WARNING - [получить_торговые_центры_в_районе] - На странице 4 нет данных в ожидаемом формате
2025-10-30 22:15:57,268 - WARNING - [получить_торговые_центры_в_районе] - На странице 5 нет данных в ожидаемом формате
2025-10-30 22:15:57,269 - INFO - [получить_торговые_центры_в_районе] - Завершение сбора для района Свиблово. Найдено торговых центров: 4
2025-10-30 22:15:57,270 - INFO - [<cell line: 0>] - Район 'Свиблово' завершен. Торговых центров: 4
2025-10-30 22:15:58,271 - INFO - [<cell line: 0>] - [93/132] Обработка района: Северное Бутово
2025-10-30 22:15:58,272 - INFO - [получить_торговые_центры_в_районе] - Начало сбора торговых центров для района: Северное Бутово (ID: 4504209512726618)
2025-10-30 22:15:58,695 - INFO - [получить_торговые_центры_в_районе] - Загружено 10 торговых центров со страницы 1
2025-10-30 22:15:59,612 - INFO - [получить_торговые_центры_в_районе] - Загружено 4 торговых центров со страницы 2
2025-10-30 22:16:00,536 - WARNING - [получить_торговые_центры_в_районе] - На странице 3 нет данных в ожидаемом формате
2025-10-30 22:16:01,435 - WARNING - [получить_торговые_центры_в_районе] - На странице 4 нет данных в ожидаемом формате
2025-10-30 22:16:02,358 - WARNING - [получить_торговые_центры_в_районе] - На странице 5 нет данных в ожидаемом формате
2025-10-30 22:16:02,359 - INFO - [получить_торговые_центры_в_районе] - Завершение сбора для района Северное Бутово. Найдено торговых центров: 14
2025-10-30 22:16:02,360 - INFO - [<cell line: 0>] - Район 'Северное Бутово' завершен. Торговых центров: 14
2025-10-30 22:16:03,363 - INFO - [<cell line: 0>] - [94/132] Обработка района: Северное Измайлово
2025-10-30 22:16:03,364 - INFO - [получить_торговые_центры_в_районе] - Начало сбора торговых центров для района: Северное Измайлово (ID: 4504209512726583)
2025-10-30 22:16:03,779 - INFO - [получить_торговые_центры_в_районе] - Загружено 8 торговых центров со страницы 1
2025-10-30 22:16:04,678 - WARNING - [получить_торговые_центры_в_районе] - На странице 2 нет данных в ожидаемом формате
2025-10-30 22:16:05,618 - WARNING - [получить_торговые_центры_в_районе] - На странице 3 нет данных в ожидаемом формате
2025-10-30 22:16:06,525 - WARNING - [получить_торговые_центры_в_районе] - На странице 4 нет данных в ожидаемом формате
2025-10-30 22:16:07,432 - WARNING - [получить_торговые_центры_в_районе] - На странице 5 нет данных в ожидаемом формате
2025-10-30 22:16:07,433 - INFO - [получить_торговые_центры_в_районе] - Завершение сбора для района Северное Измайлово. Найдено торговых центров: 8
2025-10-30 22:16:07,434 - INFO - [<cell line: 0>] - Район 'Северное Измайлово' завершен. Торговых центров: 8
2025-10-30 22:16:08,435 - INFO - [<cell line: 0>] - [95/132] Обработка района: Северное Медведково
2025-10-30 22:16:08,436 - INFO - [получить_торговые_центры_в_районе] - Начало сбора торговых центров для района: Северное Медведково (ID: 4504209512726566)
2025-10-30 22:16:08,879 - INFO - [получить_торговые_центры_в_районе] - Загружено 6 торговых центров со страницы 1
2025-10-30 22:16:09,778 - WARNING - [получить_торговые_центры_в_районе] - На странице 2 нет данных в ожидаемом формате
2025-10-30 22:16:10,679 - WARNING - [получить_торговые_центры_в_районе] - На странице 3 нет данных в ожидаемом формате
2025-10-30 22:16:11,575 - WARNING - [получить_торговые_центры_в_районе] - На странице 4 нет данных в ожидаемом формате
2025-10-30 22:16:12,490 - WARNING - [получить_торговые_центры_в_районе] - На странице 5 нет данных в ожидаемом формате
2025-10-30 22:16:12,491 - INFO - [получить_торговые_центры_в_районе] - Завершение сбора для района Северное Медведково. Найдено торговых центров: 6
2025-10-30 22:16:12,493 - INFO - [<cell line: 0>] - Район 'Северное Медведково' завершен. Торговых центров: 6
2025-10-30 22:16:13,494 - INFO - [<cell line: 0>] - [96/132] Обработка района: Северное Тушино
2025-10-30 22:16:13,495 - INFO - [получить_торговые_центры_в_районе] - Начало сбора торговых центров для района: Северное Тушино (ID: 4504209512726646)
2025-10-30 22:16:13,903 - INFO - [получить_торговые_центры_в_районе] - Загружено 5 торговых центров со страницы 1
2025-10-30 22:16:14,823 - WARNING - [получить_торговые_центры_в_районе] - На странице 2 нет данных в ожидаемом формате
2025-10-30 22:16:15,767 - WARNING - [получить_торговые_центры_в_районе] - На странице 3 нет данных в ожидаемом формате
2025-10-30 22:16:16,692 - WARNING - [получить_торговые_центры_в_районе] - На странице 4 нет данных в ожидаемом формате
2025-10-30 22:16:17,702 - WARNING - [получить_торговые_центры_в_районе] - На странице 5 нет данных в ожидаемом формате
2025-10-30 22:16:17,703 - INFO - [получить_торговые_центры_в_районе] - Завершение сбора для района Северное Тушино. Найдено торговых центров: 5
2025-10-30 22:16:17,705 - INFO - [<cell line: 0>] - Район 'Северное Тушино' завершен. Торговых центров: 5
2025-10-30 22:16:18,706 - INFO - [<cell line: 0>] - [97/132] Обработка района: Северный
2025-10-30 22:16:18,707 - INFO - [получить_торговые_центры_в_районе] - Начало сбора торговых центров для района: Северный (ID: 4504209512726573)
2025-10-30 22:16:19,124 - INFO - [получить_торговые_центры_в_районе] - Загружено 6 торговых центров со страницы 1
2025-10-30 22:16:20,023 - WARNING - [получить_торговые_центры_в_районе] - На странице 2 нет данных в ожидаемом формате
2025-10-30 22:16:21,047 - WARNING - [получить_торговые_центры_в_районе] - На странице 3 нет данных в ожидаемом формате
2025-10-30 22:16:21,942 - WARNING - [получить_торговые_центры_в_районе] - На странице 4 нет данных в ожидаемом формате
2025-10-30 22:16:22,842 - WARNING - [получить_торговые_центры_в_районе] - На странице 5 нет данных в ожидаемом формате
2025-10-30 22:16:22,843 - INFO - [получить_торговые_центры_в_районе] - Завершение сбора для района Северный. Найдено торговых центров: 6
2025-10-30 22:16:22,844 - INFO - [<cell line: 0>] - Район 'Северный' завершен. Торговых центров: 6
2025-10-30 22:16:23,845 - INFO - [<cell line: 0>] - [98/132] Обработка района: Силино
2025-10-30 22:16:23,846 - INFO - [получить_торговые_центры_в_районе] - Начало сбора торговых центров для района: Силино (ID: 4504209512726656)
2025-10-30 22:16:24,286 - INFO - [получить_торговые_центры_в_районе] - Загружено 5 торговых центров со страницы 1
2025-10-30 22:16:25,191 - WARNING - [получить_торговые_центры_в_районе] - На странице 2 нет данных в ожидаемом формате
2025-10-30 22:16:26,130 - WARNING - [получить_торговые_центры_в_районе] - На странице 3 нет данных в ожидаемом формате
2025-10-30 22:16:27,039 - WARNING - [получить_торговые_центры_в_районе] - На странице 4 нет данных в ожидаемом формате
2025-10-30 22:16:27,947 - WARNING - [получить_торговые_центры_в_районе] - На странице 5 нет данных в ожидаемом формате
2025-10-30 22:16:27,948 - INFO - [получить_торговые_центры_в_районе] - Завершение сбора для района Силино. Найдено торговых центров: 5
2025-10-30 22:16:27,950 - INFO - [<cell line: 0>] - Район 'Силино' завершен. Торговых центров: 5
2025-10-30 22:16:28,953 - INFO - [<cell line: 0>] - [99/132] Обработка района: Сокол
2025-10-30 22:16:28,953 - INFO - [получить_торговые_центры_в_районе] - Начало сбора торговых центров для района: Сокол (ID: 4504209512726552)
2025-10-30 22:16:29,358 - INFO - [получить_торговые_центры_в_районе] - Загружено 1 торговых центров со страницы 1
2025-10-30 22:16:30,279 - WARNING - [получить_торговые_центры_в_районе] - На странице 2 нет данных в ожидаемом формате
2025-10-30 22:16:31,186 - WARNING - [получить_торговые_центры_в_районе] - На странице 3 нет данных в ожидаемом формате
2025-10-30 22:16:32,102 - WARNING - [получить_торговые_центры_в_районе] - На странице 4 нет данных в ожидаемом формате
2025-10-30 22:16:33,006 - WARNING - [получить_торговые_центры_в_районе] - На странице 5 нет данных в ожидаемом формате
2025-10-30 22:16:33,007 - INFO - [получить_торговые_центры_в_районе] - Завершение сбора для района Сокол. Найдено торговых центров: 1
2025-10-30 22:16:33,009 - INFO - [<cell line: 0>] - Район 'Сокол' завершен. Торговых центров: 1
2025-10-30 22:16:34,010 - INFO - [<cell line: 0>] - [100/132] Обработка района: Соколиная Гора
2025-10-30 22:16:34,011 - INFO - [получить_торговые_центры_в_районе] - Начало сбора торговых центров для района: Соколиная Гора (ID: 4504209512726585)
2025-10-30 22:16:34,439 - INFO - [получить_торговые_центры_в_районе] - Загружено 10 торговых центров со страницы 1
2025-10-30 22:16:35,376 - INFO - [получить_торговые_центры_в_районе] - Загружено 3 торговых центров со страницы 2
2025-10-30 22:16:36,292 - WARNING - [получить_торговые_центры_в_районе] - На странице 3 нет данных в ожидаемом формате
2025-10-30 22:16:37,200 - WARNING - [получить_торговые_центры_в_районе] - На странице 4 нет данных в ожидаемом формате
2025-10-30 22:16:38,114 - WARNING - [получить_торговые_центры_в_районе] - На странице 5 нет данных в ожидаемом формате
2025-10-30 22:16:38,116 - INFO - [получить_торговые_центры_в_районе] - Завершение сбора для района Соколиная Гора. Найдено торговых центров: 13
2025-10-30 22:16:38,118 - INFO - [<cell line: 0>] - Район 'Соколиная Гора' завершен. Торговых центров: 13
2025-10-30 22:16:39,119 - INFO - [<cell line: 0>] - [101/132] Обработка района: Сокольники
2025-10-30 22:16:39,120 - INFO - [получить_торговые_центры_в_районе] - Начало сбора торговых центров для района: Сокольники (ID: 4504209512726582)
2025-10-30 22:16:39,606 - INFO - [получить_торговые_центры_в_районе] - Загружено 8 торговых центров со страницы 1
2025-10-30 22:16:40,519 - WARNING - [получить_торговые_центры_в_районе] - На странице 2 нет данных в ожидаемом формате
2025-10-30 22:16:41,446 - WARNING - [получить_торговые_центры_в_районе] - На странице 3 нет данных в ожидаемом формате
2025-10-30 22:16:42,364 - WARNING - [получить_торговые_центры_в_районе] - На странице 4 нет данных в ожидаемом формате
2025-10-30 22:16:43,272 - WARNING - [получить_торговые_центры_в_районе] - На странице 5 нет данных в ожидаемом формате
2025-10-30 22:16:43,273 - INFO - [получить_торговые_центры_в_районе] - Завершение сбора для района Сокольники. Найдено торговых центров: 8
2025-10-30 22:16:43,274 - INFO - [<cell line: 0>] - Район 'Сокольники' завершен. Торговых центров: 8
2025-10-30 22:16:44,276 - INFO - [<cell line: 0>] - [102/132] Обработка района: Солнцево
2025-10-30 22:16:44,277 - INFO - [получить_торговые_центры_в_районе] - Начало сбора торговых центров для района: Солнцево (ID: 4504209512726640)
2025-10-30 22:16:44,685 - INFO - [получить_торговые_центры_в_районе] - Загружено 10 торговых центров со страницы 1
2025-10-30 22:16:45,591 - INFO - [получить_торговые_центры_в_районе] - Загружено 5 торговых центров со страницы 2
2025-10-30 22:16:46,486 - WARNING - [получить_торговые_центры_в_районе] - На странице 3 нет данных в ожидаемом формате
2025-10-30 22:16:47,395 - WARNING - [получить_торговые_центры_в_районе] - На странице 4 нет данных в ожидаемом формате
2025-10-30 22:16:48,433 - WARNING - [получить_торговые_центры_в_районе] - На странице 5 нет данных в ожидаемом формате
2025-10-30 22:16:48,434 - INFO - [получить_торговые_центры_в_районе] - Завершение сбора для района Солнцево. Найдено торговых центров: 15
2025-10-30 22:16:48,436 - INFO - [<cell line: 0>] - Район 'Солнцево' завершен. Торговых центров: 15
2025-10-30 22:16:49,437 - INFO - [<cell line: 0>] - [103/132] Обработка района: Старое Крюково
2025-10-30 22:16:49,438 - INFO - [получить_торговые_центры_в_районе] - Начало сбора торговых центров для района: Старое Крюково (ID: 4504209512726655)
2025-10-30 22:16:49,868 - INFO - [получить_торговые_центры_в_районе] - Загружено 2 торговых центров со страницы 1
2025-10-30 22:16:50,902 - WARNING - [получить_торговые_центры_в_районе] - На странице 2 нет данных в ожидаемом формате
2025-10-30 22:16:51,810 - WARNING - [получить_торговые_центры_в_районе] - На странице 3 нет данных в ожидаемом формате
2025-10-30 22:16:52,711 - WARNING - [получить_торговые_центры_в_районе] - На странице 4 нет данных в ожидаемом формате
2025-10-30 22:16:53,605 - WARNING - [получить_торговые_центры_в_районе] - На странице 5 нет данных в ожидаемом формате
2025-10-30 22:16:53,606 - INFO - [получить_торговые_центры_в_районе] - Завершение сбора для района Старое Крюково. Найдено торговых центров: 2
2025-10-30 22:16:53,608 - INFO - [<cell line: 0>] - Район 'Старое Крюково' завершен. Торговых центров: 2
2025-10-30 22:16:54,610 - INFO - [<cell line: 0>] - [104/132] Обработка района: Строгино
2025-10-30 22:16:54,610 - INFO - [получить_торговые_центры_в_районе] - Начало сбора торговых центров для района: Строгино (ID: 4504209512726644)
2025-10-30 22:16:55,014 - INFO - [получить_торговые_центры_в_районе] - Загружено 9 торговых центров со страницы 1
2025-10-30 22:16:55,912 - WARNING - [получить_торговые_центры_в_районе] - На странице 2 нет данных в ожидаемом формате
2025-10-30 22:16:56,807 - WARNING - [получить_торговые_центры_в_районе] - На странице 3 нет данных в ожидаемом формате
2025-10-30 22:16:57,717 - WARNING - [получить_торговые_центры_в_районе] - На странице 4 нет данных в ожидаемом формате
2025-10-30 22:16:58,619 - WARNING - [получить_торговые_центры_в_районе] - На странице 5 нет данных в ожидаемом формате
2025-10-30 22:16:58,620 - INFO - [получить_торговые_центры_в_районе] - Завершение сбора для района Строгино. Найдено торговых центров: 9
2025-10-30 22:16:58,622 - INFO - [<cell line: 0>] - Район 'Строгино' завершен. Торговых центров: 9
2025-10-30 22:16:59,623 - INFO - [<cell line: 0>] - [105/132] Обработка района: Таганский
2025-10-30 22:16:59,624 - INFO - [получить_торговые_центры_в_районе] - Начало сбора торговых центров для района: Таганский (ID: 4504209512726538)
2025-10-30 22:17:00,055 - INFO - [получить_торговые_центры_в_районе] - Загружено 10 торговых центров со страницы 1
2025-10-30 22:17:00,983 - INFO - [получить_торговые_центры_в_районе] - Загружено 6 торговых центров со страницы 2
2025-10-30 22:17:01,888 - WARNING - [получить_торговые_центры_в_районе] - На странице 3 нет данных в ожидаемом формате
2025-10-30 22:17:02,853 - WARNING - [получить_торговые_центры_в_районе] - На странице 4 нет данных в ожидаемом формате
2025-10-30 22:17:03,757 - WARNING - [получить_торговые_центры_в_районе] - На странице 5 нет данных в ожидаемом формате
2025-10-30 22:17:03,758 - INFO - [получить_торговые_центры_в_районе] - Завершение сбора для района Таганский. Найдено торговых центров: 16
2025-10-30 22:17:03,759 - INFO - [<cell line: 0>] - Район 'Таганский' завершен. Торговых центров: 16
2025-10-30 22:17:04,761 - INFO - [<cell line: 0>] - [106/132] Обработка района: Тверской
2025-10-30 22:17:04,762 - INFO - [получить_торговые_центры_в_районе] - Начало сбора торговых центров для района: Тверской (ID: 4504209512726536)
2025-10-30 22:17:05,181 - INFO - [получить_торговые_центры_в_районе] - Загружено 10 торговых центров со страницы 1
2025-10-30 22:17:06,089 - INFO - [получить_торговые_центры_в_районе] - Загружено 6 торговых центров со страницы 2
2025-10-30 22:17:06,984 - WARNING - [получить_торговые_центры_в_районе] - На странице 3 нет данных в ожидаемом формате
2025-10-30 22:17:07,882 - WARNING - [получить_торговые_центры_в_районе] - На странице 4 нет данных в ожидаемом формате
2025-10-30 22:17:08,793 - WARNING - [получить_торговые_центры_в_районе] - На странице 5 нет данных в ожидаемом формате
2025-10-30 22:17:08,794 - INFO - [получить_торговые_центры_в_районе] - Завершение сбора для района Тверской. Найдено торговых центров: 16
2025-10-30 22:17:08,795 - INFO - [<cell line: 0>] - Район 'Тверской' завершен. Торговых центров: 16
2025-10-30 22:17:09,796 - INFO - [<cell line: 0>] - [107/132] Обработка района: Текстильщики
2025-10-30 22:17:09,797 - INFO - [получить_торговые_центры_в_районе] - Начало сбора торговых центров для района: Текстильщики (ID: 4504209512726594)
2025-10-30 22:17:10,207 - INFO - [получить_торговые_центры_в_районе] - Загружено 2 торговых центров со страницы 1
2025-10-30 22:17:11,103 - WARNING - [получить_торговые_центры_в_районе] - На странице 2 нет данных в ожидаемом формате
2025-10-30 22:17:12,018 - WARNING - [получить_торговые_центры_в_районе] - На странице 3 нет данных в ожидаемом формате
2025-10-30 22:17:12,925 - WARNING - [получить_торговые_центры_в_районе] - На странице 4 нет данных в ожидаемом формате
2025-10-30 22:17:13,840 - WARNING - [получить_торговые_центры_в_районе] - На странице 5 нет данных в ожидаемом формате
2025-10-30 22:17:13,841 - INFO - [получить_торговые_центры_в_районе] - Завершение сбора для района Текстильщики. Найдено торговых центров: 2
2025-10-30 22:17:13,843 - INFO - [<cell line: 0>] - Район 'Текстильщики' завершен. Торговых центров: 2
2025-10-30 22:17:14,844 - INFO - [<cell line: 0>] - [108/132] Обработка района: Тёплый Стан
2025-10-30 22:17:14,845 - INFO - [получить_торговые_центры_в_районе] - Начало сбора торговых центров для района: Тёплый Стан (ID: 4504209512726621)
2025-10-30 22:17:15,252 - INFO - [получить_торговые_центры_в_районе] - Загружено 9 торговых центров со страницы 1
2025-10-30 22:17:16,176 - WARNING - [получить_торговые_центры_в_районе] - На странице 2 нет данных в ожидаемом формате
2025-10-30 22:17:17,076 - WARNING - [получить_торговые_центры_в_районе] - На странице 3 нет данных в ожидаемом формате
2025-10-30 22:17:17,987 - WARNING - [получить_торговые_центры_в_районе] - На странице 4 нет данных в ожидаемом формате
2025-10-30 22:17:19,014 - WARNING - [получить_торговые_центры_в_районе] - На странице 5 нет данных в ожидаемом формате
2025-10-30 22:17:19,015 - INFO - [получить_торговые_центры_в_районе] - Завершение сбора для района Тёплый Стан. Найдено торговых центров: 9
2025-10-30 22:17:19,016 - INFO - [<cell line: 0>] - Район 'Тёплый Стан' завершен. Торговых центров: 9
2025-10-30 22:17:20,017 - INFO - [<cell line: 0>] - [109/132] Обработка района: Тимирязевский
2025-10-30 22:17:20,018 - INFO - [получить_торговые_центры_в_районе] - Начало сбора торговых центров для района: Тимирязевский (ID: 4504209512726547)
2025-10-30 22:17:20,423 - INFO - [получить_торговые_центры_в_районе] - Загружено 4 торговых центров со страницы 1
2025-10-30 22:17:21,443 - WARNING - [получить_торговые_центры_в_районе] - На странице 2 нет данных в ожидаемом формате
2025-10-30 22:17:22,345 - WARNING - [получить_торговые_центры_в_районе] - На странице 3 нет данных в ожидаемом формате
2025-10-30 22:17:23,257 - WARNING - [получить_торговые_центры_в_районе] - На странице 4 нет данных в ожидаемом формате
2025-10-30 22:17:24,185 - WARNING - [получить_торговые_центры_в_районе] - На странице 5 нет данных в ожидаемом формате
2025-10-30 22:17:24,186 - INFO - [получить_торговые_центры_в_районе] - Завершение сбора для района Тимирязевский. Найдено торговых центров: 4
2025-10-30 22:17:24,188 - INFO - [<cell line: 0>] - Район 'Тимирязевский' завершен. Торговых центров: 4
2025-10-30 22:17:25,189 - INFO - [<cell line: 0>] - [110/132] Обработка района: Троицк
2025-10-30 22:17:25,190 - INFO - [получить_торговые_центры_в_районе] - Начало сбора торговых центров для района: Троицк (ID: 4504209520933741)
2025-10-30 22:17:25,607 - INFO - [получить_торговые_центры_в_районе] - Загружено 10 торговых центров со страницы 1
2025-10-30 22:17:26,524 - INFO - [получить_торговые_центры_в_районе] - Загружено 4 торговых центров со страницы 2
2025-10-30 22:17:27,444 - WARNING - [получить_торговые_центры_в_районе] - На странице 3 нет данных в ожидаемом формате
2025-10-30 22:17:28,343 - WARNING - [получить_торговые_центры_в_районе] - На странице 4 нет данных в ожидаемом формате
2025-10-30 22:17:29,255 - WARNING - [получить_торговые_центры_в_районе] - На странице 5 нет данных в ожидаемом формате
2025-10-30 22:17:29,256 - INFO - [получить_торговые_центры_в_районе] - Завершение сбора для района Троицк. Найдено торговых центров: 14
2025-10-30 22:17:29,257 - INFO - [<cell line: 0>] - Район 'Троицк' завершен. Торговых центров: 14
2025-10-30 22:17:30,259 - INFO - [<cell line: 0>] - [111/132] Обработка района: Тропарёво-Никулино
2025-10-30 22:17:30,260 - INFO - [получить_торговые_центры_в_районе] - Начало сбора торговых центров для района: Тропарёво-Никулино (ID: 4504209512726630)
2025-10-30 22:17:30,695 - INFO - [получить_торговые_центры_в_районе] - Загружено 10 торговых центров со страницы 1
2025-10-30 22:17:31,603 - INFO - [получить_торговые_центры_в_районе] - Загружено 5 торговых центров со страницы 2
2025-10-30 22:17:32,523 - WARNING - [получить_торговые_центры_в_районе] - На странице 3 нет данных в ожидаемом формате
2025-10-30 22:17:33,448 - WARNING - [получить_торговые_центры_в_районе] - На странице 4 нет данных в ожидаемом формате
2025-10-30 22:17:34,357 - WARNING - [получить_торговые_центры_в_районе] - На странице 5 нет данных в ожидаемом формате
2025-10-30 22:17:34,358 - INFO - [получить_торговые_центры_в_районе] - Завершение сбора для района Тропарёво-Никулино. Найдено торговых центров: 15
2025-10-30 22:17:34,359 - INFO - [<cell line: 0>] - Район 'Тропарёво-Никулино' завершен. Торговых центров: 15
2025-10-30 22:17:35,360 - INFO - [<cell line: 0>] - [112/132] Обработка района: Филёвский Парк
2025-10-30 22:17:35,361 - INFO - [получить_торговые_центры_в_районе] - Начало сбора торговых центров для района: Филёвский Парк (ID: 4504209512726636)
2025-10-30 22:17:35,809 - INFO - [получить_торговые_центры_в_районе] - Загружено 10 торговых центров со страницы 1
2025-10-30 22:17:36,722 - INFO - [получить_торговые_центры_в_районе] - Загружено 4 торговых центров со страницы 2
2025-10-30 22:17:37,622 - WARNING - [получить_торговые_центры_в_районе] - На странице 3 нет данных в ожидаемом формате
2025-10-30 22:17:38,530 - WARNING - [получить_торговые_центры_в_районе] - На странице 4 нет данных в ожидаемом формате
2025-10-30 22:17:39,444 - WARNING - [получить_торговые_центры_в_районе] - На странице 5 нет данных в ожидаемом формате
2025-10-30 22:17:39,445 - INFO - [получить_торговые_центры_в_районе] - Завершение сбора для района Филёвский Парк. Найдено торговых центров: 14
2025-10-30 22:17:39,449 - INFO - [<cell line: 0>] - Район 'Филёвский Парк' завершен. Торговых центров: 14
2025-10-30 22:17:40,450 - INFO - [<cell line: 0>] - [113/132] Обработка района: Фили-Давыдково
2025-10-30 22:17:40,451 - INFO - [получить_торговые_центры_в_районе] - Начало сбора торговых центров для района: Фили-Давыдково (ID: 4504209512726638)
2025-10-30 22:17:40,885 - INFO - [получить_торговые_центры_в_районе] - Загружено 8 торговых центров со страницы 1
2025-10-30 22:17:41,794 - WARNING - [получить_торговые_центры_в_районе] - На странице 2 нет данных в ожидаемом формате
2025-10-30 22:17:42,701 - WARNING - [получить_торговые_центры_в_районе] - На странице 3 нет данных в ожидаемом формате
2025-10-30 22:17:43,618 - WARNING - [получить_торговые_центры_в_районе] - На странице 4 нет данных в ожидаемом формате
2025-10-30 22:17:44,521 - WARNING - [получить_торговые_центры_в_районе] - На странице 5 нет данных в ожидаемом формате
2025-10-30 22:17:44,522 - INFO - [получить_торговые_центры_в_районе] - Завершение сбора для района Фили-Давыдково. Найдено торговых центров: 8
2025-10-30 22:17:44,524 - INFO - [<cell line: 0>] - Район 'Фили-Давыдково' завершен. Торговых центров: 8
2025-10-30 22:17:45,525 - INFO - [<cell line: 0>] - [114/132] Обработка района: Филимонковский
2025-10-30 22:17:45,526 - INFO - [получить_торговые_центры_в_районе] - Начало сбора торговых центров для района: Филимонковский (ID: 4504209520929329)
2025-10-30 22:17:45,955 - INFO - [получить_торговые_центры_в_районе] - Загружено 10 торговых центров со страницы 1
2025-10-30 22:17:46,872 - INFO - [получить_торговые_центры_в_районе] - Загружено 7 торговых центров со страницы 2
2025-10-30 22:17:47,770 - WARNING - [получить_торговые_центры_в_районе] - На странице 3 нет данных в ожидаемом формате
2025-10-30 22:17:48,810 - WARNING - [получить_торговые_центры_в_районе] - На странице 4 нет данных в ожидаемом формате
2025-10-30 22:17:49,726 - WARNING - [получить_торговые_центры_в_районе] - На странице 5 нет данных в ожидаемом формате
2025-10-30 22:17:49,727 - INFO - [получить_торговые_центры_в_районе] - Завершение сбора для района Филимонковский. Найдено торговых центров: 17
2025-10-30 22:17:49,730 - INFO - [<cell line: 0>] - Район 'Филимонковский' завершен. Торговых центров: 17
2025-10-30 22:17:50,731 - INFO - [<cell line: 0>] - [115/132] Обработка района: Хамовники
2025-10-30 22:17:50,732 - INFO - [получить_торговые_центры_в_районе] - Начало сбора торговых центров для района: Хамовники (ID: 4504209512726533)
2025-10-30 22:17:51,147 - INFO - [получить_торговые_центры_в_районе] - Загружено 1 торговых центров со страницы 1
2025-10-30 22:17:52,141 - WARNING - [получить_торговые_центры_в_районе] - На странице 2 нет данных в ожидаемом формате
2025-10-30 22:17:53,041 - WARNING - [получить_торговые_центры_в_районе] - На странице 3 нет данных в ожидаемом формате
2025-10-30 22:17:53,985 - WARNING - [получить_торговые_центры_в_районе] - На странице 4 нет данных в ожидаемом формате
2025-10-30 22:17:54,885 - WARNING - [получить_торговые_центры_в_районе] - На странице 5 нет данных в ожидаемом формате
2025-10-30 22:17:54,886 - INFO - [получить_торговые_центры_в_районе] - Завершение сбора для района Хамовники. Найдено торговых центров: 1
2025-10-30 22:17:54,888 - INFO - [<cell line: 0>] - Район 'Хамовники' завершен. Торговых центров: 1
2025-10-30 22:17:55,890 - INFO - [<cell line: 0>] - [116/132] Обработка района: Ховрино
2025-10-30 22:17:55,891 - INFO - [получить_торговые_центры_в_районе] - Начало сбора торговых центров для района: Ховрино (ID: 4504209512726555)
2025-10-30 22:17:56,320 - INFO - [получить_торговые_центры_в_районе] - Загружено 5 торговых центров со страницы 1
2025-10-30 22:17:57,236 - WARNING - [получить_торговые_центры_в_районе] - На странице 2 нет данных в ожидаемом формате
2025-10-30 22:17:58,142 - WARNING - [получить_торговые_центры_в_районе] - На странице 3 нет данных в ожидаемом формате
2025-10-30 22:17:59,076 - WARNING - [получить_торговые_центры_в_районе] - На странице 4 нет данных в ожидаемом формате
2025-10-30 22:17:59,988 - WARNING - [получить_торговые_центры_в_районе] - На странице 5 нет данных в ожидаемом формате
2025-10-30 22:17:59,989 - INFO - [получить_торговые_центры_в_районе] - Завершение сбора для района Ховрино. Найдено торговых центров: 5
2025-10-30 22:17:59,991 - INFO - [<cell line: 0>] - Район 'Ховрино' завершен. Торговых центров: 5
2025-10-30 22:18:00,994 - INFO - [<cell line: 0>] - [117/132] Обработка района: Хорошёво-Мнёвники
2025-10-30 22:18:00,995 - INFO - [получить_торговые_центры_в_районе] - Начало сбора торговых центров для района: Хорошёво-Мнёвники (ID: 4504209512726647)
2025-10-30 22:18:01,448 - INFO - [получить_торговые_центры_в_районе] - Загружено 1 торговых центров со страницы 1
2025-10-30 22:18:02,351 - WARNING - [получить_торговые_центры_в_районе] - На странице 2 нет данных в ожидаемом формате
2025-10-30 22:18:03,247 - WARNING - [получить_торговые_центры_в_районе] - На странице 3 нет данных в ожидаемом формате
2025-10-30 22:18:04,164 - WARNING - [получить_торговые_центры_в_районе] - На странице 4 нет данных в ожидаемом формате
2025-10-30 22:18:05,062 - WARNING - [получить_торговые_центры_в_районе] - На странице 5 нет данных в ожидаемом формате
2025-10-30 22:18:05,062 - INFO - [получить_торговые_центры_в_районе] - Завершение сбора для района Хорошёво-Мнёвники. Найдено торговых центров: 1
2025-10-30 22:18:05,064 - INFO - [<cell line: 0>] - Район 'Хорошёво-Мнёвники' завершен. Торговых центров: 1
2025-10-30 22:18:06,066 - INFO - [<cell line: 0>] - [118/132] Обработка района: Хорошёвский
2025-10-30 22:18:06,066 - INFO - [получить_торговые_центры_в_районе] - Начало сбора торговых центров для района: Хорошёвский (ID: 4504209512726553)
2025-10-30 22:18:06,468 - INFO - [получить_торговые_центры_в_районе] - Загружено 5 торговых центров со страницы 1
2025-10-30 22:18:07,376 - WARNING - [получить_торговые_центры_в_районе] - На странице 2 нет данных в ожидаемом формате
2025-10-30 22:18:08,271 - WARNING - [получить_торговые_центры_в_районе] - На странице 3 нет данных в ожидаемом формате
2025-10-30 22:18:09,190 - WARNING - [получить_торговые_центры_в_районе] - На странице 4 нет данных в ожидаемом формате
2025-10-30 22:18:10,092 - WARNING - [получить_торговые_центры_в_районе] - На странице 5 нет данных в ожидаемом формате
2025-10-30 22:18:10,093 - INFO - [получить_торговые_центры_в_районе] - Завершение сбора для района Хорошёвский. Найдено торговых центров: 5
2025-10-30 22:18:10,094 - INFO - [<cell line: 0>] - Район 'Хорошёвский' завершен. Торговых центров: 5
2025-10-30 22:18:11,095 - INFO - [<cell line: 0>] - [119/132] Обработка района: Царицыно
2025-10-30 22:18:11,096 - INFO - [получить_торговые_центры_в_районе] - Начало сбора торговых центров для района: Царицыно (ID: 4504209512726608)
2025-10-30 22:18:11,517 - INFO - [получить_торговые_центры_в_районе] - Загружено 5 торговых центров со страницы 1
2025-10-30 22:18:12,416 - WARNING - [получить_торговые_центры_в_районе] - На странице 2 нет данных в ожидаемом формате
2025-10-30 22:18:13,323 - WARNING - [получить_торговые_центры_в_районе] - На странице 3 нет данных в ожидаемом формате
2025-10-30 22:18:14,235 - WARNING - [получить_торговые_центры_в_районе] - На странице 4 нет данных в ожидаемом формате
2025-10-30 22:18:15,157 - WARNING - [получить_торговые_центры_в_районе] - На странице 5 нет данных в ожидаемом формате
2025-10-30 22:18:15,158 - INFO - [получить_торговые_центры_в_районе] - Завершение сбора для района Царицыно. Найдено торговых центров: 5
2025-10-30 22:18:15,160 - INFO - [<cell line: 0>] - Район 'Царицыно' завершен. Торговых центров: 5
2025-10-30 22:18:16,162 - INFO - [<cell line: 0>] - [120/132] Обработка района: Черёмушки
2025-10-30 22:18:16,163 - INFO - [получить_торговые_центры_в_районе] - Начало сбора торговых центров для района: Черёмушки (ID: 4504209512726627)
2025-10-30 22:18:16,583 - INFO - [получить_торговые_центры_в_районе] - Загружено 4 торговых центров со страницы 1
2025-10-30 22:18:17,488 - WARNING - [получить_торговые_центры_в_районе] - На странице 2 нет данных в ожидаемом формате
2025-10-30 22:18:18,398 - WARNING - [получить_торговые_центры_в_районе] - На странице 3 нет данных в ожидаемом формате
2025-10-30 22:18:19,343 - WARNING - [получить_торговые_центры_в_районе] - На странице 4 нет данных в ожидаемом формате
2025-10-30 22:18:20,474 - WARNING - [получить_торговые_центры_в_районе] - На странице 5 нет данных в ожидаемом формате
2025-10-30 22:18:20,475 - INFO - [получить_торговые_центры_в_районе] - Завершение сбора для района Черёмушки. Найдено торговых центров: 4
2025-10-30 22:18:20,477 - INFO - [<cell line: 0>] - Район 'Черёмушки' завершен. Торговых центров: 4
2025-10-30 22:18:21,479 - INFO - [<cell line: 0>] - [121/132] Обработка района: Чертаново Северное
2025-10-30 22:18:21,480 - INFO - [получить_торговые_центры_в_районе] - Начало сбора торговых центров для района: Чертаново Северное (ID: 4504209512726615)
2025-10-30 22:18:21,931 - INFO - [получить_торговые_центры_в_районе] - Загружено 10 торговых центров со страницы 1
2025-10-30 22:18:22,961 - INFO - [получить_торговые_центры_в_районе] - Загружено 4 торговых центров со страницы 2
2025-10-30 22:18:23,868 - WARNING - [получить_торговые_центры_в_районе] - На странице 3 нет данных в ожидаемом формате
2025-10-30 22:18:24,776 - WARNING - [получить_торговые_центры_в_районе] - На странице 4 нет данных в ожидаемом формате
2025-10-30 22:18:25,675 - WARNING - [получить_торговые_центры_в_районе] - На странице 5 нет данных в ожидаемом формате
2025-10-30 22:18:25,677 - INFO - [получить_торговые_центры_в_районе] - Завершение сбора для района Чертаново Северное. Найдено торговых центров: 14
2025-10-30 22:18:25,679 - INFO - [<cell line: 0>] - Район 'Чертаново Северное' завершен. Торговых центров: 14
2025-10-30 22:18:26,681 - INFO - [<cell line: 0>] - [122/132] Обработка района: Чертаново Центральное
2025-10-30 22:18:26,682 - INFO - [получить_торговые_центры_в_районе] - Начало сбора торговых центров для района: Чертаново Центральное (ID: 4504209512726614)
2025-10-30 22:18:27,099 - INFO - [получить_торговые_центры_в_районе] - Загружено 10 торговых центров со страницы 1
2025-10-30 22:18:27,997 - WARNING - [получить_торговые_центры_в_районе] - На странице 2 нет данных в ожидаемом формате
2025-10-30 22:18:28,903 - WARNING - [получить_торговые_центры_в_районе] - На странице 3 нет данных в ожидаемом формате
2025-10-30 22:18:29,814 - WARNING - [получить_торговые_центры_в_районе] - На странице 4 нет данных в ожидаемом формате
2025-10-30 22:18:30,727 - WARNING - [получить_торговые_центры_в_районе] - На странице 5 нет данных в ожидаемом формате
2025-10-30 22:18:30,728 - INFO - [получить_торговые_центры_в_районе] - Завершение сбора для района Чертаново Центральное. Найдено торговых центров: 10
2025-10-30 22:18:30,730 - INFO - [<cell line: 0>] - Район 'Чертаново Центральное' завершен. Торговых центров: 10
2025-10-30 22:18:31,732 - INFO - [<cell line: 0>] - [123/132] Обработка района: Чертаново Южное
2025-10-30 22:18:31,733 - INFO - [получить_торговые_центры_в_районе] - Начало сбора торговых центров для района: Чертаново Южное (ID: 4504209512726659)
2025-10-30 22:18:32,139 - INFO - [получить_торговые_центры_в_районе] - Загружено 10 торговых центров со страницы 1
2025-10-30 22:18:33,059 - INFO - [получить_торговые_центры_в_районе] - Загружено 2 торговых центров со страницы 2
2025-10-30 22:18:33,976 - WARNING - [получить_торговые_центры_в_районе] - На странице 3 нет данных в ожидаемом формате
2025-10-30 22:18:34,888 - WARNING - [получить_торговые_центры_в_районе] - На странице 4 нет данных в ожидаемом формате
2025-10-30 22:18:35,814 - WARNING - [получить_торговые_центры_в_районе] - На странице 5 нет данных в ожидаемом формате
2025-10-30 22:18:35,816 - INFO - [получить_торговые_центры_в_районе] - Завершение сбора для района Чертаново Южное. Найдено торговых центров: 12
2025-10-30 22:18:35,818 - INFO - [<cell line: 0>] - Район 'Чертаново Южное' завершен. Торговых центров: 12
2025-10-30 22:18:36,820 - INFO - [<cell line: 0>] - [124/132] Обработка района: Щербинка
2025-10-30 22:18:36,821 - INFO - [получить_торговые_центры_в_районе] - Начало сбора торговых центров для района: Щербинка (ID: 4504209520928047)
2025-10-30 22:18:37,227 - INFO - [получить_торговые_центры_в_районе] - Загружено 6 торговых центров со страницы 1
2025-10-30 22:18:38,143 - WARNING - [получить_торговые_центры_в_районе] - На странице 2 нет данных в ожидаемом формате
2025-10-30 22:18:39,042 - WARNING - [получить_торговые_центры_в_районе] - На странице 3 нет данных в ожидаемом формате
2025-10-30 22:18:39,962 - WARNING - [получить_торговые_центры_в_районе] - На странице 4 нет данных в ожидаемом формате
2025-10-30 22:18:40,864 - WARNING - [получить_торговые_центры_в_районе] - На странице 5 нет данных в ожидаемом формате
2025-10-30 22:18:40,865 - INFO - [получить_торговые_центры_в_районе] - Завершение сбора для района Щербинка. Найдено торговых центров: 6
2025-10-30 22:18:40,866 - INFO - [<cell line: 0>] - Район 'Щербинка' завершен. Торговых центров: 6
2025-10-30 22:18:41,867 - INFO - [<cell line: 0>] - [125/132] Обработка района: Щукино
2025-10-30 22:18:41,868 - INFO - [получить_торговые_центры_в_районе] - Начало сбора торговых центров для района: Щукино (ID: 4504209512726648)
2025-10-30 22:18:42,301 - INFO - [получить_торговые_центры_в_районе] - Загружено 8 торговых центров со страницы 1
2025-10-30 22:18:43,204 - WARNING - [получить_торговые_центры_в_районе] - На странице 2 нет данных в ожидаемом формате
2025-10-30 22:18:44,106 - WARNING - [получить_торговые_центры_в_районе] - На странице 3 нет данных в ожидаемом формате
2025-10-30 22:18:45,022 - WARNING - [получить_торговые_центры_в_районе] - На странице 4 нет данных в ожидаемом формате
2025-10-30 22:18:45,949 - WARNING - [получить_торговые_центры_в_районе] - На странице 5 нет данных в ожидаемом формате
2025-10-30 22:18:45,950 - INFO - [получить_торговые_центры_в_районе] - Завершение сбора для района Щукино. Найдено торговых центров: 8
2025-10-30 22:18:45,951 - INFO - [<cell line: 0>] - Район 'Щукино' завершен. Торговых центров: 8
2025-10-30 22:18:46,953 - INFO - [<cell line: 0>] - [126/132] Обработка района: Южное Бутово
2025-10-30 22:18:46,954 - INFO - [получить_торговые_центры_в_районе] - Начало сбора торговых центров для района: Южное Бутово (ID: 4504209512726619)
2025-10-30 22:18:47,376 - INFO - [получить_торговые_центры_в_районе] - Загружено 10 торговых центров со страницы 1
2025-10-30 22:18:48,284 - INFO - [получить_торговые_центры_в_районе] - Загружено 1 торговых центров со страницы 2
2025-10-30 22:18:49,180 - WARNING - [получить_торговые_центры_в_районе] - На странице 3 нет данных в ожидаемом формате
2025-10-30 22:18:50,090 - WARNING - [получить_торговые_центры_в_районе] - На странице 4 нет данных в ожидаемом формате
2025-10-30 22:18:51,118 - WARNING - [получить_торговые_центры_в_районе] - На странице 5 нет данных в ожидаемом формате
2025-10-30 22:18:51,119 - INFO - [получить_торговые_центры_в_районе] - Завершение сбора для района Южное Бутово. Найдено торговых центров: 11
2025-10-30 22:18:51,121 - INFO - [<cell line: 0>] - Район 'Южное Бутово' завершен. Торговых центров: 11
2025-10-30 22:18:52,123 - INFO - [<cell line: 0>] - [127/132] Обработка района: Южное Медведково
2025-10-30 22:18:52,124 - INFO - [получить_торговые_центры_в_районе] - Начало сбора торговых центров для района: Южное Медведково (ID: 4504209512726561)
2025-10-30 22:18:52,531 - INFO - [получить_торговые_центры_в_районе] - Загружено 2 торговых центров со страницы 1
2025-10-30 22:18:53,444 - WARNING - [получить_торговые_центры_в_районе] - На странице 2 нет данных в ожидаемом формате
2025-10-30 22:18:54,484 - WARNING - [получить_торговые_центры_в_районе] - На странице 3 нет данных в ожидаемом формате
2025-10-30 22:18:55,383 - WARNING - [получить_торговые_центры_в_районе] - На странице 4 нет данных в ожидаемом формате
2025-10-30 22:18:56,279 - WARNING - [получить_торговые_центры_в_районе] - На странице 5 нет данных в ожидаемом формате
2025-10-30 22:18:56,280 - INFO - [получить_торговые_центры_в_районе] - Завершение сбора для района Южное Медведково. Найдено торговых центров: 2
2025-10-30 22:18:56,282 - INFO - [<cell line: 0>] - Район 'Южное Медведково' завершен. Торговых центров: 2
2025-10-30 22:18:57,285 - INFO - [<cell line: 0>] - [128/132] Обработка района: Южное Тушино
2025-10-30 22:18:57,286 - INFO - [получить_торговые_центры_в_районе] - Начало сбора торговых центров для района: Южное Тушино (ID: 4504209512726649)
2025-10-30 22:18:57,688 - INFO - [получить_торговые_центры_в_районе] - Загружено 4 торговых центров со страницы 1
2025-10-30 22:18:58,589 - WARNING - [получить_торговые_центры_в_районе] - На странице 2 нет данных в ожидаемом формате
2025-10-30 22:18:59,491 - WARNING - [получить_торговые_центры_в_районе] - На странице 3 нет данных в ожидаемом формате
2025-10-30 22:19:00,413 - WARNING - [получить_торговые_центры_в_районе] - На странице 4 нет данных в ожидаемом формате
2025-10-30 22:19:01,309 - WARNING - [получить_торговые_центры_в_районе] - На странице 5 нет данных в ожидаемом формате
2025-10-30 22:19:01,310 - INFO - [получить_торговые_центры_в_районе] - Завершение сбора для района Южное Тушино. Найдено торговых центров: 4
2025-10-30 22:19:01,311 - INFO - [<cell line: 0>] - Район 'Южное Тушино' завершен. Торговых центров: 4
2025-10-30 22:19:02,313 - INFO - [<cell line: 0>] - [129/132] Обработка района: Южнопортовый
2025-10-30 22:19:02,314 - INFO - [получить_торговые_центры_в_районе] - Начало сбора торговых центров для района: Южнопортовый (ID: 70030076266239145)
2025-10-30 22:19:02,736 - INFO - [получить_торговые_центры_в_районе] - Загружено 9 торговых центров со страницы 1
2025-10-30 22:19:03,661 - WARNING - [получить_торговые_центры_в_районе] - На странице 2 нет данных в ожидаемом формате
2025-10-30 22:19:04,569 - WARNING - [получить_торговые_центры_в_районе] - На странице 3 нет данных в ожидаемом формате
2025-10-30 22:19:05,483 - WARNING - [получить_торговые_центры_в_районе] - На странице 4 нет данных в ожидаемом формате
2025-10-30 22:19:06,387 - WARNING - [получить_торговые_центры_в_районе] - На странице 5 нет данных в ожидаемом формате
2025-10-30 22:19:06,387 - INFO - [получить_торговые_центры_в_районе] - Завершение сбора для района Южнопортовый. Найдено торговых центров: 9
2025-10-30 22:19:06,389 - INFO - [<cell line: 0>] - Район 'Южнопортовый' завершен. Торговых центров: 9
2025-10-30 22:19:07,390 - INFO - [<cell line: 0>] - [130/132] Обработка района: Якиманка
2025-10-30 22:19:07,391 - INFO - [получить_торговые_центры_в_районе] - Начало сбора торговых центров для района: Якиманка (ID: 4504209512726534)
2025-10-30 22:19:07,796 - INFO - [получить_торговые_центры_в_районе] - Загружено 4 торговых центров со страницы 1
2025-10-30 22:19:08,701 - WARNING - [получить_торговые_центры_в_районе] - На странице 2 нет данных в ожидаемом формате
2025-10-30 22:19:09,628 - WARNING - [получить_торговые_центры_в_районе] - На странице 3 нет данных в ожидаемом формате
2025-10-30 22:19:10,531 - WARNING - [получить_торговые_центры_в_районе] - На странице 4 нет данных в ожидаемом формате
2025-10-30 22:19:11,436 - WARNING - [получить_торговые_центры_в_районе] - На странице 5 нет данных в ожидаемом формате
2025-10-30 22:19:11,437 - INFO - [получить_торговые_центры_в_районе] - Завершение сбора для района Якиманка. Найдено торговых центров: 4
2025-10-30 22:19:11,438 - INFO - [<cell line: 0>] - Район 'Якиманка' завершен. Торговых центров: 4
2025-10-30 22:19:12,439 - INFO - [<cell line: 0>] - [131/132] Обработка района: Ярославский
2025-10-30 22:19:12,441 - INFO - [получить_торговые_центры_в_районе] - Начало сбора торговых центров для района: Ярославский (ID: 4504209512726562)
2025-10-30 22:19:12,848 - INFO - [получить_торговые_центры_в_районе] - Загружено 8 торговых центров со страницы 1
2025-10-30 22:19:13,766 - WARNING - [получить_торговые_центры_в_районе] - На странице 2 нет данных в ожидаемом формате
2025-10-30 22:19:14,662 - WARNING - [получить_торговые_центры_в_районе] - На странице 3 нет данных в ожидаемом формате
2025-10-30 22:19:15,561 - WARNING - [получить_торговые_центры_в_районе] - На странице 4 нет данных в ожидаемом формате
2025-10-30 22:19:16,456 - WARNING - [получить_торговые_центры_в_районе] - На странице 5 нет данных в ожидаемом формате
2025-10-30 22:19:16,456 - INFO - [получить_торговые_центры_в_районе] - Завершение сбора для района Ярославский. Найдено торговых центров: 8
2025-10-30 22:19:16,459 - INFO - [<cell line: 0>] - Район 'Ярославский' завершен. Торговых центров: 8
2025-10-30 22:19:17,461 - INFO - [<cell line: 0>] - [132/132] Обработка района: Ясенево
2025-10-30 22:19:17,462 - INFO - [получить_торговые_центры_в_районе] - Начало сбора торговых центров для района: Ясенево (ID: 4504209512726620)
2025-10-30 22:19:17,878 - INFO - [получить_торговые_центры_в_районе] - Загружено 10 торговых центров со страницы 1
2025-10-30 22:19:18,779 - INFO - [получить_торговые_центры_в_районе] - Загружено 1 торговых центров со страницы 2
2025-10-30 22:19:19,692 - WARNING - [получить_торговые_центры_в_районе] - На странице 3 нет данных в ожидаемом формате
2025-10-30 22:19:20,672 - WARNING - [получить_торговые_центры_в_районе] - На странице 4 нет данных в ожидаемом формате
2025-10-30 22:19:21,586 - WARNING - [получить_торговые_центры_в_районе] - На странице 5 нет данных в ожидаемом формате
2025-10-30 22:19:21,587 - INFO - [получить_торговые_центры_в_районе] - Завершение сбора для района Ясенево. Найдено торговых центров: 11
2025-10-30 22:19:21,588 - INFO - [<cell line: 0>] - Район 'Ясенево' завершен. Торговых центров: 11
2025-10-30 22:19:21,590 - INFO - [<cell line: 0>] - ============================================================
2025-10-30 22:19:21,590 - INFO - [<cell line: 0>] - СБОР ДАННЫХ ЗАВЕРШЕН
2025-10-30 22:19:21,592 - INFO - [<cell line: 0>] - Время выполнения: 672.66 секунд
2025-10-30 22:19:21,593 - INFO - [<cell line: 0>] - Всего собрано торговых центров: 929
2025-10-30 22:19:21,593 - INFO - [<cell line: 0>] - ============================================================
2025-10-30 22:19:21,596 - INFO - [создать_датасет_торговых_центров] - Создание датасета из 929 торговых центров
2025-10-30 22:19:21,601 - INFO - [создать_датасет_торговых_центров] - Датасет торговых центров создан. Количество строк: 929
2025-10-30 22:19:21,624 - INFO - [<cell line: 0>] - Данные сохранены в торговые_центры_москвы_по_районам.csv
2025-10-30 22:19:21,626 - INFO - [<cell line: 0>] - СТАТИСТИКА: Всего торговых центров: 929
2025-10-30 22:19:21,628 - INFO - [<cell line: 0>] - СТАТИСТИКА: Охвачено районов: 127
